[INFO][AppLauncher]: Using device: cuda:0
[INFO][AppLauncher]: Loading experience file: /workspace/isaaclab/apps/isaaclab.python.headless.kit
[INFO]: Parsing configuration from: quadruped_arm.tasks.manager_based.TACTIC_HRL.TACTIC_HRL_env_cfg:TACTICSingleObjectCurriculumEnvCfg
======Missing terms====== 
[]
 =======================
[INFO]: Parsing configuration from: quadruped_arm.tasks.manager_based.TACTIC_HRL.agents.rsl_rl_TACTIC_HRL_cfg:TACTICRunnerCfg
[INFO] Logging experiment in directory: /root/gpufree-data/tandem_hrl_620d798/logs/rsl_rl/TACTIC_HRL
Exact experiment name requested from command line: 2026-08-17_20-28-07

[36m======================================================================================[0m
[36m[1m[INFO][IsaacLab]: Logging to file: /tmp/isaaclab/logs/isaaclab_2026-08-17_20-28-07.log[0m
[36m======================================================================================[0m

[33m20:28:07 [simulation_context.py] WARNING: The `enable_external_forces_every_iteration` parameter in the PhysxCfg is set to False. If you are experiencing noisy velocities, consider enabling this flag. You may need to slightly increase the number of velocity iterations (setting it to 1 or 2 rather than 0), together with this flag, to improve the accuracy of velocity updates.[0m
[INFO]: Base environment:
	Environment device    : cuda:0
	Environment seed      : 271828
	Physics step-size     : 0.008333333333333333
	Rendering step-size   : 0.03333333333333333
	Environment step-size : 0.03333333333333333
[33m20:28:08 [terrain_importer.py] WARNING: Visual material specified for ground plane but no diffuse color found. Using default color: (0.0, 0.0, 0.0)[0m
[INFO]: Time taken for scene creation : 3.729121 seconds
[INFO]: Scene manager:  <class InteractiveScene>
	Number of environments: 128
	Environment spacing   : 6.0
	Source prim name      : /World/envs/env_0
	Global prim paths     : ['/World/ground']
	Replicate physics     : True
[INFO]: Starting the simulation. This may take a few seconds. Please wait...
[INFO]: Time taken for simulation start : 1.648203 seconds
[INFO] Command Manager:  <CommandManager> contains 2 active terms.
+-------------------------------------------+
|            Active Command Terms           |
+-------+------------+----------------------+
| Index | Name       |         Type         |
+-------+------------+----------------------+
|   0   | locomotion | TACTICMissionCommand |
|   1   | ee_goal    | TACTICEeGoalCommand  |
+-------+------------+----------------------+

[INFO] Event Manager:  <EventManager> contains 1 active terms.
+--------------------------------------+
| Active Event Terms in Mode: 'reset'  |
+--------+-----------------------------+
| Index  | Name                        |
+--------+-----------------------------+
|   0    | reset_root                  |
|   1    | reset_joints                |
|   2    | init_priv                   |
|   3    | reset_rewards               |
|   4    | reset_left_finger_open      |
|   5    | reset_right_finger_open     |
|   6    | reset_grasp_object          |
|   7    | reset_grasp_object_tall     |
|   8    | reset_grasp_object_flat     |
|   9    | reset_grasp_object_round    |
|   10   | reset_grasp_object_slim     |
|   11   | reset_grasp_object_wide     |
+--------+-----------------------------+

[INFO] Recorder Manager:  <RecorderManager> contains 0 active terms.
+---------------------+
| Active Recorder Terms |
+-----------+---------+
|   Index   | Name    |
+-----------+---------+
+-----------+---------+

[INFO] Action Manager:  <ActionManager> contains 5 active terms.
+------------------------------------+
|  Active Action Terms (shape: 63)   |
+--------+-------------+-------------+
| Index  | Name        |   Dimension |
+--------+-------------+-------------+
|   0    | leg_pos     |          12 |
|   1    | wheel_vel   |           4 |
|   2    | arm_ik      |           0 |
|   3    | gripper     |           1 |
|   4    | hierarchy   |          46 |
+--------+-------------+-------------+

[INFO] Observation Manager: <ObservationManager> contains 2 groups.
+-----------------------------------------------------------+
| Active Observation Terms in Group: 'policy' (shape: (1003,)) |
+-----------+---------------------------------+-------------+
|   Index   | Name                            |    Shape    |
+-----------+---------------------------------+-------------+
|     0     | obs                             |    (876,)   |
|     1     | tactic_tau_down                 |    (77,)    |
|     2     | tactic_tau_up                   |    (48,)    |
|     3     | tactic_task_skill               |     (2,)    |
+-----------+---------------------------------+-------------+
+-------------------------------------------------------------+
| Active Observation Terms in Group: 'hierarchy_context' (shape: (529,)) |
+-----------------+----------------------+--------------------+
|      Index      | Name                 |       Shape        |
+-----------------+----------------------+--------------------+
|        0        | context              |       (529,)       |
+-----------------+----------------------+--------------------+

[INFO] Termination Manager:  <TerminationManager> contains 5 active terms.
+------------------------------------+
|      Active Termination Terms      |
+-------+-----------------+----------+
| Index | Name            | Time Out |
+-------+-----------------+----------+
|   0   | time_out        |   True   |
|   1   | bad_contact     |  False   |
|   2   | tilt            |  False   |
|   3   | low_height      |  False   |
|   4   | mission_success |  False   |
+-------+-----------------+----------+

[INFO] Reward Manager:  <RewardManager> contains 71 active terms.
+----------------------------------------------------------------+
|                      Active Reward Terms                       |
+-------+---------------------------------+----------------------+
| Index | Name                            |               Weight |
+-------+---------------------------------+----------------------+
|   0   | term_bad_contact                |               -120.0 |
|   1   | term_tilt                       |               -100.0 |
|   2   | term_low_height                 |               -100.0 |
|   3   | leg_action_l2                   |               -0.003 |
|   4   | tracking_lin_vel                |                  0.0 |
|   5   | tracking_ang_vel_yaw_l1         |                  0.0 |
|   6   | tracking_ang_vel_yaw_exp        |                  0.0 |
|   7   | tracking_lin_vel_y_l2           |                  0.0 |
|   8   | tracking_lin_vel_z_l2           |                  0.0 |
|   9   | survive                         |                  0.0 |
|   10  | foot_contacts_z                 |                  0.0 |
|   11  | torques                         |             -7.5e-06 |
|   12  | tracking_lin_vel_y              |                  0.0 |
|   13  | lin_vel_z                       | -0.44999999999999996 |
|   14  | ang_vel_xy                      |                -0.06 |
|   15  | tracking_ang_vel                |                0.105 |
|   16  | work                            |              -0.0009 |
|   17  | dof_acc                         |            -2.25e-07 |
|   18  | action_rate                     |              -0.0045 |
|   19  | dof_pos_limits                  |                 -3.0 |
|   20  | delta_torques                   |               -3e-08 |
|   21  | collision                       |                 -3.0 |
|   22  | walking_dof                     |                 0.15 |
|   23  | hip_pos                         |                -0.06 |
|   24  | feet_jerk                       |               -6e-05 |
|   25  | alive                           |                  0.3 |
|   26  | feet_drag                       |               -0.024 |
|   27  | feet_contact_forces             |              -0.0003 |
|   28  | roll                            |                 -0.3 |
|   29  | base_height                     |                 -1.5 |
|   30  | tracking_lin_vel_max            |  0.44999999999999996 |
|   31  | flat_orientation_l2             |                -0.15 |
|   32  | air_time_variance               | -0.44999999999999996 |
|   33  | feet_height                     |                  0.0 |
|   34  | feet_air_time                   |                0.015 |
|   35  | update_last_buffers             |                  0.0 |
|   36  | wheel_idle_speed                |              -0.0009 |
|   37  | wheel_action_l2                 |              -0.0003 |
|   38  | wheel_action_rate               |              -0.0006 |
|   39  | wheel_forward_use               |                  1.1 |
|   40  | wheel_turn_support              |                  0.6 |
|   41  | tactic_mission_completion       |                  6.0 |
|   42  | tactic_mission_success          |                 36.0 |
|   43  | tactic_task_progress            |    7.199999999999999 |
|   44  | tactic_task_tracking            |                 0.24 |
|   45  | tactic_ee_tracking              |                 0.72 |
|   46  | tactic_valid_task               |                 0.06 |
|   47  | tactic_invalid_task             |                 -0.6 |
|   48  | tactic_option_switch            |                -0.03 |
|   49  | tactic_control_progress         |                  8.4 |
|   50  | tactic_cbf_margin               |                  0.0 |
|   51  | tactic_predicted_margin         |                  0.0 |
|   52  | tactic_clf_decrease             |                  0.0 |
|   53  | tactic_disturbance_rejection    |                  0.0 |
|   54  | tactic_safety_violation         |                -0.75 |
|   55  | tactic_unsafe_progress          |  -3.5999999999999996 |
|   56  | tactic_object_contact           |   1.7999999999999998 |
|   57  | tactic_object_lift              |                  3.0 |
|   58  | tactic_object_transport         |   3.5999999999999996 |
|   59  | tactic_object_place             |   5.3999999999999995 |
|   60  | tactic_object_completion        |                 12.0 |
|   61  | tactic_interaction_frontier     |                 96.0 |
|   62  | tactic_grasp_hold               |                  1.5 |
|   63  | tactic_payload_progress         |                  9.6 |
|   64  | tactic_release_readiness        |    7.199999999999999 |
|   65  | tactic_intended_release         |                  6.0 |
|   66  | tactic_payload_retention        |   1.7999999999999998 |
|   67  | tactic_payload_drop             |                -13.5 |
|   68  | tactic_release_quality          |   1.7999999999999998 |
|   69  | tactic_wrong_object_interaction |                 -2.4 |
|   70  | tactic_all_objects              |                  0.0 |
+-------+---------------------------------+----------------------+

[INFO] Curriculum Manager:  <CurriculumManager> contains 0 active terms.
+----------------------+
| Active Curriculum Terms |
+-----------+----------+
|   Index   | Name     |
+-----------+----------+
+-----------+----------+

[INFO]: Completed setting up the environment...
--------------------------------------------------------------------------------
Resolved observation sets: 
	 policy :  ['policy']
	 critic :  ['policy', 'hierarchy_context']
--------------------------------------------------------------------------------
Actor MLP: MLP(
  (0): Linear(in_features=1003, out_features=256, bias=True)
  (1): ELU(alpha=1.0)
  (2): Linear(in_features=256, out_features=128, bias=True)
  (3): ELU(alpha=1.0)
  (4): Linear(in_features=128, out_features=63, bias=True)
)
Critic MLP: MLP(
  (0): Linear(in_features=1532, out_features=512, bias=True)
  (1): ELU(alpha=1.0)
  (2): Linear(in_features=512, out_features=256, bias=True)
  (3): ELU(alpha=1.0)
  (4): Linear(in_features=256, out_features=128, bias=True)
  (5): ELU(alpha=1.0)
  (6): Linear(in_features=128, out_features=1, bias=True)
)
[INFO] TACTIC physical initialization from: /root/gpufree-data/zyb_v0_model_1023.pt
[INFO] Verified migrated tensors: ['actor.0.weight->actor.physical_backbone.0.weight', 'actor.0.bias->actor.physical_backbone.0.bias', 'actor.2.weight->actor.physical_backbone.2.weight', 'actor.2.bias->actor.physical_backbone.2.bias', 'actor.4.weight->actor.physical_head.weight[:16]', 'actor.4.bias->actor.physical_head.bias[:16]', 'actor_obs_normalizer._mean[:876]', 'actor_obs_normalizer._var[:876]', 'actor_obs_normalizer._std[:876]', 'actor_obs_normalizer.count']
[INFO] TACTIC stage=stability: trainable=1208850/2175778, frozen_physical_executor=158033
################################################################################
                       [1m Learning iteration 0/30 [0m                        

                       Computation: 401 steps/s (collection: 6.704s, learning 0.947s)
             Mean action noise std: 0.03
          Mean value_function loss: 1112.1408
               Mean surrogate loss: 0.1395
                 Mean entropy loss: -102.2545
 Mean next_control_prediction loss: 0.0887
       Mean skill_feasibility loss: 0.6931
 Mean task_outcome_prediction loss: 0.0440
 Mean task_outcome_confidence loss: 1.3076
Mean task_outcome_confidence_mean loss: 0.1192
Mean skill_outcome_prediction loss: 0.0367
        Mean payload_survival loss: 0.6931
Mean payload_survival_support loss: 0.0026
   Mean payload_drop_fraction loss: 0.0026
Mean payload_survival_prediction loss: 0.5000
 Mean skill_effect_prediction loss: 0.1048
 Mean skill_effect_confidence loss: 1.0259
Mean skill_effect_confidence_mean loss: 0.1192
Mean motion_execution_prediction loss: 0.1134
Mean motion_execution_confidence loss: 0.9442
Mean embodiment_response_prediction loss: 0.0353
Mean embodiment_response_vx_abs loss: 0.0016
Mean embodiment_response_wz_abs loss: 0.0012
   Mean constraint_multiplier loss: 0.1338
Mean task_constraint_multiplier_mean loss: 0.1632
Mean skill_constraint_multiplier_mean loss: 0.1632
 Mean hierarchy_cbf_violation loss: 0.4366
Mean hierarchy_cbf_raw_violation loss: 0.4396
Mean hierarchy_cbf_transient_slack loss: 0.0020
 Mean hierarchy_clf_violation loss: 0.0560
Mean hierarchy_cbf_regression loss: 0.0391
Mean hierarchy_clf_regression loss: 0.0359
   Mean safe_task_achievement loss: -0.1217
  Mean safe_skill_achievement loss: -0.0223
Mean unsafe_positive_progress_rate loss: 0.1336
Mean motion_execution_confidence_mean loss: 0.1192
Mean grounded_effect_diversity loss: 0.0000
      Mean task_option_credit loss: 0.0140
     Mean skill_option_credit loss: 0.0076
    Mean event_hindsight_task loss: 0.0000
   Mean event_hindsight_skill loss: 0.8097
       Mean event_credit_mass loss: 0.0006
Mean task_option_advantage_abs loss: 0.7781
Mean skill_option_advantage_abs loss: 0.7814
         Mean task_transition loss: 2.4235
        Mean skill_transition loss: 1.3852
       Mean motion_transition loss: 1.4486
  Mean interaction_transition loss: 1.2902
Mean interaction_active_fraction loss: 0.8732
              Mean task_usage loss: 0.0000
  Mean task_frontier_coverage loss: 0.0000
Mean selected_frontier_probability loss: 0.7240
       Mean interaction_phase loss: 0.3201
Mean interaction_release_target loss: 0.0156
Mean interaction_release_frontier loss: 0.0014
Mean interaction_release_balance_weight loss: 1.1095
  Mean task_control_objective loss: 0.0486
        Mean task_clf_descent loss: 0.0001
  Mean task_barrier_authority loss: 0.1384
Mean skill_predictive_control loss: 0.0149
Mean relational_subgoal_grounding loss: 0.0000
  Mean task_subgoal_alignment loss: 1.0000
  Mean task_subgoal_authority loss: 0.1877
   Mean task_skill_projection loss: 0.0026
 Mean task_transient_capacity loss: 0.5753
   Mean task_posture_capacity loss: 0.2627
Mean task_projected_turn_demand loss: 0.2259
Mean task_semantic_turn_demand loss: 0.2259
Mean task_lateral_turn_demand loss: 0.0000
Mean task_target_yaw_residual loss: 0.4107
Mean task_interaction_authority loss: 0.0059
    Mean task_arm_scope_error loss: 0.0000
Mean counterfactual_task_selection loss: 0.0000
Mean counterfactual_task_target_entropy loss: 0.0000
Mean counterfactual_task_target_peak loss: 0.0000
Mean grounded_task_utility_span loss: 0.0000
      Mean task_outcome_blend loss: 0.0000
Mean grounded_task_target_agreement loss: 0.0000
Mean sampled_task_target_probability loss: 0.0000
Mean recovery_candidate_fraction loss: 0.0000
Mean recovery_task_probability loss: 0.0065
Mean recovery_target_probability loss: 0.0065
Mean counterfactual_termination loss: 0.5009
 Mean task_termination_target loss: 0.0000
Mean skill_termination_target loss: 0.6444
Mean payload_skill_barrier_pressure loss: 0.0026
Mean payload_transient_demand loss: 0.3446
Mean payload_skill_exit_target loss: 0.0023
Mean payload_survival_exit_target loss: 0.0000
Mean payload_survival_authority loss: 0.0000
        Mean task_switch_gain loss: 0.0000
       Mean skill_switch_gain loss: 0.1118
Mean counterfactual_skill_selection loss: 1.1554
Mean counterfactual_target_entropy loss: 1.0447
Mean counterfactual_target_peak loss: 0.5399
       Mean successor_decoder loss: 0.2380
  Mean successor_predicted_vx loss: 0.0008
  Mean successor_predicted_wz loss: -0.0061
 Mean successor_predicted_cbf loss: 0.5000
 Mean successor_predicted_clf loss: 0.5000
 Mean successor_cbf_violation loss: 0.0010
 Mean successor_clf_violation loss: 0.0403
             Mean skill_usage loss: 0.0693
        Mean skill_confidence loss: 0.7832
     Mean task_slot_diversity loss: 0.4229
Mean skill_embedding_diversity loss: 0.0621
   Mean motion_gain_diversity loss: 0.0000
Mean motion_objective_diversity loss: 0.0000
       Mean event_replay_size loss: 76.0000
   Mean event_replay_priority loss: 0.0065
 Mean event_replay_task_valid loss: 0.6974
Mean event_replay_task_detail_valid loss: 0.6974
       Mean event_replay_task loss: 0.0000
      Mean event_replay_skill loss: 0.5990
     Mean event_replay_motion loss: 1.0325
Mean event_replay_interaction loss: 0.0692
Mean event_replay_task_subgoal loss: 0.0004
Mean event_replay_skill_parameter loss: 0.0083
  Mean event_replay_parameter loss: 0.0084
Mean event_replay_barrier_quality loss: 0.3327
Mean event_replay_unsafe_fraction loss: 0.0000
Mean event_replay_buffer_unsafe_fraction loss: 0.0000
Mean event_replay_buffer_delivery loss: 0.8816
Mean event_replay_buffer_recovery loss: 0.0000
Mean event_replay_sample_delivery loss: 0.6974
Mean event_replay_sample_recovery loss: 0.0000
Mean event_replay_sample_raw_delivery loss: 0.6974
Mean event_replay_sample_raw_recovery loss: 0.0000
Mean event_replay_recovery_pressure loss: 0.0000
Mean event_replay_recovery_adapter_gate loss: 0.0000
Mean event_replay_buffer_approach loss: 0.9851
Mean event_replay_sample_approach loss: 0.9245
Mean event_replay_sample_raw_approach loss: 0.9245
Mean event_replay_buffer_secure loss: 0.0149
Mean event_replay_sample_secure loss: 0.0755
Mean event_replay_sample_raw_secure loss: 0.0755
Mean event_replay_buffer_release loss: 0.0000
Mean event_replay_sample_release loss: 0.0000
Mean event_replay_sample_raw_release loss: 0.0000
Mean payload_survival_replay_size loss: 3.0000
Mean payload_survival_replay_support loss: 1.0000
Mean payload_survival_replay_drop_fraction loss: 0.9998
Mean payload_survival_replay_prediction loss: 0.5000
Mean payload_survival_replay_drop_prediction loss: 0.5000
Mean payload_survival_replay_retain_prediction loss: 0.0000
Mean payload_survival_replay_separation loss: -0.5000
Mean payload_survival_replay_accuracy loss: 0.0000
Mean payload_survival_replay_rank_loss loss: 0.0000
Mean payload_survival_replay_rank_gap loss: 0.0000
Mean payload_survival_replay_rank_accuracy loss: 0.0000
Mean payload_survival_replay_rank_pairs loss: 0.0000
      Mean event_replay_added loss: 76.0000
Mean event_replay_append_task_valid loss: 0.8684
Mean event_replay_task_relabel loss: 0.1316
Mean event_replay_interaction_relabel loss: 0.1184
Mean event_replay_append_delivery loss: 0.8816
Mean event_replay_append_recovery loss: 0.0000
Mean event_replay_append_payload_recovery loss: 0.0000
Mean payload_survival_replay_added loss: 3.0000
Mean payload_survival_replay_append_drop_fraction loss: 0.9998
      Mean hierarchy_cbf_dual loss: 0.5193
      Mean hierarchy_clf_dual loss: 0.3488
Mean hierarchy_cbf_violation_ema loss: 0.4366
Mean hierarchy_clf_violation_ema loss: 0.0560
Mean physical_adaptation_active loss: 0.0000
Mean physical_adaptation_stage loss: -10.0000
 Mean hierarchy_only_training loss: 0.0000
Mean decomposition_only_training loss: 0.0000
Mean motion_selector_only_training loss: 0.0000
Mean interaction_selector_only_training loss: 0.0000
Mean motion_skill_only_training loss: 0.0000
Mean payload_motion_only_training loss: 0.0000
Mean recovery_adapter_only_training loss: 0.0000
 Mean auxiliary_learning_rate loss: 0.0000
Mean payload_survival_learning_rate loss: 0.0003
Mean physical_core_learning_rate loss: 0.0000
Mean physical_adapter_learning_rate loss: 0.0000
Mean skill_information_reward loss: 0.0000
 Mean task_information_reward loss: 0.0000
                       Mean reward: -48.77
               Mean episode length: 9.32
   Episode_Reward/term_bad_contact: 0.0000
          Episode_Reward/term_tilt: -0.0122
    Episode_Reward/term_low_height: 0.0000
      Episode_Reward/leg_action_l2: -0.0002
   Episode_Reward/tracking_lin_vel: 0.0000
Episode_Reward/tracking_ang_vel_yaw_l1: 0.0000
Episode_Reward/tracking_ang_vel_yaw_exp: 0.0000
Episode_Reward/tracking_lin_vel_y_l2: 0.0000
Episode_Reward/tracking_lin_vel_z_l2: 0.0000
            Episode_Reward/survive: 0.0000
    Episode_Reward/foot_contacts_z: 0.0000
            Episode_Reward/torques: -0.0008
 Episode_Reward/tracking_lin_vel_y: 0.0000
          Episode_Reward/lin_vel_z: -0.0001
         Episode_Reward/ang_vel_xy: -0.0008
   Episode_Reward/tracking_ang_vel: 0.0000
               Episode_Reward/work: -0.0122
            Episode_Reward/dof_acc: -0.0259
        Episode_Reward/action_rate: -0.0004
     Episode_Reward/dof_pos_limits: -0.0000
      Episode_Reward/delta_torques: -0.0000
          Episode_Reward/collision: -0.0036
        Episode_Reward/walking_dof: 0.0000
            Episode_Reward/hip_pos: -0.0001
          Episode_Reward/feet_jerk: 0.0000
              Episode_Reward/alive: 0.0004
          Episode_Reward/feet_drag: -0.0001
Episode_Reward/feet_contact_forces: -0.0003
               Episode_Reward/roll: -0.0000
        Episode_Reward/base_height: -0.0001
Episode_Reward/tracking_lin_vel_max: 0.0005
Episode_Reward/flat_orientation_l2: -0.0000
  Episode_Reward/air_time_variance: -0.0000
        Episode_Reward/feet_height: 0.0000
      Episode_Reward/feet_air_time: 0.0000
Episode_Reward/update_last_buffers: 0.0000
   Episode_Reward/wheel_idle_speed: -0.1472
    Episode_Reward/wheel_action_l2: -0.0000
  Episode_Reward/wheel_action_rate: 0.0000
  Episode_Reward/wheel_forward_use: 0.0000
 Episode_Reward/wheel_turn_support: 0.0000
Episode_Reward/tactic_mission_completion: 0.0000
Episode_Reward/tactic_mission_success: 0.0000
Episode_Reward/tactic_task_progress: -0.0000
Episode_Reward/tactic_task_tracking: 0.0001
 Episode_Reward/tactic_ee_tracking: 0.0003
  Episode_Reward/tactic_valid_task: 0.0001
Episode_Reward/tactic_invalid_task: 0.0000
Episode_Reward/tactic_option_switch: -0.0000
Episode_Reward/tactic_control_progress: -0.0000
  Episode_Reward/tactic_cbf_margin: 0.0000
Episode_Reward/tactic_predicted_margin: 0.0000
Episode_Reward/tactic_clf_decrease: 0.0000
Episode_Reward/tactic_disturbance_rejection: 0.0000
Episode_Reward/tactic_safety_violation: -0.0007
Episode_Reward/tactic_unsafe_progress: -0.0000
Episode_Reward/tactic_object_contact: 0.0000
 Episode_Reward/tactic_object_lift: 0.0000
Episode_Reward/tactic_object_transport: 0.0000
Episode_Reward/tactic_object_place: 0.0000
Episode_Reward/tactic_object_completion: 0.0000
Episode_Reward/tactic_interaction_frontier: 0.0000
  Episode_Reward/tactic_grasp_hold: 0.0000
Episode_Reward/tactic_payload_progress: 0.0000
Episode_Reward/tactic_release_readiness: 0.0000
Episode_Reward/tactic_intended_release: 0.0000
Episode_Reward/tactic_payload_retention: 0.0000
Episode_Reward/tactic_payload_drop: 0.0000
Episode_Reward/tactic_release_quality: 0.0000
Episode_Reward/tactic_wrong_object_interaction: 0.0000
 Episode_Reward/tactic_all_objects: 0.0000
      Episode_Termination/time_out: 0.0000
   Episode_Termination/bad_contact: 0.0000
          Episode_Termination/tilt: 0.1276
    Episode_Termination/low_height: 0.0000
Episode_Termination/mission_success: 0.0000
--------------------------------------------------------------------------------
                   Total timesteps: 3072
                    Iteration time: 7.65s
                      Time elapsed: 00:00:07
                               ETA: 00:03:49

Could not find git repository in /workspace/isaaclab/_isaac_sim/kit/python/lib/python3.11/site-packages/rsl_rl/__init__.py. Skipping.
Could not find git repository in /root/gpufree-data/tandem_hrl_620d798/scripts/rsl_rl/train.py. Skipping.
################################################################################
                       [1m Learning iteration 1/30 [0m                        

                       Computation: 497 steps/s (collection: 5.374s, learning 0.795s)
             Mean action noise std: 0.03
          Mean value_function loss: 47.9472
               Mean surrogate loss: 0.0520
                 Mean entropy loss: -102.4270
 Mean next_control_prediction loss: 0.0413
       Mean skill_feasibility loss: 0.6931
 Mean task_outcome_prediction loss: 0.0339
 Mean task_outcome_confidence loss: 1.4762
Mean task_outcome_confidence_mean loss: 0.1192
Mean skill_outcome_prediction loss: 0.0140
        Mean payload_survival loss: 0.0000
Mean payload_survival_support loss: 0.0000
   Mean payload_drop_fraction loss: 0.0000
Mean payload_survival_prediction loss: 0.0000
 Mean skill_effect_prediction loss: 0.0461
 Mean skill_effect_confidence loss: 1.3760
Mean skill_effect_confidence_mean loss: 0.1192
Mean motion_execution_prediction loss: 0.0585
Mean motion_execution_confidence loss: 1.2380
Mean embodiment_response_prediction loss: 0.0089
Mean embodiment_response_vx_abs loss: 0.0027
Mean embodiment_response_wz_abs loss: 0.0007
   Mean constraint_multiplier loss: 0.0249
Mean task_constraint_multiplier_mean loss: 0.1632
Mean skill_constraint_multiplier_mean loss: 0.1632
 Mean hierarchy_cbf_violation loss: 0.1402
Mean hierarchy_cbf_raw_violation loss: 0.1443
Mean hierarchy_cbf_transient_slack loss: 0.0033
 Mean hierarchy_clf_violation loss: 0.0067
Mean hierarchy_cbf_regression loss: 0.0280
Mean hierarchy_clf_regression loss: 0.0067
   Mean safe_task_achievement loss: -0.0057
  Mean safe_skill_achievement loss: -0.0084
Mean unsafe_positive_progress_rate loss: 0.1555
Mean motion_execution_confidence_mean loss: 0.1192
Mean grounded_effect_diversity loss: 0.0000
      Mean task_option_credit loss: 0.0427
     Mean skill_option_credit loss: 0.0010
    Mean event_hindsight_task loss: 0.0000
   Mean event_hindsight_skill loss: 1.7585
       Mean event_credit_mass loss: 0.0089
Mean task_option_advantage_abs loss: 0.5005
Mean skill_option_advantage_abs loss: 0.5548
         Mean task_transition loss: 2.3411
        Mean skill_transition loss: 1.4803
       Mean motion_transition loss: 1.5413
  Mean interaction_transition loss: 1.3889
Mean interaction_active_fraction loss: 0.9987
              Mean task_usage loss: 0.0000
  Mean task_frontier_coverage loss: 0.0000
Mean selected_frontier_probability loss: 0.7988
       Mean interaction_phase loss: 0.2297
Mean interaction_release_target loss: 0.0144
Mean interaction_release_frontier loss: 0.0000
Mean interaction_release_balance_weight loss: 1.1008
  Mean task_control_objective loss: 0.0219
        Mean task_clf_descent loss: 0.0007
  Mean task_barrier_authority loss: 0.0604
Mean skill_predictive_control loss: 0.0055
Mean relational_subgoal_grounding loss: 0.0000
  Mean task_subgoal_alignment loss: 1.0000
  Mean task_subgoal_authority loss: 0.3918
   Mean task_skill_projection loss: 0.0000
 Mean task_transient_capacity loss: 0.7534
   Mean task_posture_capacity loss: 0.7395
Mean task_projected_turn_demand loss: 0.2902
Mean task_semantic_turn_demand loss: 0.2902
Mean task_lateral_turn_demand loss: 0.0000
Mean task_target_yaw_residual loss: 0.5275
Mean task_interaction_authority loss: 0.0086
    Mean task_arm_scope_error loss: 0.0000
Mean counterfactual_task_selection loss: 0.0000
Mean counterfactual_task_target_entropy loss: 0.0000
Mean counterfactual_task_target_peak loss: 0.0000
Mean grounded_task_utility_span loss: 0.0000
      Mean task_outcome_blend loss: 0.0000
Mean grounded_task_target_agreement loss: 0.0000
Mean sampled_task_target_probability loss: 0.0000
Mean recovery_candidate_fraction loss: 0.0000
Mean recovery_task_probability loss: 0.0000
Mean recovery_target_probability loss: 0.0000
Mean counterfactual_termination loss: 0.5173
 Mean task_termination_target loss: 0.0000
Mean skill_termination_target loss: 0.7075
Mean payload_skill_barrier_pressure loss: 0.0000
Mean payload_transient_demand loss: 0.1180
Mean payload_skill_exit_target loss: 0.0000
Mean payload_survival_exit_target loss: 0.0000
Mean payload_survival_authority loss: 0.0000
        Mean task_switch_gain loss: 0.0000
       Mean skill_switch_gain loss: 0.1875
Mean counterfactual_skill_selection loss: 0.9448
Mean counterfactual_target_entropy loss: 0.7685
Mean counterfactual_target_peak loss: 0.7255
       Mean successor_decoder loss: 0.1017
  Mean successor_predicted_vx loss: -0.0005
  Mean successor_predicted_wz loss: -0.0060
 Mean successor_predicted_cbf loss: 0.5000
 Mean successor_predicted_clf loss: 0.5000
 Mean successor_cbf_violation loss: 0.0005
 Mean successor_clf_violation loss: 0.0044
             Mean skill_usage loss: 0.0672
        Mean skill_confidence loss: 0.7507
     Mean task_slot_diversity loss: 0.3982
Mean skill_embedding_diversity loss: 0.0621
   Mean motion_gain_diversity loss: 0.0000
Mean motion_objective_diversity loss: 0.0000
       Mean event_replay_size loss: 332.0000
   Mean event_replay_priority loss: 0.0234
 Mean event_replay_task_valid loss: 0.6898
Mean event_replay_task_detail_valid loss: 0.6898
       Mean event_replay_task loss: 0.0000
      Mean event_replay_skill loss: 0.6690
     Mean event_replay_motion loss: 1.1575
Mean event_replay_interaction loss: 0.0720
Mean event_replay_task_subgoal loss: 0.0003
Mean event_replay_skill_parameter loss: 0.0070
  Mean event_replay_parameter loss: 0.0072
Mean event_replay_barrier_quality loss: 0.4817
Mean event_replay_unsafe_fraction loss: 0.0000
Mean event_replay_buffer_unsafe_fraction loss: 0.0000
Mean event_replay_buffer_delivery loss: 0.7410
Mean event_replay_buffer_recovery loss: 0.0000
Mean event_replay_sample_delivery loss: 0.6911
Mean event_replay_sample_recovery loss: 0.0000
Mean event_replay_sample_raw_delivery loss: 0.6898
Mean event_replay_sample_raw_recovery loss: 0.0000
Mean event_replay_recovery_pressure loss: 0.0000
Mean event_replay_recovery_adapter_gate loss: 0.0000
Mean event_replay_buffer_approach loss: 0.9959
Mean event_replay_sample_approach loss: 0.9826
Mean event_replay_sample_raw_approach loss: 0.9825
Mean event_replay_buffer_secure loss: 0.0041
Mean event_replay_sample_secure loss: 0.0174
Mean event_replay_sample_raw_secure loss: 0.0175
Mean event_replay_buffer_release loss: 0.0000
Mean event_replay_sample_release loss: 0.0000
Mean event_replay_sample_raw_release loss: 0.0000
Mean payload_survival_replay_size loss: 3.0000
Mean payload_survival_replay_support loss: 1.0000
Mean payload_survival_replay_drop_fraction loss: 0.9998
Mean payload_survival_replay_prediction loss: 0.5000
Mean payload_survival_replay_drop_prediction loss: 0.5000
Mean payload_survival_replay_retain_prediction loss: 0.0000
Mean payload_survival_replay_separation loss: -0.5000
Mean payload_survival_replay_accuracy loss: 0.0000
Mean payload_survival_replay_rank_loss loss: 0.0000
Mean payload_survival_replay_rank_gap loss: 0.0000
Mean payload_survival_replay_rank_accuracy loss: 0.0000
Mean payload_survival_replay_rank_pairs loss: 0.0000
      Mean event_replay_added loss: 256.0000
Mean event_replay_append_task_valid loss: 0.6992
Mean event_replay_task_relabel loss: 0.3008
Mean event_replay_interaction_relabel loss: 0.0781
Mean event_replay_append_delivery loss: 0.6992
Mean event_replay_append_recovery loss: 0.0000
Mean event_replay_append_payload_recovery loss: 0.0000
Mean payload_survival_replay_added loss: 0.0000
Mean payload_survival_replay_append_drop_fraction loss: 0.0000
      Mean hierarchy_cbf_dual loss: 0.5238
      Mean hierarchy_clf_dual loss: 0.3451
Mean hierarchy_cbf_violation_ema loss: 0.4218
Mean hierarchy_clf_violation_ema loss: 0.0535
Mean physical_adaptation_active loss: 0.0000
Mean physical_adaptation_stage loss: -10.0000
 Mean hierarchy_only_training loss: 0.0000
Mean decomposition_only_training loss: 0.0000
Mean motion_selector_only_training loss: 0.0000
Mean interaction_selector_only_training loss: 0.0000
Mean motion_skill_only_training loss: 0.0000
Mean payload_motion_only_training loss: 0.0000
Mean recovery_adapter_only_training loss: 0.0000
 Mean auxiliary_learning_rate loss: 0.0000
Mean payload_survival_learning_rate loss: 0.0003
Mean physical_core_learning_rate loss: 0.0000
Mean physical_adapter_learning_rate loss: 0.0000
Mean skill_information_reward loss: -0.0002
 Mean task_information_reward loss: 0.0000
                       Mean reward: -60.37
               Mean episode length: 12.93
   Episode_Reward/term_bad_contact: 0.0000
          Episode_Reward/term_tilt: -0.0139
    Episode_Reward/term_low_height: 0.0000
      Episode_Reward/leg_action_l2: -0.0004
   Episode_Reward/tracking_lin_vel: 0.0000
Episode_Reward/tracking_ang_vel_yaw_l1: 0.0000
Episode_Reward/tracking_ang_vel_yaw_exp: 0.0000
Episode_Reward/tracking_lin_vel_y_l2: 0.0000
Episode_Reward/tracking_lin_vel_z_l2: 0.0000
            Episode_Reward/survive: 0.0000
    Episode_Reward/foot_contacts_z: 0.0000
            Episode_Reward/torques: -0.0020
 Episode_Reward/tracking_lin_vel_y: 0.0000
          Episode_Reward/lin_vel_z: -0.0004
         Episode_Reward/ang_vel_xy: -0.0010
   Episode_Reward/tracking_ang_vel: 0.0002
               Episode_Reward/work: -0.0276
            Episode_Reward/dof_acc: -0.0640
        Episode_Reward/action_rate: -0.0006
     Episode_Reward/dof_pos_limits: -0.0000
      Episode_Reward/delta_torques: -0.0000
          Episode_Reward/collision: -0.0167
        Episode_Reward/walking_dof: 0.0000
            Episode_Reward/hip_pos: -0.0002
          Episode_Reward/feet_jerk: 0.0000
              Episode_Reward/alive: 0.0013
          Episode_Reward/feet_drag: -0.0002
Episode_Reward/feet_contact_forces: -0.0009
               Episode_Reward/roll: -0.0001
        Episode_Reward/base_height: -0.0007
Episode_Reward/tracking_lin_vel_max: 0.0014
Episode_Reward/flat_orientation_l2: -0.0001
  Episode_Reward/air_time_variance: -0.0000
        Episode_Reward/feet_height: 0.0000
      Episode_Reward/feet_air_time: 0.0000
Episode_Reward/update_last_buffers: 0.0000
   Episode_Reward/wheel_idle_speed: -0.3434
    Episode_Reward/wheel_action_l2: -0.0000
  Episode_Reward/wheel_action_rate: 0.0000
  Episode_Reward/wheel_forward_use: 0.0000
 Episode_Reward/wheel_turn_support: 0.0000
Episode_Reward/tactic_mission_completion: 0.0000
Episode_Reward/tactic_mission_success: 0.0000
Episode_Reward/tactic_task_progress: -0.0001
Episode_Reward/tactic_task_tracking: 0.0003
 Episode_Reward/tactic_ee_tracking: 0.0005
  Episode_Reward/tactic_valid_task: 0.0003
Episode_Reward/tactic_invalid_task: 0.0000
Episode_Reward/tactic_option_switch: -0.0000
Episode_Reward/tactic_control_progress: -0.0000
  Episode_Reward/tactic_cbf_margin: 0.0000
Episode_Reward/tactic_predicted_margin: 0.0000
Episode_Reward/tactic_clf_decrease: 0.0000
Episode_Reward/tactic_disturbance_rejection: 0.0000
Episode_Reward/tactic_safety_violation: -0.0018
Episode_Reward/tactic_unsafe_progress: -0.0000
Episode_Reward/tactic_object_contact: 0.0000
 Episode_Reward/tactic_object_lift: 0.0000
Episode_Reward/tactic_object_transport: 0.0000
Episode_Reward/tactic_object_place: 0.0000
Episode_Reward/tactic_object_completion: 0.0000
Episode_Reward/tactic_interaction_frontier: 0.0000
  Episode_Reward/tactic_grasp_hold: 0.0000
Episode_Reward/tactic_payload_progress: 0.0000
Episode_Reward/tactic_release_readiness: 0.0000
Episode_Reward/tactic_intended_release: 0.0000
Episode_Reward/tactic_payload_retention: 0.0000
Episode_Reward/tactic_payload_drop: 0.0000
Episode_Reward/tactic_release_quality: 0.0000
Episode_Reward/tactic_wrong_object_interaction: 0.0000
 Episode_Reward/tactic_all_objects: 0.0000
Metrics/locomotion/TACTIC/mission_completion: 0.0000
Metrics/locomotion/TACTIC/mission_completion_delta: 0.0000
Metrics/locomotion/TACTIC/mission_success: 0.0000
Metrics/locomotion/TACTIC/task_progress: 0.0476
Metrics/locomotion/TACTIC/task_progress_delta: -0.0012
Metrics/locomotion/TACTIC/task_error: 1.3262
Metrics/locomotion/TACTIC/ee_error: 0.5590
Metrics/locomotion/TACTIC/tcp_object_distance: 0.6934
Metrics/locomotion/TACTIC/goal_object_distance: 0.2597
Metrics/locomotion/TACTIC/finger_object_distance: 0.7439
Metrics/locomotion/TACTIC/object_target_distance: 0.3701
Metrics/locomotion/TACTIC/recovery_task_executed: 0.0000
Metrics/locomotion/TACTIC/recovery_task_probability: 0.0000
Metrics/locomotion/TACTIC/executed_task_probability: 1.0000
Metrics/locomotion/TACTIC/task_constraint_projection: 0.0000
Metrics/locomotion/TACTIC/recovery_latch_seen: 0.0000
Metrics/locomotion/TACTIC/recovery_valid_seen: 0.0000
Metrics/locomotion/TACTIC/recovery_pressure_seen: 0.0000
Metrics/locomotion/TACTIC/cbf_margin: 0.0000
Metrics/locomotion/TACTIC/predicted_margin: 0.0000
Metrics/locomotion/TACTIC/clf_decrease: -0.3444
Metrics/locomotion/TACTIC/disturbance_estimate: 0.8115
Metrics/locomotion/TACTIC/base_height: 0.3996
Metrics/locomotion/TACTIC/base_tilt: 0.5330
Metrics/locomotion/TACTIC/control_recovery_pressure: 1.0000
Metrics/locomotion/TACTIC/control_recovery_active: 1.0000
Metrics/locomotion/TACTIC/control_recovery_constraint_active: 1.0000
Metrics/locomotion/TACTIC/payload_posture_projection: 0.0000
Metrics/locomotion/TACTIC/payload_relation_violation: 0.0000
 Metrics/locomotion/TACTIC/base_vx: 0.4799
 Metrics/locomotion/TACTIC/base_vy: -0.2826
 Metrics/locomotion/TACTIC/base_wz: -0.4659
Metrics/locomotion/TACTIC/support_count: 2.6042
Metrics/locomotion/TACTIC/obstacle_margin: 1.0933
Metrics/locomotion/TACTIC/gripper_closure: 0.0170
Metrics/locomotion/TACTIC/manipulation_active: 1.0000
Metrics/locomotion/TACTIC/grasp_active: 1.0000
Metrics/locomotion/TACTIC/grasp_orientation_active: 0.0000
Metrics/locomotion/TACTIC/grasp_orientation_error: 0.0000
Metrics/locomotion/TACTIC/interaction_authority: 0.0000
Metrics/locomotion/TACTIC/workspace_handoff: 0.0208
Metrics/locomotion/TACTIC/grasp_projection_distance: 0.0061
Metrics/locomotion/TACTIC/grasp_center_error: 0.0079
Metrics/locomotion/TACTIC/capture_staging_distance: 0.7758
Metrics/locomotion/TACTIC/capture_heading_error: 1.3647
Metrics/locomotion/TACTIC/capture_initiation_margin: -3.0868
Metrics/locomotion/TACTIC/selected_delivery_side: -0.0833
Metrics/locomotion/TACTIC/capture_lift_active: 0.0000
Metrics/locomotion/TACTIC/command_vx: -0.0266
Metrics/locomotion/TACTIC/command_vy: -0.0001
Metrics/locomotion/TACTIC/command_wz: -0.0970
Metrics/locomotion/TACTIC/curriculum_level: 0.0000
Metrics/locomotion/TACTIC/curriculum_frontier: 0.0000
Metrics/locomotion/TACTIC/curriculum_probe: 0.0000
Metrics/locomotion/TACTIC/interaction_start_curriculum: 1.0000
Metrics/locomotion/TACTIC/interaction_start_probability: 1.0000
Metrics/locomotion/TACTIC/composition_probe_probability: 0.0000
Metrics/locomotion/TACTIC/curriculum_completion_ema: 0.0000
Metrics/locomotion/TACTIC/curriculum_progress_ema: 0.1198
Metrics/locomotion/TACTIC/curriculum_safety_ema: 0.0560
Metrics/locomotion/TACTIC/episode_safety_fraction: 0.4171
Metrics/locomotion/TACTIC/curriculum_contact_ema: 0.0000
Metrics/locomotion/TACTIC/curriculum_lift_ema: 0.0000
Metrics/locomotion/TACTIC/curriculum_transport_ema: 0.0000
Metrics/locomotion/TACTIC/curriculum_place_ema: 0.0000
Metrics/locomotion/TACTIC/curriculum_delivery_completion_ema: 0.0000
Metrics/locomotion/TACTIC/curriculum_regression_streak: 0.0000
Metrics/locomotion/TACTIC/required_task_count: 1.0000
Metrics/locomotion/TACTIC/object_completion_mean: 0.0000
Metrics/locomotion/TACTIC/object_contact_mean: 0.0000
Metrics/locomotion/TACTIC/object_lift_mean: 0.0000
Metrics/locomotion/TACTIC/object_transport_mean: 0.0000
Metrics/locomotion/TACTIC/object_place_mean: 0.0000
Metrics/locomotion/TACTIC/object_target_progress_mean: -0.0126
Metrics/locomotion/TACTIC/object_target_progress_delta_mean: 0.0000
Metrics/locomotion/TACTIC/object_release_readiness_mean: 0.0000
Metrics/locomotion/TACTIC/object_release_readiness_delta_mean: 0.0000
Metrics/locomotion/TACTIC/object_release_event_mean: 0.0000
Metrics/locomotion/TACTIC/object_drop_event_mean: 0.0000
Metrics/locomotion/TACTIC/object_gripper_distance_mean: 0.9616
Metrics/locomotion/TACTIC/object_carrying_mean: 0.0000
Metrics/locomotion/TACTIC/object_carry_memory_mean: 0.0000
Metrics/locomotion/TACTIC/interaction_frontier_mean: 0.0000
Metrics/locomotion/TACTIC/interaction_frontier_delta_mean: 0.0000
Metrics/locomotion/TACTIC/contact_symmetry_mean: 0.0000
 Metrics/locomotion/TACTIC/task_id: 9.0000
Metrics/locomotion/TACTIC/skill_id: 2.3125
Metrics/locomotion/TACTIC/object_id: 4.0000
Metrics/locomotion/TACTIC/effective_object_id: 4.0000
Metrics/locomotion/TACTIC/selected_object_contact: 0.0000
Metrics/locomotion/TACTIC/selected_object_lift: 0.0000
Metrics/locomotion/TACTIC/selected_object_transport: 0.0000
Metrics/locomotion/TACTIC/selected_object_place: 0.0000
Metrics/locomotion/TACTIC/selected_object_completion: 0.0000
Metrics/locomotion/TACTIC/selected_object_carrying: 0.0000
Metrics/locomotion/TACTIC/selected_object_carry_memory: 0.0000
Metrics/locomotion/TACTIC/selected_object_target_progress: -0.0744
Metrics/locomotion/TACTIC/selected_object_target_progress_delta: 0.0000
Metrics/locomotion/TACTIC/selected_object_release_readiness: 0.0000
Metrics/locomotion/TACTIC/selected_object_release_readiness_delta: 0.0000
Metrics/locomotion/TACTIC/selected_object_release_event: 0.0000
Metrics/locomotion/TACTIC/selected_object_drop_event: 0.0000
Metrics/locomotion/TACTIC/selected_object_gripper_distance: 0.6898
Metrics/locomotion/TACTIC/selected_object_place_error_xy: 0.3472
Metrics/locomotion/TACTIC/selected_object_place_error_z: 0.0786
Metrics/locomotion/TACTIC/selected_interaction_frontier: 0.0000
Metrics/locomotion/TACTIC/selected_interaction_frontier_delta: 0.0000
Metrics/locomotion/TACTIC/selected_reachability: 0.0015
Metrics/locomotion/TACTIC/task_switch: 0.0000
Metrics/locomotion/TACTIC/skill_switch: 0.0000
Metrics/locomotion/TACTIC/task_age: 0.0000
Metrics/locomotion/TACTIC/skill_age: 0.0000
Metrics/locomotion/TACTIC/task_hazard: 0.0000
Metrics/locomotion/TACTIC/skill_hazard: 0.0000
Metrics/locomotion/TACTIC/task_termination_probability: 0.0000
Metrics/locomotion/TACTIC/skill_termination_probability: 0.0000
Metrics/locomotion/TACTIC/task_entropy: 0.0027
Metrics/locomotion/TACTIC/skill_entropy: 0.7153
Metrics/locomotion/TACTIC/task_occupancy_entropy: 0.0027
Metrics/locomotion/TACTIC/skill_occupancy_entropy: 0.7153
Metrics/locomotion/TACTIC/skill_parameter_0: 0.0000
Metrics/locomotion/TACTIC/skill_parameter_1: 0.0000
Metrics/locomotion/TACTIC/skill_parameter_2: 0.0000
Metrics/locomotion/TACTIC/skill_parameter_3: 0.0000
Metrics/locomotion/TACTIC/skill_parameter_4: 0.0000
Metrics/locomotion/TACTIC/skill_parameter_5: 0.0000
Metrics/locomotion/TACTIC/object_0_complete: 0.0000
Metrics/locomotion/TACTIC/object_1_complete: 0.0000
Metrics/locomotion/TACTIC/object_2_complete: 0.0000
Metrics/locomotion/TACTIC/object_3_complete: 0.0000
Metrics/locomotion/TACTIC/object_4_complete: 0.0000
Metrics/locomotion/TACTIC/object_5_complete: 0.0000
      Episode_Termination/time_out: 0.0000
   Episode_Termination/bad_contact: 0.0000
          Episode_Termination/tilt: 0.2129
    Episode_Termination/low_height: 0.0000
Episode_Termination/mission_success: 0.0000
--------------------------------------------------------------------------------
                   Total timesteps: 6144
                    Iteration time: 6.17s
                      Time elapsed: 00:00:13
                               ETA: 00:03:20

################################################################################
                       [1m Learning iteration 2/30 [0m                        

                       Computation: 494 steps/s (collection: 5.428s, learning 0.780s)
             Mean action noise std: 0.02
          Mean value_function loss: 19.0431
               Mean surrogate loss: 0.0626
                 Mean entropy loss: -102.5108
 Mean next_control_prediction loss: 0.0258
       Mean skill_feasibility loss: 0.6931
 Mean task_outcome_prediction loss: 0.0328
 Mean task_outcome_confidence loss: 1.5100
Mean task_outcome_confidence_mean loss: 0.1192
Mean skill_outcome_prediction loss: 0.0077
        Mean payload_survival loss: 0.6931
Mean payload_survival_support loss: 0.0013
   Mean payload_drop_fraction loss: 0.0000
Mean payload_survival_prediction loss: 0.5000
 Mean skill_effect_prediction loss: 0.0361
 Mean skill_effect_confidence loss: 1.4762
Mean skill_effect_confidence_mean loss: 0.1192
Mean motion_execution_prediction loss: 0.0431
Mean motion_execution_confidence loss: 1.3535
Mean embodiment_response_prediction loss: 0.0037
Mean embodiment_response_vx_abs loss: 0.0023
Mean embodiment_response_wz_abs loss: 0.0008
   Mean constraint_multiplier loss: 0.0104
Mean task_constraint_multiplier_mean loss: 0.1632
Mean skill_constraint_multiplier_mean loss: 0.1632
 Mean hierarchy_cbf_violation loss: 0.0445
Mean hierarchy_cbf_raw_violation loss: 0.0478
Mean hierarchy_cbf_transient_slack loss: 0.0051
 Mean hierarchy_clf_violation loss: 0.0037
Mean hierarchy_cbf_regression loss: 0.0064
Mean hierarchy_clf_regression loss: 0.0029
   Mean safe_task_achievement loss: 0.0194
  Mean safe_skill_achievement loss: 0.0193
Mean unsafe_positive_progress_rate loss: 0.0866
Mean motion_execution_confidence_mean loss: 0.1192
Mean grounded_effect_diversity loss: 0.0000
      Mean task_option_credit loss: 0.0877
     Mean skill_option_credit loss: 0.0318
    Mean event_hindsight_task loss: 0.0000
   Mean event_hindsight_skill loss: 2.4786
       Mean event_credit_mass loss: 0.0219
Mean task_option_advantage_abs loss: 0.3617
Mean skill_option_advantage_abs loss: 0.4264
         Mean task_transition loss: 2.3759
        Mean skill_transition loss: 1.5219
       Mean motion_transition loss: 1.6268
  Mean interaction_transition loss: 1.3646
Mean interaction_active_fraction loss: 0.9980
              Mean task_usage loss: 0.0000
  Mean task_frontier_coverage loss: 0.0000
Mean selected_frontier_probability loss: 0.7995
       Mean interaction_phase loss: 0.2312
Mean interaction_release_target loss: 0.0145
Mean interaction_release_frontier loss: 0.0001
Mean interaction_release_balance_weight loss: 1.1016
  Mean task_control_objective loss: 0.0139
        Mean task_clf_descent loss: 0.0010
  Mean task_barrier_authority loss: 0.0368
Mean skill_predictive_control loss: 0.0033
Mean relational_subgoal_grounding loss: 0.0000
  Mean task_subgoal_alignment loss: 1.0000
  Mean task_subgoal_authority loss: 0.4484
   Mean task_skill_projection loss: 0.0000
 Mean task_transient_capacity loss: 0.7550
   Mean task_posture_capacity loss: 0.8397
Mean task_projected_turn_demand loss: 0.3144
Mean task_semantic_turn_demand loss: 0.3144
Mean task_lateral_turn_demand loss: 0.0000
Mean task_target_yaw_residual loss: 0.5716
Mean task_interaction_authority loss: 0.0084
    Mean task_arm_scope_error loss: 0.0000
Mean counterfactual_task_selection loss: 0.0000
Mean counterfactual_task_target_entropy loss: 0.0000
Mean counterfactual_task_target_peak loss: 0.0000
Mean grounded_task_utility_span loss: 0.0000
      Mean task_outcome_blend loss: 0.0000
Mean grounded_task_target_agreement loss: 0.0000
Mean sampled_task_target_probability loss: 0.0000
Mean recovery_candidate_fraction loss: 0.0000
Mean recovery_task_probability loss: 0.0000
Mean recovery_target_probability loss: 0.0000
Mean counterfactual_termination loss: 0.4966
 Mean task_termination_target loss: 0.0000
Mean skill_termination_target loss: 0.6279
Mean payload_skill_barrier_pressure loss: 0.0000
Mean payload_transient_demand loss: 0.0405
Mean payload_skill_exit_target loss: 0.0000
Mean payload_survival_exit_target loss: 0.0000
Mean payload_survival_authority loss: 0.0000
        Mean task_switch_gain loss: 0.0000
       Mean skill_switch_gain loss: 0.1136
Mean counterfactual_skill_selection loss: 0.9285
Mean counterfactual_target_entropy loss: 0.7487
Mean counterfactual_target_peak loss: 0.7372
       Mean successor_decoder loss: 0.0950
  Mean successor_predicted_vx loss: -0.0044
  Mean successor_predicted_wz loss: -0.0088
 Mean successor_predicted_cbf loss: 0.5000
 Mean successor_predicted_clf loss: 0.5000
 Mean successor_cbf_violation loss: 0.0016
 Mean successor_clf_violation loss: 0.0010
             Mean skill_usage loss: 0.1152
        Mean skill_confidence loss: 0.7447
     Mean task_slot_diversity loss: 0.3961
Mean skill_embedding_diversity loss: 0.0621
   Mean motion_gain_diversity loss: 0.0000
Mean motion_objective_diversity loss: 0.0000
       Mean event_replay_size loss: 588.0000
   Mean event_replay_priority loss: 0.0684
 Mean event_replay_task_valid loss: 0.6973
Mean event_replay_task_detail_valid loss: 0.6973
       Mean event_replay_task loss: 0.0000
      Mean event_replay_skill loss: 0.6559
     Mean event_replay_motion loss: 1.1386
Mean event_replay_interaction loss: 0.0659
Mean event_replay_task_subgoal loss: 0.0003
Mean event_replay_skill_parameter loss: 0.0071
  Mean event_replay_parameter loss: 0.0072
Mean event_replay_barrier_quality loss: 0.4953
Mean event_replay_unsafe_fraction loss: 0.0000
Mean event_replay_buffer_unsafe_fraction loss: 0.0000
Mean event_replay_buffer_delivery loss: 0.7228
Mean event_replay_buffer_recovery loss: 0.0000
Mean event_replay_sample_delivery loss: 0.6985
Mean event_replay_sample_recovery loss: 0.0000
Mean event_replay_sample_raw_delivery loss: 0.6973
Mean event_replay_sample_raw_recovery loss: 0.0000
Mean event_replay_recovery_pressure loss: 0.0000
Mean event_replay_recovery_adapter_gate loss: 0.0000
Mean event_replay_buffer_approach loss: 0.9176
Mean event_replay_sample_approach loss: 0.7282
Mean event_replay_sample_raw_approach loss: 0.7293
Mean event_replay_buffer_secure loss: 0.0824
Mean event_replay_sample_secure loss: 0.2718
Mean event_replay_sample_raw_secure loss: 0.2707
Mean event_replay_buffer_release loss: 0.0000
Mean event_replay_sample_release loss: 0.0000
Mean event_replay_sample_raw_release loss: 0.0000
Mean payload_survival_replay_size loss: 7.0000
Mean payload_survival_replay_support loss: 1.0000
Mean payload_survival_replay_drop_fraction loss: 0.5714
Mean payload_survival_replay_prediction loss: 0.5000
Mean payload_survival_replay_drop_prediction loss: 0.5000
Mean payload_survival_replay_retain_prediction loss: 0.5000
Mean payload_survival_replay_separation loss: 0.0000
Mean payload_survival_replay_accuracy loss: 0.4286
Mean payload_survival_replay_rank_loss loss: 0.0000
Mean payload_survival_replay_rank_gap loss: 0.0000
Mean payload_survival_replay_rank_accuracy loss: 0.0000
Mean payload_survival_replay_rank_pairs loss: 0.0000
      Mean event_replay_added loss: 256.0000
Mean event_replay_append_task_valid loss: 0.6992
Mean event_replay_task_relabel loss: 0.3008
Mean event_replay_interaction_relabel loss: 0.1836
Mean event_replay_append_delivery loss: 0.6992
Mean event_replay_append_recovery loss: 0.0000
Mean event_replay_append_payload_recovery loss: 0.0000
Mean payload_survival_replay_added loss: 4.0000
Mean payload_survival_replay_append_drop_fraction loss: 0.0000
      Mean hierarchy_cbf_dual loss: 0.5236
      Mean hierarchy_clf_dual loss: 0.3413
Mean hierarchy_cbf_violation_ema loss: 0.4029
Mean hierarchy_clf_violation_ema loss: 0.0510
Mean physical_adaptation_active loss: 0.0000
Mean physical_adaptation_stage loss: -10.0000
 Mean hierarchy_only_training loss: 0.0000
Mean decomposition_only_training loss: 0.0000
Mean motion_selector_only_training loss: 0.0000
Mean interaction_selector_only_training loss: 0.0000
Mean motion_skill_only_training loss: 0.0000
Mean payload_motion_only_training loss: 0.0000
Mean recovery_adapter_only_training loss: 0.0000
 Mean auxiliary_learning_rate loss: 0.0000
Mean payload_survival_learning_rate loss: 0.0003
Mean physical_core_learning_rate loss: 0.0000
Mean physical_adapter_learning_rate loss: 0.0000
Mean skill_information_reward loss: -0.0007
 Mean task_information_reward loss: 0.0000
                       Mean reward: -65.43
               Mean episode length: 16.91
   Episode_Reward/term_bad_contact: 0.0000
          Episode_Reward/term_tilt: -0.0139
    Episode_Reward/term_low_height: 0.0000
      Episode_Reward/leg_action_l2: -0.0006
   Episode_Reward/tracking_lin_vel: 0.0000
Episode_Reward/tracking_ang_vel_yaw_l1: 0.0000
Episode_Reward/tracking_ang_vel_yaw_exp: 0.0000
Episode_Reward/tracking_lin_vel_y_l2: 0.0000
Episode_Reward/tracking_lin_vel_z_l2: 0.0000
            Episode_Reward/survive: 0.0000
    Episode_Reward/foot_contacts_z: 0.0000
            Episode_Reward/torques: -0.0030
 Episode_Reward/tracking_lin_vel_y: 0.0000
          Episode_Reward/lin_vel_z: -0.0005
         Episode_Reward/ang_vel_xy: -0.0013
   Episode_Reward/tracking_ang_vel: 0.0004
               Episode_Reward/work: -0.0325
            Episode_Reward/dof_acc: -0.0773
        Episode_Reward/action_rate: -0.0008
     Episode_Reward/dof_pos_limits: -0.0000
      Episode_Reward/delta_torques: -0.0000
          Episode_Reward/collision: -0.0366
        Episode_Reward/walking_dof: 0.0000
            Episode_Reward/hip_pos: -0.0004
          Episode_Reward/feet_jerk: 0.0000
              Episode_Reward/alive: 0.0023
          Episode_Reward/feet_drag: -0.0003
Episode_Reward/feet_contact_forces: -0.0016
               Episode_Reward/roll: -0.0003
        Episode_Reward/base_height: -0.0016
Episode_Reward/tracking_lin_vel_max: 0.0026
Episode_Reward/flat_orientation_l2: -0.0001
  Episode_Reward/air_time_variance: -0.0000
        Episode_Reward/feet_height: 0.0000
      Episode_Reward/feet_air_time: 0.0000
Episode_Reward/update_last_buffers: 0.0000
   Episode_Reward/wheel_idle_speed: -0.3879
    Episode_Reward/wheel_action_l2: -0.0001
  Episode_Reward/wheel_action_rate: 0.0000
  Episode_Reward/wheel_forward_use: 0.0000
 Episode_Reward/wheel_turn_support: 0.0001
Episode_Reward/tactic_mission_completion: 0.0000
Episode_Reward/tactic_mission_success: 0.0000
Episode_Reward/tactic_task_progress: -0.0001
Episode_Reward/tactic_task_tracking: 0.0005
 Episode_Reward/tactic_ee_tracking: 0.0012
  Episode_Reward/tactic_valid_task: 0.0005
Episode_Reward/tactic_invalid_task: 0.0000
Episode_Reward/tactic_option_switch: -0.0000
Episode_Reward/tactic_control_progress: -0.0000
  Episode_Reward/tactic_cbf_margin: 0.0000
Episode_Reward/tactic_predicted_margin: 0.0000
Episode_Reward/tactic_clf_decrease: 0.0000
Episode_Reward/tactic_disturbance_rejection: 0.0000
Episode_Reward/tactic_safety_violation: -0.0022
Episode_Reward/tactic_unsafe_progress: -0.0000
Episode_Reward/tactic_object_contact: 0.0000
 Episode_Reward/tactic_object_lift: 0.0000
Episode_Reward/tactic_object_transport: 0.0000
Episode_Reward/tactic_object_place: 0.0000
Episode_Reward/tactic_object_completion: 0.0000
Episode_Reward/tactic_interaction_frontier: 0.0000
  Episode_Reward/tactic_grasp_hold: 0.0000
Episode_Reward/tactic_payload_progress: 0.0000
Episode_Reward/tactic_release_readiness: 0.0000
Episode_Reward/tactic_intended_release: 0.0000
Episode_Reward/tactic_payload_retention: 0.0000
Episode_Reward/tactic_payload_drop: 0.0000
Episode_Reward/tactic_release_quality: 0.0000
Episode_Reward/tactic_wrong_object_interaction: 0.0000
 Episode_Reward/tactic_all_objects: 0.0000
Metrics/locomotion/TACTIC/mission_completion: 0.0000
Metrics/locomotion/TACTIC/mission_completion_delta: 0.0000
Metrics/locomotion/TACTIC/mission_success: 0.0000
Metrics/locomotion/TACTIC/task_progress: 0.0391
Metrics/locomotion/TACTIC/task_progress_delta: -0.0012
Metrics/locomotion/TACTIC/task_error: 1.3357
Metrics/locomotion/TACTIC/ee_error: 0.7373
Metrics/locomotion/TACTIC/tcp_object_distance: 0.8505
Metrics/locomotion/TACTIC/goal_object_distance: 0.3584
Metrics/locomotion/TACTIC/finger_object_distance: 0.8934
Metrics/locomotion/TACTIC/object_target_distance: 0.5509
Metrics/locomotion/TACTIC/recovery_task_executed: 0.0000
Metrics/locomotion/TACTIC/recovery_task_probability: 0.0000
Metrics/locomotion/TACTIC/executed_task_probability: 1.0000
Metrics/locomotion/TACTIC/task_constraint_projection: 0.0000
Metrics/locomotion/TACTIC/recovery_latch_seen: 0.0000
Metrics/locomotion/TACTIC/recovery_valid_seen: 0.0000
Metrics/locomotion/TACTIC/recovery_pressure_seen: 0.0000
Metrics/locomotion/TACTIC/cbf_margin: 0.0000
Metrics/locomotion/TACTIC/predicted_margin: 0.0000
Metrics/locomotion/TACTIC/clf_decrease: -0.0974
Metrics/locomotion/TACTIC/disturbance_estimate: 0.8571
Metrics/locomotion/TACTIC/base_height: 0.3429
Metrics/locomotion/TACTIC/base_tilt: 0.5468
Metrics/locomotion/TACTIC/control_recovery_pressure: 1.0000
Metrics/locomotion/TACTIC/control_recovery_active: 1.0000
Metrics/locomotion/TACTIC/control_recovery_constraint_active: 1.0000
Metrics/locomotion/TACTIC/payload_posture_projection: 0.0000
Metrics/locomotion/TACTIC/payload_relation_violation: 0.0000
 Metrics/locomotion/TACTIC/base_vx: 0.4118
 Metrics/locomotion/TACTIC/base_vy: 0.0197
 Metrics/locomotion/TACTIC/base_wz: -0.1811
Metrics/locomotion/TACTIC/support_count: 2.7083
Metrics/locomotion/TACTIC/obstacle_margin: 1.2844
Metrics/locomotion/TACTIC/gripper_closure: 0.0075
Metrics/locomotion/TACTIC/manipulation_active: 1.0000
Metrics/locomotion/TACTIC/grasp_active: 1.0000
Metrics/locomotion/TACTIC/grasp_orientation_active: 0.0000
Metrics/locomotion/TACTIC/grasp_orientation_error: 0.0000
Metrics/locomotion/TACTIC/interaction_authority: 0.0000
Metrics/locomotion/TACTIC/workspace_handoff: 0.0000
Metrics/locomotion/TACTIC/grasp_projection_distance: 0.0000
Metrics/locomotion/TACTIC/grasp_center_error: 0.0000
Metrics/locomotion/TACTIC/capture_staging_distance: 0.7593
Metrics/locomotion/TACTIC/capture_heading_error: 1.2495
Metrics/locomotion/TACTIC/capture_initiation_margin: -2.8693
Metrics/locomotion/TACTIC/selected_delivery_side: -0.1667
Metrics/locomotion/TACTIC/capture_lift_active: 0.0000
Metrics/locomotion/TACTIC/command_vx: -0.0487
Metrics/locomotion/TACTIC/command_vy: 0.0005
Metrics/locomotion/TACTIC/command_wz: -0.0982
Metrics/locomotion/TACTIC/curriculum_level: 0.0000
Metrics/locomotion/TACTIC/curriculum_frontier: 0.0000
Metrics/locomotion/TACTIC/curriculum_probe: 0.0000
Metrics/locomotion/TACTIC/interaction_start_curriculum: 1.0000
Metrics/locomotion/TACTIC/interaction_start_probability: 1.0000
Metrics/locomotion/TACTIC/composition_probe_probability: 0.0000
Metrics/locomotion/TACTIC/curriculum_completion_ema: 0.0000
Metrics/locomotion/TACTIC/curriculum_progress_ema: 0.1069
Metrics/locomotion/TACTIC/curriculum_safety_ema: 0.1284
Metrics/locomotion/TACTIC/episode_safety_fraction: 0.6905
Metrics/locomotion/TACTIC/curriculum_contact_ema: 0.0000
Metrics/locomotion/TACTIC/curriculum_lift_ema: 0.0000
Metrics/locomotion/TACTIC/curriculum_transport_ema: 0.0000
Metrics/locomotion/TACTIC/curriculum_place_ema: 0.0000
Metrics/locomotion/TACTIC/curriculum_delivery_completion_ema: 0.0000
Metrics/locomotion/TACTIC/curriculum_regression_streak: 0.0000
Metrics/locomotion/TACTIC/required_task_count: 1.0000
Metrics/locomotion/TACTIC/object_completion_mean: 0.0000
Metrics/locomotion/TACTIC/object_contact_mean: 0.0000
Metrics/locomotion/TACTIC/object_lift_mean: 0.0000
Metrics/locomotion/TACTIC/object_transport_mean: 0.0000
Metrics/locomotion/TACTIC/object_place_mean: 0.0000
Metrics/locomotion/TACTIC/object_target_progress_mean: -0.0488
Metrics/locomotion/TACTIC/object_target_progress_delta_mean: 0.0000
Metrics/locomotion/TACTIC/object_release_readiness_mean: 0.0000
Metrics/locomotion/TACTIC/object_release_readiness_delta_mean: 0.0000
Metrics/locomotion/TACTIC/object_release_event_mean: 0.0000
Metrics/locomotion/TACTIC/object_drop_event_mean: 0.0000
Metrics/locomotion/TACTIC/object_gripper_distance_mean: 0.7856
Metrics/locomotion/TACTIC/object_carrying_mean: 0.0000
Metrics/locomotion/TACTIC/object_carry_memory_mean: 0.0000
Metrics/locomotion/TACTIC/interaction_frontier_mean: 0.0000
Metrics/locomotion/TACTIC/interaction_frontier_delta_mean: 0.0000
Metrics/locomotion/TACTIC/contact_symmetry_mean: 0.0000
 Metrics/locomotion/TACTIC/task_id: 9.0000
Metrics/locomotion/TACTIC/skill_id: 2.8750
Metrics/locomotion/TACTIC/object_id: 4.0000
Metrics/locomotion/TACTIC/effective_object_id: 4.0000
Metrics/locomotion/TACTIC/selected_object_contact: 0.0000
Metrics/locomotion/TACTIC/selected_object_lift: 0.0000
Metrics/locomotion/TACTIC/selected_object_transport: 0.0000
Metrics/locomotion/TACTIC/selected_object_place: 0.0000
Metrics/locomotion/TACTIC/selected_object_completion: 0.0000
Metrics/locomotion/TACTIC/selected_object_carrying: 0.0000
Metrics/locomotion/TACTIC/selected_object_carry_memory: 0.0000
Metrics/locomotion/TACTIC/selected_object_target_progress: -0.2917
Metrics/locomotion/TACTIC/selected_object_target_progress_delta: 0.0000
Metrics/locomotion/TACTIC/selected_object_release_readiness: 0.0000
Metrics/locomotion/TACTIC/selected_object_release_readiness_delta: 0.0000
Metrics/locomotion/TACTIC/selected_object_release_event: 0.0000
Metrics/locomotion/TACTIC/selected_object_drop_event: 0.0000
Metrics/locomotion/TACTIC/selected_object_gripper_distance: 0.8387
Metrics/locomotion/TACTIC/selected_object_place_error_xy: 0.5020
Metrics/locomotion/TACTIC/selected_object_place_error_z: 0.1490
Metrics/locomotion/TACTIC/selected_interaction_frontier: 0.0000
Metrics/locomotion/TACTIC/selected_interaction_frontier_delta: 0.0000
Metrics/locomotion/TACTIC/selected_reachability: 0.0009
Metrics/locomotion/TACTIC/task_switch: 0.0000
Metrics/locomotion/TACTIC/skill_switch: 0.0000
Metrics/locomotion/TACTIC/task_age: 0.0000
Metrics/locomotion/TACTIC/skill_age: 0.0000
Metrics/locomotion/TACTIC/task_hazard: 0.0000
Metrics/locomotion/TACTIC/skill_hazard: 0.0000
Metrics/locomotion/TACTIC/task_termination_probability: 0.0000
Metrics/locomotion/TACTIC/skill_termination_probability: 0.0000
Metrics/locomotion/TACTIC/task_entropy: 0.0000
Metrics/locomotion/TACTIC/skill_entropy: 0.7264
Metrics/locomotion/TACTIC/task_occupancy_entropy: 0.0000
Metrics/locomotion/TACTIC/skill_occupancy_entropy: 0.7264
Metrics/locomotion/TACTIC/skill_parameter_0: 0.0000
Metrics/locomotion/TACTIC/skill_parameter_1: 0.0000
Metrics/locomotion/TACTIC/skill_parameter_2: 0.0000
Metrics/locomotion/TACTIC/skill_parameter_3: 0.0000
Metrics/locomotion/TACTIC/skill_parameter_4: 0.0000
Metrics/locomotion/TACTIC/skill_parameter_5: 0.0000
Metrics/locomotion/TACTIC/object_0_complete: 0.0000
Metrics/locomotion/TACTIC/object_1_complete: 0.0000
Metrics/locomotion/TACTIC/object_2_complete: 0.0000
Metrics/locomotion/TACTIC/object_3_complete: 0.0000
Metrics/locomotion/TACTIC/object_4_complete: 0.0000
Metrics/locomotion/TACTIC/object_5_complete: 0.0000
      Episode_Termination/time_out: 0.0000
   Episode_Termination/bad_contact: 0.0000
          Episode_Termination/tilt: 0.2438
    Episode_Termination/low_height: 0.0000
Episode_Termination/mission_success: 0.0000
--------------------------------------------------------------------------------
                   Total timesteps: 9216
                    Iteration time: 6.21s
                      Time elapsed: 00:00:20
                               ETA: 00:03:06

################################################################################
                       [1m Learning iteration 3/30 [0m                        

                       Computation: 501 steps/s (collection: 5.334s, learning 0.790s)
             Mean action noise std: 0.02
          Mean value_function loss: 20.0102
               Mean surrogate loss: 0.0516
                 Mean entropy loss: -102.6038
 Mean next_control_prediction loss: 0.0187
       Mean skill_feasibility loss: 0.6931
 Mean task_outcome_prediction loss: 0.0327
 Mean task_outcome_confidence loss: 1.5205
Mean task_outcome_confidence_mean loss: 0.1192
Mean skill_outcome_prediction loss: 0.0058
        Mean payload_survival loss: 0.6931
Mean payload_survival_support loss: 0.0150
   Mean payload_drop_fraction loss: 0.0000
Mean payload_survival_prediction loss: 0.5000
 Mean skill_effect_prediction loss: 0.0324
 Mean skill_effect_confidence loss: 1.5412
Mean skill_effect_confidence_mean loss: 0.1192
Mean motion_execution_prediction loss: 0.0384
Mean motion_execution_confidence loss: 1.4292
Mean embodiment_response_prediction loss: 0.0021
Mean embodiment_response_vx_abs loss: 0.0022
Mean embodiment_response_wz_abs loss: 0.0010
   Mean constraint_multiplier loss: 0.0083
Mean task_constraint_multiplier_mean loss: 0.1632
Mean skill_constraint_multiplier_mean loss: 0.1632
 Mean hierarchy_cbf_violation loss: 0.0152
Mean hierarchy_cbf_raw_violation loss: 0.0159
Mean hierarchy_cbf_transient_slack loss: 0.0070
 Mean hierarchy_clf_violation loss: 0.0007
Mean hierarchy_cbf_regression loss: 0.0024
Mean hierarchy_clf_regression loss: 0.0005
   Mean safe_task_achievement loss: 0.0020
  Mean safe_skill_achievement loss: 0.0052
Mean unsafe_positive_progress_rate loss: 0.0308
Mean motion_execution_confidence_mean loss: 0.1192
Mean grounded_effect_diversity loss: 0.0000
      Mean task_option_credit loss: 0.0737
     Mean skill_option_credit loss: 0.0388
    Mean event_hindsight_task loss: 0.0000
   Mean event_hindsight_skill loss: 4.2765
       Mean event_credit_mass loss: 0.0197
Mean task_option_advantage_abs loss: 0.3121
Mean skill_option_advantage_abs loss: 0.3755
         Mean task_transition loss: 2.3727
        Mean skill_transition loss: 1.5570
       Mean motion_transition loss: 1.6989
  Mean interaction_transition loss: 1.3440
Mean interaction_active_fraction loss: 0.9993
              Mean task_usage loss: 0.0000
  Mean task_frontier_coverage loss: 0.0000
Mean selected_frontier_probability loss: 0.7953
       Mean interaction_phase loss: 0.2810
Mean interaction_release_target loss: 0.0186
Mean interaction_release_frontier loss: 0.0046
Mean interaction_release_balance_weight loss: 1.1303
  Mean task_control_objective loss: 0.0124
        Mean task_clf_descent loss: 0.0011
  Mean task_barrier_authority loss: 0.0321
Mean skill_predictive_control loss: 0.0021
Mean relational_subgoal_grounding loss: 0.0000
  Mean task_subgoal_alignment loss: 1.0000
  Mean task_subgoal_authority loss: 0.4713
   Mean task_skill_projection loss: 0.0000
 Mean task_transient_capacity loss: 0.7535
   Mean task_posture_capacity loss: 0.8808
Mean task_projected_turn_demand loss: 0.3299
Mean task_semantic_turn_demand loss: 0.3299
Mean task_lateral_turn_demand loss: 0.0000
Mean task_target_yaw_residual loss: 0.5998
Mean task_interaction_authority loss: 0.0077
    Mean task_arm_scope_error loss: 0.0000
Mean counterfactual_task_selection loss: 0.0000
Mean counterfactual_task_target_entropy loss: 0.0000
Mean counterfactual_task_target_peak loss: 0.0000
Mean grounded_task_utility_span loss: 0.0000
      Mean task_outcome_blend loss: 0.0000
Mean grounded_task_target_agreement loss: 0.0000
Mean sampled_task_target_probability loss: 0.0000
Mean recovery_candidate_fraction loss: 0.0000
Mean recovery_task_probability loss: 0.0000
Mean recovery_target_probability loss: 0.0000
Mean counterfactual_termination loss: 0.4812
 Mean task_termination_target loss: 0.0000
Mean skill_termination_target loss: 0.5668
Mean payload_skill_barrier_pressure loss: 0.0000
Mean payload_transient_demand loss: 0.0323
Mean payload_skill_exit_target loss: 0.0000
Mean payload_survival_exit_target loss: 0.0000
Mean payload_survival_authority loss: 0.0000
        Mean task_switch_gain loss: 0.0000
       Mean skill_switch_gain loss: 0.0586
Mean counterfactual_skill_selection loss: 0.9092
Mean counterfactual_target_entropy loss: 0.7288
Mean counterfactual_target_peak loss: 0.7421
       Mean successor_decoder loss: 0.0955
  Mean successor_predicted_vx loss: -0.0042
  Mean successor_predicted_wz loss: -0.0077
 Mean successor_predicted_cbf loss: 0.5000
 Mean successor_predicted_clf loss: 0.5000
 Mean successor_cbf_violation loss: 0.0019
 Mean successor_clf_violation loss: 0.0011
             Mean skill_usage loss: 0.1564
        Mean skill_confidence loss: 0.7401
     Mean task_slot_diversity loss: 0.3948
Mean skill_embedding_diversity loss: 0.0621
   Mean motion_gain_diversity loss: 0.0000
Mean motion_objective_diversity loss: 0.0000
       Mean event_replay_size loss: 844.0000
   Mean event_replay_priority loss: 0.0850
 Mean event_replay_task_valid loss: 0.6955
Mean event_replay_task_detail_valid loss: 0.6955
       Mean event_replay_task loss: 0.0000
      Mean event_replay_skill loss: 0.6717
     Mean event_replay_motion loss: 1.1310
Mean event_replay_interaction loss: 0.1103
Mean event_replay_task_subgoal loss: 0.0003
Mean event_replay_skill_parameter loss: 0.0193
  Mean event_replay_parameter loss: 0.0194
Mean event_replay_barrier_quality loss: 0.4979
Mean event_replay_unsafe_fraction loss: 0.0000
Mean event_replay_buffer_unsafe_fraction loss: 0.0000
Mean event_replay_buffer_delivery loss: 0.7156
Mean event_replay_buffer_recovery loss: 0.0000
Mean event_replay_sample_delivery loss: 0.6962
Mean event_replay_sample_recovery loss: 0.0000
Mean event_replay_sample_raw_delivery loss: 0.6955
Mean event_replay_sample_raw_recovery loss: 0.0000
Mean event_replay_recovery_pressure loss: 0.0000
Mean event_replay_recovery_adapter_gate loss: 0.0000
Mean event_replay_buffer_approach loss: 0.8742
Mean event_replay_sample_approach loss: 0.6434
Mean event_replay_sample_raw_approach loss: 0.6440
Mean event_replay_buffer_secure loss: 0.1060
Mean event_replay_sample_secure loss: 0.2666
Mean event_replay_sample_raw_secure loss: 0.2658
Mean event_replay_buffer_release loss: 0.0199
Mean event_replay_sample_release loss: 0.0900
Mean event_replay_sample_raw_release loss: 0.0903
Mean payload_survival_replay_size loss: 31.0000
Mean payload_survival_replay_support loss: 1.0000
Mean payload_survival_replay_drop_fraction loss: 0.5160
Mean payload_survival_replay_prediction loss: 0.5000
Mean payload_survival_replay_drop_prediction loss: 0.5000
Mean payload_survival_replay_retain_prediction loss: 0.5000
Mean payload_survival_replay_separation loss: 0.0000
Mean payload_survival_replay_accuracy loss: 0.4839
Mean payload_survival_replay_rank_loss loss: 0.7185
Mean payload_survival_replay_rank_gap loss: 0.0000
Mean payload_survival_replay_rank_accuracy loss: 0.0000
Mean payload_survival_replay_rank_pairs loss: 6.0000
      Mean event_replay_added loss: 256.0000
Mean event_replay_append_task_valid loss: 0.6992
Mean event_replay_task_relabel loss: 0.3008
Mean event_replay_interaction_relabel loss: 0.2461
Mean event_replay_append_delivery loss: 0.6992
Mean event_replay_append_recovery loss: 0.0000
Mean event_replay_append_payload_recovery loss: 0.0000
Mean payload_survival_replay_added loss: 24.0000
Mean payload_survival_replay_append_drop_fraction loss: 0.0000
      Mean hierarchy_cbf_dual loss: 0.5218
      Mean hierarchy_clf_dual loss: 0.3374
Mean hierarchy_cbf_violation_ema loss: 0.3835
Mean hierarchy_clf_violation_ema loss: 0.0485
Mean physical_adaptation_active loss: 0.0000
Mean physical_adaptation_stage loss: -10.0000
 Mean hierarchy_only_training loss: 0.0000
Mean decomposition_only_training loss: 0.0000
Mean motion_selector_only_training loss: 0.0000
Mean interaction_selector_only_training loss: 0.0000
Mean motion_skill_only_training loss: 0.0000
Mean payload_motion_only_training loss: 0.0000
Mean recovery_adapter_only_training loss: 0.0000
 Mean auxiliary_learning_rate loss: 0.0000
Mean payload_survival_learning_rate loss: 0.0003
Mean physical_core_learning_rate loss: 0.0000
Mean physical_adapter_learning_rate loss: 0.0000
Mean skill_information_reward loss: -0.0013
 Mean task_information_reward loss: 0.0000
                       Mean reward: -68.80
               Mean episode length: 20.29
   Episode_Reward/term_bad_contact: 0.0000
          Episode_Reward/term_tilt: -0.0139
    Episode_Reward/term_low_height: -0.0278
      Episode_Reward/leg_action_l2: -0.0006
   Episode_Reward/tracking_lin_vel: 0.0000
Episode_Reward/tracking_ang_vel_yaw_l1: 0.0000
Episode_Reward/tracking_ang_vel_yaw_exp: 0.0000
Episode_Reward/tracking_lin_vel_y_l2: 0.0000
Episode_Reward/tracking_lin_vel_z_l2: 0.0000
            Episode_Reward/survive: 0.0000
    Episode_Reward/foot_contacts_z: 0.0000
            Episode_Reward/torques: -0.0023
 Episode_Reward/tracking_lin_vel_y: 0.0000
          Episode_Reward/lin_vel_z: -0.0004
         Episode_Reward/ang_vel_xy: -0.0009
   Episode_Reward/tracking_ang_vel: 0.0007
               Episode_Reward/work: -0.0259
            Episode_Reward/dof_acc: -0.0535
        Episode_Reward/action_rate: -0.0008
     Episode_Reward/dof_pos_limits: -0.0000
      Episode_Reward/delta_torques: -0.0000
          Episode_Reward/collision: -0.0490
        Episode_Reward/walking_dof: 0.0000
            Episode_Reward/hip_pos: -0.0005
          Episode_Reward/feet_jerk: 0.0000
              Episode_Reward/alive: 0.0031
          Episode_Reward/feet_drag: -0.0003
Episode_Reward/feet_contact_forces: -0.0018
               Episode_Reward/roll: -0.0004
        Episode_Reward/base_height: -0.0017
Episode_Reward/tracking_lin_vel_max: 0.0038
Episode_Reward/flat_orientation_l2: -0.0001
  Episode_Reward/air_time_variance: -0.0001
        Episode_Reward/feet_height: 0.0000
      Episode_Reward/feet_air_time: 0.0000
Episode_Reward/update_last_buffers: 0.0000
   Episode_Reward/wheel_idle_speed: -0.3220
    Episode_Reward/wheel_action_l2: -0.0001
  Episode_Reward/wheel_action_rate: 0.0000
  Episode_Reward/wheel_forward_use: 0.0000
 Episode_Reward/wheel_turn_support: 0.0002
Episode_Reward/tactic_mission_completion: 0.0000
Episode_Reward/tactic_mission_success: 0.0000
Episode_Reward/tactic_task_progress: -0.0002
Episode_Reward/tactic_task_tracking: 0.0008
 Episode_Reward/tactic_ee_tracking: 0.0022
  Episode_Reward/tactic_valid_task: 0.0006
Episode_Reward/tactic_invalid_task: 0.0000
Episode_Reward/tactic_option_switch: -0.0000
Episode_Reward/tactic_control_progress: -0.0001
  Episode_Reward/tactic_cbf_margin: 0.0000
Episode_Reward/tactic_predicted_margin: 0.0000
Episode_Reward/tactic_clf_decrease: 0.0000
Episode_Reward/tactic_disturbance_rejection: 0.0000
Episode_Reward/tactic_safety_violation: -0.0016
Episode_Reward/tactic_unsafe_progress: -0.0000
Episode_Reward/tactic_object_contact: 0.0000
 Episode_Reward/tactic_object_lift: 0.0000
Episode_Reward/tactic_object_transport: 0.0000
Episode_Reward/tactic_object_place: 0.0000
Episode_Reward/tactic_object_completion: 0.0000
Episode_Reward/tactic_interaction_frontier: 0.0000
  Episode_Reward/tactic_grasp_hold: 0.0000
Episode_Reward/tactic_payload_progress: 0.0000
Episode_Reward/tactic_release_readiness: 0.0000
Episode_Reward/tactic_intended_release: 0.0000
Episode_Reward/tactic_payload_retention: 0.0000
Episode_Reward/tactic_payload_drop: 0.0000
Episode_Reward/tactic_release_quality: 0.0000
Episode_Reward/tactic_wrong_object_interaction: 0.0000
 Episode_Reward/tactic_all_objects: 0.0000
Metrics/locomotion/TACTIC/mission_completion: 0.0000
Metrics/locomotion/TACTIC/mission_completion_delta: 0.0000
Metrics/locomotion/TACTIC/mission_success: 0.0000
Metrics/locomotion/TACTIC/task_progress: 0.0399
Metrics/locomotion/TACTIC/task_progress_delta: -0.0008
Metrics/locomotion/TACTIC/task_error: 1.3483
Metrics/locomotion/TACTIC/ee_error: 0.6681
Metrics/locomotion/TACTIC/tcp_object_distance: 0.5992
Metrics/locomotion/TACTIC/goal_object_distance: 0.0857
Metrics/locomotion/TACTIC/finger_object_distance: 0.6433
Metrics/locomotion/TACTIC/object_target_distance: 0.1898
Metrics/locomotion/TACTIC/recovery_task_executed: 0.0000
Metrics/locomotion/TACTIC/recovery_task_probability: 0.0000
Metrics/locomotion/TACTIC/executed_task_probability: 1.0000
Metrics/locomotion/TACTIC/task_constraint_projection: 0.0000
Metrics/locomotion/TACTIC/recovery_latch_seen: 0.0000
Metrics/locomotion/TACTIC/recovery_valid_seen: 0.0000
Metrics/locomotion/TACTIC/recovery_pressure_seen: 0.0000
Metrics/locomotion/TACTIC/cbf_margin: 0.0000
Metrics/locomotion/TACTIC/predicted_margin: 0.0000
Metrics/locomotion/TACTIC/clf_decrease: -0.2169
Metrics/locomotion/TACTIC/disturbance_estimate: 0.7665
Metrics/locomotion/TACTIC/base_height: 0.2442
Metrics/locomotion/TACTIC/base_tilt: 0.5523
Metrics/locomotion/TACTIC/control_recovery_pressure: 1.0000
Metrics/locomotion/TACTIC/control_recovery_active: 1.0000
Metrics/locomotion/TACTIC/control_recovery_constraint_active: 1.0000
Metrics/locomotion/TACTIC/payload_posture_projection: 0.0000
Metrics/locomotion/TACTIC/payload_relation_violation: 0.0000
 Metrics/locomotion/TACTIC/base_vx: 0.0162
 Metrics/locomotion/TACTIC/base_vy: 0.1584
 Metrics/locomotion/TACTIC/base_wz: -0.4224
Metrics/locomotion/TACTIC/support_count: 2.3333
Metrics/locomotion/TACTIC/obstacle_margin: 1.1125
Metrics/locomotion/TACTIC/gripper_closure: 0.0119
Metrics/locomotion/TACTIC/manipulation_active: 1.0000
Metrics/locomotion/TACTIC/grasp_active: 1.0000
Metrics/locomotion/TACTIC/grasp_orientation_active: 0.0000
Metrics/locomotion/TACTIC/grasp_orientation_error: 0.0000
Metrics/locomotion/TACTIC/interaction_authority: 0.0000
Metrics/locomotion/TACTIC/workspace_handoff: 0.6667
Metrics/locomotion/TACTIC/grasp_projection_distance: 0.2066
Metrics/locomotion/TACTIC/grasp_center_error: 0.4428
Metrics/locomotion/TACTIC/capture_staging_distance: 0.7631
Metrics/locomotion/TACTIC/capture_heading_error: 1.4810
Metrics/locomotion/TACTIC/capture_initiation_margin: -2.6128
Metrics/locomotion/TACTIC/selected_delivery_side: -0.3333
Metrics/locomotion/TACTIC/capture_lift_active: 0.0000
Metrics/locomotion/TACTIC/command_vx: -0.0013
Metrics/locomotion/TACTIC/command_vy: 0.0008
Metrics/locomotion/TACTIC/command_wz: -0.1283
Metrics/locomotion/TACTIC/curriculum_level: 0.0000
Metrics/locomotion/TACTIC/curriculum_frontier: 0.0000
Metrics/locomotion/TACTIC/curriculum_probe: 0.0000
Metrics/locomotion/TACTIC/interaction_start_curriculum: 1.0000
Metrics/locomotion/TACTIC/interaction_start_probability: 1.0000
Metrics/locomotion/TACTIC/composition_probe_probability: 0.0000
Metrics/locomotion/TACTIC/curriculum_completion_ema: 0.0000
Metrics/locomotion/TACTIC/curriculum_progress_ema: 0.0994
Metrics/locomotion/TACTIC/curriculum_safety_ema: 0.1985
Metrics/locomotion/TACTIC/episode_safety_fraction: 0.7905
Metrics/locomotion/TACTIC/curriculum_contact_ema: 0.0000
Metrics/locomotion/TACTIC/curriculum_lift_ema: 0.0000
Metrics/locomotion/TACTIC/curriculum_transport_ema: 0.0000
Metrics/locomotion/TACTIC/curriculum_place_ema: 0.0000
Metrics/locomotion/TACTIC/curriculum_delivery_completion_ema: 0.0000
Metrics/locomotion/TACTIC/curriculum_regression_streak: 0.0000
Metrics/locomotion/TACTIC/required_task_count: 1.0000
Metrics/locomotion/TACTIC/object_completion_mean: 0.0000
Metrics/locomotion/TACTIC/object_contact_mean: 0.0000
Metrics/locomotion/TACTIC/object_lift_mean: 0.0000
Metrics/locomotion/TACTIC/object_transport_mean: 0.0000
Metrics/locomotion/TACTIC/object_place_mean: 0.0000
Metrics/locomotion/TACTIC/object_target_progress_mean: 0.0541
Metrics/locomotion/TACTIC/object_target_progress_delta_mean: 0.0000
Metrics/locomotion/TACTIC/object_release_readiness_mean: 0.0000
Metrics/locomotion/TACTIC/object_release_readiness_delta_mean: 0.0000
Metrics/locomotion/TACTIC/object_release_event_mean: 0.0000
Metrics/locomotion/TACTIC/object_drop_event_mean: 0.0000
Metrics/locomotion/TACTIC/object_gripper_distance_mean: 0.7554
Metrics/locomotion/TACTIC/object_carrying_mean: 0.0000
Metrics/locomotion/TACTIC/object_carry_memory_mean: 0.0000
Metrics/locomotion/TACTIC/interaction_frontier_mean: 0.0000
Metrics/locomotion/TACTIC/interaction_frontier_delta_mean: 0.0000
Metrics/locomotion/TACTIC/contact_symmetry_mean: 0.0000
 Metrics/locomotion/TACTIC/task_id: 9.0000
Metrics/locomotion/TACTIC/skill_id: 0.0000
Metrics/locomotion/TACTIC/object_id: 4.0000
Metrics/locomotion/TACTIC/effective_object_id: 4.0000
Metrics/locomotion/TACTIC/selected_object_contact: 0.0000
Metrics/locomotion/TACTIC/selected_object_lift: 0.0000
Metrics/locomotion/TACTIC/selected_object_transport: 0.0000
Metrics/locomotion/TACTIC/selected_object_place: 0.0000
Metrics/locomotion/TACTIC/selected_object_completion: 0.0000
Metrics/locomotion/TACTIC/selected_object_carrying: 0.0000
Metrics/locomotion/TACTIC/selected_object_carry_memory: 0.0000
Metrics/locomotion/TACTIC/selected_object_target_progress: 0.3248
Metrics/locomotion/TACTIC/selected_object_target_progress_delta: 0.0000
Metrics/locomotion/TACTIC/selected_object_release_readiness: 0.0000
Metrics/locomotion/TACTIC/selected_object_release_readiness_delta: 0.0000
Metrics/locomotion/TACTIC/selected_object_release_event: 0.0000
Metrics/locomotion/TACTIC/selected_object_drop_event: 0.0000
Metrics/locomotion/TACTIC/selected_object_gripper_distance: 0.5963
Metrics/locomotion/TACTIC/selected_object_place_error_xy: 0.1850
Metrics/locomotion/TACTIC/selected_object_place_error_z: 0.0310
Metrics/locomotion/TACTIC/selected_interaction_frontier: 0.0000
Metrics/locomotion/TACTIC/selected_interaction_frontier_delta: 0.0000
Metrics/locomotion/TACTIC/selected_reachability: 0.0050
Metrics/locomotion/TACTIC/task_switch: 0.0000
Metrics/locomotion/TACTIC/skill_switch: 0.0000
Metrics/locomotion/TACTIC/task_age: 0.0000
Metrics/locomotion/TACTIC/skill_age: 0.0000
Metrics/locomotion/TACTIC/task_hazard: 0.0000
Metrics/locomotion/TACTIC/skill_hazard: 0.0000
Metrics/locomotion/TACTIC/task_termination_probability: 0.0000
Metrics/locomotion/TACTIC/skill_termination_probability: 0.0000
Metrics/locomotion/TACTIC/task_entropy: 0.0000
Metrics/locomotion/TACTIC/skill_entropy: 0.7117
Metrics/locomotion/TACTIC/task_occupancy_entropy: 0.0000
Metrics/locomotion/TACTIC/skill_occupancy_entropy: 0.7117
Metrics/locomotion/TACTIC/skill_parameter_0: 0.0000
Metrics/locomotion/TACTIC/skill_parameter_1: 0.0000
Metrics/locomotion/TACTIC/skill_parameter_2: 0.0000
Metrics/locomotion/TACTIC/skill_parameter_3: 0.0000
Metrics/locomotion/TACTIC/skill_parameter_4: 0.0000
Metrics/locomotion/TACTIC/skill_parameter_5: 0.0000
Metrics/locomotion/TACTIC/object_0_complete: 0.0000
Metrics/locomotion/TACTIC/object_1_complete: 0.0000
Metrics/locomotion/TACTIC/object_2_complete: 0.0000
Metrics/locomotion/TACTIC/object_3_complete: 0.0000
Metrics/locomotion/TACTIC/object_4_complete: 0.0000
Metrics/locomotion/TACTIC/object_5_complete: 0.0000
      Episode_Termination/time_out: 0.0000
   Episode_Termination/bad_contact: 0.0000
          Episode_Termination/tilt: 0.2578
    Episode_Termination/low_height: 0.0000
Episode_Termination/mission_success: 0.0000
--------------------------------------------------------------------------------
                   Total timesteps: 12288
                    Iteration time: 6.12s
                      Time elapsed: 00:00:26
                               ETA: 00:02:56

################################################################################
                       [1m Learning iteration 4/30 [0m                        

                       Computation: 498 steps/s (collection: 5.334s, learning 0.833s)
             Mean action noise std: 0.02
          Mean value_function loss: 27.3464
               Mean surrogate loss: 0.1096
                 Mean entropy loss: -102.6703
 Mean next_control_prediction loss: 0.0184
       Mean skill_feasibility loss: 0.6931
 Mean task_outcome_prediction loss: 0.0322
 Mean task_outcome_confidence loss: 1.5299
Mean task_outcome_confidence_mean loss: 0.1192
Mean skill_outcome_prediction loss: 0.0040
        Mean payload_survival loss: 0.6931
Mean payload_survival_support loss: 0.0202
   Mean payload_drop_fraction loss: 0.0000
Mean payload_survival_prediction loss: 0.5000
 Mean skill_effect_prediction loss: 0.0292
 Mean skill_effect_confidence loss: 1.5900
Mean skill_effect_confidence_mean loss: 0.1192
Mean motion_execution_prediction loss: 0.0360
Mean motion_execution_confidence loss: 1.4693
Mean embodiment_response_prediction loss: 0.0022
Mean embodiment_response_vx_abs loss: 0.0021
Mean embodiment_response_wz_abs loss: 0.0010
   Mean constraint_multiplier loss: 0.0077
Mean task_constraint_multiplier_mean loss: 0.1632
Mean skill_constraint_multiplier_mean loss: 0.1632
 Mean hierarchy_cbf_violation loss: 0.0115
Mean hierarchy_cbf_raw_violation loss: 0.0134
Mean hierarchy_cbf_transient_slack loss: 0.0065
 Mean hierarchy_clf_violation loss: 0.0002
Mean hierarchy_cbf_regression loss: 0.0049
Mean hierarchy_clf_regression loss: 0.0002
   Mean safe_task_achievement loss: -0.0054
  Mean safe_skill_achievement loss: -0.0007
Mean unsafe_positive_progress_rate loss: 0.0137
Mean motion_execution_confidence_mean loss: 0.1192
Mean grounded_effect_diversity loss: 0.0000
      Mean task_option_credit loss: 0.0172
     Mean skill_option_credit loss: 0.0011
    Mean event_hindsight_task loss: 0.0000
   Mean event_hindsight_skill loss: 0.7889
       Mean event_credit_mass loss: 0.0110
Mean task_option_advantage_abs loss: 0.3067
Mean skill_option_advantage_abs loss: 0.3284
         Mean task_transition loss: 2.3829
        Mean skill_transition loss: 1.5930
       Mean motion_transition loss: 1.7406
  Mean interaction_transition loss: 1.3717
Mean interaction_active_fraction loss: 1.0000
              Mean task_usage loss: 0.0000
  Mean task_frontier_coverage loss: 0.0000
Mean selected_frontier_probability loss: 0.7967
       Mean interaction_phase loss: 0.3065
Mean interaction_release_target loss: 0.0204
Mean interaction_release_frontier loss: 0.0066
Mean interaction_release_balance_weight loss: 1.1429
  Mean task_control_objective loss: 0.0092
        Mean task_clf_descent loss: 0.0011
  Mean task_barrier_authority loss: 0.0234
Mean skill_predictive_control loss: 0.0014
Mean relational_subgoal_grounding loss: 0.0000
  Mean task_subgoal_alignment loss: 1.0000
  Mean task_subgoal_authority loss: 0.4845
   Mean task_skill_projection loss: 0.0000
 Mean task_transient_capacity loss: 0.7650
   Mean task_posture_capacity loss: 0.9103
Mean task_projected_turn_demand loss: 0.3269
Mean task_semantic_turn_demand loss: 0.3269
Mean task_lateral_turn_demand loss: 0.0000
Mean task_target_yaw_residual loss: 0.5944
Mean task_interaction_authority loss: 0.0066
    Mean task_arm_scope_error loss: 0.0000
Mean counterfactual_task_selection loss: 0.0000
Mean counterfactual_task_target_entropy loss: 0.0000
Mean counterfactual_task_target_peak loss: 0.0000
Mean grounded_task_utility_span loss: 0.0000
      Mean task_outcome_blend loss: 0.0000
Mean grounded_task_target_agreement loss: 0.0000
Mean sampled_task_target_probability loss: 0.0000
Mean recovery_candidate_fraction loss: 0.0000
Mean recovery_task_probability loss: 0.0000
Mean recovery_target_probability loss: 0.0000
Mean counterfactual_termination loss: 0.4658
 Mean task_termination_target loss: 0.0000
Mean skill_termination_target loss: 0.5073
Mean payload_skill_barrier_pressure loss: 0.0004
Mean payload_transient_demand loss: 0.0300
Mean payload_skill_exit_target loss: 0.0000
Mean payload_survival_exit_target loss: 0.0000
Mean payload_survival_authority loss: 0.0000
        Mean task_switch_gain loss: 0.0000
       Mean skill_switch_gain loss: -0.0181
Mean counterfactual_skill_selection loss: 0.8855
Mean counterfactual_target_entropy loss: 0.7032
Mean counterfactual_target_peak loss: 0.7579
       Mean successor_decoder loss: 0.0880
  Mean successor_predicted_vx loss: -0.0039
  Mean successor_predicted_wz loss: -0.0076
 Mean successor_predicted_cbf loss: 0.5000
 Mean successor_predicted_clf loss: 0.5000
 Mean successor_cbf_violation loss: 0.0027
 Mean successor_clf_violation loss: 0.0003
             Mean skill_usage loss: 0.1603
        Mean skill_confidence loss: 0.7432
     Mean task_slot_diversity loss: 0.3940
Mean skill_embedding_diversity loss: 0.0621
   Mean motion_gain_diversity loss: 0.0000
Mean motion_objective_diversity loss: 0.0000
       Mean event_replay_size loss: 1100.0000
   Mean event_replay_priority loss: 0.0814
 Mean event_replay_task_valid loss: 0.6992
Mean event_replay_task_detail_valid loss: 0.6992
       Mean event_replay_task loss: 0.0000
      Mean event_replay_skill loss: 0.6598
     Mean event_replay_motion loss: 1.0876
Mean event_replay_interaction loss: 0.1369
Mean event_replay_task_subgoal loss: 0.0003
Mean event_replay_skill_parameter loss: 0.0199
  Mean event_replay_parameter loss: 0.0201
Mean event_replay_barrier_quality loss: 0.4823
Mean event_replay_unsafe_fraction loss: 0.0000
Mean event_replay_buffer_unsafe_fraction loss: 0.0000
Mean event_replay_buffer_delivery loss: 0.7118
Mean event_replay_buffer_recovery loss: 0.0000
Mean event_replay_sample_delivery loss: 0.7004
Mean event_replay_sample_recovery loss: 0.0000
Mean event_replay_sample_raw_delivery loss: 0.6992
Mean event_replay_sample_raw_recovery loss: 0.0000
Mean event_replay_recovery_pressure loss: 0.0000
Mean event_replay_recovery_adapter_gate loss: 0.0000
Mean event_replay_buffer_approach loss: 0.8531
Mean event_replay_sample_approach loss: 0.6184
Mean event_replay_sample_raw_approach loss: 0.6201
Mean event_replay_buffer_secure loss: 0.1162
Mean event_replay_sample_secure loss: 0.2607
Mean event_replay_sample_raw_secure loss: 0.2598
Mean event_replay_buffer_release loss: 0.0307
Mean event_replay_sample_release loss: 0.1208
Mean event_replay_sample_raw_release loss: 0.1201
Mean payload_survival_replay_size loss: 67.0000
Mean payload_survival_replay_support loss: 1.0000
Mean payload_survival_replay_drop_fraction loss: 0.5074
Mean payload_survival_replay_prediction loss: 0.5000
Mean payload_survival_replay_drop_prediction loss: 0.5000
Mean payload_survival_replay_retain_prediction loss: 0.5000
Mean payload_survival_replay_separation loss: 0.0000
Mean payload_survival_replay_accuracy loss: 0.4925
Mean payload_survival_replay_rank_loss loss: 0.7185
Mean payload_survival_replay_rank_gap loss: 0.0000
Mean payload_survival_replay_rank_accuracy loss: 0.0000
Mean payload_survival_replay_rank_pairs loss: 10.0000
      Mean event_replay_added loss: 256.0000
Mean event_replay_append_task_valid loss: 0.6992
Mean event_replay_task_relabel loss: 0.3008
Mean event_replay_interaction_relabel loss: 0.0938
Mean event_replay_append_delivery loss: 0.6992
Mean event_replay_append_recovery loss: 0.0000
Mean event_replay_append_payload_recovery loss: 0.0000
Mean payload_survival_replay_added loss: 36.0000
Mean payload_survival_replay_append_drop_fraction loss: 0.0000
      Mean hierarchy_cbf_dual loss: 0.5199
      Mean hierarchy_clf_dual loss: 0.3334
Mean hierarchy_cbf_violation_ema loss: 0.3649
Mean hierarchy_clf_violation_ema loss: 0.0461
Mean physical_adaptation_active loss: 0.0000
Mean physical_adaptation_stage loss: -10.0000
 Mean hierarchy_only_training loss: 0.0000
Mean decomposition_only_training loss: 0.0000
Mean motion_selector_only_training loss: 0.0000
Mean interaction_selector_only_training loss: 0.0000
Mean motion_skill_only_training loss: 0.0000
Mean payload_motion_only_training loss: 0.0000
Mean recovery_adapter_only_training loss: 0.0000
 Mean auxiliary_learning_rate loss: 0.0000
Mean payload_survival_learning_rate loss: 0.0003
Mean physical_core_learning_rate loss: 0.0000
Mean physical_adapter_learning_rate loss: 0.0000
Mean skill_information_reward loss: -0.0021
 Mean task_information_reward loss: 0.0000
                       Mean reward: -68.80
               Mean episode length: 20.29
   Episode_Reward/term_bad_contact: 0.0000
          Episode_Reward/term_tilt: -0.0139
    Episode_Reward/term_low_height: -0.0417
      Episode_Reward/leg_action_l2: -0.0006
   Episode_Reward/tracking_lin_vel: 0.0000
Episode_Reward/tracking_ang_vel_yaw_l1: 0.0000
Episode_Reward/tracking_ang_vel_yaw_exp: 0.0000
Episode_Reward/tracking_lin_vel_y_l2: 0.0000
Episode_Reward/tracking_lin_vel_z_l2: 0.0000
            Episode_Reward/survive: 0.0000
    Episode_Reward/foot_contacts_z: 0.0000
            Episode_Reward/torques: -0.0023
 Episode_Reward/tracking_lin_vel_y: 0.0000
          Episode_Reward/lin_vel_z: -0.0005
         Episode_Reward/ang_vel_xy: -0.0008
   Episode_Reward/tracking_ang_vel: 0.0008
               Episode_Reward/work: -0.0242
            Episode_Reward/dof_acc: -0.0410
        Episode_Reward/action_rate: -0.0007
     Episode_Reward/dof_pos_limits: -0.0000
      Episode_Reward/delta_torques: -0.0000
          Episode_Reward/collision: -0.0500
        Episode_Reward/walking_dof: 0.0000
            Episode_Reward/hip_pos: -0.0005
          Episode_Reward/feet_jerk: 0.0000
              Episode_Reward/alive: 0.0032
          Episode_Reward/feet_drag: -0.0003
Episode_Reward/feet_contact_forces: -0.0018
               Episode_Reward/roll: -0.0005
        Episode_Reward/base_height: -0.0018
Episode_Reward/tracking_lin_vel_max: 0.0040
Episode_Reward/flat_orientation_l2: -0.0001
  Episode_Reward/air_time_variance: -0.0001
        Episode_Reward/feet_height: 0.0000
      Episode_Reward/feet_air_time: 0.0000
Episode_Reward/update_last_buffers: 0.0000
   Episode_Reward/wheel_idle_speed: -0.2837
    Episode_Reward/wheel_action_l2: -0.0001
  Episode_Reward/wheel_action_rate: 0.0000
  Episode_Reward/wheel_forward_use: 0.0000
 Episode_Reward/wheel_turn_support: 0.0000
Episode_Reward/tactic_mission_completion: 0.0000
Episode_Reward/tactic_mission_success: 0.0000
Episode_Reward/tactic_task_progress: -0.0003
Episode_Reward/tactic_task_tracking: 0.0009
 Episode_Reward/tactic_ee_tracking: 0.0021
  Episode_Reward/tactic_valid_task: 0.0006
Episode_Reward/tactic_invalid_task: 0.0000
Episode_Reward/tactic_option_switch: 0.0000
Episode_Reward/tactic_control_progress: -0.0002
  Episode_Reward/tactic_cbf_margin: 0.0000
Episode_Reward/tactic_predicted_margin: 0.0000
Episode_Reward/tactic_clf_decrease: 0.0000
Episode_Reward/tactic_disturbance_rejection: 0.0000
Episode_Reward/tactic_safety_violation: -0.0014
Episode_Reward/tactic_unsafe_progress: -0.0000
Episode_Reward/tactic_object_contact: 0.0000
 Episode_Reward/tactic_object_lift: 0.0000
Episode_Reward/tactic_object_transport: 0.0000
Episode_Reward/tactic_object_place: 0.0000
Episode_Reward/tactic_object_completion: 0.0000
Episode_Reward/tactic_interaction_frontier: 0.0000
  Episode_Reward/tactic_grasp_hold: 0.0000
Episode_Reward/tactic_payload_progress: 0.0000
Episode_Reward/tactic_release_readiness: 0.0000
Episode_Reward/tactic_intended_release: 0.0000
Episode_Reward/tactic_payload_retention: 0.0000
Episode_Reward/tactic_payload_drop: 0.0000
Episode_Reward/tactic_release_quality: 0.0000
Episode_Reward/tactic_wrong_object_interaction: 0.0000
 Episode_Reward/tactic_all_objects: 0.0000
Metrics/locomotion/TACTIC/mission_completion: 0.0000
Metrics/locomotion/TACTIC/mission_completion_delta: 0.0000
Metrics/locomotion/TACTIC/mission_success: 0.0000
Metrics/locomotion/TACTIC/task_progress: 0.0364
Metrics/locomotion/TACTIC/task_progress_delta: -0.0010
Metrics/locomotion/TACTIC/task_error: 1.1382
Metrics/locomotion/TACTIC/ee_error: 0.7028
Metrics/locomotion/TACTIC/tcp_object_distance: 0.6189
Metrics/locomotion/TACTIC/goal_object_distance: 0.0610
Metrics/locomotion/TACTIC/finger_object_distance: 0.6745
Metrics/locomotion/TACTIC/object_target_distance: 0.1334
Metrics/locomotion/TACTIC/recovery_task_executed: 0.0000
Metrics/locomotion/TACTIC/recovery_task_probability: 0.0000
Metrics/locomotion/TACTIC/executed_task_probability: 1.0000
Metrics/locomotion/TACTIC/task_constraint_projection: 0.0000
Metrics/locomotion/TACTIC/recovery_latch_seen: 0.0000
Metrics/locomotion/TACTIC/recovery_valid_seen: 0.0000
Metrics/locomotion/TACTIC/recovery_pressure_seen: 0.0000
Metrics/locomotion/TACTIC/cbf_margin: 0.0000
Metrics/locomotion/TACTIC/predicted_margin: 0.0000
Metrics/locomotion/TACTIC/clf_decrease: -0.2267
Metrics/locomotion/TACTIC/disturbance_estimate: 0.7690
Metrics/locomotion/TACTIC/base_height: 0.2146
Metrics/locomotion/TACTIC/base_tilt: 0.5500
Metrics/locomotion/TACTIC/control_recovery_pressure: 1.0000
Metrics/locomotion/TACTIC/control_recovery_active: 1.0000
Metrics/locomotion/TACTIC/control_recovery_constraint_active: 1.0000
Metrics/locomotion/TACTIC/payload_posture_projection: 0.0000
Metrics/locomotion/TACTIC/payload_relation_violation: 0.0000
 Metrics/locomotion/TACTIC/base_vx: -0.0553
 Metrics/locomotion/TACTIC/base_vy: 0.1586
 Metrics/locomotion/TACTIC/base_wz: -0.4664
Metrics/locomotion/TACTIC/support_count: 2.0000
Metrics/locomotion/TACTIC/obstacle_margin: 1.1418
Metrics/locomotion/TACTIC/gripper_closure: 0.0159
Metrics/locomotion/TACTIC/manipulation_active: 1.0000
Metrics/locomotion/TACTIC/grasp_active: 1.0000
Metrics/locomotion/TACTIC/grasp_orientation_active: 0.0000
Metrics/locomotion/TACTIC/grasp_orientation_error: 0.0000
Metrics/locomotion/TACTIC/interaction_authority: 0.0000
Metrics/locomotion/TACTIC/workspace_handoff: 1.0000
Metrics/locomotion/TACTIC/grasp_projection_distance: 0.3099
Metrics/locomotion/TACTIC/grasp_center_error: 0.6642
Metrics/locomotion/TACTIC/capture_staging_distance: 0.5521
Metrics/locomotion/TACTIC/capture_heading_error: 0.6702
Metrics/locomotion/TACTIC/capture_initiation_margin: -0.9718
Metrics/locomotion/TACTIC/selected_delivery_side: -1.0000
Metrics/locomotion/TACTIC/capture_lift_active: 0.0000
Metrics/locomotion/TACTIC/command_vx: 0.0000
Metrics/locomotion/TACTIC/command_vy: 0.0000
Metrics/locomotion/TACTIC/command_wz: 0.0000
Metrics/locomotion/TACTIC/curriculum_level: 0.0000
Metrics/locomotion/TACTIC/curriculum_frontier: 0.0000
Metrics/locomotion/TACTIC/curriculum_probe: 0.0000
Metrics/locomotion/TACTIC/interaction_start_curriculum: 1.0000
Metrics/locomotion/TACTIC/interaction_start_probability: 1.0000
Metrics/locomotion/TACTIC/composition_probe_probability: 0.0000
Metrics/locomotion/TACTIC/curriculum_completion_ema: 0.0000
Metrics/locomotion/TACTIC/curriculum_progress_ema: 0.0985
Metrics/locomotion/TACTIC/curriculum_safety_ema: 0.2072
Metrics/locomotion/TACTIC/episode_safety_fraction: 0.8267
Metrics/locomotion/TACTIC/curriculum_contact_ema: 0.0000
Metrics/locomotion/TACTIC/curriculum_lift_ema: 0.0000
Metrics/locomotion/TACTIC/curriculum_transport_ema: 0.0000
Metrics/locomotion/TACTIC/curriculum_place_ema: 0.0000
Metrics/locomotion/TACTIC/curriculum_delivery_completion_ema: 0.0000
Metrics/locomotion/TACTIC/curriculum_regression_streak: 0.0000
Metrics/locomotion/TACTIC/required_task_count: 1.0000
Metrics/locomotion/TACTIC/object_completion_mean: 0.0000
Metrics/locomotion/TACTIC/object_contact_mean: 0.0000
Metrics/locomotion/TACTIC/object_lift_mean: 0.0000
Metrics/locomotion/TACTIC/object_transport_mean: 0.0000
Metrics/locomotion/TACTIC/object_place_mean: 0.0000
Metrics/locomotion/TACTIC/object_target_progress_mean: 0.0814
Metrics/locomotion/TACTIC/object_target_progress_delta_mean: 0.0000
Metrics/locomotion/TACTIC/object_release_readiness_mean: 0.0000
Metrics/locomotion/TACTIC/object_release_readiness_delta_mean: 0.0000
Metrics/locomotion/TACTIC/object_release_event_mean: 0.0000
Metrics/locomotion/TACTIC/object_drop_event_mean: 0.0000
Metrics/locomotion/TACTIC/object_gripper_distance_mean: 0.7822
Metrics/locomotion/TACTIC/object_carrying_mean: 0.0000
Metrics/locomotion/TACTIC/object_carry_memory_mean: 0.0000
Metrics/locomotion/TACTIC/interaction_frontier_mean: 0.0000
Metrics/locomotion/TACTIC/interaction_frontier_delta_mean: 0.0000
Metrics/locomotion/TACTIC/contact_symmetry_mean: 0.0000
 Metrics/locomotion/TACTIC/task_id: 9.0000
Metrics/locomotion/TACTIC/skill_id: 0.0000
Metrics/locomotion/TACTIC/object_id: 4.0000
Metrics/locomotion/TACTIC/effective_object_id: 4.0000
Metrics/locomotion/TACTIC/selected_object_contact: 0.0000
Metrics/locomotion/TACTIC/selected_object_lift: 0.0000
Metrics/locomotion/TACTIC/selected_object_transport: 0.0000
Metrics/locomotion/TACTIC/selected_object_place: 0.0000
Metrics/locomotion/TACTIC/selected_object_completion: 0.0000
Metrics/locomotion/TACTIC/selected_object_carrying: 0.0000
Metrics/locomotion/TACTIC/selected_object_carry_memory: 0.0000
Metrics/locomotion/TACTIC/selected_object_target_progress: 0.4885
Metrics/locomotion/TACTIC/selected_object_target_progress_delta: 0.0000
Metrics/locomotion/TACTIC/selected_object_release_readiness: 0.0000
Metrics/locomotion/TACTIC/selected_object_release_readiness_delta: 0.0000
Metrics/locomotion/TACTIC/selected_object_release_event: 0.0000
Metrics/locomotion/TACTIC/selected_object_drop_event: 0.0000
Metrics/locomotion/TACTIC/selected_object_gripper_distance: 0.6171
Metrics/locomotion/TACTIC/selected_object_place_error_xy: 0.1263
Metrics/locomotion/TACTIC/selected_object_place_error_z: 0.0430
Metrics/locomotion/TACTIC/selected_interaction_frontier: 0.0000
Metrics/locomotion/TACTIC/selected_interaction_frontier_delta: 0.0000
Metrics/locomotion/TACTIC/selected_reachability: 0.0075
Metrics/locomotion/TACTIC/task_switch: 0.0000
Metrics/locomotion/TACTIC/skill_switch: 0.0000
Metrics/locomotion/TACTIC/task_age: 0.0000
Metrics/locomotion/TACTIC/skill_age: 0.0000
Metrics/locomotion/TACTIC/task_hazard: 0.0000
Metrics/locomotion/TACTIC/skill_hazard: 0.0000
Metrics/locomotion/TACTIC/task_termination_probability: 0.0000
Metrics/locomotion/TACTIC/skill_termination_probability: 0.0000
Metrics/locomotion/TACTIC/task_entropy: 0.0000
Metrics/locomotion/TACTIC/skill_entropy: 0.7057
Metrics/locomotion/TACTIC/task_occupancy_entropy: 0.0000
Metrics/locomotion/TACTIC/skill_occupancy_entropy: 0.7057
Metrics/locomotion/TACTIC/skill_parameter_0: 0.0000
Metrics/locomotion/TACTIC/skill_parameter_1: 0.0000
Metrics/locomotion/TACTIC/skill_parameter_2: 0.0000
Metrics/locomotion/TACTIC/skill_parameter_3: 0.0000
Metrics/locomotion/TACTIC/skill_parameter_4: 0.0000
Metrics/locomotion/TACTIC/skill_parameter_5: 0.0000
Metrics/locomotion/TACTIC/object_0_complete: 0.0000
Metrics/locomotion/TACTIC/object_1_complete: 0.0000
Metrics/locomotion/TACTIC/object_2_complete: 0.0000
Metrics/locomotion/TACTIC/object_3_complete: 0.0000
Metrics/locomotion/TACTIC/object_4_complete: 0.0000
Metrics/locomotion/TACTIC/object_5_complete: 0.0000
      Episode_Termination/time_out: 0.0000
   Episode_Termination/bad_contact: 0.0000
          Episode_Termination/tilt: 0.2578
    Episode_Termination/low_height: 0.0000
Episode_Termination/mission_success: 0.0000
--------------------------------------------------------------------------------
                   Total timesteps: 15360
                    Iteration time: 6.17s
                      Time elapsed: 00:00:32
                               ETA: 00:02:48

################################################################################
                       [1m Learning iteration 5/30 [0m                        

                       Computation: 489 steps/s (collection: 5.467s, learning 0.805s)
             Mean action noise std: 0.02
          Mean value_function loss: 21.0055
               Mean surrogate loss: 0.0568
                 Mean entropy loss: -102.6914
 Mean next_control_prediction loss: 0.0197
       Mean skill_feasibility loss: 0.6931
 Mean task_outcome_prediction loss: 0.0320
 Mean task_outcome_confidence loss: 1.5328
Mean task_outcome_confidence_mean loss: 0.1192
Mean skill_outcome_prediction loss: 0.0032
        Mean payload_survival loss: 0.6931
Mean payload_survival_support loss: 0.0208
   Mean payload_drop_fraction loss: 0.0000
Mean payload_survival_prediction loss: 0.5000
 Mean skill_effect_prediction loss: 0.0295
 Mean skill_effect_confidence loss: 1.6086
Mean skill_effect_confidence_mean loss: 0.1192
Mean motion_execution_prediction loss: 0.0380
Mean motion_execution_confidence loss: 1.4804
Mean embodiment_response_prediction loss: 0.0027
Mean embodiment_response_vx_abs loss: 0.0021
Mean embodiment_response_wz_abs loss: 0.0011
   Mean constraint_multiplier loss: 0.0078
Mean task_constraint_multiplier_mean loss: 0.1632
Mean skill_constraint_multiplier_mean loss: 0.1632
 Mean hierarchy_cbf_violation loss: 0.0174
Mean hierarchy_cbf_raw_violation loss: 0.0197
Mean hierarchy_cbf_transient_slack loss: 0.0069
 Mean hierarchy_clf_violation loss: 0.0000
Mean hierarchy_cbf_regression loss: 0.0114
Mean hierarchy_clf_regression loss: 0.0000
   Mean safe_task_achievement loss: -0.0008
  Mean safe_skill_achievement loss: 0.0004
Mean unsafe_positive_progress_rate loss: 0.0378
Mean motion_execution_confidence_mean loss: 0.1192
Mean grounded_effect_diversity loss: 0.0000
      Mean task_option_credit loss: -0.0041
     Mean skill_option_credit loss: -0.0320
    Mean event_hindsight_task loss: 0.0000
   Mean event_hindsight_skill loss: 1.4367
       Mean event_credit_mass loss: 0.0107
Mean task_option_advantage_abs loss: 0.2681
Mean skill_option_advantage_abs loss: 0.2998
         Mean task_transition loss: 2.4077
        Mean skill_transition loss: 1.6124
       Mean motion_transition loss: 1.7752
  Mean interaction_transition loss: 1.3682
Mean interaction_active_fraction loss: 0.9993
              Mean task_usage loss: 0.0000
  Mean task_frontier_coverage loss: 0.0000
Mean selected_frontier_probability loss: 0.7958
       Mean interaction_phase loss: 0.3203
Mean interaction_release_target loss: 0.0221
Mean interaction_release_frontier loss: 0.0086
Mean interaction_release_balance_weight loss: 1.1549
  Mean task_control_objective loss: 0.0107
        Mean task_clf_descent loss: 0.0016
  Mean task_barrier_authority loss: 0.0261
Mean skill_predictive_control loss: 0.0012
Mean relational_subgoal_grounding loss: 0.0000
  Mean task_subgoal_alignment loss: 1.0000
  Mean task_subgoal_authority loss: 0.4812
   Mean task_skill_projection loss: 0.0000
 Mean task_transient_capacity loss: 0.7795
   Mean task_posture_capacity loss: 0.8988
Mean task_projected_turn_demand loss: 0.3216
Mean task_semantic_turn_demand loss: 0.3216
Mean task_lateral_turn_demand loss: 0.0000
Mean task_target_yaw_residual loss: 0.5847
Mean task_interaction_authority loss: 0.0051
    Mean task_arm_scope_error loss: 0.0000
Mean counterfactual_task_selection loss: 0.0000
Mean counterfactual_task_target_entropy loss: 0.0000
Mean counterfactual_task_target_peak loss: 0.0000
Mean grounded_task_utility_span loss: 0.0000
      Mean task_outcome_blend loss: 0.0000
Mean grounded_task_target_agreement loss: 0.0000
Mean sampled_task_target_probability loss: 0.0000
Mean recovery_candidate_fraction loss: 0.0000
Mean recovery_task_probability loss: 0.0000
Mean recovery_target_probability loss: 0.0000
Mean counterfactual_termination loss: 0.4671
 Mean task_termination_target loss: 0.0000
Mean skill_termination_target loss: 0.5116
Mean payload_skill_barrier_pressure loss: 0.0000
Mean payload_transient_demand loss: 0.0109
Mean payload_skill_exit_target loss: 0.0000
Mean payload_survival_exit_target loss: 0.0000
Mean payload_survival_authority loss: 0.0000
        Mean task_switch_gain loss: 0.0000
       Mean skill_switch_gain loss: -0.0527
Mean counterfactual_skill_selection loss: 0.8832
Mean counterfactual_target_entropy loss: 0.7050
Mean counterfactual_target_peak loss: 0.7571
       Mean successor_decoder loss: 0.0814
  Mean successor_predicted_vx loss: -0.0027
  Mean successor_predicted_wz loss: -0.0085
 Mean successor_predicted_cbf loss: 0.5000
 Mean successor_predicted_clf loss: 0.5000
 Mean successor_cbf_violation loss: 0.0021
 Mean successor_clf_violation loss: 0.0011
             Mean skill_usage loss: 0.1772
        Mean skill_confidence loss: 0.7407
     Mean task_slot_diversity loss: 0.3946
Mean skill_embedding_diversity loss: 0.0621
   Mean motion_gain_diversity loss: 0.0000
Mean motion_objective_diversity loss: 0.0000
       Mean event_replay_size loss: 1356.0000
   Mean event_replay_priority loss: 0.0770
 Mean event_replay_task_valid loss: 0.6992
Mean event_replay_task_detail_valid loss: 0.6992
       Mean event_replay_task loss: 0.0000
      Mean event_replay_skill loss: 0.6658
     Mean event_replay_motion loss: 1.0945
Mean event_replay_interaction loss: 0.1419
Mean event_replay_task_subgoal loss: 0.0003
Mean event_replay_skill_parameter loss: 0.0199
  Mean event_replay_parameter loss: 0.0200
Mean event_replay_barrier_quality loss: 0.4860
Mean event_replay_unsafe_fraction loss: 0.0000
Mean event_replay_buffer_unsafe_fraction loss: 0.0000
Mean event_replay_buffer_delivery loss: 0.7094
Mean event_replay_buffer_recovery loss: 0.0000
Mean event_replay_sample_delivery loss: 0.7006
Mean event_replay_sample_recovery loss: 0.0000
Mean event_replay_sample_raw_delivery loss: 0.6992
Mean event_replay_sample_raw_recovery loss: 0.0000
Mean event_replay_recovery_pressure loss: 0.0000
Mean event_replay_recovery_adapter_gate loss: 0.0000
Mean event_replay_buffer_approach loss: 0.8586
Mean event_replay_sample_approach loss: 0.6294
Mean event_replay_sample_raw_approach loss: 0.6327
Mean event_replay_buffer_secure loss: 0.1040
Mean event_replay_sample_secure loss: 0.2495
Mean event_replay_sample_raw_secure loss: 0.2486
Mean event_replay_buffer_release loss: 0.0374
Mean event_replay_sample_release loss: 0.1210
Mean event_replay_sample_raw_release loss: 0.1187
Mean payload_survival_replay_size loss: 103.0000
Mean payload_survival_replay_support loss: 1.0000
Mean payload_survival_replay_drop_fraction loss: 0.5048
Mean payload_survival_replay_prediction loss: 0.5000
Mean payload_survival_replay_drop_prediction loss: 0.5000
Mean payload_survival_replay_retain_prediction loss: 0.5000
Mean payload_survival_replay_separation loss: 0.0000
Mean payload_survival_replay_accuracy loss: 0.4951
Mean payload_survival_replay_rank_loss loss: 0.7185
Mean payload_survival_replay_rank_gap loss: 0.0000
Mean payload_survival_replay_rank_accuracy loss: 0.0000
Mean payload_survival_replay_rank_pairs loss: 29.0000
      Mean event_replay_added loss: 256.0000
Mean event_replay_append_task_valid loss: 0.6992
Mean event_replay_task_relabel loss: 0.3008
Mean event_replay_interaction_relabel loss: 0.2188
Mean event_replay_append_delivery loss: 0.6992
Mean event_replay_append_recovery loss: 0.0000
Mean event_replay_append_payload_recovery loss: 0.0000
Mean payload_survival_replay_added loss: 36.0000
Mean payload_survival_replay_append_drop_fraction loss: 0.0000
      Mean hierarchy_cbf_dual loss: 0.5183
      Mean hierarchy_clf_dual loss: 0.3294
Mean hierarchy_cbf_violation_ema loss: 0.3475
Mean hierarchy_clf_violation_ema loss: 0.0438
Mean physical_adaptation_active loss: 0.0000
Mean physical_adaptation_stage loss: -10.0000
 Mean hierarchy_only_training loss: 0.0000
Mean decomposition_only_training loss: 0.0000
Mean motion_selector_only_training loss: 0.0000
Mean interaction_selector_only_training loss: 0.0000
Mean motion_skill_only_training loss: 0.0000
Mean payload_motion_only_training loss: 0.0000
Mean recovery_adapter_only_training loss: 0.0000
 Mean auxiliary_learning_rate loss: 0.0000
Mean payload_survival_learning_rate loss: 0.0003
Mean physical_core_learning_rate loss: 0.0000
Mean physical_adapter_learning_rate loss: 0.0000
Mean skill_information_reward loss: -0.0027
 Mean task_information_reward loss: 0.0000
                       Mean reward: -70.16
               Mean episode length: 23.23
   Episode_Reward/term_bad_contact: 0.0000
          Episode_Reward/term_tilt: -0.0012
    Episode_Reward/term_low_height: -0.0162
      Episode_Reward/leg_action_l2: -0.0013
   Episode_Reward/tracking_lin_vel: 0.0000
Episode_Reward/tracking_ang_vel_yaw_l1: 0.0000
Episode_Reward/tracking_ang_vel_yaw_exp: 0.0000
Episode_Reward/tracking_lin_vel_y_l2: 0.0000
Episode_Reward/tracking_lin_vel_z_l2: 0.0000
            Episode_Reward/survive: 0.0000
    Episode_Reward/foot_contacts_z: 0.0000
            Episode_Reward/torques: -0.0036
 Episode_Reward/tracking_lin_vel_y: 0.0000
          Episode_Reward/lin_vel_z: -0.0003
         Episode_Reward/ang_vel_xy: -0.0005
   Episode_Reward/tracking_ang_vel: 0.0009
               Episode_Reward/work: -0.0274
            Episode_Reward/dof_acc: -0.0226
        Episode_Reward/action_rate: -0.0009
     Episode_Reward/dof_pos_limits: -0.0000
      Episode_Reward/delta_torques: -0.0000
          Episode_Reward/collision: -0.0901
        Episode_Reward/walking_dof: 0.0007
            Episode_Reward/hip_pos: -0.0010
          Episode_Reward/feet_jerk: 0.0000
              Episode_Reward/alive: 0.0050
          Episode_Reward/feet_drag: -0.0003
Episode_Reward/feet_contact_forces: -0.0026
               Episode_Reward/roll: -0.0006
        Episode_Reward/base_height: -0.0030
Episode_Reward/tracking_lin_vel_max: 0.0068
Episode_Reward/flat_orientation_l2: -0.0002
  Episode_Reward/air_time_variance: -0.0001
        Episode_Reward/feet_height: 0.0000
      Episode_Reward/feet_air_time: -0.0000
Episode_Reward/update_last_buffers: 0.0000
   Episode_Reward/wheel_idle_speed: -0.3313
    Episode_Reward/wheel_action_l2: -0.0001
  Episode_Reward/wheel_action_rate: 0.0000
  Episode_Reward/wheel_forward_use: 0.0000
 Episode_Reward/wheel_turn_support: 0.0039
Episode_Reward/tactic_mission_completion: 0.0000
Episode_Reward/tactic_mission_success: 0.0000
Episode_Reward/tactic_task_progress: -0.0001
Episode_Reward/tactic_task_tracking: 0.0005
 Episode_Reward/tactic_ee_tracking: 0.0029
  Episode_Reward/tactic_valid_task: 0.0010
Episode_Reward/tactic_invalid_task: 0.0000
Episode_Reward/tactic_option_switch: -0.0000
Episode_Reward/tactic_control_progress: -0.0000
  Episode_Reward/tactic_cbf_margin: 0.0000
Episode_Reward/tactic_predicted_margin: 0.0000
Episode_Reward/tactic_clf_decrease: 0.0000
Episode_Reward/tactic_disturbance_rejection: 0.0000
Episode_Reward/tactic_safety_violation: -0.0012
Episode_Reward/tactic_unsafe_progress: -0.0000
Episode_Reward/tactic_object_contact: 0.0000
 Episode_Reward/tactic_object_lift: 0.0000
Episode_Reward/tactic_object_transport: 0.0000
Episode_Reward/tactic_object_place: 0.0000
Episode_Reward/tactic_object_completion: 0.0000
Episode_Reward/tactic_interaction_frontier: 0.0000
  Episode_Reward/tactic_grasp_hold: 0.0000
Episode_Reward/tactic_payload_progress: 0.0000
Episode_Reward/tactic_release_readiness: 0.0000
Episode_Reward/tactic_intended_release: 0.0000
Episode_Reward/tactic_payload_retention: 0.0000
Episode_Reward/tactic_payload_drop: 0.0000
Episode_Reward/tactic_release_quality: 0.0000
Episode_Reward/tactic_wrong_object_interaction: 0.0000
 Episode_Reward/tactic_all_objects: 0.0000
Metrics/locomotion/TACTIC/mission_completion: 0.0000
Metrics/locomotion/TACTIC/mission_completion_delta: 0.0000
Metrics/locomotion/TACTIC/mission_success: 0.0000
Metrics/locomotion/TACTIC/task_progress: 0.0545
Metrics/locomotion/TACTIC/task_progress_delta: 0.0026
Metrics/locomotion/TACTIC/task_error: 1.5839
Metrics/locomotion/TACTIC/ee_error: 0.2099
Metrics/locomotion/TACTIC/tcp_object_distance: 0.4179
Metrics/locomotion/TACTIC/goal_object_distance: 0.2104
Metrics/locomotion/TACTIC/finger_object_distance: 0.4136
Metrics/locomotion/TACTIC/object_target_distance: 0.1716
Metrics/locomotion/TACTIC/recovery_task_executed: 0.0000
Metrics/locomotion/TACTIC/recovery_task_probability: 0.0000
Metrics/locomotion/TACTIC/executed_task_probability: 1.0000
Metrics/locomotion/TACTIC/task_constraint_projection: 0.0000
Metrics/locomotion/TACTIC/recovery_latch_seen: 0.0000
Metrics/locomotion/TACTIC/recovery_valid_seen: 0.0000
Metrics/locomotion/TACTIC/recovery_pressure_seen: 0.0000
Metrics/locomotion/TACTIC/cbf_margin: 0.0000
Metrics/locomotion/TACTIC/predicted_margin: 0.0000
Metrics/locomotion/TACTIC/clf_decrease: 0.1153
Metrics/locomotion/TACTIC/disturbance_estimate: 0.8653
Metrics/locomotion/TACTIC/base_height: 0.2264
Metrics/locomotion/TACTIC/base_tilt: 0.4685
Metrics/locomotion/TACTIC/control_recovery_pressure: 1.0000
Metrics/locomotion/TACTIC/control_recovery_active: 1.0000
Metrics/locomotion/TACTIC/control_recovery_constraint_active: 1.0000
Metrics/locomotion/TACTIC/payload_posture_projection: 0.0000
Metrics/locomotion/TACTIC/payload_relation_violation: 0.0000
 Metrics/locomotion/TACTIC/base_vx: 0.2796
 Metrics/locomotion/TACTIC/base_vy: -1.0499
 Metrics/locomotion/TACTIC/base_wz: -0.6868
Metrics/locomotion/TACTIC/support_count: 1.0833
Metrics/locomotion/TACTIC/obstacle_margin: 1.0394
Metrics/locomotion/TACTIC/gripper_closure: 0.0274
Metrics/locomotion/TACTIC/manipulation_active: 1.0000
Metrics/locomotion/TACTIC/grasp_active: 1.0000
Metrics/locomotion/TACTIC/grasp_orientation_active: 0.0000
Metrics/locomotion/TACTIC/grasp_orientation_error: 0.0000
Metrics/locomotion/TACTIC/interaction_authority: 0.0000
Metrics/locomotion/TACTIC/workspace_handoff: 0.0833
Metrics/locomotion/TACTIC/grasp_projection_distance: 0.0258
Metrics/locomotion/TACTIC/grasp_center_error: 0.0554
Metrics/locomotion/TACTIC/capture_staging_distance: 1.1458
Metrics/locomotion/TACTIC/capture_heading_error: 2.1657
Metrics/locomotion/TACTIC/capture_initiation_margin: -3.8529
Metrics/locomotion/TACTIC/selected_delivery_side: 0.8333
Metrics/locomotion/TACTIC/capture_lift_active: 0.0000
Metrics/locomotion/TACTIC/command_vx: -0.0012
Metrics/locomotion/TACTIC/command_vy: -0.0002
Metrics/locomotion/TACTIC/command_wz: 0.2795
Metrics/locomotion/TACTIC/curriculum_level: 0.0000
Metrics/locomotion/TACTIC/curriculum_frontier: 0.0000
Metrics/locomotion/TACTIC/curriculum_probe: 0.0000
Metrics/locomotion/TACTIC/interaction_start_curriculum: 1.0000
Metrics/locomotion/TACTIC/interaction_start_probability: 1.0000
Metrics/locomotion/TACTIC/composition_probe_probability: 0.0000
Metrics/locomotion/TACTIC/curriculum_completion_ema: 0.0000
Metrics/locomotion/TACTIC/curriculum_progress_ema: 0.0957
Metrics/locomotion/TACTIC/curriculum_safety_ema: 0.2351
Metrics/locomotion/TACTIC/episode_safety_fraction: 0.8719
Metrics/locomotion/TACTIC/curriculum_contact_ema: 0.0000
Metrics/locomotion/TACTIC/curriculum_lift_ema: 0.0000
Metrics/locomotion/TACTIC/curriculum_transport_ema: 0.0000
Metrics/locomotion/TACTIC/curriculum_place_ema: 0.0000
Metrics/locomotion/TACTIC/curriculum_delivery_completion_ema: 0.0000
Metrics/locomotion/TACTIC/curriculum_regression_streak: 0.0000
Metrics/locomotion/TACTIC/required_task_count: 1.0000
Metrics/locomotion/TACTIC/object_completion_mean: 0.0000
Metrics/locomotion/TACTIC/object_contact_mean: 0.0000
Metrics/locomotion/TACTIC/object_lift_mean: 0.0000
Metrics/locomotion/TACTIC/object_transport_mean: 0.0000
Metrics/locomotion/TACTIC/object_place_mean: 0.0000
Metrics/locomotion/TACTIC/object_target_progress_mean: 0.0587
Metrics/locomotion/TACTIC/object_target_progress_delta_mean: 0.0000
Metrics/locomotion/TACTIC/object_release_readiness_mean: 0.0000
Metrics/locomotion/TACTIC/object_release_readiness_delta_mean: 0.0000
Metrics/locomotion/TACTIC/object_release_event_mean: 0.0000
Metrics/locomotion/TACTIC/object_drop_event_mean: 0.0000
Metrics/locomotion/TACTIC/object_gripper_distance_mean: 1.0503
Metrics/locomotion/TACTIC/object_carrying_mean: 0.0000
Metrics/locomotion/TACTIC/object_carry_memory_mean: 0.0000
Metrics/locomotion/TACTIC/interaction_frontier_mean: 0.0000
Metrics/locomotion/TACTIC/interaction_frontier_delta_mean: 0.0000
Metrics/locomotion/TACTIC/contact_symmetry_mean: 0.0000
 Metrics/locomotion/TACTIC/task_id: 9.0000
Metrics/locomotion/TACTIC/skill_id: 3.6667
Metrics/locomotion/TACTIC/object_id: 4.0000
Metrics/locomotion/TACTIC/effective_object_id: 4.0000
Metrics/locomotion/TACTIC/selected_object_contact: 0.0000
Metrics/locomotion/TACTIC/selected_object_lift: 0.0000
Metrics/locomotion/TACTIC/selected_object_transport: 0.0000
Metrics/locomotion/TACTIC/selected_object_place: 0.0000
Metrics/locomotion/TACTIC/selected_object_completion: 0.0000
Metrics/locomotion/TACTIC/selected_object_carrying: 0.0000
Metrics/locomotion/TACTIC/selected_object_carry_memory: 0.0000
Metrics/locomotion/TACTIC/selected_object_target_progress: 0.3520
Metrics/locomotion/TACTIC/selected_object_target_progress_delta: 0.0000
Metrics/locomotion/TACTIC/selected_object_release_readiness: 0.0000
Metrics/locomotion/TACTIC/selected_object_release_readiness_delta: 0.0000
Metrics/locomotion/TACTIC/selected_object_release_event: 0.0000
Metrics/locomotion/TACTIC/selected_object_drop_event: 0.0000
Metrics/locomotion/TACTIC/selected_object_gripper_distance: 0.4219
Metrics/locomotion/TACTIC/selected_object_place_error_xy: 0.1661
Metrics/locomotion/TACTIC/selected_object_place_error_z: 0.0430
Metrics/locomotion/TACTIC/selected_interaction_frontier: 0.0000
Metrics/locomotion/TACTIC/selected_interaction_frontier_delta: 0.0000
Metrics/locomotion/TACTIC/selected_reachability: 0.0006
Metrics/locomotion/TACTIC/task_switch: 0.0000
Metrics/locomotion/TACTIC/skill_switch: 0.0000
Metrics/locomotion/TACTIC/task_age: 0.0000
Metrics/locomotion/TACTIC/skill_age: 0.0000
Metrics/locomotion/TACTIC/task_hazard: 0.0000
Metrics/locomotion/TACTIC/skill_hazard: 0.0000
Metrics/locomotion/TACTIC/task_termination_probability: 0.0000
Metrics/locomotion/TACTIC/skill_termination_probability: 0.0000
Metrics/locomotion/TACTIC/task_entropy: 0.0000
Metrics/locomotion/TACTIC/skill_entropy: 0.6243
Metrics/locomotion/TACTIC/task_occupancy_entropy: 0.0000
Metrics/locomotion/TACTIC/skill_occupancy_entropy: 0.6243
Metrics/locomotion/TACTIC/skill_parameter_0: 0.0000
Metrics/locomotion/TACTIC/skill_parameter_1: 0.0000
Metrics/locomotion/TACTIC/skill_parameter_2: 0.0000
Metrics/locomotion/TACTIC/skill_parameter_3: 0.0000
Metrics/locomotion/TACTIC/skill_parameter_4: 0.0000
Metrics/locomotion/TACTIC/skill_parameter_5: 0.0000
Metrics/locomotion/TACTIC/object_0_complete: 0.0000
Metrics/locomotion/TACTIC/object_1_complete: 0.0000
Metrics/locomotion/TACTIC/object_2_complete: 0.0000
Metrics/locomotion/TACTIC/object_3_complete: 0.0000
Metrics/locomotion/TACTIC/object_4_complete: 0.0000
Metrics/locomotion/TACTIC/object_5_complete: 0.0000
      Episode_Termination/time_out: 0.0000
   Episode_Termination/bad_contact: 0.0000
          Episode_Termination/tilt: 0.2578
    Episode_Termination/low_height: 0.0072
Episode_Termination/mission_success: 0.0000
--------------------------------------------------------------------------------
                   Total timesteps: 18432
                    Iteration time: 6.27s
                      Time elapsed: 00:00:38
                               ETA: 00:02:40

################################################################################
                       [1m Learning iteration 6/30 [0m                        

                       Computation: 476 steps/s (collection: 5.619s, learning 0.822s)
             Mean action noise std: 0.02
          Mean value_function loss: 44.6958
               Mean surrogate loss: 0.0631
                 Mean entropy loss: -102.6894
 Mean next_control_prediction loss: 0.0227
       Mean skill_feasibility loss: 0.6931
 Mean task_outcome_prediction loss: 0.0321
 Mean task_outcome_confidence loss: 1.5299
Mean task_outcome_confidence_mean loss: 0.1192
Mean skill_outcome_prediction loss: 0.0035
        Mean payload_survival loss: 0.6931
Mean payload_survival_support loss: 0.0202
   Mean payload_drop_fraction loss: 0.0000
Mean payload_survival_prediction loss: 0.5000
 Mean skill_effect_prediction loss: 0.0310
 Mean skill_effect_confidence loss: 1.5940
Mean skill_effect_confidence_mean loss: 0.1192
Mean motion_execution_prediction loss: 0.0403
Mean motion_execution_confidence loss: 1.4609
Mean embodiment_response_prediction loss: 0.0049
Mean embodiment_response_vx_abs loss: 0.0021
Mean embodiment_response_wz_abs loss: 0.0011
   Mean constraint_multiplier loss: 0.0093
Mean task_constraint_multiplier_mean loss: 0.1632
Mean skill_constraint_multiplier_mean loss: 0.1632
 Mean hierarchy_cbf_violation loss: 0.0264
Mean hierarchy_cbf_raw_violation loss: 0.0278
Mean hierarchy_cbf_transient_slack loss: 0.0084
 Mean hierarchy_clf_violation loss: 0.0037
Mean hierarchy_cbf_regression loss: 0.0088
Mean hierarchy_clf_regression loss: 0.0032
   Mean safe_task_achievement loss: -0.0062
  Mean safe_skill_achievement loss: -0.0052
Mean unsafe_positive_progress_rate loss: 0.0296
Mean motion_execution_confidence_mean loss: 0.1192
Mean grounded_effect_diversity loss: 0.0000
      Mean task_option_credit loss: -0.0385
     Mean skill_option_credit loss: -0.0389
    Mean event_hindsight_task loss: 0.0000
   Mean event_hindsight_skill loss: 6.3332
       Mean event_credit_mass loss: 0.0064
Mean task_option_advantage_abs loss: 0.3232
Mean skill_option_advantage_abs loss: 0.3252
         Mean task_transition loss: 2.3769
        Mean skill_transition loss: 1.5972
       Mean motion_transition loss: 1.7790
  Mean interaction_transition loss: 1.3244
Mean interaction_active_fraction loss: 0.9993
              Mean task_usage loss: 0.0000
  Mean task_frontier_coverage loss: 0.0000
Mean selected_frontier_probability loss: 0.7992
       Mean interaction_phase loss: 0.3085
Mean interaction_release_target loss: 0.0199
Mean interaction_release_frontier loss: 0.0060
Mean interaction_release_balance_weight loss: 1.1395
  Mean task_control_objective loss: 0.0105
        Mean task_clf_descent loss: 0.0012
  Mean task_barrier_authority loss: 0.0264
Mean skill_predictive_control loss: 0.0016
Mean relational_subgoal_grounding loss: 0.0000
  Mean task_subgoal_alignment loss: 1.0000
  Mean task_subgoal_authority loss: 0.4732
   Mean task_skill_projection loss: 0.0000
 Mean task_transient_capacity loss: 0.7763
   Mean task_posture_capacity loss: 0.8809
Mean task_projected_turn_demand loss: 0.3255
Mean task_semantic_turn_demand loss: 0.3255
Mean task_lateral_turn_demand loss: 0.0000
Mean task_target_yaw_residual loss: 0.5919
Mean task_interaction_authority loss: 0.0035
    Mean task_arm_scope_error loss: 0.0000
Mean counterfactual_task_selection loss: 0.0000
Mean counterfactual_task_target_entropy loss: 0.0000
Mean counterfactual_task_target_peak loss: 0.0000
Mean grounded_task_utility_span loss: 0.0000
      Mean task_outcome_blend loss: 0.0000
Mean grounded_task_target_agreement loss: 0.0000
Mean sampled_task_target_probability loss: 0.0000
Mean recovery_candidate_fraction loss: 0.0000
Mean recovery_task_probability loss: 0.0000
Mean recovery_target_probability loss: 0.0000
Mean counterfactual_termination loss: 0.4758
 Mean task_termination_target loss: 0.0000
Mean skill_termination_target loss: 0.5455
Mean payload_skill_barrier_pressure loss: 0.0000
Mean payload_transient_demand loss: 0.0267
Mean payload_skill_exit_target loss: 0.0000
Mean payload_survival_exit_target loss: 0.0000
Mean payload_survival_authority loss: 0.0000
        Mean task_switch_gain loss: 0.0000
       Mean skill_switch_gain loss: -0.0672
Mean counterfactual_skill_selection loss: 0.8437
Mean counterfactual_target_entropy loss: 0.6581
Mean counterfactual_target_peak loss: 0.7826
       Mean successor_decoder loss: 0.0820
  Mean successor_predicted_vx loss: -0.0022
  Mean successor_predicted_wz loss: -0.0071
 Mean successor_predicted_cbf loss: 0.5000
 Mean successor_predicted_clf loss: 0.5000
 Mean successor_cbf_violation loss: 0.0019
 Mean successor_clf_violation loss: 0.0013
             Mean skill_usage loss: 0.1757
        Mean skill_confidence loss: 0.7285
     Mean task_slot_diversity loss: 0.3942
Mean skill_embedding_diversity loss: 0.0621
   Mean motion_gain_diversity loss: 0.0000
Mean motion_objective_diversity loss: 0.0000
       Mean event_replay_size loss: 1612.0000
   Mean event_replay_priority loss: 0.0737
 Mean event_replay_task_valid loss: 0.6953
Mean event_replay_task_detail_valid loss: 0.6953
       Mean event_replay_task loss: 0.0000
      Mean event_replay_skill loss: 0.6835
     Mean event_replay_motion loss: 1.1270
Mean event_replay_interaction loss: 0.1413
Mean event_replay_task_subgoal loss: 0.0003
Mean event_replay_skill_parameter loss: 0.0218
  Mean event_replay_parameter loss: 0.0219
Mean event_replay_barrier_quality loss: 0.4870
Mean event_replay_unsafe_fraction loss: 0.0000
Mean event_replay_buffer_unsafe_fraction loss: 0.0000
Mean event_replay_buffer_delivery loss: 0.7078
Mean event_replay_buffer_recovery loss: 0.0000
Mean event_replay_sample_delivery loss: 0.6970
Mean event_replay_sample_recovery loss: 0.0000
Mean event_replay_sample_raw_delivery loss: 0.6953
Mean event_replay_sample_raw_recovery loss: 0.0000
Mean event_replay_recovery_pressure loss: 0.0000
Mean event_replay_recovery_adapter_gate loss: 0.0000
Mean event_replay_buffer_approach loss: 0.8484
Mean event_replay_sample_approach loss: 0.6152
Mean event_replay_sample_raw_approach loss: 0.6194
Mean event_replay_buffer_secure loss: 0.0990
Mean event_replay_sample_secure loss: 0.2532
Mean event_replay_sample_raw_secure loss: 0.2528
Mean event_replay_buffer_release loss: 0.0526
Mean event_replay_sample_release loss: 0.1316
Mean event_replay_sample_raw_release loss: 0.1278
Mean payload_survival_replay_size loss: 139.0000
Mean payload_survival_replay_support loss: 1.0000
Mean payload_survival_replay_drop_fraction loss: 0.5035
Mean payload_survival_replay_prediction loss: 0.5000
Mean payload_survival_replay_drop_prediction loss: 0.5000
Mean payload_survival_replay_retain_prediction loss: 0.5000
Mean payload_survival_replay_separation loss: 0.0000
Mean payload_survival_replay_accuracy loss: 0.4964
Mean payload_survival_replay_rank_loss loss: 0.7185
Mean payload_survival_replay_rank_gap loss: 0.0000
Mean payload_survival_replay_rank_accuracy loss: 0.0000
Mean payload_survival_replay_rank_pairs loss: 43.0000
      Mean event_replay_added loss: 256.0000
Mean event_replay_append_task_valid loss: 0.6992
Mean event_replay_task_relabel loss: 0.3008
Mean event_replay_interaction_relabel loss: 0.3203
Mean event_replay_append_delivery loss: 0.6992
Mean event_replay_append_recovery loss: 0.0000
Mean event_replay_append_payload_recovery loss: 0.0000
Mean payload_survival_replay_added loss: 36.0000
Mean payload_survival_replay_append_drop_fraction loss: 0.0000
      Mean hierarchy_cbf_dual loss: 0.5171
      Mean hierarchy_clf_dual loss: 0.3256
Mean hierarchy_cbf_violation_ema loss: 0.3315
Mean hierarchy_clf_violation_ema loss: 0.0418
Mean physical_adaptation_active loss: 0.0000
Mean physical_adaptation_stage loss: -10.0000
 Mean hierarchy_only_training loss: 0.0000
Mean decomposition_only_training loss: 0.0000
Mean motion_selector_only_training loss: 0.0000
Mean interaction_selector_only_training loss: 0.0000
Mean motion_skill_only_training loss: 0.0000
Mean payload_motion_only_training loss: 0.0000
Mean recovery_adapter_only_training loss: 0.0000
 Mean auxiliary_learning_rate loss: 0.0000
Mean payload_survival_learning_rate loss: 0.0003
Mean physical_core_learning_rate loss: 0.0000
Mean physical_adapter_learning_rate loss: 0.0000
Mean skill_information_reward loss: -0.0032
 Mean task_information_reward loss: 0.0000
                       Mean reward: -78.51
               Mean episode length: 33.82
   Episode_Reward/term_bad_contact: 0.0000
          Episode_Reward/term_tilt: -0.0110
    Episode_Reward/term_low_height: -0.0058
      Episode_Reward/leg_action_l2: -0.0013
   Episode_Reward/tracking_lin_vel: 0.0000
Episode_Reward/tracking_ang_vel_yaw_l1: 0.0000
Episode_Reward/tracking_ang_vel_yaw_exp: 0.0000
Episode_Reward/tracking_lin_vel_y_l2: 0.0000
Episode_Reward/tracking_lin_vel_z_l2: 0.0000
            Episode_Reward/survive: 0.0000
    Episode_Reward/foot_contacts_z: 0.0000
            Episode_Reward/torques: -0.0047
 Episode_Reward/tracking_lin_vel_y: 0.0000
          Episode_Reward/lin_vel_z: -0.0007
         Episode_Reward/ang_vel_xy: -0.0012
   Episode_Reward/tracking_ang_vel: 0.0015
               Episode_Reward/work: -0.0376
            Episode_Reward/dof_acc: -0.0835
        Episode_Reward/action_rate: -0.0008
     Episode_Reward/dof_pos_limits: -0.0000
      Episode_Reward/delta_torques: -0.0000
          Episode_Reward/collision: -0.1167
        Episode_Reward/walking_dof: 0.0000
            Episode_Reward/hip_pos: -0.0008
          Episode_Reward/feet_jerk: 0.0000
              Episode_Reward/alive: 0.0063
          Episode_Reward/feet_drag: -0.0004
Episode_Reward/feet_contact_forces: -0.0035
               Episode_Reward/roll: -0.0011
        Episode_Reward/base_height: -0.0027
Episode_Reward/tracking_lin_vel_max: 0.0086
Episode_Reward/flat_orientation_l2: -0.0003
  Episode_Reward/air_time_variance: -0.0004
        Episode_Reward/feet_height: 0.0000
      Episode_Reward/feet_air_time: -0.0000
Episode_Reward/update_last_buffers: 0.0000
   Episode_Reward/wheel_idle_speed: -0.4635
    Episode_Reward/wheel_action_l2: -0.0001
  Episode_Reward/wheel_action_rate: 0.0000
  Episode_Reward/wheel_forward_use: 0.0005
 Episode_Reward/wheel_turn_support: 0.0008
Episode_Reward/tactic_mission_completion: 0.0000
Episode_Reward/tactic_mission_success: 0.0000
Episode_Reward/tactic_task_progress: -0.0000
Episode_Reward/tactic_task_tracking: 0.0014
 Episode_Reward/tactic_ee_tracking: 0.0062
  Episode_Reward/tactic_valid_task: 0.0013
Episode_Reward/tactic_invalid_task: 0.0000
Episode_Reward/tactic_option_switch: -0.0000
Episode_Reward/tactic_control_progress: -0.0000
  Episode_Reward/tactic_cbf_margin: 0.0000
Episode_Reward/tactic_predicted_margin: 0.0000
Episode_Reward/tactic_clf_decrease: 0.0000
Episode_Reward/tactic_disturbance_rejection: 0.0000
Episode_Reward/tactic_safety_violation: -0.0020
Episode_Reward/tactic_unsafe_progress: -0.0000
Episode_Reward/tactic_object_contact: 0.0035
 Episode_Reward/tactic_object_lift: 0.0056
Episode_Reward/tactic_object_transport: 0.0072
Episode_Reward/tactic_object_place: 0.0001
Episode_Reward/tactic_object_completion: 0.0000
Episode_Reward/tactic_interaction_frontier: 0.0007
  Episode_Reward/tactic_grasp_hold: 0.0021
Episode_Reward/tactic_payload_progress: 0.0004
Episode_Reward/tactic_release_readiness: 0.0002
Episode_Reward/tactic_intended_release: 0.0000
Episode_Reward/tactic_payload_retention: 0.0001
Episode_Reward/tactic_payload_drop: -0.0002
Episode_Reward/tactic_release_quality: 0.0000
Episode_Reward/tactic_wrong_object_interaction: 0.0000
 Episode_Reward/tactic_all_objects: 0.0000
Metrics/locomotion/TACTIC/mission_completion: 0.0000
Metrics/locomotion/TACTIC/mission_completion_delta: 0.0000
Metrics/locomotion/TACTIC/mission_success: 0.0000
Metrics/locomotion/TACTIC/task_progress: 0.1037
Metrics/locomotion/TACTIC/task_progress_delta: -0.0019
Metrics/locomotion/TACTIC/task_error: 1.1693
Metrics/locomotion/TACTIC/ee_error: 0.6613
Metrics/locomotion/TACTIC/tcp_object_distance: 0.8411
Metrics/locomotion/TACTIC/goal_object_distance: 0.3683
Metrics/locomotion/TACTIC/finger_object_distance: 0.8931
Metrics/locomotion/TACTIC/object_target_distance: 0.8269
Metrics/locomotion/TACTIC/recovery_task_executed: 0.0000
Metrics/locomotion/TACTIC/recovery_task_probability: 0.0000
Metrics/locomotion/TACTIC/executed_task_probability: 1.0000
Metrics/locomotion/TACTIC/task_constraint_projection: 0.0000
Metrics/locomotion/TACTIC/recovery_latch_seen: 0.0000
Metrics/locomotion/TACTIC/recovery_valid_seen: 0.0000
Metrics/locomotion/TACTIC/recovery_pressure_seen: 0.0000
Metrics/locomotion/TACTIC/cbf_margin: 0.0000
Metrics/locomotion/TACTIC/predicted_margin: 0.0000
Metrics/locomotion/TACTIC/clf_decrease: -0.2312
Metrics/locomotion/TACTIC/disturbance_estimate: 0.8450
Metrics/locomotion/TACTIC/base_height: 0.2427
Metrics/locomotion/TACTIC/base_tilt: 0.5304
Metrics/locomotion/TACTIC/control_recovery_pressure: 1.0000
Metrics/locomotion/TACTIC/control_recovery_active: 1.0000
Metrics/locomotion/TACTIC/control_recovery_constraint_active: 1.0000
Metrics/locomotion/TACTIC/payload_posture_projection: 0.0000
Metrics/locomotion/TACTIC/payload_relation_violation: 0.0000
 Metrics/locomotion/TACTIC/base_vx: 0.2366
 Metrics/locomotion/TACTIC/base_vy: 0.0896
 Metrics/locomotion/TACTIC/base_wz: -0.2142
Metrics/locomotion/TACTIC/support_count: 1.1250
Metrics/locomotion/TACTIC/obstacle_margin: 1.1928
Metrics/locomotion/TACTIC/gripper_closure: 0.0604
Metrics/locomotion/TACTIC/manipulation_active: 1.0000
Metrics/locomotion/TACTIC/grasp_active: 1.0000
Metrics/locomotion/TACTIC/grasp_orientation_active: 0.0000
Metrics/locomotion/TACTIC/grasp_orientation_error: 0.0000
Metrics/locomotion/TACTIC/interaction_authority: 0.0000
Metrics/locomotion/TACTIC/workspace_handoff: 0.0000
Metrics/locomotion/TACTIC/grasp_projection_distance: 0.0000
Metrics/locomotion/TACTIC/grasp_center_error: 0.0000
Metrics/locomotion/TACTIC/capture_staging_distance: 0.6753
Metrics/locomotion/TACTIC/capture_heading_error: 1.0139
Metrics/locomotion/TACTIC/capture_initiation_margin: -2.1515
Metrics/locomotion/TACTIC/selected_delivery_side: -0.3333
Metrics/locomotion/TACTIC/capture_lift_active: 0.1250
Metrics/locomotion/TACTIC/command_vx: -0.0408
Metrics/locomotion/TACTIC/command_vy: -0.0001
Metrics/locomotion/TACTIC/command_wz: -0.0758
Metrics/locomotion/TACTIC/curriculum_level: 0.0000
Metrics/locomotion/TACTIC/curriculum_frontier: 0.0000
Metrics/locomotion/TACTIC/curriculum_probe: 0.0000
Metrics/locomotion/TACTIC/interaction_start_curriculum: 1.0000
Metrics/locomotion/TACTIC/interaction_start_probability: 1.0000
Metrics/locomotion/TACTIC/composition_probe_probability: 0.0000
Metrics/locomotion/TACTIC/curriculum_completion_ema: 0.0000
Metrics/locomotion/TACTIC/curriculum_progress_ema: 0.0925
Metrics/locomotion/TACTIC/curriculum_safety_ema: 0.2841
Metrics/locomotion/TACTIC/episode_safety_fraction: 0.9233
Metrics/locomotion/TACTIC/curriculum_contact_ema: 0.0000
Metrics/locomotion/TACTIC/curriculum_lift_ema: 0.0000
Metrics/locomotion/TACTIC/curriculum_transport_ema: 0.0000
Metrics/locomotion/TACTIC/curriculum_place_ema: 0.0000
Metrics/locomotion/TACTIC/curriculum_delivery_completion_ema: 0.0000
Metrics/locomotion/TACTIC/curriculum_regression_streak: 0.0000
Metrics/locomotion/TACTIC/required_task_count: 1.0000
Metrics/locomotion/TACTIC/object_completion_mean: 0.0000
Metrics/locomotion/TACTIC/object_contact_mean: 0.0000
Metrics/locomotion/TACTIC/object_lift_mean: 0.0104
Metrics/locomotion/TACTIC/object_transport_mean: 0.0121
Metrics/locomotion/TACTIC/object_place_mean: 0.0000
Metrics/locomotion/TACTIC/object_target_progress_mean: -0.1167
Metrics/locomotion/TACTIC/object_target_progress_delta_mean: 0.0000
Metrics/locomotion/TACTIC/object_release_readiness_mean: 0.0000
Metrics/locomotion/TACTIC/object_release_readiness_delta_mean: 0.0000
Metrics/locomotion/TACTIC/object_release_event_mean: 0.0000
Metrics/locomotion/TACTIC/object_drop_event_mean: 0.0000
Metrics/locomotion/TACTIC/object_gripper_distance_mean: 0.8096
Metrics/locomotion/TACTIC/object_carrying_mean: 0.0000
Metrics/locomotion/TACTIC/object_carry_memory_mean: 0.0208
Metrics/locomotion/TACTIC/interaction_frontier_mean: 0.0138
Metrics/locomotion/TACTIC/interaction_frontier_delta_mean: 0.0000
Metrics/locomotion/TACTIC/contact_symmetry_mean: 0.0000
 Metrics/locomotion/TACTIC/task_id: 9.0000
Metrics/locomotion/TACTIC/skill_id: 5.1250
Metrics/locomotion/TACTIC/object_id: 4.0000
Metrics/locomotion/TACTIC/effective_object_id: 4.0000
Metrics/locomotion/TACTIC/selected_object_contact: 0.0000
Metrics/locomotion/TACTIC/selected_object_lift: 0.0625
Metrics/locomotion/TACTIC/selected_object_transport: 0.0729
Metrics/locomotion/TACTIC/selected_object_place: 0.0000
Metrics/locomotion/TACTIC/selected_object_completion: 0.0000
Metrics/locomotion/TACTIC/selected_object_carrying: 0.0000
Metrics/locomotion/TACTIC/selected_object_carry_memory: 0.1250
Metrics/locomotion/TACTIC/selected_object_target_progress: -0.7003
Metrics/locomotion/TACTIC/selected_object_target_progress_delta: 0.0000
Metrics/locomotion/TACTIC/selected_object_release_readiness: 0.0000
Metrics/locomotion/TACTIC/selected_object_release_readiness_delta: 0.0000
Metrics/locomotion/TACTIC/selected_object_release_event: 0.0000
Metrics/locomotion/TACTIC/selected_object_drop_event: 0.0000
Metrics/locomotion/TACTIC/selected_object_gripper_distance: 0.8443
Metrics/locomotion/TACTIC/selected_object_place_error_xy: 0.4725
Metrics/locomotion/TACTIC/selected_object_place_error_z: 0.6289
Metrics/locomotion/TACTIC/selected_interaction_frontier: 0.0827
Metrics/locomotion/TACTIC/selected_interaction_frontier_delta: 0.0000
Metrics/locomotion/TACTIC/selected_reachability: 0.0071
Metrics/locomotion/TACTIC/task_switch: 0.0000
Metrics/locomotion/TACTIC/skill_switch: 0.0000
Metrics/locomotion/TACTIC/task_age: 0.0000
Metrics/locomotion/TACTIC/skill_age: 0.0000
Metrics/locomotion/TACTIC/task_hazard: 0.0000
Metrics/locomotion/TACTIC/skill_hazard: 0.0000
Metrics/locomotion/TACTIC/task_termination_probability: 0.0000
Metrics/locomotion/TACTIC/skill_termination_probability: 0.0000
Metrics/locomotion/TACTIC/task_entropy: 0.0000
Metrics/locomotion/TACTIC/skill_entropy: 0.6341
Metrics/locomotion/TACTIC/task_occupancy_entropy: 0.0000
Metrics/locomotion/TACTIC/skill_occupancy_entropy: 0.6341
Metrics/locomotion/TACTIC/skill_parameter_0: 0.0000
Metrics/locomotion/TACTIC/skill_parameter_1: 0.0000
Metrics/locomotion/TACTIC/skill_parameter_2: 0.0000
Metrics/locomotion/TACTIC/skill_parameter_3: 0.0000
Metrics/locomotion/TACTIC/skill_parameter_4: 0.0000
Metrics/locomotion/TACTIC/skill_parameter_5: 0.0000
Metrics/locomotion/TACTIC/object_0_complete: 0.0000
Metrics/locomotion/TACTIC/object_1_complete: 0.0000
Metrics/locomotion/TACTIC/object_2_complete: 0.0000
Metrics/locomotion/TACTIC/object_3_complete: 0.0000
Metrics/locomotion/TACTIC/object_4_complete: 0.0000
Metrics/locomotion/TACTIC/object_5_complete: 0.0000
      Episode_Termination/time_out: 0.0000
   Episode_Termination/bad_contact: 0.0000
          Episode_Termination/tilt: 0.2666
    Episode_Termination/low_height: 0.0104
Episode_Termination/mission_success: 0.0000
--------------------------------------------------------------------------------
                   Total timesteps: 21504
                    Iteration time: 6.44s
                      Time elapsed: 00:00:45
                               ETA: 00:02:34

################################################################################
                       [1m Learning iteration 7/30 [0m                        

                       Computation: 481 steps/s (collection: 5.560s, learning 0.821s)
             Mean action noise std: 0.02
          Mean value_function loss: 28.5478
               Mean surrogate loss: 0.0698
                 Mean entropy loss: -102.7126
 Mean next_control_prediction loss: 0.0237
       Mean skill_feasibility loss: 0.6931
 Mean task_outcome_prediction loss: 0.0320
 Mean task_outcome_confidence loss: 1.5329
Mean task_outcome_confidence_mean loss: 0.1192
Mean skill_outcome_prediction loss: 0.0030
        Mean payload_survival loss: 0.6931
Mean payload_survival_support loss: 0.0267
   Mean payload_drop_fraction loss: 0.0000
Mean payload_survival_prediction loss: 0.5000
 Mean skill_effect_prediction loss: 0.0314
 Mean skill_effect_confidence loss: 1.5978
Mean skill_effect_confidence_mean loss: 0.1192
Mean motion_execution_prediction loss: 0.0413
Mean motion_execution_confidence loss: 1.4589
Mean embodiment_response_prediction loss: 0.0037
Mean embodiment_response_vx_abs loss: 0.0020
Mean embodiment_response_wz_abs loss: 0.0011
   Mean constraint_multiplier loss: 0.0081
Mean task_constraint_multiplier_mean loss: 0.1632
Mean skill_constraint_multiplier_mean loss: 0.1632
 Mean hierarchy_cbf_violation loss: 0.0339
Mean hierarchy_cbf_raw_violation loss: 0.0350
Mean hierarchy_cbf_transient_slack loss: 0.0091
 Mean hierarchy_clf_violation loss: 0.0004
Mean hierarchy_cbf_regression loss: 0.0150
Mean hierarchy_clf_regression loss: 0.0004
   Mean safe_task_achievement loss: -0.0011
  Mean safe_skill_achievement loss: -0.0034
Mean unsafe_positive_progress_rate loss: 0.0479
Mean motion_execution_confidence_mean loss: 0.1192
Mean grounded_effect_diversity loss: 0.0000
      Mean task_option_credit loss: -0.0386
     Mean skill_option_credit loss: -0.0361
    Mean event_hindsight_task loss: 0.0000
   Mean event_hindsight_skill loss: 2.8037
       Mean event_credit_mass loss: 0.0072
Mean task_option_advantage_abs loss: 0.2850
Mean skill_option_advantage_abs loss: 0.3429
         Mean task_transition loss: 2.3810
        Mean skill_transition loss: 1.6088
       Mean motion_transition loss: 1.7889
  Mean interaction_transition loss: 1.3388
Mean interaction_active_fraction loss: 1.0000
              Mean task_usage loss: 0.0000
  Mean task_frontier_coverage loss: 0.0000
Mean selected_frontier_probability loss: 0.7977
       Mean interaction_phase loss: 0.3227
Mean interaction_release_target loss: 0.0221
Mean interaction_release_frontier loss: 0.0084
Mean interaction_release_balance_weight loss: 1.1548
  Mean task_control_objective loss: 0.0110
        Mean task_clf_descent loss: 0.0011
  Mean task_barrier_authority loss: 0.0285
Mean skill_predictive_control loss: 0.0018
Mean relational_subgoal_grounding loss: 0.0000
  Mean task_subgoal_alignment loss: 1.0000
  Mean task_subgoal_authority loss: 0.4733
   Mean task_skill_projection loss: 0.0000
 Mean task_transient_capacity loss: 0.7824
   Mean task_posture_capacity loss: 0.8827
Mean task_projected_turn_demand loss: 0.3276
Mean task_semantic_turn_demand loss: 0.3276
Mean task_lateral_turn_demand loss: 0.0000
Mean task_target_yaw_residual loss: 0.5956
Mean task_interaction_authority loss: 0.0076
    Mean task_arm_scope_error loss: 0.0000
Mean counterfactual_task_selection loss: 0.0000
Mean counterfactual_task_target_entropy loss: 0.0000
Mean counterfactual_task_target_peak loss: 0.0000
Mean grounded_task_utility_span loss: 0.0000
      Mean task_outcome_blend loss: 0.0000
Mean grounded_task_target_agreement loss: 0.0000
Mean sampled_task_target_probability loss: 0.0000
Mean recovery_candidate_fraction loss: 0.0000
Mean recovery_task_probability loss: 0.0000
Mean recovery_target_probability loss: 0.0000
Mean counterfactual_termination loss: 0.4673
 Mean task_termination_target loss: 0.0000
Mean skill_termination_target loss: 0.5130
Mean payload_skill_barrier_pressure loss: 0.0000
Mean payload_transient_demand loss: 0.0291
Mean payload_skill_exit_target loss: 0.0000
Mean payload_survival_exit_target loss: 0.0000
Mean payload_survival_authority loss: 0.0000
        Mean task_switch_gain loss: 0.0000
       Mean skill_switch_gain loss: -0.0702
Mean counterfactual_skill_selection loss: 0.8208
Mean counterfactual_target_entropy loss: 0.6332
Mean counterfactual_target_peak loss: 0.7945
       Mean successor_decoder loss: 0.0805
  Mean successor_predicted_vx loss: -0.0021
  Mean successor_predicted_wz loss: -0.0070
 Mean successor_predicted_cbf loss: 0.5000
 Mean successor_predicted_clf loss: 0.5000
 Mean successor_cbf_violation loss: 0.0018
 Mean successor_clf_violation loss: 0.0009
             Mean skill_usage loss: 0.1820
        Mean skill_confidence loss: 0.7310
     Mean task_slot_diversity loss: 0.3948
Mean skill_embedding_diversity loss: 0.0621
   Mean motion_gain_diversity loss: 0.0000
Mean motion_objective_diversity loss: 0.0000
       Mean event_replay_size loss: 1868.0000
   Mean event_replay_priority loss: 0.0757
 Mean event_replay_task_valid loss: 0.6973
Mean event_replay_task_detail_valid loss: 0.6973
       Mean event_replay_task loss: 0.0000
      Mean event_replay_skill loss: 0.6841
     Mean event_replay_motion loss: 1.1266
Mean event_replay_interaction loss: 0.1434
Mean event_replay_task_subgoal loss: 0.0003
Mean event_replay_skill_parameter loss: 0.0203
  Mean event_replay_parameter loss: 0.0204
Mean event_replay_barrier_quality loss: 0.4847
Mean event_replay_unsafe_fraction loss: 0.0000
Mean event_replay_buffer_unsafe_fraction loss: 0.0000
Mean event_replay_buffer_delivery loss: 0.7066
Mean event_replay_buffer_recovery loss: 0.0000
Mean event_replay_sample_delivery loss: 0.6987
Mean event_replay_sample_recovery loss: 0.0000
Mean event_replay_sample_raw_delivery loss: 0.6973
Mean event_replay_sample_raw_recovery loss: 0.0000
Mean event_replay_recovery_pressure loss: 0.0000
Mean event_replay_recovery_adapter_gate loss: 0.0000
Mean event_replay_buffer_approach loss: 0.8447
Mean event_replay_sample_approach loss: 0.6139
Mean event_replay_sample_raw_approach loss: 0.6176
Mean event_replay_buffer_secure loss: 0.1008
Mean event_replay_sample_secure loss: 0.2564
Mean event_replay_sample_raw_secure loss: 0.2549
Mean event_replay_buffer_release loss: 0.0545
Mean event_replay_sample_release loss: 0.1297
Mean event_replay_sample_raw_release loss: 0.1275
Mean payload_survival_replay_size loss: 175.0000
Mean payload_survival_replay_support loss: 1.0000
Mean payload_survival_replay_drop_fraction loss: 0.5028
Mean payload_survival_replay_prediction loss: 0.5000
Mean payload_survival_replay_drop_prediction loss: 0.5000
Mean payload_survival_replay_retain_prediction loss: 0.5000
Mean payload_survival_replay_separation loss: 0.0000
Mean payload_survival_replay_accuracy loss: 0.4971
Mean payload_survival_replay_rank_loss loss: 0.7185
Mean payload_survival_replay_rank_gap loss: 0.0000
Mean payload_survival_replay_rank_accuracy loss: 0.0000
Mean payload_survival_replay_rank_pairs loss: 59.0000
      Mean event_replay_added loss: 256.0000
Mean event_replay_append_task_valid loss: 0.6992
Mean event_replay_task_relabel loss: 0.3008
Mean event_replay_interaction_relabel loss: 0.2227
Mean event_replay_append_delivery loss: 0.6992
Mean event_replay_append_recovery loss: 0.0000
Mean event_replay_append_payload_recovery loss: 0.0000
Mean payload_survival_replay_added loss: 36.0000
Mean payload_survival_replay_append_drop_fraction loss: 0.0000
      Mean hierarchy_cbf_dual loss: 0.5163
      Mean hierarchy_clf_dual loss: 0.3216
Mean hierarchy_cbf_violation_ema loss: 0.3166
Mean hierarchy_clf_violation_ema loss: 0.0397
Mean physical_adaptation_active loss: 0.0000
Mean physical_adaptation_stage loss: -10.0000
 Mean hierarchy_only_training loss: 0.0000
Mean decomposition_only_training loss: 0.0000
Mean motion_selector_only_training loss: 0.0000
Mean interaction_selector_only_training loss: 0.0000
Mean motion_skill_only_training loss: 0.0000
Mean payload_motion_only_training loss: 0.0000
Mean recovery_adapter_only_training loss: 0.0000
 Mean auxiliary_learning_rate loss: 0.0000
Mean payload_survival_learning_rate loss: 0.0003
Mean physical_core_learning_rate loss: 0.0000
Mean physical_adapter_learning_rate loss: 0.0000
Mean skill_information_reward loss: -0.0038
 Mean task_information_reward loss: 0.0000
                       Mean reward: -103.28
               Mean episode length: 41.40
   Episode_Reward/term_bad_contact: 0.0000
          Episode_Reward/term_tilt: -0.0139
    Episode_Reward/term_low_height: 0.0000
      Episode_Reward/leg_action_l2: -0.0014
   Episode_Reward/tracking_lin_vel: 0.0000
Episode_Reward/tracking_ang_vel_yaw_l1: 0.0000
Episode_Reward/tracking_ang_vel_yaw_exp: 0.0000
Episode_Reward/tracking_lin_vel_y_l2: 0.0000
Episode_Reward/tracking_lin_vel_z_l2: 0.0000
            Episode_Reward/survive: 0.0000
    Episode_Reward/foot_contacts_z: 0.0000
            Episode_Reward/torques: -0.0045
 Episode_Reward/tracking_lin_vel_y: 0.0000
          Episode_Reward/lin_vel_z: -0.0006
         Episode_Reward/ang_vel_xy: -0.0014
   Episode_Reward/tracking_ang_vel: 0.0012
               Episode_Reward/work: -0.0459
            Episode_Reward/dof_acc: -0.2106
        Episode_Reward/action_rate: -0.0009
     Episode_Reward/dof_pos_limits: -0.0000
      Episode_Reward/delta_torques: -0.0000
          Episode_Reward/collision: -0.1384
        Episode_Reward/walking_dof: 0.0000
            Episode_Reward/hip_pos: -0.0011
          Episode_Reward/feet_jerk: 0.0000
              Episode_Reward/alive: 0.0072
          Episode_Reward/feet_drag: -0.0005
Episode_Reward/feet_contact_forces: -0.0040
               Episode_Reward/roll: -0.0005
        Episode_Reward/base_height: -0.0031
Episode_Reward/tracking_lin_vel_max: 0.0098
Episode_Reward/flat_orientation_l2: -0.0003
  Episode_Reward/air_time_variance: -0.0001
        Episode_Reward/feet_height: 0.0000
      Episode_Reward/feet_air_time: 0.0000
Episode_Reward/update_last_buffers: 0.0000
   Episode_Reward/wheel_idle_speed: -1.1210
    Episode_Reward/wheel_action_l2: -0.0001
  Episode_Reward/wheel_action_rate: 0.0000
  Episode_Reward/wheel_forward_use: 0.0035
 Episode_Reward/wheel_turn_support: 0.0035
Episode_Reward/tactic_mission_completion: 0.0000
Episode_Reward/tactic_mission_success: 0.0000
Episode_Reward/tactic_task_progress: 0.0002
Episode_Reward/tactic_task_tracking: 0.0009
 Episode_Reward/tactic_ee_tracking: 0.0058
  Episode_Reward/tactic_valid_task: 0.0014
Episode_Reward/tactic_invalid_task: 0.0000
Episode_Reward/tactic_option_switch: -0.0000
Episode_Reward/tactic_control_progress: 0.0001
  Episode_Reward/tactic_cbf_margin: 0.0000
Episode_Reward/tactic_predicted_margin: 0.0000
Episode_Reward/tactic_clf_decrease: 0.0000
Episode_Reward/tactic_disturbance_rejection: 0.0000
Episode_Reward/tactic_safety_violation: -0.0021
Episode_Reward/tactic_unsafe_progress: -0.0001
Episode_Reward/tactic_object_contact: 0.0177
 Episode_Reward/tactic_object_lift: 0.0281
Episode_Reward/tactic_object_transport: 0.0361
Episode_Reward/tactic_object_place: 0.0004
Episode_Reward/tactic_object_completion: 0.0000
Episode_Reward/tactic_interaction_frontier: 0.0036
  Episode_Reward/tactic_grasp_hold: 0.0104
Episode_Reward/tactic_payload_progress: 0.0019
Episode_Reward/tactic_release_readiness: 0.0009
Episode_Reward/tactic_intended_release: 0.0000
Episode_Reward/tactic_payload_retention: 0.0006
Episode_Reward/tactic_payload_drop: -0.0012
Episode_Reward/tactic_release_quality: 0.0000
Episode_Reward/tactic_wrong_object_interaction: 0.0000
 Episode_Reward/tactic_all_objects: 0.0000
Metrics/locomotion/TACTIC/mission_completion: 0.0000
Metrics/locomotion/TACTIC/mission_completion_delta: 0.0000
Metrics/locomotion/TACTIC/mission_success: 0.0000
Metrics/locomotion/TACTIC/task_progress: 0.3307
Metrics/locomotion/TACTIC/task_progress_delta: 0.0002
Metrics/locomotion/TACTIC/task_error: 1.7074
Metrics/locomotion/TACTIC/ee_error: 1.0168
Metrics/locomotion/TACTIC/tcp_object_distance: 1.2259
Metrics/locomotion/TACTIC/goal_object_distance: 0.3024
Metrics/locomotion/TACTIC/finger_object_distance: 1.2510
Metrics/locomotion/TACTIC/object_target_distance: 0.7353
Metrics/locomotion/TACTIC/recovery_task_executed: 0.0000
Metrics/locomotion/TACTIC/recovery_task_probability: 0.0000
Metrics/locomotion/TACTIC/executed_task_probability: 1.0000
Metrics/locomotion/TACTIC/task_constraint_projection: 0.0000
Metrics/locomotion/TACTIC/recovery_latch_seen: 0.0000
Metrics/locomotion/TACTIC/recovery_valid_seen: 0.0000
Metrics/locomotion/TACTIC/recovery_pressure_seen: 0.0000
Metrics/locomotion/TACTIC/cbf_margin: 0.0000
Metrics/locomotion/TACTIC/predicted_margin: 0.0000
Metrics/locomotion/TACTIC/clf_decrease: 0.1333
Metrics/locomotion/TACTIC/disturbance_estimate: 0.7925
Metrics/locomotion/TACTIC/base_height: 0.2716
Metrics/locomotion/TACTIC/base_tilt: 0.5484
Metrics/locomotion/TACTIC/control_recovery_pressure: 1.0000
Metrics/locomotion/TACTIC/control_recovery_active: 1.0000
Metrics/locomotion/TACTIC/control_recovery_constraint_active: 1.0000
Metrics/locomotion/TACTIC/payload_posture_projection: 0.0000
Metrics/locomotion/TACTIC/payload_relation_violation: 0.0000
 Metrics/locomotion/TACTIC/base_vx: 0.0157
 Metrics/locomotion/TACTIC/base_vy: 0.1923
 Metrics/locomotion/TACTIC/base_wz: 0.3031
Metrics/locomotion/TACTIC/support_count: 2.3750
Metrics/locomotion/TACTIC/obstacle_margin: 0.8450
Metrics/locomotion/TACTIC/gripper_closure: 0.2251
Metrics/locomotion/TACTIC/manipulation_active: 1.0000
Metrics/locomotion/TACTIC/grasp_active: 1.0000
Metrics/locomotion/TACTIC/grasp_orientation_active: 0.0000
Metrics/locomotion/TACTIC/grasp_orientation_error: 0.0000
Metrics/locomotion/TACTIC/interaction_authority: 0.0000
Metrics/locomotion/TACTIC/workspace_handoff: 0.0000
Metrics/locomotion/TACTIC/grasp_projection_distance: 0.0000
Metrics/locomotion/TACTIC/grasp_center_error: 0.0000
Metrics/locomotion/TACTIC/capture_staging_distance: 1.1414
Metrics/locomotion/TACTIC/capture_heading_error: 1.6983
Metrics/locomotion/TACTIC/capture_initiation_margin: -3.9727
Metrics/locomotion/TACTIC/selected_delivery_side: 1.0000
Metrics/locomotion/TACTIC/capture_lift_active: 0.6250
Metrics/locomotion/TACTIC/command_vx: -0.0222
Metrics/locomotion/TACTIC/command_vy: -0.0011
Metrics/locomotion/TACTIC/command_wz: -0.1769
Metrics/locomotion/TACTIC/curriculum_level: 0.0000
Metrics/locomotion/TACTIC/curriculum_frontier: 0.0000
Metrics/locomotion/TACTIC/curriculum_probe: 0.0000
Metrics/locomotion/TACTIC/interaction_start_curriculum: 1.0000
Metrics/locomotion/TACTIC/interaction_start_probability: 1.0000
Metrics/locomotion/TACTIC/composition_probe_probability: 0.0000
Metrics/locomotion/TACTIC/curriculum_completion_ema: 0.0000
Metrics/locomotion/TACTIC/curriculum_progress_ema: 0.0966
Metrics/locomotion/TACTIC/curriculum_safety_ema: 0.3513
Metrics/locomotion/TACTIC/episode_safety_fraction: 0.8886
Metrics/locomotion/TACTIC/curriculum_contact_ema: 0.0083
Metrics/locomotion/TACTIC/curriculum_lift_ema: 0.0090
Metrics/locomotion/TACTIC/curriculum_transport_ema: 0.0105
Metrics/locomotion/TACTIC/curriculum_place_ema: 0.0000
Metrics/locomotion/TACTIC/curriculum_delivery_completion_ema: 0.0000
Metrics/locomotion/TACTIC/curriculum_regression_streak: 0.0000
Metrics/locomotion/TACTIC/required_task_count: 1.0000
Metrics/locomotion/TACTIC/object_completion_mean: 0.0000
Metrics/locomotion/TACTIC/object_contact_mean: 0.0000
Metrics/locomotion/TACTIC/object_lift_mean: 0.0521
Metrics/locomotion/TACTIC/object_transport_mean: 0.0607
Metrics/locomotion/TACTIC/object_place_mean: 0.0000
Metrics/locomotion/TACTIC/object_target_progress_mean: -0.0571
Metrics/locomotion/TACTIC/object_target_progress_delta_mean: 0.0000
Metrics/locomotion/TACTIC/object_release_readiness_mean: 0.0000
Metrics/locomotion/TACTIC/object_release_readiness_delta_mean: 0.0000
Metrics/locomotion/TACTIC/object_release_event_mean: 0.0000
Metrics/locomotion/TACTIC/object_drop_event_mean: 0.0000
Metrics/locomotion/TACTIC/object_gripper_distance_mean: 0.9722
Metrics/locomotion/TACTIC/object_carrying_mean: 0.0000
Metrics/locomotion/TACTIC/object_carry_memory_mean: 0.1042
Metrics/locomotion/TACTIC/interaction_frontier_mean: 0.0689
Metrics/locomotion/TACTIC/interaction_frontier_delta_mean: 0.0000
Metrics/locomotion/TACTIC/contact_symmetry_mean: 0.0000
 Metrics/locomotion/TACTIC/task_id: 9.0000
Metrics/locomotion/TACTIC/skill_id: 4.0000
Metrics/locomotion/TACTIC/object_id: 4.0000
Metrics/locomotion/TACTIC/effective_object_id: 4.0000
Metrics/locomotion/TACTIC/selected_object_contact: 0.0000
Metrics/locomotion/TACTIC/selected_object_lift: 0.3124
Metrics/locomotion/TACTIC/selected_object_transport: 0.3643
Metrics/locomotion/TACTIC/selected_object_place: 0.0000
Metrics/locomotion/TACTIC/selected_object_completion: 0.0000
Metrics/locomotion/TACTIC/selected_object_carrying: 0.0000
Metrics/locomotion/TACTIC/selected_object_carry_memory: 0.6250
Metrics/locomotion/TACTIC/selected_object_target_progress: -0.3425
Metrics/locomotion/TACTIC/selected_object_target_progress_delta: 0.0000
Metrics/locomotion/TACTIC/selected_object_release_readiness: 0.0000
Metrics/locomotion/TACTIC/selected_object_release_readiness_delta: 0.0000
Metrics/locomotion/TACTIC/selected_object_release_event: 0.0000
Metrics/locomotion/TACTIC/selected_object_drop_event: 0.0000
Metrics/locomotion/TACTIC/selected_object_gripper_distance: 1.2290
Metrics/locomotion/TACTIC/selected_object_place_error_xy: 0.3677
Metrics/locomotion/TACTIC/selected_object_place_error_z: 0.5985
Metrics/locomotion/TACTIC/selected_interaction_frontier: 0.4137
Metrics/locomotion/TACTIC/selected_interaction_frontier_delta: 0.0000
Metrics/locomotion/TACTIC/selected_reachability: 0.0000
Metrics/locomotion/TACTIC/task_switch: 0.0000
Metrics/locomotion/TACTIC/skill_switch: 0.0000
Metrics/locomotion/TACTIC/task_age: 0.0000
Metrics/locomotion/TACTIC/skill_age: 0.0000
Metrics/locomotion/TACTIC/task_hazard: 0.0000
Metrics/locomotion/TACTIC/skill_hazard: 0.0000
Metrics/locomotion/TACTIC/task_termination_probability: 0.0000
Metrics/locomotion/TACTIC/skill_termination_probability: 0.0000
Metrics/locomotion/TACTIC/task_entropy: 0.0000
Metrics/locomotion/TACTIC/skill_entropy: 0.6447
Metrics/locomotion/TACTIC/task_occupancy_entropy: 0.0000
Metrics/locomotion/TACTIC/skill_occupancy_entropy: 0.6447
Metrics/locomotion/TACTIC/skill_parameter_0: 0.0000
Metrics/locomotion/TACTIC/skill_parameter_1: 0.0000
Metrics/locomotion/TACTIC/skill_parameter_2: 0.0000
Metrics/locomotion/TACTIC/skill_parameter_3: 0.0000
Metrics/locomotion/TACTIC/skill_parameter_4: 0.0000
Metrics/locomotion/TACTIC/skill_parameter_5: 0.0000
Metrics/locomotion/TACTIC/object_0_complete: 0.0000
Metrics/locomotion/TACTIC/object_1_complete: 0.0000
Metrics/locomotion/TACTIC/object_2_complete: 0.0000
Metrics/locomotion/TACTIC/object_3_complete: 0.0000
Metrics/locomotion/TACTIC/object_4_complete: 0.0000
Metrics/locomotion/TACTIC/object_5_complete: 0.0000
      Episode_Termination/time_out: 0.0000
   Episode_Termination/bad_contact: 0.0000
          Episode_Termination/tilt: 0.2783
    Episode_Termination/low_height: 0.0156
Episode_Termination/mission_success: 0.0000
--------------------------------------------------------------------------------
                   Total timesteps: 24576
                    Iteration time: 6.38s
                      Time elapsed: 00:00:51
                               ETA: 00:02:27

################################################################################
                       [1m Learning iteration 8/30 [0m                        

                       Computation: 492 steps/s (collection: 5.447s, learning 0.795s)
             Mean action noise std: 0.02
          Mean value_function loss: 21.0422
               Mean surrogate loss: 0.0784
                 Mean entropy loss: -102.7063
 Mean next_control_prediction loss: 0.0238
       Mean skill_feasibility loss: 0.6931
 Mean task_outcome_prediction loss: 0.0322
 Mean task_outcome_confidence loss: 1.5289
Mean task_outcome_confidence_mean loss: 0.1192
Mean skill_outcome_prediction loss: 0.0027
        Mean payload_survival loss: 0.6931
Mean payload_survival_support loss: 0.0208
   Mean payload_drop_fraction loss: 0.0000
Mean payload_survival_prediction loss: 0.5000
 Mean skill_effect_prediction loss: 0.0322
 Mean skill_effect_confidence loss: 1.6004
Mean skill_effect_confidence_mean loss: 0.1192
Mean motion_execution_prediction loss: 0.0416
Mean motion_execution_confidence loss: 1.4641
Mean embodiment_response_prediction loss: 0.0047
Mean embodiment_response_vx_abs loss: 0.0020
Mean embodiment_response_wz_abs loss: 0.0011
   Mean constraint_multiplier loss: 0.0092
Mean task_constraint_multiplier_mean loss: 0.1632
Mean skill_constraint_multiplier_mean loss: 0.1632
 Mean hierarchy_cbf_violation loss: 0.0381
Mean hierarchy_cbf_raw_violation loss: 0.0390
Mean hierarchy_cbf_transient_slack loss: 0.0074
 Mean hierarchy_clf_violation loss: 0.0025
Mean hierarchy_cbf_regression loss: 0.0210
Mean hierarchy_clf_regression loss: 0.0024
   Mean safe_task_achievement loss: -0.0061
  Mean safe_skill_achievement loss: -0.0059
Mean unsafe_positive_progress_rate loss: 0.0471
Mean motion_execution_confidence_mean loss: 0.1192
Mean grounded_effect_diversity loss: 0.0000
      Mean task_option_credit loss: -0.0369
     Mean skill_option_credit loss: -0.0228
    Mean event_hindsight_task loss: 0.0000
   Mean event_hindsight_skill loss: 5.3289
       Mean event_credit_mass loss: 0.0045
Mean task_option_advantage_abs loss: 0.3268
Mean skill_option_advantage_abs loss: 0.3553
         Mean task_transition loss: 2.3698
        Mean skill_transition loss: 1.6428
       Mean motion_transition loss: 1.8232
  Mean interaction_transition loss: 1.3721
Mean interaction_active_fraction loss: 1.0000
              Mean task_usage loss: 0.0000
  Mean task_frontier_coverage loss: 0.0000
Mean selected_frontier_probability loss: 0.8000
       Mean interaction_phase loss: 0.3358
Mean interaction_release_target loss: 0.0212
Mean interaction_release_frontier loss: 0.0073
Mean interaction_release_balance_weight loss: 1.1481
  Mean task_control_objective loss: 0.0100
        Mean task_clf_descent loss: 0.0012
  Mean task_barrier_authority loss: 0.0250
Mean skill_predictive_control loss: 0.0019
Mean relational_subgoal_grounding loss: 0.0000
  Mean task_subgoal_alignment loss: 1.0000
  Mean task_subgoal_authority loss: 0.4751
   Mean task_skill_projection loss: 0.0000
 Mean task_transient_capacity loss: 0.7805
   Mean task_posture_capacity loss: 0.8918
Mean task_projected_turn_demand loss: 0.3266
Mean task_semantic_turn_demand loss: 0.3266
Mean task_lateral_turn_demand loss: 0.0000
Mean task_target_yaw_residual loss: 0.5938
Mean task_interaction_authority loss: 0.0089
    Mean task_arm_scope_error loss: 0.0000
Mean counterfactual_task_selection loss: 0.0000
Mean counterfactual_task_target_entropy loss: 0.0000
Mean counterfactual_task_target_peak loss: 0.0000
Mean grounded_task_utility_span loss: 0.0000
      Mean task_outcome_blend loss: 0.0000
Mean grounded_task_target_agreement loss: 0.0000
Mean sampled_task_target_probability loss: 0.0000
Mean recovery_candidate_fraction loss: 0.0000
Mean recovery_task_probability loss: 0.0000
Mean recovery_target_probability loss: 0.0000
Mean counterfactual_termination loss: 0.4730
 Mean task_termination_target loss: 0.0000
Mean skill_termination_target loss: 0.5352
Mean payload_skill_barrier_pressure loss: 0.0000
Mean payload_transient_demand loss: 0.0117
Mean payload_skill_exit_target loss: 0.0000
Mean payload_survival_exit_target loss: 0.0000
Mean payload_survival_authority loss: 0.0000
        Mean task_switch_gain loss: 0.0000
       Mean skill_switch_gain loss: -0.0491
Mean counterfactual_skill_selection loss: 0.8115
Mean counterfactual_target_entropy loss: 0.6203
Mean counterfactual_target_peak loss: 0.8020
       Mean successor_decoder loss: 0.0828
  Mean successor_predicted_vx loss: -0.0019
  Mean successor_predicted_wz loss: -0.0072
 Mean successor_predicted_cbf loss: 0.5000
 Mean successor_predicted_clf loss: 0.5000
 Mean successor_cbf_violation loss: 0.0027
 Mean successor_clf_violation loss: 0.0001
             Mean skill_usage loss: 0.1850
        Mean skill_confidence loss: 0.7306
     Mean task_slot_diversity loss: 0.3938
Mean skill_embedding_diversity loss: 0.0621
   Mean motion_gain_diversity loss: 0.0000
Mean motion_objective_diversity loss: 0.0000
       Mean event_replay_size loss: 2124.0000
   Mean event_replay_priority loss: 0.0394
 Mean event_replay_task_valid loss: 0.6924
Mean event_replay_task_detail_valid loss: 0.6924
       Mean event_replay_task loss: 0.0000
      Mean event_replay_skill loss: 0.6857
     Mean event_replay_motion loss: 1.1147
Mean event_replay_interaction loss: 0.1614
Mean event_replay_task_subgoal loss: 0.0003
Mean event_replay_skill_parameter loss: 0.0196
  Mean event_replay_parameter loss: 0.0197
Mean event_replay_barrier_quality loss: 0.4928
Mean event_replay_unsafe_fraction loss: 0.0000
Mean event_replay_buffer_unsafe_fraction loss: 0.0000
Mean event_replay_buffer_delivery loss: 0.7057
Mean event_replay_buffer_recovery loss: 0.0000
Mean event_replay_sample_delivery loss: 0.6923
Mean event_replay_sample_recovery loss: 0.0000
Mean event_replay_sample_raw_delivery loss: 0.6924
Mean event_replay_sample_raw_recovery loss: 0.0000
Mean event_replay_recovery_pressure loss: 0.0000
Mean event_replay_recovery_adapter_gate loss: 0.0000
Mean event_replay_buffer_approach loss: 0.8125
Mean event_replay_sample_approach loss: 0.6390
Mean event_replay_sample_raw_approach loss: 0.6375
Mean event_replay_buffer_secure loss: 0.1234
Mean event_replay_sample_secure loss: 0.2363
Mean event_replay_sample_raw_secure loss: 0.2398
Mean event_replay_buffer_release loss: 0.0640
Mean event_replay_sample_release loss: 0.1247
Mean event_replay_sample_raw_release loss: 0.1227
Mean payload_survival_replay_size loss: 211.0000
Mean payload_survival_replay_support loss: 1.0000
Mean payload_survival_replay_drop_fraction loss: 0.5023
Mean payload_survival_replay_prediction loss: 0.5000
Mean payload_survival_replay_drop_prediction loss: 0.5000
Mean payload_survival_replay_retain_prediction loss: 0.5000
Mean payload_survival_replay_separation loss: 0.0000
Mean payload_survival_replay_accuracy loss: 0.4976
Mean payload_survival_replay_rank_loss loss: 0.7185
Mean payload_survival_replay_rank_gap loss: 0.0000
Mean payload_survival_replay_rank_accuracy loss: 0.0000
Mean payload_survival_replay_rank_pairs loss: 61.0000
      Mean event_replay_added loss: 256.0000
Mean event_replay_append_task_valid loss: 0.6992
Mean event_replay_task_relabel loss: 0.3008
Mean event_replay_interaction_relabel loss: 0.4141
Mean event_replay_append_delivery loss: 0.6992
Mean event_replay_append_recovery loss: 0.0000
Mean event_replay_append_payload_recovery loss: 0.0000
Mean payload_survival_replay_added loss: 36.0000
Mean payload_survival_replay_append_drop_fraction loss: 0.0000
      Mean hierarchy_cbf_dual loss: 0.5157
      Mean hierarchy_clf_dual loss: 0.3177
Mean hierarchy_cbf_violation_ema loss: 0.3027
Mean hierarchy_clf_violation_ema loss: 0.0378
Mean physical_adaptation_active loss: 0.0000
Mean physical_adaptation_stage loss: -10.0000
 Mean hierarchy_only_training loss: 0.0000
Mean decomposition_only_training loss: 0.0000
Mean motion_selector_only_training loss: 0.0000
Mean interaction_selector_only_training loss: 0.0000
Mean motion_skill_only_training loss: 0.0000
Mean payload_motion_only_training loss: 0.0000
Mean recovery_adapter_only_training loss: 0.0000
 Mean auxiliary_learning_rate loss: 0.0000
Mean payload_survival_learning_rate loss: 0.0003
Mean physical_core_learning_rate loss: 0.0000
Mean physical_adapter_learning_rate loss: 0.0000
Mean skill_information_reward loss: -0.0046
 Mean task_information_reward loss: 0.0000
                       Mean reward: -105.36
               Mean episode length: 45.44
   Episode_Reward/term_bad_contact: 0.0000
          Episode_Reward/term_tilt: -0.0139
    Episode_Reward/term_low_height: 0.0000
      Episode_Reward/leg_action_l2: -0.0016
   Episode_Reward/tracking_lin_vel: 0.0000
Episode_Reward/tracking_ang_vel_yaw_l1: 0.0000
Episode_Reward/tracking_ang_vel_yaw_exp: 0.0000
Episode_Reward/tracking_lin_vel_y_l2: 0.0000
Episode_Reward/tracking_lin_vel_z_l2: 0.0000
            Episode_Reward/survive: 0.0000
    Episode_Reward/foot_contacts_z: 0.0000
            Episode_Reward/torques: -0.0061
 Episode_Reward/tracking_lin_vel_y: 0.0000
          Episode_Reward/lin_vel_z: -0.0003
         Episode_Reward/ang_vel_xy: -0.0009
   Episode_Reward/tracking_ang_vel: 0.0013
               Episode_Reward/work: -0.0581
            Episode_Reward/dof_acc: -0.3972
        Episode_Reward/action_rate: -0.0011
     Episode_Reward/dof_pos_limits: -0.0000
      Episode_Reward/delta_torques: -0.0000
          Episode_Reward/collision: -0.1794
        Episode_Reward/walking_dof: 0.0001
            Episode_Reward/hip_pos: -0.0013
          Episode_Reward/feet_jerk: 0.0000
              Episode_Reward/alive: 0.0081
          Episode_Reward/feet_drag: -0.0005
Episode_Reward/feet_contact_forces: -0.0048
               Episode_Reward/roll: -0.0006
        Episode_Reward/base_height: -0.0048
Episode_Reward/tracking_lin_vel_max: 0.0114
Episode_Reward/flat_orientation_l2: -0.0002
  Episode_Reward/air_time_variance: -0.0001
        Episode_Reward/feet_height: 0.0000
      Episode_Reward/feet_air_time: 0.0000
Episode_Reward/update_last_buffers: 0.0000
   Episode_Reward/wheel_idle_speed: -1.9547
    Episode_Reward/wheel_action_l2: -0.0002
  Episode_Reward/wheel_action_rate: 0.0000
  Episode_Reward/wheel_forward_use: 0.0000
 Episode_Reward/wheel_turn_support: 0.0028
Episode_Reward/tactic_mission_completion: 0.0000
Episode_Reward/tactic_mission_success: 0.0000
Episode_Reward/tactic_task_progress: -0.0000
Episode_Reward/tactic_task_tracking: 0.0012
 Episode_Reward/tactic_ee_tracking: 0.0106
  Episode_Reward/tactic_valid_task: 0.0016
Episode_Reward/tactic_invalid_task: 0.0000
Episode_Reward/tactic_option_switch: -0.0000
Episode_Reward/tactic_control_progress: -0.0000
  Episode_Reward/tactic_cbf_margin: 0.0000
Episode_Reward/tactic_predicted_margin: 0.0000
Episode_Reward/tactic_clf_decrease: 0.0000
Episode_Reward/tactic_disturbance_rejection: 0.0000
Episode_Reward/tactic_safety_violation: -0.0019
Episode_Reward/tactic_unsafe_progress: -0.0000
Episode_Reward/tactic_object_contact: 0.0000
 Episode_Reward/tactic_object_lift: 0.0000
Episode_Reward/tactic_object_transport: 0.0000
Episode_Reward/tactic_object_place: 0.0000
Episode_Reward/tactic_object_completion: 0.0000
Episode_Reward/tactic_interaction_frontier: 0.0000
  Episode_Reward/tactic_grasp_hold: 0.0000
Episode_Reward/tactic_payload_progress: 0.0000
Episode_Reward/tactic_release_readiness: 0.0000
Episode_Reward/tactic_intended_release: 0.0000
Episode_Reward/tactic_payload_retention: 0.0000
Episode_Reward/tactic_payload_drop: 0.0000
Episode_Reward/tactic_release_quality: 0.0000
Episode_Reward/tactic_wrong_object_interaction: 0.0000
 Episode_Reward/tactic_all_objects: 0.0000
Metrics/locomotion/TACTIC/mission_completion: 0.0000
Metrics/locomotion/TACTIC/mission_completion_delta: 0.0000
Metrics/locomotion/TACTIC/mission_success: 0.0000
Metrics/locomotion/TACTIC/task_progress: 0.0995
Metrics/locomotion/TACTIC/task_progress_delta: 0.0005
Metrics/locomotion/TACTIC/task_error: 1.0973
Metrics/locomotion/TACTIC/ee_error: 0.1163
Metrics/locomotion/TACTIC/tcp_object_distance: 0.4709
Metrics/locomotion/TACTIC/goal_object_distance: 0.4690
Metrics/locomotion/TACTIC/finger_object_distance: 0.4857
Metrics/locomotion/TACTIC/object_target_distance: 0.5588
Metrics/locomotion/TACTIC/recovery_task_executed: 0.0000
Metrics/locomotion/TACTIC/recovery_task_probability: 0.0000
Metrics/locomotion/TACTIC/executed_task_probability: 1.0000
Metrics/locomotion/TACTIC/task_constraint_projection: 0.0000
Metrics/locomotion/TACTIC/recovery_latch_seen: 0.0000
Metrics/locomotion/TACTIC/recovery_valid_seen: 0.0000
Metrics/locomotion/TACTIC/recovery_pressure_seen: 0.0000
Metrics/locomotion/TACTIC/cbf_margin: 0.0000
Metrics/locomotion/TACTIC/predicted_margin: 0.0000
Metrics/locomotion/TACTIC/clf_decrease: 0.5373
Metrics/locomotion/TACTIC/disturbance_estimate: 0.5763
Metrics/locomotion/TACTIC/base_height: 0.3351
Metrics/locomotion/TACTIC/base_tilt: 0.5298
Metrics/locomotion/TACTIC/control_recovery_pressure: 1.0000
Metrics/locomotion/TACTIC/control_recovery_active: 1.0000
Metrics/locomotion/TACTIC/control_recovery_constraint_active: 1.0000
Metrics/locomotion/TACTIC/payload_posture_projection: 0.0000
Metrics/locomotion/TACTIC/payload_relation_violation: 0.0000
 Metrics/locomotion/TACTIC/base_vx: -0.1523
 Metrics/locomotion/TACTIC/base_vy: 0.0931
 Metrics/locomotion/TACTIC/base_wz: 0.6793
Metrics/locomotion/TACTIC/support_count: 3.0000
Metrics/locomotion/TACTIC/obstacle_margin: 0.5542
Metrics/locomotion/TACTIC/gripper_closure: 0.0171
Metrics/locomotion/TACTIC/manipulation_active: 1.0000
Metrics/locomotion/TACTIC/grasp_active: 1.0000
Metrics/locomotion/TACTIC/grasp_orientation_active: 0.0000
Metrics/locomotion/TACTIC/grasp_orientation_error: 0.0000
Metrics/locomotion/TACTIC/interaction_authority: 0.0000
Metrics/locomotion/TACTIC/workspace_handoff: 0.0000
Metrics/locomotion/TACTIC/grasp_projection_distance: 0.0000
Metrics/locomotion/TACTIC/grasp_center_error: 0.0000
Metrics/locomotion/TACTIC/capture_staging_distance: 0.6027
Metrics/locomotion/TACTIC/capture_heading_error: 2.8635
Metrics/locomotion/TACTIC/capture_initiation_margin: -5.3632
Metrics/locomotion/TACTIC/selected_delivery_side: 1.0000
Metrics/locomotion/TACTIC/capture_lift_active: 0.0000
Metrics/locomotion/TACTIC/command_vx: 0.0006
Metrics/locomotion/TACTIC/command_vy: 0.0001
Metrics/locomotion/TACTIC/command_wz: -0.2692
Metrics/locomotion/TACTIC/curriculum_level: 0.0000
Metrics/locomotion/TACTIC/curriculum_frontier: 0.0000
Metrics/locomotion/TACTIC/curriculum_probe: 0.0000
Metrics/locomotion/TACTIC/interaction_start_curriculum: 1.0000
Metrics/locomotion/TACTIC/interaction_start_probability: 1.0000
Metrics/locomotion/TACTIC/composition_probe_probability: 0.0000
Metrics/locomotion/TACTIC/curriculum_completion_ema: 0.0000
Metrics/locomotion/TACTIC/curriculum_progress_ema: 0.1058
Metrics/locomotion/TACTIC/curriculum_safety_ema: 0.4003
Metrics/locomotion/TACTIC/episode_safety_fraction: 0.9134
Metrics/locomotion/TACTIC/curriculum_contact_ema: 0.0212
Metrics/locomotion/TACTIC/curriculum_lift_ema: 0.0232
Metrics/locomotion/TACTIC/curriculum_transport_ema: 0.0270
Metrics/locomotion/TACTIC/curriculum_place_ema: 0.0000
Metrics/locomotion/TACTIC/curriculum_delivery_completion_ema: 0.0000
Metrics/locomotion/TACTIC/curriculum_regression_streak: 0.0000
Metrics/locomotion/TACTIC/required_task_count: 1.0000
Metrics/locomotion/TACTIC/object_completion_mean: 0.0000
Metrics/locomotion/TACTIC/object_contact_mean: 0.0000
Metrics/locomotion/TACTIC/object_lift_mean: 0.0000
Metrics/locomotion/TACTIC/object_transport_mean: 0.0000
Metrics/locomotion/TACTIC/object_place_mean: 0.0000
Metrics/locomotion/TACTIC/object_target_progress_mean: -0.0510
Metrics/locomotion/TACTIC/object_target_progress_delta_mean: 0.0000
Metrics/locomotion/TACTIC/object_release_readiness_mean: 0.0000
Metrics/locomotion/TACTIC/object_release_readiness_delta_mean: 0.0000
Metrics/locomotion/TACTIC/object_release_event_mean: 0.0000
Metrics/locomotion/TACTIC/object_drop_event_mean: 0.0000
Metrics/locomotion/TACTIC/object_gripper_distance_mean: 1.2223
Metrics/locomotion/TACTIC/object_carrying_mean: 0.0000
Metrics/locomotion/TACTIC/object_carry_memory_mean: 0.0000
Metrics/locomotion/TACTIC/interaction_frontier_mean: 0.0000
Metrics/locomotion/TACTIC/interaction_frontier_delta_mean: 0.0000
Metrics/locomotion/TACTIC/contact_symmetry_mean: 0.0000
 Metrics/locomotion/TACTIC/task_id: 9.0000
Metrics/locomotion/TACTIC/skill_id: 1.7500
Metrics/locomotion/TACTIC/object_id: 4.0000
Metrics/locomotion/TACTIC/effective_object_id: 4.0000
Metrics/locomotion/TACTIC/selected_object_contact: 0.0000
Metrics/locomotion/TACTIC/selected_object_lift: 0.0000
Metrics/locomotion/TACTIC/selected_object_transport: 0.0000
Metrics/locomotion/TACTIC/selected_object_place: 0.0000
Metrics/locomotion/TACTIC/selected_object_completion: 0.0000
Metrics/locomotion/TACTIC/selected_object_carrying: 0.0000
Metrics/locomotion/TACTIC/selected_object_carry_memory: 0.0000
Metrics/locomotion/TACTIC/selected_object_target_progress: -0.3060
Metrics/locomotion/TACTIC/selected_object_target_progress_delta: 0.0000
Metrics/locomotion/TACTIC/selected_object_release_readiness: 0.0000
Metrics/locomotion/TACTIC/selected_object_release_readiness_delta: 0.0000
Metrics/locomotion/TACTIC/selected_object_release_event: 0.0000
Metrics/locomotion/TACTIC/selected_object_drop_event: 0.0000
Metrics/locomotion/TACTIC/selected_object_gripper_distance: 0.4745
Metrics/locomotion/TACTIC/selected_object_place_error_xy: 0.3897
Metrics/locomotion/TACTIC/selected_object_place_error_z: 0.3518
Metrics/locomotion/TACTIC/selected_interaction_frontier: 0.0000
Metrics/locomotion/TACTIC/selected_interaction_frontier_delta: 0.0000
Metrics/locomotion/TACTIC/selected_reachability: 0.0000
Metrics/locomotion/TACTIC/task_switch: 0.0000
Metrics/locomotion/TACTIC/skill_switch: 0.0000
Metrics/locomotion/TACTIC/task_age: 0.0000
Metrics/locomotion/TACTIC/skill_age: 0.0000
Metrics/locomotion/TACTIC/task_hazard: 0.0000
Metrics/locomotion/TACTIC/skill_hazard: 0.0000
Metrics/locomotion/TACTIC/task_termination_probability: 0.0000
Metrics/locomotion/TACTIC/skill_termination_probability: 0.0000
Metrics/locomotion/TACTIC/task_entropy: 0.0000
Metrics/locomotion/TACTIC/skill_entropy: 0.6365
Metrics/locomotion/TACTIC/task_occupancy_entropy: 0.0000
Metrics/locomotion/TACTIC/skill_occupancy_entropy: 0.6365
Metrics/locomotion/TACTIC/skill_parameter_0: 0.0000
Metrics/locomotion/TACTIC/skill_parameter_1: 0.0000
Metrics/locomotion/TACTIC/skill_parameter_2: 0.0000
Metrics/locomotion/TACTIC/skill_parameter_3: 0.0000
Metrics/locomotion/TACTIC/skill_parameter_4: 0.0000
Metrics/locomotion/TACTIC/skill_parameter_5: 0.0000
Metrics/locomotion/TACTIC/object_0_complete: 0.0000
Metrics/locomotion/TACTIC/object_1_complete: 0.0000
Metrics/locomotion/TACTIC/object_2_complete: 0.0000
Metrics/locomotion/TACTIC/object_3_complete: 0.0000
Metrics/locomotion/TACTIC/object_4_complete: 0.0000
Metrics/locomotion/TACTIC/object_5_complete: 0.0000
      Episode_Termination/time_out: 0.0000
   Episode_Termination/bad_contact: 0.0000
          Episode_Termination/tilt: 0.2923
    Episode_Termination/low_height: 0.0156
Episode_Termination/mission_success: 0.0000
--------------------------------------------------------------------------------
                   Total timesteps: 27648
                    Iteration time: 6.24s
                      Time elapsed: 00:00:57
                               ETA: 00:02:20

################################################################################
                       [1m Learning iteration 9/30 [0m                        

                       Computation: 477 steps/s (collection: 5.609s, learning 0.830s)
             Mean action noise std: 0.02
          Mean value_function loss: 15.7616
               Mean surrogate loss: 0.0714
                 Mean entropy loss: -102.7017
 Mean next_control_prediction loss: 0.0233
       Mean skill_feasibility loss: 0.6931
 Mean task_outcome_prediction loss: 0.0320
 Mean task_outcome_confidence loss: 1.5314
Mean task_outcome_confidence_mean loss: 0.1192
Mean skill_outcome_prediction loss: 0.0031
        Mean payload_survival loss: 0.6931
Mean payload_survival_support loss: 0.0286
   Mean payload_drop_fraction loss: 0.0000
Mean payload_survival_prediction loss: 0.5000
 Mean skill_effect_prediction loss: 0.0306
 Mean skill_effect_confidence loss: 1.6040
Mean skill_effect_confidence_mean loss: 0.1192
Mean motion_execution_prediction loss: 0.0399
Mean motion_execution_confidence loss: 1.4679
Mean embodiment_response_prediction loss: 0.0010
Mean embodiment_response_vx_abs loss: 0.0020
Mean embodiment_response_wz_abs loss: 0.0010
   Mean constraint_multiplier loss: 0.0076
Mean task_constraint_multiplier_mean loss: 0.1632
Mean skill_constraint_multiplier_mean loss: 0.1632
 Mean hierarchy_cbf_violation loss: 0.0254
Mean hierarchy_cbf_raw_violation loss: 0.0270
Mean hierarchy_cbf_transient_slack loss: 0.0084
 Mean hierarchy_clf_violation loss: 0.0000
Mean hierarchy_cbf_regression loss: 0.0058
Mean hierarchy_clf_regression loss: 0.0000
   Mean safe_task_achievement loss: -0.0027
  Mean safe_skill_achievement loss: -0.0026
Mean unsafe_positive_progress_rate loss: 0.0505
Mean motion_execution_confidence_mean loss: 0.1192
Mean grounded_effect_diversity loss: 0.0000
      Mean task_option_credit loss: -0.0108
     Mean skill_option_credit loss: -0.0146
    Mean event_hindsight_task loss: 0.0000
   Mean event_hindsight_skill loss: 5.3867
       Mean event_credit_mass loss: 0.0057
Mean task_option_advantage_abs loss: 0.2612
Mean skill_option_advantage_abs loss: 0.3970
         Mean task_transition loss: 2.3579
        Mean skill_transition loss: 1.6307
       Mean motion_transition loss: 1.8194
  Mean interaction_transition loss: 1.3477
Mean interaction_active_fraction loss: 0.9993
              Mean task_usage loss: 0.0000
  Mean task_frontier_coverage loss: 0.0000
Mean selected_frontier_probability loss: 0.7975
       Mean interaction_phase loss: 0.3476
Mean interaction_release_target loss: 0.0225
Mean interaction_release_frontier loss: 0.0087
Mean interaction_release_balance_weight loss: 1.1574
  Mean task_control_objective loss: 0.0090
        Mean task_clf_descent loss: 0.0011
  Mean task_barrier_authority loss: 0.0225
Mean skill_predictive_control loss: 0.0020
Mean relational_subgoal_grounding loss: 0.0000
  Mean task_subgoal_alignment loss: 1.0000
  Mean task_subgoal_authority loss: 0.4754
   Mean task_skill_projection loss: 0.0000
 Mean task_transient_capacity loss: 0.7890
   Mean task_posture_capacity loss: 0.8997
Mean task_projected_turn_demand loss: 0.3212
Mean task_semantic_turn_demand loss: 0.3212
Mean task_lateral_turn_demand loss: 0.0000
Mean task_target_yaw_residual loss: 0.5840
Mean task_interaction_authority loss: 0.0133
    Mean task_arm_scope_error loss: 0.0000
Mean counterfactual_task_selection loss: 0.0000
Mean counterfactual_task_target_entropy loss: 0.0000
Mean counterfactual_task_target_peak loss: 0.0000
Mean grounded_task_utility_span loss: 0.0000
      Mean task_outcome_blend loss: 0.0000
Mean grounded_task_target_agreement loss: 0.0000
Mean sampled_task_target_probability loss: 0.0000
Mean recovery_candidate_fraction loss: 0.0000
Mean recovery_task_probability loss: 0.0000
Mean recovery_target_probability loss: 0.0000
Mean counterfactual_termination loss: 0.4601
 Mean task_termination_target loss: 0.0000
Mean skill_termination_target loss: 0.4858
Mean payload_skill_barrier_pressure loss: 0.0000
Mean payload_transient_demand loss: 0.0060
Mean payload_skill_exit_target loss: 0.0000
Mean payload_survival_exit_target loss: 0.0000
Mean payload_survival_authority loss: 0.0000
        Mean task_switch_gain loss: 0.0000
       Mean skill_switch_gain loss: -0.1176
Mean counterfactual_skill_selection loss: 0.8248
Mean counterfactual_target_entropy loss: 0.6326
Mean counterfactual_target_peak loss: 0.7957
       Mean successor_decoder loss: 0.0806
  Mean successor_predicted_vx loss: -0.0018
  Mean successor_predicted_wz loss: -0.0091
 Mean successor_predicted_cbf loss: 0.5000
 Mean successor_predicted_clf loss: 0.5000
 Mean successor_cbf_violation loss: 0.0024
 Mean successor_clf_violation loss: 0.0009
             Mean skill_usage loss: 0.1734
        Mean skill_confidence loss: 0.7388
     Mean task_slot_diversity loss: 0.3948
Mean skill_embedding_diversity loss: 0.0621
   Mean motion_gain_diversity loss: 0.0000
Mean motion_objective_diversity loss: 0.0000
       Mean event_replay_size loss: 2380.0000
   Mean event_replay_priority loss: 0.0407
 Mean event_replay_task_valid loss: 0.6982
Mean event_replay_task_detail_valid loss: 0.6982
       Mean event_replay_task loss: 0.0000
      Mean event_replay_skill loss: 0.6791
     Mean event_replay_motion loss: 1.1022
Mean event_replay_interaction loss: 0.1620
Mean event_replay_task_subgoal loss: 0.0003
Mean event_replay_skill_parameter loss: 0.0189
  Mean event_replay_parameter loss: 0.0190
Mean event_replay_barrier_quality loss: 0.4956
Mean event_replay_unsafe_fraction loss: 0.0000
Mean event_replay_buffer_unsafe_fraction loss: 0.0000
Mean event_replay_buffer_delivery loss: 0.7050
Mean event_replay_buffer_recovery loss: 0.0000
Mean event_replay_sample_delivery loss: 0.6985
Mean event_replay_sample_recovery loss: 0.0000
Mean event_replay_sample_raw_delivery loss: 0.6982
Mean event_replay_sample_raw_recovery loss: 0.0000
Mean event_replay_recovery_pressure loss: 0.0000
Mean event_replay_recovery_adapter_gate loss: 0.0000
Mean event_replay_buffer_approach loss: 0.8075
Mean event_replay_sample_approach loss: 0.6398
Mean event_replay_sample_raw_approach loss: 0.6392
Mean event_replay_buffer_secure loss: 0.1210
Mean event_replay_sample_secure loss: 0.2338
Mean event_replay_sample_raw_secure loss: 0.2378
Mean event_replay_buffer_release loss: 0.0715
Mean event_replay_sample_release loss: 0.1263
Mean event_replay_sample_raw_release loss: 0.1231
Mean payload_survival_replay_size loss: 247.0000
Mean payload_survival_replay_support loss: 1.0000
Mean payload_survival_replay_drop_fraction loss: 0.5019
Mean payload_survival_replay_prediction loss: 0.5000
Mean payload_survival_replay_drop_prediction loss: 0.5000
Mean payload_survival_replay_retain_prediction loss: 0.5000
Mean payload_survival_replay_separation loss: 0.0000
Mean payload_survival_replay_accuracy loss: 0.4980
Mean payload_survival_replay_rank_loss loss: 0.7185
Mean payload_survival_replay_rank_gap loss: 0.0000
Mean payload_survival_replay_rank_accuracy loss: 0.0000
Mean payload_survival_replay_rank_pairs loss: 83.0000
      Mean event_replay_added loss: 256.0000
Mean event_replay_append_task_valid loss: 0.6992
Mean event_replay_task_relabel loss: 0.3008
Mean event_replay_interaction_relabel loss: 0.2930
Mean event_replay_append_delivery loss: 0.6992
Mean event_replay_append_recovery loss: 0.0000
Mean event_replay_append_payload_recovery loss: 0.0000
Mean payload_survival_replay_added loss: 36.0000
Mean payload_survival_replay_append_drop_fraction loss: 0.0000
      Mean hierarchy_cbf_dual loss: 0.5145
      Mean hierarchy_clf_dual loss: 0.3137
Mean hierarchy_cbf_violation_ema loss: 0.2888
Mean hierarchy_clf_violation_ema loss: 0.0360
Mean physical_adaptation_active loss: 0.0000
Mean physical_adaptation_stage loss: -10.0000
 Mean hierarchy_only_training loss: 0.0000
Mean decomposition_only_training loss: 0.0000
Mean motion_selector_only_training loss: 0.0000
Mean interaction_selector_only_training loss: 0.0000
Mean motion_skill_only_training loss: 0.0000
Mean payload_motion_only_training loss: 0.0000
Mean recovery_adapter_only_training loss: 0.0000
 Mean auxiliary_learning_rate loss: 0.0000
Mean payload_survival_learning_rate loss: 0.0003
Mean physical_core_learning_rate loss: 0.0000
Mean physical_adapter_learning_rate loss: 0.0000
Mean skill_information_reward loss: -0.0046
 Mean task_information_reward loss: 0.0000
                       Mean reward: -112.21
               Mean episode length: 53.63
   Episode_Reward/term_bad_contact: 0.0000
          Episode_Reward/term_tilt: -0.0139
    Episode_Reward/term_low_height: -0.0660
      Episode_Reward/leg_action_l2: -0.0020
   Episode_Reward/tracking_lin_vel: 0.0000
Episode_Reward/tracking_ang_vel_yaw_l1: 0.0000
Episode_Reward/tracking_ang_vel_yaw_exp: 0.0000
Episode_Reward/tracking_lin_vel_y_l2: 0.0000
Episode_Reward/tracking_lin_vel_z_l2: 0.0000
            Episode_Reward/survive: 0.0000
    Episode_Reward/foot_contacts_z: 0.0000
            Episode_Reward/torques: -0.0066
 Episode_Reward/tracking_lin_vel_y: 0.0000
          Episode_Reward/lin_vel_z: -0.0007
         Episode_Reward/ang_vel_xy: -0.0012
   Episode_Reward/tracking_ang_vel: 0.0015
               Episode_Reward/work: -0.0530
            Episode_Reward/dof_acc: -0.1162
        Episode_Reward/action_rate: -0.0013
     Episode_Reward/dof_pos_limits: -0.0000
      Episode_Reward/delta_torques: -0.0000
          Episode_Reward/collision: -0.1844
        Episode_Reward/walking_dof: 0.0000
            Episode_Reward/hip_pos: -0.0012
          Episode_Reward/feet_jerk: 0.0000
              Episode_Reward/alive: 0.0091
          Episode_Reward/feet_drag: -0.0005
Episode_Reward/feet_contact_forces: -0.0049
               Episode_Reward/roll: -0.0019
        Episode_Reward/base_height: -0.0033
Episode_Reward/tracking_lin_vel_max: 0.0126
Episode_Reward/flat_orientation_l2: -0.0004
  Episode_Reward/air_time_variance: -0.0005
        Episode_Reward/feet_height: 0.0000
      Episode_Reward/feet_air_time: 0.0000
Episode_Reward/update_last_buffers: 0.0000
   Episode_Reward/wheel_idle_speed: -0.6727
    Episode_Reward/wheel_action_l2: -0.0002
  Episode_Reward/wheel_action_rate: 0.0000
  Episode_Reward/wheel_forward_use: 0.0016
 Episode_Reward/wheel_turn_support: 0.0053
Episode_Reward/tactic_mission_completion: 0.0000
Episode_Reward/tactic_mission_success: 0.0000
Episode_Reward/tactic_task_progress: -0.0001
Episode_Reward/tactic_task_tracking: 0.0011
 Episode_Reward/tactic_ee_tracking: 0.0110
  Episode_Reward/tactic_valid_task: 0.0018
Episode_Reward/tactic_invalid_task: 0.0000
Episode_Reward/tactic_option_switch: -0.0000
Episode_Reward/tactic_control_progress: -0.0000
  Episode_Reward/tactic_cbf_margin: 0.0000
Episode_Reward/tactic_predicted_margin: 0.0000
Episode_Reward/tactic_clf_decrease: 0.0000
Episode_Reward/tactic_disturbance_rejection: 0.0000
Episode_Reward/tactic_safety_violation: -0.0039
Episode_Reward/tactic_unsafe_progress: -0.0000
Episode_Reward/tactic_object_contact: 0.0000
 Episode_Reward/tactic_object_lift: 0.0000
Episode_Reward/tactic_object_transport: 0.0000
Episode_Reward/tactic_object_place: 0.0000
Episode_Reward/tactic_object_completion: 0.0000
Episode_Reward/tactic_interaction_frontier: 0.0000
  Episode_Reward/tactic_grasp_hold: 0.0000
Episode_Reward/tactic_payload_progress: 0.0000
Episode_Reward/tactic_release_readiness: 0.0000
Episode_Reward/tactic_intended_release: 0.0000
Episode_Reward/tactic_payload_retention: 0.0000
Episode_Reward/tactic_payload_drop: 0.0000
Episode_Reward/tactic_release_quality: 0.0000
Episode_Reward/tactic_wrong_object_interaction: 0.0000
 Episode_Reward/tactic_all_objects: 0.0000
Metrics/locomotion/TACTIC/mission_completion: 0.0000
Metrics/locomotion/TACTIC/mission_completion_delta: 0.0000
Metrics/locomotion/TACTIC/mission_success: 0.0000
Metrics/locomotion/TACTIC/task_progress: 0.0446
Metrics/locomotion/TACTIC/task_progress_delta: -0.0006
Metrics/locomotion/TACTIC/task_error: 1.6549
Metrics/locomotion/TACTIC/ee_error: 0.4162
Metrics/locomotion/TACTIC/tcp_object_distance: 0.9736
Metrics/locomotion/TACTIC/goal_object_distance: 0.7217
Metrics/locomotion/TACTIC/finger_object_distance: 1.0251
Metrics/locomotion/TACTIC/object_target_distance: 0.8407
Metrics/locomotion/TACTIC/recovery_task_executed: 0.0000
Metrics/locomotion/TACTIC/recovery_task_probability: 0.0000
Metrics/locomotion/TACTIC/executed_task_probability: 1.0000
Metrics/locomotion/TACTIC/task_constraint_projection: 0.0000
Metrics/locomotion/TACTIC/recovery_latch_seen: 0.0000
Metrics/locomotion/TACTIC/recovery_valid_seen: 0.0000
Metrics/locomotion/TACTIC/recovery_pressure_seen: 0.0000
Metrics/locomotion/TACTIC/cbf_margin: 0.0000
Metrics/locomotion/TACTIC/predicted_margin: 0.0000
Metrics/locomotion/TACTIC/clf_decrease: -0.0343
Metrics/locomotion/TACTIC/disturbance_estimate: 0.6981
Metrics/locomotion/TACTIC/base_height: 0.2276
Metrics/locomotion/TACTIC/base_tilt: 0.5572
Metrics/locomotion/TACTIC/control_recovery_pressure: 1.0000
Metrics/locomotion/TACTIC/control_recovery_active: 1.0000
Metrics/locomotion/TACTIC/control_recovery_constraint_active: 1.0000
Metrics/locomotion/TACTIC/payload_posture_projection: 0.0000
Metrics/locomotion/TACTIC/payload_relation_violation: 0.0000
 Metrics/locomotion/TACTIC/base_vx: 0.0642
 Metrics/locomotion/TACTIC/base_vy: 0.1345
 Metrics/locomotion/TACTIC/base_wz: -0.6031
Metrics/locomotion/TACTIC/support_count: 2.2500
Metrics/locomotion/TACTIC/obstacle_margin: 0.9488
Metrics/locomotion/TACTIC/gripper_closure: 0.0065
Metrics/locomotion/TACTIC/manipulation_active: 1.0000
Metrics/locomotion/TACTIC/grasp_active: 1.0000
Metrics/locomotion/TACTIC/grasp_orientation_active: 0.0000
Metrics/locomotion/TACTIC/grasp_orientation_error: 0.0000
Metrics/locomotion/TACTIC/interaction_authority: 0.0000
Metrics/locomotion/TACTIC/workspace_handoff: 0.0000
Metrics/locomotion/TACTIC/grasp_projection_distance: 0.0000
Metrics/locomotion/TACTIC/grasp_center_error: 0.0000
Metrics/locomotion/TACTIC/capture_staging_distance: 1.0666
Metrics/locomotion/TACTIC/capture_heading_error: 2.8434
Metrics/locomotion/TACTIC/capture_initiation_margin: -5.3187
Metrics/locomotion/TACTIC/selected_delivery_side: 1.0000
Metrics/locomotion/TACTIC/capture_lift_active: 0.0000
Metrics/locomotion/TACTIC/command_vx: -0.0066
Metrics/locomotion/TACTIC/command_vy: 0.0017
Metrics/locomotion/TACTIC/command_wz: -0.2563
Metrics/locomotion/TACTIC/curriculum_level: 0.0000
Metrics/locomotion/TACTIC/curriculum_frontier: 0.0000
Metrics/locomotion/TACTIC/curriculum_probe: 0.0000
Metrics/locomotion/TACTIC/interaction_start_curriculum: 1.0000
Metrics/locomotion/TACTIC/interaction_start_probability: 1.0000
Metrics/locomotion/TACTIC/composition_probe_probability: 0.0000
Metrics/locomotion/TACTIC/curriculum_completion_ema: 0.0000
Metrics/locomotion/TACTIC/curriculum_progress_ema: 0.1023
Metrics/locomotion/TACTIC/curriculum_safety_ema: 0.4538
Metrics/locomotion/TACTIC/episode_safety_fraction: 0.7500
Metrics/locomotion/TACTIC/curriculum_contact_ema: 0.0189
Metrics/locomotion/TACTIC/curriculum_lift_ema: 0.0207
Metrics/locomotion/TACTIC/curriculum_transport_ema: 0.0241
Metrics/locomotion/TACTIC/curriculum_place_ema: 0.0000
Metrics/locomotion/TACTIC/curriculum_delivery_completion_ema: 0.0000
Metrics/locomotion/TACTIC/curriculum_regression_streak: 0.0000
Metrics/locomotion/TACTIC/required_task_count: 1.0000
Metrics/locomotion/TACTIC/object_completion_mean: 0.0000
Metrics/locomotion/TACTIC/object_contact_mean: 0.0000
Metrics/locomotion/TACTIC/object_lift_mean: 0.0000
Metrics/locomotion/TACTIC/object_transport_mean: 0.0000
Metrics/locomotion/TACTIC/object_place_mean: 0.0000
Metrics/locomotion/TACTIC/object_target_progress_mean: -0.0252
Metrics/locomotion/TACTIC/object_target_progress_delta_mean: 0.0000
Metrics/locomotion/TACTIC/object_release_readiness_mean: 0.0000
Metrics/locomotion/TACTIC/object_release_readiness_delta_mean: 0.0000
Metrics/locomotion/TACTIC/object_release_event_mean: 0.0000
Metrics/locomotion/TACTIC/object_drop_event_mean: 0.0000
Metrics/locomotion/TACTIC/object_gripper_distance_mean: 0.9865
Metrics/locomotion/TACTIC/object_carrying_mean: 0.0000
Metrics/locomotion/TACTIC/object_carry_memory_mean: 0.0000
Metrics/locomotion/TACTIC/interaction_frontier_mean: 0.0000
Metrics/locomotion/TACTIC/interaction_frontier_delta_mean: 0.0000
Metrics/locomotion/TACTIC/contact_symmetry_mean: 0.0000
 Metrics/locomotion/TACTIC/task_id: 9.0000
Metrics/locomotion/TACTIC/skill_id: 4.7500
Metrics/locomotion/TACTIC/object_id: 4.0000
Metrics/locomotion/TACTIC/effective_object_id: 4.0000
Metrics/locomotion/TACTIC/selected_object_contact: 0.0000
Metrics/locomotion/TACTIC/selected_object_lift: 0.0000
Metrics/locomotion/TACTIC/selected_object_transport: 0.0000
Metrics/locomotion/TACTIC/selected_object_place: 0.0000
Metrics/locomotion/TACTIC/selected_object_completion: 0.0000
Metrics/locomotion/TACTIC/selected_object_carrying: 0.0000
Metrics/locomotion/TACTIC/selected_object_carry_memory: 0.0000
Metrics/locomotion/TACTIC/selected_object_target_progress: -0.1514
Metrics/locomotion/TACTIC/selected_object_target_progress_delta: 0.0000
Metrics/locomotion/TACTIC/selected_object_release_readiness: 0.0000
Metrics/locomotion/TACTIC/selected_object_release_readiness_delta: 0.0000
Metrics/locomotion/TACTIC/selected_object_release_event: 0.0000
Metrics/locomotion/TACTIC/selected_object_drop_event: 0.0000
Metrics/locomotion/TACTIC/selected_object_gripper_distance: 0.9751
Metrics/locomotion/TACTIC/selected_object_place_error_xy: 0.2969
Metrics/locomotion/TACTIC/selected_object_place_error_z: 0.7797
Metrics/locomotion/TACTIC/selected_interaction_frontier: 0.0000
Metrics/locomotion/TACTIC/selected_interaction_frontier_delta: 0.0000
Metrics/locomotion/TACTIC/selected_reachability: 0.0000
Metrics/locomotion/TACTIC/task_switch: 0.0000
Metrics/locomotion/TACTIC/skill_switch: 0.0000
Metrics/locomotion/TACTIC/task_age: 0.0000
Metrics/locomotion/TACTIC/skill_age: 0.0000
Metrics/locomotion/TACTIC/task_hazard: 0.0000
Metrics/locomotion/TACTIC/skill_hazard: 0.0000
Metrics/locomotion/TACTIC/task_termination_probability: 0.0000
Metrics/locomotion/TACTIC/skill_termination_probability: 0.0000
Metrics/locomotion/TACTIC/task_entropy: 0.0146
Metrics/locomotion/TACTIC/skill_entropy: 0.6290
Metrics/locomotion/TACTIC/task_occupancy_entropy: 0.0146
Metrics/locomotion/TACTIC/skill_occupancy_entropy: 0.6290
Metrics/locomotion/TACTIC/skill_parameter_0: 0.0000
Metrics/locomotion/TACTIC/skill_parameter_1: 0.0000
Metrics/locomotion/TACTIC/skill_parameter_2: 0.0000
Metrics/locomotion/TACTIC/skill_parameter_3: 0.0000
Metrics/locomotion/TACTIC/skill_parameter_4: 0.0000
Metrics/locomotion/TACTIC/skill_parameter_5: 0.0000
Metrics/locomotion/TACTIC/object_0_complete: 0.0000
Metrics/locomotion/TACTIC/object_1_complete: 0.0000
Metrics/locomotion/TACTIC/object_2_complete: 0.0000
Metrics/locomotion/TACTIC/object_3_complete: 0.0000
Metrics/locomotion/TACTIC/object_4_complete: 0.0000
Metrics/locomotion/TACTIC/object_5_complete: 0.0000
      Episode_Termination/time_out: 0.0000
   Episode_Termination/bad_contact: 0.0000
          Episode_Termination/tilt: 0.3096
    Episode_Termination/low_height: 0.0156
Episode_Termination/mission_success: 0.0000
--------------------------------------------------------------------------------
                   Total timesteps: 30720
                    Iteration time: 6.44s
                      Time elapsed: 00:01:04
                               ETA: 00:02:14

################################################################################
                       [1m Learning iteration 10/30 [0m                       

                       Computation: 470 steps/s (collection: 5.631s, learning 0.895s)
             Mean action noise std: 0.02
          Mean value_function loss: 20.0963
               Mean surrogate loss: 0.0508
                 Mean entropy loss: -102.7255
 Mean next_control_prediction loss: 0.0260
       Mean skill_feasibility loss: 0.6931
 Mean task_outcome_prediction loss: 0.0322
 Mean task_outcome_confidence loss: 1.5273
Mean task_outcome_confidence_mean loss: 0.1192
Mean skill_outcome_prediction loss: 0.0032
        Mean payload_survival loss: 0.6931
Mean payload_survival_support loss: 0.0273
   Mean payload_drop_fraction loss: 0.0000
Mean payload_survival_prediction loss: 0.5000
 Mean skill_effect_prediction loss: 0.0327
 Mean skill_effect_confidence loss: 1.5988
Mean skill_effect_confidence_mean loss: 0.1192
Mean motion_execution_prediction loss: 0.0426
Mean motion_execution_confidence loss: 1.4641
Mean embodiment_response_prediction loss: 0.0039
Mean embodiment_response_vx_abs loss: 0.0019
Mean embodiment_response_wz_abs loss: 0.0011
   Mean constraint_multiplier loss: 0.0099
Mean task_constraint_multiplier_mean loss: 0.1632
Mean skill_constraint_multiplier_mean loss: 0.1632
 Mean hierarchy_cbf_violation loss: 0.0409
Mean hierarchy_cbf_raw_violation loss: 0.0430
Mean hierarchy_cbf_transient_slack loss: 0.0089
 Mean hierarchy_clf_violation loss: 0.0079
Mean hierarchy_cbf_regression loss: 0.0178
Mean hierarchy_clf_regression loss: 0.0073
   Mean safe_task_achievement loss: -0.0037
  Mean safe_skill_achievement loss: -0.0053
Mean unsafe_positive_progress_rate loss: 0.0332
Mean motion_execution_confidence_mean loss: 0.1192
Mean grounded_effect_diversity loss: 0.0000
      Mean task_option_credit loss: -0.0453
     Mean skill_option_credit loss: -0.0483
    Mean event_hindsight_task loss: 0.0000
   Mean event_hindsight_skill loss: 8.0270
       Mean event_credit_mass loss: 0.0036
Mean task_option_advantage_abs loss: 0.2910
Mean skill_option_advantage_abs loss: 0.3289
         Mean task_transition loss: 2.3634
        Mean skill_transition loss: 1.6411
       Mean motion_transition loss: 1.8489
  Mean interaction_transition loss: 1.3294
Mean interaction_active_fraction loss: 1.0000
              Mean task_usage loss: 0.0000
  Mean task_frontier_coverage loss: 0.0000
Mean selected_frontier_probability loss: 0.8010
       Mean interaction_phase loss: 0.3184
Mean interaction_release_target loss: 0.0221
Mean interaction_release_frontier loss: 0.0084
Mean interaction_release_balance_weight loss: 1.1545
  Mean task_control_objective loss: 0.0093
        Mean task_clf_descent loss: 0.0011
  Mean task_barrier_authority loss: 0.0233
Mean skill_predictive_control loss: 0.0019
Mean relational_subgoal_grounding loss: 0.0000
  Mean task_subgoal_alignment loss: 1.0000
  Mean task_subgoal_authority loss: 0.4786
   Mean task_skill_projection loss: 0.0000
 Mean task_transient_capacity loss: 0.7902
   Mean task_posture_capacity loss: 0.9090
Mean task_projected_turn_demand loss: 0.3243
Mean task_semantic_turn_demand loss: 0.3243
Mean task_lateral_turn_demand loss: 0.0000
Mean task_target_yaw_residual loss: 0.5895
Mean task_interaction_authority loss: 0.0090
    Mean task_arm_scope_error loss: 0.0000
Mean counterfactual_task_selection loss: 0.0000
Mean counterfactual_task_target_entropy loss: 0.0000
Mean counterfactual_task_target_peak loss: 0.0000
Mean grounded_task_utility_span loss: 0.0000
      Mean task_outcome_blend loss: 0.0000
Mean grounded_task_target_agreement loss: 0.0000
Mean sampled_task_target_probability loss: 0.0000
Mean recovery_candidate_fraction loss: 0.0000
Mean recovery_task_probability loss: 0.0000
Mean recovery_target_probability loss: 0.0000
Mean counterfactual_termination loss: 0.4707
 Mean task_termination_target loss: 0.0000
Mean skill_termination_target loss: 0.5263
Mean payload_skill_barrier_pressure loss: 0.0000
Mean payload_transient_demand loss: 0.0080
Mean payload_skill_exit_target loss: 0.0000
Mean payload_survival_exit_target loss: 0.0000
Mean payload_survival_authority loss: 0.0000
        Mean task_switch_gain loss: 0.0000
       Mean skill_switch_gain loss: -0.1248
Mean counterfactual_skill_selection loss: 0.8263
Mean counterfactual_target_entropy loss: 0.6379
Mean counterfactual_target_peak loss: 0.7918
       Mean successor_decoder loss: 0.0799
  Mean successor_predicted_vx loss: -0.0023
  Mean successor_predicted_wz loss: -0.0054
 Mean successor_predicted_cbf loss: 0.5000
 Mean successor_predicted_clf loss: 0.5000
 Mean successor_cbf_violation loss: 0.0026
 Mean successor_clf_violation loss: 0.0004
             Mean skill_usage loss: 0.1808
        Mean skill_confidence loss: 0.7280
     Mean task_slot_diversity loss: 0.3941
Mean skill_embedding_diversity loss: 0.0621
   Mean motion_gain_diversity loss: 0.0000
Mean motion_objective_diversity loss: 0.0000
       Mean event_replay_size loss: 2636.0000
   Mean event_replay_priority loss: 0.0403
 Mean event_replay_task_valid loss: 0.6914
Mean event_replay_task_detail_valid loss: 0.6914
       Mean event_replay_task loss: 0.0000
      Mean event_replay_skill loss: 0.6736
     Mean event_replay_motion loss: 1.0861
Mean event_replay_interaction loss: 0.1693
Mean event_replay_task_subgoal loss: 0.0003
Mean event_replay_skill_parameter loss: 0.0199
  Mean event_replay_parameter loss: 0.0200
Mean event_replay_barrier_quality loss: 0.4933
Mean event_replay_unsafe_fraction loss: 0.0000
Mean event_replay_buffer_unsafe_fraction loss: 0.0000
Mean event_replay_buffer_delivery loss: 0.7045
Mean event_replay_buffer_recovery loss: 0.0000
Mean event_replay_sample_delivery loss: 0.6916
Mean event_replay_sample_recovery loss: 0.0000
Mean event_replay_sample_raw_delivery loss: 0.6914
Mean event_replay_sample_raw_recovery loss: 0.0000
Mean event_replay_recovery_pressure loss: 0.0000
Mean event_replay_recovery_adapter_gate loss: 0.0000
Mean event_replay_buffer_approach loss: 0.7873
Mean event_replay_sample_approach loss: 0.6296
Mean event_replay_sample_raw_approach loss: 0.6285
Mean event_replay_buffer_secure loss: 0.1368
Mean event_replay_sample_secure loss: 0.2444
Mean event_replay_sample_raw_secure loss: 0.2486
Mean event_replay_buffer_release loss: 0.0759
Mean event_replay_sample_release loss: 0.1259
Mean event_replay_sample_raw_release loss: 0.1229
Mean payload_survival_replay_size loss: 283.0000
Mean payload_survival_replay_support loss: 1.0000
Mean payload_survival_replay_drop_fraction loss: 0.5017
Mean payload_survival_replay_prediction loss: 0.5000
Mean payload_survival_replay_drop_prediction loss: 0.5000
Mean payload_survival_replay_retain_prediction loss: 0.5000
Mean payload_survival_replay_separation loss: 0.0000
Mean payload_survival_replay_accuracy loss: 0.4982
Mean payload_survival_replay_rank_loss loss: 0.7185
Mean payload_survival_replay_rank_gap loss: 0.0000
Mean payload_survival_replay_rank_accuracy loss: 0.0000
Mean payload_survival_replay_rank_pairs loss: 94.0000
      Mean event_replay_added loss: 256.0000
Mean event_replay_append_task_valid loss: 0.6992
Mean event_replay_task_relabel loss: 0.3008
Mean event_replay_interaction_relabel loss: 0.3555
Mean event_replay_append_delivery loss: 0.6992
Mean event_replay_append_recovery loss: 0.0000
Mean event_replay_append_payload_recovery loss: 0.0000
Mean payload_survival_replay_added loss: 36.0000
Mean payload_survival_replay_append_drop_fraction loss: 0.0000
      Mean hierarchy_cbf_dual loss: 0.5140
      Mean hierarchy_clf_dual loss: 0.3101
Mean hierarchy_cbf_violation_ema loss: 0.2764
Mean hierarchy_clf_violation_ema loss: 0.0345
Mean physical_adaptation_active loss: 0.0000
Mean physical_adaptation_stage loss: -10.0000
 Mean hierarchy_only_training loss: 0.0000
Mean decomposition_only_training loss: 0.0000
Mean motion_selector_only_training loss: 0.0000
Mean interaction_selector_only_training loss: 0.0000
Mean motion_skill_only_training loss: 0.0000
Mean payload_motion_only_training loss: 0.0000
Mean recovery_adapter_only_training loss: 0.0000
 Mean auxiliary_learning_rate loss: 0.0000
Mean payload_survival_learning_rate loss: 0.0003
Mean physical_core_learning_rate loss: 0.0000
Mean physical_adapter_learning_rate loss: 0.0000
Mean skill_information_reward loss: -0.0047
 Mean task_information_reward loss: 0.0000
                       Mean reward: -112.21
               Mean episode length: 53.63
   Episode_Reward/term_bad_contact: 0.0000
          Episode_Reward/term_tilt: -0.0139
    Episode_Reward/term_low_height: -0.0833
      Episode_Reward/leg_action_l2: -0.0020
   Episode_Reward/tracking_lin_vel: 0.0000
Episode_Reward/tracking_ang_vel_yaw_l1: 0.0000
Episode_Reward/tracking_ang_vel_yaw_exp: 0.0000
Episode_Reward/tracking_lin_vel_y_l2: 0.0000
Episode_Reward/tracking_lin_vel_z_l2: 0.0000
            Episode_Reward/survive: 0.0000
    Episode_Reward/foot_contacts_z: 0.0000
            Episode_Reward/torques: -0.0064
 Episode_Reward/tracking_lin_vel_y: 0.0000
          Episode_Reward/lin_vel_z: -0.0008
         Episode_Reward/ang_vel_xy: -0.0013
   Episode_Reward/tracking_ang_vel: 0.0016
               Episode_Reward/work: -0.0570
            Episode_Reward/dof_acc: -0.1293
        Episode_Reward/action_rate: -0.0013
     Episode_Reward/dof_pos_limits: -0.0000
      Episode_Reward/delta_torques: -0.0000
          Episode_Reward/collision: -0.1725
        Episode_Reward/walking_dof: 0.0000
            Episode_Reward/hip_pos: -0.0010
          Episode_Reward/feet_jerk: 0.0000
              Episode_Reward/alive: 0.0092
          Episode_Reward/feet_drag: -0.0005
Episode_Reward/feet_contact_forces: -0.0049
               Episode_Reward/roll: -0.0021
        Episode_Reward/base_height: -0.0023
Episode_Reward/tracking_lin_vel_max: 0.0127
Episode_Reward/flat_orientation_l2: -0.0005
  Episode_Reward/air_time_variance: -0.0006
        Episode_Reward/feet_height: 0.0000
      Episode_Reward/feet_air_time: 0.0000
Episode_Reward/update_last_buffers: 0.0000
   Episode_Reward/wheel_idle_speed: -0.7239
    Episode_Reward/wheel_action_l2: -0.0002
  Episode_Reward/wheel_action_rate: 0.0000
  Episode_Reward/wheel_forward_use: 0.0020
 Episode_Reward/wheel_turn_support: 0.0056
Episode_Reward/tactic_mission_completion: 0.0000
Episode_Reward/tactic_mission_success: 0.0000
Episode_Reward/tactic_task_progress: -0.0001
Episode_Reward/tactic_task_tracking: 0.0010
 Episode_Reward/tactic_ee_tracking: 0.0112
  Episode_Reward/tactic_valid_task: 0.0019
Episode_Reward/tactic_invalid_task: 0.0000
Episode_Reward/tactic_option_switch: -0.0000
Episode_Reward/tactic_control_progress: -0.0000
  Episode_Reward/tactic_cbf_margin: 0.0000
Episode_Reward/tactic_predicted_margin: 0.0000
Episode_Reward/tactic_clf_decrease: 0.0000
Episode_Reward/tactic_disturbance_rejection: 0.0000
Episode_Reward/tactic_safety_violation: -0.0042
Episode_Reward/tactic_unsafe_progress: -0.0000
Episode_Reward/tactic_object_contact: 0.0000
 Episode_Reward/tactic_object_lift: 0.0000
Episode_Reward/tactic_object_transport: 0.0000
Episode_Reward/tactic_object_place: 0.0000
Episode_Reward/tactic_object_completion: 0.0000
Episode_Reward/tactic_interaction_frontier: 0.0000
  Episode_Reward/tactic_grasp_hold: 0.0000
Episode_Reward/tactic_payload_progress: 0.0000
Episode_Reward/tactic_release_readiness: 0.0000
Episode_Reward/tactic_intended_release: 0.0000
Episode_Reward/tactic_payload_retention: 0.0000
Episode_Reward/tactic_payload_drop: 0.0000
Episode_Reward/tactic_release_quality: 0.0000
Episode_Reward/tactic_wrong_object_interaction: 0.0000
 Episode_Reward/tactic_all_objects: 0.0000
Metrics/locomotion/TACTIC/mission_completion: 0.0000
Metrics/locomotion/TACTIC/mission_completion_delta: 0.0000
Metrics/locomotion/TACTIC/mission_success: 0.0000
Metrics/locomotion/TACTIC/task_progress: 0.0396
Metrics/locomotion/TACTIC/task_progress_delta: -0.0006
Metrics/locomotion/TACTIC/task_error: 1.7992
Metrics/locomotion/TACTIC/ee_error: 0.4714
Metrics/locomotion/TACTIC/tcp_object_distance: 0.9923
Metrics/locomotion/TACTIC/goal_object_distance: 0.6882
Metrics/locomotion/TACTIC/finger_object_distance: 1.0557
Metrics/locomotion/TACTIC/object_target_distance: 0.8174
Metrics/locomotion/TACTIC/recovery_task_executed: 0.0000
Metrics/locomotion/TACTIC/recovery_task_probability: 0.0000
Metrics/locomotion/TACTIC/executed_task_probability: 1.0000
Metrics/locomotion/TACTIC/task_constraint_projection: 0.0000
Metrics/locomotion/TACTIC/recovery_latch_seen: 0.0000
Metrics/locomotion/TACTIC/recovery_valid_seen: 0.0000
Metrics/locomotion/TACTIC/recovery_pressure_seen: 0.0000
Metrics/locomotion/TACTIC/cbf_margin: 0.0000
Metrics/locomotion/TACTIC/predicted_margin: 0.0000
Metrics/locomotion/TACTIC/clf_decrease: -0.0612
Metrics/locomotion/TACTIC/disturbance_estimate: 0.7437
Metrics/locomotion/TACTIC/base_height: 0.2089
Metrics/locomotion/TACTIC/base_tilt: 0.5559
Metrics/locomotion/TACTIC/control_recovery_pressure: 1.0000
Metrics/locomotion/TACTIC/control_recovery_active: 1.0000
Metrics/locomotion/TACTIC/control_recovery_constraint_active: 1.0000
Metrics/locomotion/TACTIC/payload_posture_projection: 0.0000
Metrics/locomotion/TACTIC/payload_relation_violation: 0.0000
 Metrics/locomotion/TACTIC/base_vx: 0.1329
 Metrics/locomotion/TACTIC/base_vy: 0.2383
 Metrics/locomotion/TACTIC/base_wz: -0.5720
Metrics/locomotion/TACTIC/support_count: 2.0000
Metrics/locomotion/TACTIC/obstacle_margin: 1.0225
Metrics/locomotion/TACTIC/gripper_closure: 0.0068
Metrics/locomotion/TACTIC/manipulation_active: 1.0000
Metrics/locomotion/TACTIC/grasp_active: 1.0000
Metrics/locomotion/TACTIC/grasp_orientation_active: 0.0000
Metrics/locomotion/TACTIC/grasp_orientation_error: 0.0000
Metrics/locomotion/TACTIC/interaction_authority: 0.0000
Metrics/locomotion/TACTIC/workspace_handoff: 0.0000
Metrics/locomotion/TACTIC/grasp_projection_distance: 0.0000
Metrics/locomotion/TACTIC/grasp_center_error: 0.0000
Metrics/locomotion/TACTIC/capture_staging_distance: 1.1905
Metrics/locomotion/TACTIC/capture_heading_error: 2.8222
Metrics/locomotion/TACTIC/capture_initiation_margin: -5.2716
Metrics/locomotion/TACTIC/selected_delivery_side: 1.0000
Metrics/locomotion/TACTIC/capture_lift_active: 0.0000
Metrics/locomotion/TACTIC/command_vx: -0.0080
Metrics/locomotion/TACTIC/command_vy: 0.0021
Metrics/locomotion/TACTIC/command_wz: -0.3123
Metrics/locomotion/TACTIC/curriculum_level: 0.0000
Metrics/locomotion/TACTIC/curriculum_frontier: 0.0000
Metrics/locomotion/TACTIC/curriculum_probe: 0.0000
Metrics/locomotion/TACTIC/interaction_start_curriculum: 1.0000
Metrics/locomotion/TACTIC/interaction_start_probability: 1.0000
Metrics/locomotion/TACTIC/composition_probe_probability: 0.0000
Metrics/locomotion/TACTIC/curriculum_completion_ema: 0.0000
Metrics/locomotion/TACTIC/curriculum_progress_ema: 0.1013
Metrics/locomotion/TACTIC/curriculum_safety_ema: 0.4625
Metrics/locomotion/TACTIC/episode_safety_fraction: 0.7136
Metrics/locomotion/TACTIC/curriculum_contact_ema: 0.0185
Metrics/locomotion/TACTIC/curriculum_lift_ema: 0.0203
Metrics/locomotion/TACTIC/curriculum_transport_ema: 0.0237
Metrics/locomotion/TACTIC/curriculum_place_ema: 0.0000
Metrics/locomotion/TACTIC/curriculum_delivery_completion_ema: 0.0000
Metrics/locomotion/TACTIC/curriculum_regression_streak: 0.0000
Metrics/locomotion/TACTIC/required_task_count: 1.0000
Metrics/locomotion/TACTIC/object_completion_mean: 0.0000
Metrics/locomotion/TACTIC/object_contact_mean: 0.0000
Metrics/locomotion/TACTIC/object_lift_mean: 0.0000
Metrics/locomotion/TACTIC/object_transport_mean: 0.0000
Metrics/locomotion/TACTIC/object_place_mean: 0.0000
Metrics/locomotion/TACTIC/object_target_progress_mean: 0.0020
Metrics/locomotion/TACTIC/object_target_progress_delta_mean: 0.0000
Metrics/locomotion/TACTIC/object_release_readiness_mean: 0.0000
Metrics/locomotion/TACTIC/object_release_readiness_delta_mean: 0.0000
Metrics/locomotion/TACTIC/object_release_event_mean: 0.0000
Metrics/locomotion/TACTIC/object_drop_event_mean: 0.0000
Metrics/locomotion/TACTIC/object_gripper_distance_mean: 0.9231
Metrics/locomotion/TACTIC/object_carrying_mean: 0.0000
Metrics/locomotion/TACTIC/object_carry_memory_mean: 0.0000
Metrics/locomotion/TACTIC/interaction_frontier_mean: 0.0000
Metrics/locomotion/TACTIC/interaction_frontier_delta_mean: 0.0000
Metrics/locomotion/TACTIC/contact_symmetry_mean: 0.0000
 Metrics/locomotion/TACTIC/task_id: 9.0000
Metrics/locomotion/TACTIC/skill_id: 6.0000
Metrics/locomotion/TACTIC/object_id: 4.0000
Metrics/locomotion/TACTIC/effective_object_id: 4.0000
Metrics/locomotion/TACTIC/selected_object_contact: 0.0000
Metrics/locomotion/TACTIC/selected_object_lift: 0.0000
Metrics/locomotion/TACTIC/selected_object_transport: 0.0000
Metrics/locomotion/TACTIC/selected_object_place: 0.0000
Metrics/locomotion/TACTIC/selected_object_completion: 0.0000
Metrics/locomotion/TACTIC/selected_object_carrying: 0.0000
Metrics/locomotion/TACTIC/selected_object_carry_memory: 0.0000
Metrics/locomotion/TACTIC/selected_object_target_progress: 0.0117
Metrics/locomotion/TACTIC/selected_object_target_progress_delta: 0.0000
Metrics/locomotion/TACTIC/selected_object_release_readiness: 0.0000
Metrics/locomotion/TACTIC/selected_object_release_readiness_delta: 0.0000
Metrics/locomotion/TACTIC/selected_object_release_event: 0.0000
Metrics/locomotion/TACTIC/selected_object_drop_event: 0.0000
Metrics/locomotion/TACTIC/selected_object_gripper_distance: 0.9933
Metrics/locomotion/TACTIC/selected_object_place_error_xy: 0.2413
Metrics/locomotion/TACTIC/selected_object_place_error_z: 0.7810
Metrics/locomotion/TACTIC/selected_interaction_frontier: 0.0000
Metrics/locomotion/TACTIC/selected_interaction_frontier_delta: 0.0000
Metrics/locomotion/TACTIC/selected_reachability: 0.0000
Metrics/locomotion/TACTIC/task_switch: 0.0000
Metrics/locomotion/TACTIC/skill_switch: 0.0000
Metrics/locomotion/TACTIC/task_age: 0.0000
Metrics/locomotion/TACTIC/skill_age: 0.0000
Metrics/locomotion/TACTIC/task_hazard: 0.0000
Metrics/locomotion/TACTIC/skill_hazard: 0.0000
Metrics/locomotion/TACTIC/task_termination_probability: 0.0000
Metrics/locomotion/TACTIC/skill_termination_probability: 0.0000
Metrics/locomotion/TACTIC/task_entropy: 0.0184
Metrics/locomotion/TACTIC/skill_entropy: 0.6274
Metrics/locomotion/TACTIC/task_occupancy_entropy: 0.0184
Metrics/locomotion/TACTIC/skill_occupancy_entropy: 0.6274
Metrics/locomotion/TACTIC/skill_parameter_0: 0.0000
Metrics/locomotion/TACTIC/skill_parameter_1: 0.0000
Metrics/locomotion/TACTIC/skill_parameter_2: 0.0000
Metrics/locomotion/TACTIC/skill_parameter_3: 0.0000
Metrics/locomotion/TACTIC/skill_parameter_4: 0.0000
Metrics/locomotion/TACTIC/skill_parameter_5: 0.0000
Metrics/locomotion/TACTIC/object_0_complete: 0.0000
Metrics/locomotion/TACTIC/object_1_complete: 0.0000
Metrics/locomotion/TACTIC/object_2_complete: 0.0000
Metrics/locomotion/TACTIC/object_3_complete: 0.0000
Metrics/locomotion/TACTIC/object_4_complete: 0.0000
Metrics/locomotion/TACTIC/object_5_complete: 0.0000
      Episode_Termination/time_out: 0.0000
   Episode_Termination/bad_contact: 0.0000
          Episode_Termination/tilt: 0.3125
    Episode_Termination/low_height: 0.0156
Episode_Termination/mission_success: 0.0000
--------------------------------------------------------------------------------
                   Total timesteps: 33792
                    Iteration time: 6.53s
                      Time elapsed: 00:01:10
                               ETA: 00:02:08

################################################################################
                       [1m Learning iteration 11/30 [0m                       

                       Computation: 477 steps/s (collection: 5.612s, learning 0.825s)
             Mean action noise std: 0.02
          Mean value_function loss: 27.1254
               Mean surrogate loss: 0.0763
                 Mean entropy loss: -102.7261
 Mean next_control_prediction loss: 0.0240
       Mean skill_feasibility loss: 0.6931
 Mean task_outcome_prediction loss: 0.0322
 Mean task_outcome_confidence loss: 1.5288
Mean task_outcome_confidence_mean loss: 0.1192
Mean skill_outcome_prediction loss: 0.0027
        Mean payload_survival loss: 0.6931
Mean payload_survival_support loss: 0.0221
   Mean payload_drop_fraction loss: 0.0000
Mean payload_survival_prediction loss: 0.5000
 Mean skill_effect_prediction loss: 0.0318
 Mean skill_effect_confidence loss: 1.6138
Mean skill_effect_confidence_mean loss: 0.1192
Mean motion_execution_prediction loss: 0.0411
Mean motion_execution_confidence loss: 1.4846
Mean embodiment_response_prediction loss: 0.0017
Mean embodiment_response_vx_abs loss: 0.0019
Mean embodiment_response_wz_abs loss: 0.0011
   Mean constraint_multiplier loss: 0.0096
Mean task_constraint_multiplier_mean loss: 0.1632
Mean skill_constraint_multiplier_mean loss: 0.1632
 Mean hierarchy_cbf_violation loss: 0.0322
Mean hierarchy_cbf_raw_violation loss: 0.0338
Mean hierarchy_cbf_transient_slack loss: 0.0068
 Mean hierarchy_clf_violation loss: 0.0022
Mean hierarchy_cbf_regression loss: 0.0082
Mean hierarchy_clf_regression loss: 0.0022
   Mean safe_task_achievement loss: -0.0060
  Mean safe_skill_achievement loss: -0.0047
Mean unsafe_positive_progress_rate loss: 0.0556
Mean motion_execution_confidence_mean loss: 0.1192
Mean grounded_effect_diversity loss: 0.0000
      Mean task_option_credit loss: -0.0345
     Mean skill_option_credit loss: -0.0184
    Mean event_hindsight_task loss: 0.0000
   Mean event_hindsight_skill loss: 4.3332
       Mean event_credit_mass loss: 0.0042
Mean task_option_advantage_abs loss: 0.2966
Mean skill_option_advantage_abs loss: 0.3318
         Mean task_transition loss: 2.3811
        Mean skill_transition loss: 1.6467
       Mean motion_transition loss: 1.8304
  Mean interaction_transition loss: 1.3713
Mean interaction_active_fraction loss: 0.9987
              Mean task_usage loss: 0.0000
  Mean task_frontier_coverage loss: 0.0000
Mean selected_frontier_probability loss: 0.8016
       Mean interaction_phase loss: 0.3124
Mean interaction_release_target loss: 0.0212
Mean interaction_release_frontier loss: 0.0074
Mean interaction_release_balance_weight loss: 1.1486
  Mean task_control_objective loss: 0.0093
        Mean task_clf_descent loss: 0.0011
  Mean task_barrier_authority loss: 0.0235
Mean skill_predictive_control loss: 0.0017
Mean relational_subgoal_grounding loss: 0.0000
  Mean task_subgoal_alignment loss: 1.0000
  Mean task_subgoal_authority loss: 0.4711
   Mean task_skill_projection loss: 0.0000
 Mean task_transient_capacity loss: 0.7894
   Mean task_posture_capacity loss: 0.8895
Mean task_projected_turn_demand loss: 0.3273
Mean task_semantic_turn_demand loss: 0.3273
Mean task_lateral_turn_demand loss: 0.0000
Mean task_target_yaw_residual loss: 0.5951
Mean task_interaction_authority loss: 0.0058
    Mean task_arm_scope_error loss: 0.0000
Mean counterfactual_task_selection loss: 0.0000
Mean counterfactual_task_target_entropy loss: 0.0000
Mean counterfactual_task_target_peak loss: 0.0000
Mean grounded_task_utility_span loss: 0.0000
      Mean task_outcome_blend loss: 0.0000
Mean grounded_task_target_agreement loss: 0.0000
Mean sampled_task_target_probability loss: 0.0000
Mean recovery_candidate_fraction loss: 0.0000
Mean recovery_task_probability loss: 0.0000
Mean recovery_target_probability loss: 0.0000
Mean counterfactual_termination loss: 0.4638
 Mean task_termination_target loss: 0.0000
Mean skill_termination_target loss: 0.4996
Mean payload_skill_barrier_pressure loss: 0.0000
Mean payload_transient_demand loss: 0.0141
Mean payload_skill_exit_target loss: 0.0000
Mean payload_survival_exit_target loss: 0.0000
Mean payload_survival_authority loss: 0.0000
        Mean task_switch_gain loss: 0.0000
       Mean skill_switch_gain loss: -0.1399
Mean counterfactual_skill_selection loss: 0.8190
Mean counterfactual_target_entropy loss: 0.6295
Mean counterfactual_target_peak loss: 0.7968
       Mean successor_decoder loss: 0.0794
  Mean successor_predicted_vx loss: -0.0019
  Mean successor_predicted_wz loss: -0.0061
 Mean successor_predicted_cbf loss: 0.5000
 Mean successor_predicted_clf loss: 0.5000
 Mean successor_cbf_violation loss: 0.0021
 Mean successor_clf_violation loss: 0.0002
             Mean skill_usage loss: 0.1740
        Mean skill_confidence loss: 0.7246
     Mean task_slot_diversity loss: 0.3935
Mean skill_embedding_diversity loss: 0.0621
   Mean motion_gain_diversity loss: 0.0000
Mean motion_objective_diversity loss: 0.0000
       Mean event_replay_size loss: 2892.0000
   Mean event_replay_priority loss: 0.0405
 Mean event_replay_task_valid loss: 0.6953
Mean event_replay_task_detail_valid loss: 0.6953
       Mean event_replay_task loss: 0.0000
      Mean event_replay_skill loss: 0.6775
     Mean event_replay_motion loss: 1.0856
Mean event_replay_interaction loss: 0.1788
Mean event_replay_task_subgoal loss: 0.0003
Mean event_replay_skill_parameter loss: 0.0209
  Mean event_replay_parameter loss: 0.0211
Mean event_replay_barrier_quality loss: 0.4913
Mean event_replay_unsafe_fraction loss: 0.0000
Mean event_replay_buffer_unsafe_fraction loss: 0.0000
Mean event_replay_buffer_delivery loss: 0.7002
Mean event_replay_buffer_recovery loss: 0.0000
Mean event_replay_sample_delivery loss: 0.6962
Mean event_replay_sample_recovery loss: 0.0000
Mean event_replay_sample_raw_delivery loss: 0.6953
Mean event_replay_sample_raw_recovery loss: 0.0000
Mean event_replay_recovery_pressure loss: 0.0000
Mean event_replay_recovery_adapter_gate loss: 0.0000
Mean event_replay_buffer_approach loss: 0.7709
Mean event_replay_sample_approach loss: 0.6111
Mean event_replay_sample_raw_approach loss: 0.6110
Mean event_replay_buffer_secure loss: 0.1477
Mean event_replay_sample_secure loss: 0.2524
Mean event_replay_sample_raw_secure loss: 0.2556
Mean event_replay_buffer_release loss: 0.0815
Mean event_replay_sample_release loss: 0.1366
Mean event_replay_sample_raw_release loss: 0.1334
Mean payload_survival_replay_size loss: 319.0000
Mean payload_survival_replay_support loss: 1.0000
Mean payload_survival_replay_drop_fraction loss: 0.5015
Mean payload_survival_replay_prediction loss: 0.5000
Mean payload_survival_replay_drop_prediction loss: 0.5000
Mean payload_survival_replay_retain_prediction loss: 0.5000
Mean payload_survival_replay_separation loss: 0.0000
Mean payload_survival_replay_accuracy loss: 0.4984
Mean payload_survival_replay_rank_loss loss: 0.7185
Mean payload_survival_replay_rank_gap loss: 0.0000
Mean payload_survival_replay_rank_accuracy loss: 0.0000
Mean payload_survival_replay_rank_pairs loss: 90.0000
      Mean event_replay_added loss: 256.0000
Mean event_replay_append_task_valid loss: 0.6562
Mean event_replay_task_relabel loss: 0.3438
Mean event_replay_interaction_relabel loss: 0.3047
Mean event_replay_append_delivery loss: 0.6562
Mean event_replay_append_recovery loss: 0.0000
Mean event_replay_append_payload_recovery loss: 0.0000
Mean payload_survival_replay_added loss: 36.0000
Mean payload_survival_replay_append_drop_fraction loss: 0.0000
      Mean hierarchy_cbf_dual loss: 0.5131
      Mean hierarchy_clf_dual loss: 0.3062
Mean hierarchy_cbf_violation_ema loss: 0.2642
Mean hierarchy_clf_violation_ema loss: 0.0329
Mean physical_adaptation_active loss: 0.0000
Mean physical_adaptation_stage loss: -10.0000
 Mean hierarchy_only_training loss: 0.0000
Mean decomposition_only_training loss: 0.0000
Mean motion_selector_only_training loss: 0.0000
Mean interaction_selector_only_training loss: 0.0000
Mean motion_skill_only_training loss: 0.0000
Mean payload_motion_only_training loss: 0.0000
Mean recovery_adapter_only_training loss: 0.0000
 Mean auxiliary_learning_rate loss: 0.0000
Mean payload_survival_learning_rate loss: 0.0003
Mean physical_core_learning_rate loss: 0.0000
Mean physical_adapter_learning_rate loss: 0.0000
Mean skill_information_reward loss: -0.0048
 Mean task_information_reward loss: 0.0000
                       Mean reward: -117.70
               Mean episode length: 68.33
   Episode_Reward/term_bad_contact: 0.0000
          Episode_Reward/term_tilt: -0.0139
    Episode_Reward/term_low_height: -0.0313
      Episode_Reward/leg_action_l2: -0.0021
   Episode_Reward/tracking_lin_vel: 0.0000
Episode_Reward/tracking_ang_vel_yaw_l1: 0.0000
Episode_Reward/tracking_ang_vel_yaw_exp: 0.0000
Episode_Reward/tracking_lin_vel_y_l2: 0.0000
Episode_Reward/tracking_lin_vel_z_l2: 0.0000
            Episode_Reward/survive: 0.0000
    Episode_Reward/foot_contacts_z: 0.0000
            Episode_Reward/torques: -0.0076
 Episode_Reward/tracking_lin_vel_y: 0.0000
          Episode_Reward/lin_vel_z: -0.0005
         Episode_Reward/ang_vel_xy: -0.0010
   Episode_Reward/tracking_ang_vel: 0.0016
               Episode_Reward/work: -0.0403
            Episode_Reward/dof_acc: -0.0853
        Episode_Reward/action_rate: -0.0013
     Episode_Reward/dof_pos_limits: -0.0000
      Episode_Reward/delta_torques: -0.0000
          Episode_Reward/collision: -0.2479
        Episode_Reward/walking_dof: 0.0002
            Episode_Reward/hip_pos: -0.0017
          Episode_Reward/feet_jerk: 0.0000
              Episode_Reward/alive: 0.0107
          Episode_Reward/feet_drag: -0.0004
Episode_Reward/feet_contact_forces: -0.0062
               Episode_Reward/roll: -0.0017
        Episode_Reward/base_height: -0.0060
Episode_Reward/tracking_lin_vel_max: 0.0151
Episode_Reward/flat_orientation_l2: -0.0004
  Episode_Reward/air_time_variance: -0.0003
        Episode_Reward/feet_height: 0.0000
      Episode_Reward/feet_air_time: 0.0000
Episode_Reward/update_last_buffers: 0.0000
   Episode_Reward/wheel_idle_speed: -0.5033
    Episode_Reward/wheel_action_l2: -0.0003
  Episode_Reward/wheel_action_rate: 0.0000
  Episode_Reward/wheel_forward_use: 0.0013
 Episode_Reward/wheel_turn_support: 0.0065
Episode_Reward/tactic_mission_completion: 0.0000
Episode_Reward/tactic_mission_success: 0.0000
Episode_Reward/tactic_task_progress: -0.0001
Episode_Reward/tactic_task_tracking: 0.0013
 Episode_Reward/tactic_ee_tracking: 0.0122
  Episode_Reward/tactic_valid_task: 0.0021
Episode_Reward/tactic_invalid_task: 0.0000
Episode_Reward/tactic_option_switch: -0.0000
Episode_Reward/tactic_control_progress: -0.0000
  Episode_Reward/tactic_cbf_margin: 0.0000
Episode_Reward/tactic_predicted_margin: 0.0000
Episode_Reward/tactic_clf_decrease: 0.0000
Episode_Reward/tactic_disturbance_rejection: 0.0000
Episode_Reward/tactic_safety_violation: -0.0031
Episode_Reward/tactic_unsafe_progress: -0.0000
Episode_Reward/tactic_object_contact: 0.0000
 Episode_Reward/tactic_object_lift: 0.0000
Episode_Reward/tactic_object_transport: 0.0000
Episode_Reward/tactic_object_place: 0.0000
Episode_Reward/tactic_object_completion: 0.0000
Episode_Reward/tactic_interaction_frontier: 0.0000
  Episode_Reward/tactic_grasp_hold: 0.0000
Episode_Reward/tactic_payload_progress: 0.0000
Episode_Reward/tactic_release_readiness: 0.0000
Episode_Reward/tactic_intended_release: 0.0000
Episode_Reward/tactic_payload_retention: 0.0000
Episode_Reward/tactic_payload_drop: 0.0000
Episode_Reward/tactic_release_quality: 0.0000
Episode_Reward/tactic_wrong_object_interaction: 0.0000
 Episode_Reward/tactic_all_objects: 0.0000
Metrics/locomotion/TACTIC/mission_completion: 0.0000
Metrics/locomotion/TACTIC/mission_completion_delta: 0.0000
Metrics/locomotion/TACTIC/mission_success: 0.0000
Metrics/locomotion/TACTIC/task_progress: 0.0324
Metrics/locomotion/TACTIC/task_progress_delta: -0.0002
Metrics/locomotion/TACTIC/task_error: 1.6814
Metrics/locomotion/TACTIC/ee_error: 0.3964
Metrics/locomotion/TACTIC/tcp_object_distance: 1.0933
Metrics/locomotion/TACTIC/goal_object_distance: 0.7877
Metrics/locomotion/TACTIC/finger_object_distance: 1.1306
Metrics/locomotion/TACTIC/object_target_distance: 0.8405
Metrics/locomotion/TACTIC/recovery_task_executed: 0.0000
Metrics/locomotion/TACTIC/recovery_task_probability: 0.0000
Metrics/locomotion/TACTIC/executed_task_probability: 1.0000
Metrics/locomotion/TACTIC/task_constraint_projection: 0.0000
Metrics/locomotion/TACTIC/recovery_latch_seen: 0.0000
Metrics/locomotion/TACTIC/recovery_valid_seen: 0.0000
Metrics/locomotion/TACTIC/recovery_pressure_seen: 0.0000
Metrics/locomotion/TACTIC/cbf_margin: 0.0000
Metrics/locomotion/TACTIC/predicted_margin: 0.0000
Metrics/locomotion/TACTIC/clf_decrease: -0.0849
Metrics/locomotion/TACTIC/disturbance_estimate: 0.5709
Metrics/locomotion/TACTIC/base_height: 0.2784
Metrics/locomotion/TACTIC/base_tilt: 0.5525
Metrics/locomotion/TACTIC/control_recovery_pressure: 1.0000
Metrics/locomotion/TACTIC/control_recovery_active: 1.0000
Metrics/locomotion/TACTIC/control_recovery_constraint_active: 1.0000
Metrics/locomotion/TACTIC/payload_posture_projection: 0.0000
Metrics/locomotion/TACTIC/payload_relation_violation: 0.0000
 Metrics/locomotion/TACTIC/base_vx: 0.1263
 Metrics/locomotion/TACTIC/base_vy: 0.0527
 Metrics/locomotion/TACTIC/base_wz: -0.2371
Metrics/locomotion/TACTIC/support_count: 2.1250
Metrics/locomotion/TACTIC/obstacle_margin: 0.9726
Metrics/locomotion/TACTIC/gripper_closure: 0.0058
Metrics/locomotion/TACTIC/manipulation_active: 1.0000
Metrics/locomotion/TACTIC/grasp_active: 1.0000
Metrics/locomotion/TACTIC/grasp_orientation_active: 0.0000
Metrics/locomotion/TACTIC/grasp_orientation_error: 0.0000
Metrics/locomotion/TACTIC/interaction_authority: 0.0000
Metrics/locomotion/TACTIC/workspace_handoff: 0.0000
Metrics/locomotion/TACTIC/grasp_projection_distance: 0.0000
Metrics/locomotion/TACTIC/grasp_center_error: 0.0000
Metrics/locomotion/TACTIC/capture_staging_distance: 1.1057
Metrics/locomotion/TACTIC/capture_heading_error: 2.1498
Metrics/locomotion/TACTIC/capture_initiation_margin: -4.1082
Metrics/locomotion/TACTIC/selected_delivery_side: 1.0000
Metrics/locomotion/TACTIC/capture_lift_active: 0.0000
Metrics/locomotion/TACTIC/command_vx: -0.0122
Metrics/locomotion/TACTIC/command_vy: 0.0021
Metrics/locomotion/TACTIC/command_wz: -0.1234
Metrics/locomotion/TACTIC/curriculum_level: 0.0000
Metrics/locomotion/TACTIC/curriculum_frontier: 0.0000
Metrics/locomotion/TACTIC/curriculum_probe: 0.0000
Metrics/locomotion/TACTIC/interaction_start_curriculum: 1.0000
Metrics/locomotion/TACTIC/interaction_start_probability: 1.0000
Metrics/locomotion/TACTIC/composition_probe_probability: 0.0005
Metrics/locomotion/TACTIC/curriculum_completion_ema: 0.0000
Metrics/locomotion/TACTIC/curriculum_progress_ema: 0.0976
Metrics/locomotion/TACTIC/curriculum_safety_ema: 0.4834
Metrics/locomotion/TACTIC/episode_safety_fraction: 0.8527
Metrics/locomotion/TACTIC/curriculum_contact_ema: 0.0174
Metrics/locomotion/TACTIC/curriculum_lift_ema: 0.0190
Metrics/locomotion/TACTIC/curriculum_transport_ema: 0.0222
Metrics/locomotion/TACTIC/curriculum_place_ema: 0.0000
Metrics/locomotion/TACTIC/curriculum_delivery_completion_ema: 0.0000
Metrics/locomotion/TACTIC/curriculum_regression_streak: 0.0000
Metrics/locomotion/TACTIC/required_task_count: 1.0000
Metrics/locomotion/TACTIC/object_completion_mean: 0.0000
Metrics/locomotion/TACTIC/object_contact_mean: 0.0000
Metrics/locomotion/TACTIC/object_lift_mean: 0.0000
Metrics/locomotion/TACTIC/object_transport_mean: 0.0000
Metrics/locomotion/TACTIC/object_place_mean: 0.0000
Metrics/locomotion/TACTIC/object_target_progress_mean: -0.0627
Metrics/locomotion/TACTIC/object_target_progress_delta_mean: 0.0000
Metrics/locomotion/TACTIC/object_release_readiness_mean: 0.0000
Metrics/locomotion/TACTIC/object_release_readiness_delta_mean: 0.0000
Metrics/locomotion/TACTIC/object_release_event_mean: 0.0000
Metrics/locomotion/TACTIC/object_drop_event_mean: 0.0000
Metrics/locomotion/TACTIC/object_gripper_distance_mean: 1.0666
Metrics/locomotion/TACTIC/object_carrying_mean: 0.0000
Metrics/locomotion/TACTIC/object_carry_memory_mean: 0.0000
Metrics/locomotion/TACTIC/interaction_frontier_mean: 0.0000
Metrics/locomotion/TACTIC/interaction_frontier_delta_mean: 0.0000
Metrics/locomotion/TACTIC/contact_symmetry_mean: 0.0000
 Metrics/locomotion/TACTIC/task_id: 9.0000
Metrics/locomotion/TACTIC/skill_id: 6.0000
Metrics/locomotion/TACTIC/object_id: 4.0000
Metrics/locomotion/TACTIC/effective_object_id: 4.0000
Metrics/locomotion/TACTIC/selected_object_contact: 0.0000
Metrics/locomotion/TACTIC/selected_object_lift: 0.0000
Metrics/locomotion/TACTIC/selected_object_transport: 0.0000
Metrics/locomotion/TACTIC/selected_object_place: 0.0000
Metrics/locomotion/TACTIC/selected_object_completion: 0.0000
Metrics/locomotion/TACTIC/selected_object_carrying: 0.0000
Metrics/locomotion/TACTIC/selected_object_carry_memory: 0.0000
Metrics/locomotion/TACTIC/selected_object_target_progress: -0.3762
Metrics/locomotion/TACTIC/selected_object_target_progress_delta: 0.0000
Metrics/locomotion/TACTIC/selected_object_release_readiness: 0.0000
Metrics/locomotion/TACTIC/selected_object_release_readiness_delta: 0.0000
Metrics/locomotion/TACTIC/selected_object_release_event: 0.0000
Metrics/locomotion/TACTIC/selected_object_drop_event: 0.0000
Metrics/locomotion/TACTIC/selected_object_gripper_distance: 1.0951
Metrics/locomotion/TACTIC/selected_object_place_error_xy: 0.4271
Metrics/locomotion/TACTIC/selected_object_place_error_z: 0.6842
Metrics/locomotion/TACTIC/selected_interaction_frontier: 0.0000
Metrics/locomotion/TACTIC/selected_interaction_frontier_delta: 0.0000
Metrics/locomotion/TACTIC/selected_reachability: 0.0000
Metrics/locomotion/TACTIC/task_switch: 0.0000
Metrics/locomotion/TACTIC/skill_switch: 0.0000
Metrics/locomotion/TACTIC/task_age: 0.0000
Metrics/locomotion/TACTIC/skill_age: 0.0000
Metrics/locomotion/TACTIC/task_hazard: 0.0000
Metrics/locomotion/TACTIC/skill_hazard: 0.0000
Metrics/locomotion/TACTIC/task_termination_probability: 0.0000
Metrics/locomotion/TACTIC/skill_termination_probability: 0.0000
Metrics/locomotion/TACTIC/task_entropy: 0.0069
Metrics/locomotion/TACTIC/skill_entropy: 0.6269
Metrics/locomotion/TACTIC/task_occupancy_entropy: 0.0069
Metrics/locomotion/TACTIC/skill_occupancy_entropy: 0.6269
Metrics/locomotion/TACTIC/skill_parameter_0: 0.0000
Metrics/locomotion/TACTIC/skill_parameter_1: 0.0000
Metrics/locomotion/TACTIC/skill_parameter_2: 0.0000
Metrics/locomotion/TACTIC/skill_parameter_3: 0.0000
Metrics/locomotion/TACTIC/skill_parameter_4: 0.0000
Metrics/locomotion/TACTIC/skill_parameter_5: 0.0000
Metrics/locomotion/TACTIC/object_0_complete: 0.0000
Metrics/locomotion/TACTIC/object_1_complete: 0.0000
Metrics/locomotion/TACTIC/object_2_complete: 0.0000
Metrics/locomotion/TACTIC/object_3_complete: 0.0000
Metrics/locomotion/TACTIC/object_4_complete: 0.0000
Metrics/locomotion/TACTIC/object_5_complete: 0.0000
      Episode_Termination/time_out: 0.0000
   Episode_Termination/bad_contact: 0.0000
          Episode_Termination/tilt: 0.3223
    Episode_Termination/low_height: 0.0156
Episode_Termination/mission_success: 0.0000
--------------------------------------------------------------------------------
                   Total timesteps: 36864
                    Iteration time: 6.44s
                      Time elapsed: 00:01:17
                               ETA: 00:02:02

################################################################################
                       [1m Learning iteration 12/30 [0m                       

                       Computation: 480 steps/s (collection: 5.556s, learning 0.838s)
             Mean action noise std: 0.02
          Mean value_function loss: 10.0145
               Mean surrogate loss: 0.0629
                 Mean entropy loss: -102.6870
 Mean next_control_prediction loss: 0.0237
       Mean skill_feasibility loss: 0.6931
 Mean task_outcome_prediction loss: 0.0321
 Mean task_outcome_confidence loss: 1.5311
Mean task_outcome_confidence_mean loss: 0.1192
Mean skill_outcome_prediction loss: 0.0024
        Mean payload_survival loss: 0.6931
Mean payload_survival_support loss: 0.0234
   Mean payload_drop_fraction loss: 0.0000
Mean payload_survival_prediction loss: 0.5000
 Mean skill_effect_prediction loss: 0.0302
 Mean skill_effect_confidence loss: 1.6297
Mean skill_effect_confidence_mean loss: 0.1192
Mean motion_execution_prediction loss: 0.0394
Mean motion_execution_confidence loss: 1.4970
Mean embodiment_response_prediction loss: 0.0013
Mean embodiment_response_vx_abs loss: 0.0019
Mean embodiment_response_wz_abs loss: 0.0011
   Mean constraint_multiplier loss: 0.0094
Mean task_constraint_multiplier_mean loss: 0.1632
Mean skill_constraint_multiplier_mean loss: 0.1632
 Mean hierarchy_cbf_violation loss: 0.0292
Mean hierarchy_cbf_raw_violation loss: 0.0304
Mean hierarchy_cbf_transient_slack loss: 0.0067
 Mean hierarchy_clf_violation loss: 0.0000
Mean hierarchy_cbf_regression loss: 0.0057
Mean hierarchy_clf_regression loss: 0.0000
   Mean safe_task_achievement loss: -0.0035
  Mean safe_skill_achievement loss: -0.0038
Mean unsafe_positive_progress_rate loss: 0.0548
Mean motion_execution_confidence_mean loss: 0.1192
Mean grounded_effect_diversity loss: 0.0000
      Mean task_option_credit loss: -0.0182
     Mean skill_option_credit loss: -0.0305
    Mean event_hindsight_task loss: 0.0000
   Mean event_hindsight_skill loss: 3.8619
       Mean event_credit_mass loss: 0.0030
Mean task_option_advantage_abs loss: 0.2449
Mean skill_option_advantage_abs loss: 0.3020
         Mean task_transition loss: 2.3685
        Mean skill_transition loss: 1.6306
       Mean motion_transition loss: 1.7972
  Mean interaction_transition loss: 1.3805
Mean interaction_active_fraction loss: 1.0000
              Mean task_usage loss: 0.0000
  Mean task_frontier_coverage loss: 0.0000
Mean selected_frontier_probability loss: 0.8025
       Mean interaction_phase loss: 0.3034
Mean interaction_release_target loss: 0.0207
Mean interaction_release_frontier loss: 0.0068
Mean interaction_release_balance_weight loss: 1.1452
  Mean task_control_objective loss: 0.0087
        Mean task_clf_descent loss: 0.0013
  Mean task_barrier_authority loss: 0.0211
Mean skill_predictive_control loss: 0.0017
Mean relational_subgoal_grounding loss: 0.0000
  Mean task_subgoal_alignment loss: 1.0000
  Mean task_subgoal_authority loss: 0.4779
   Mean task_skill_projection loss: 0.0000
 Mean task_transient_capacity loss: 0.7903
   Mean task_posture_capacity loss: 0.9097
Mean task_projected_turn_demand loss: 0.3294
Mean task_semantic_turn_demand loss: 0.3294
Mean task_lateral_turn_demand loss: 0.0000
Mean task_target_yaw_residual loss: 0.5989
Mean task_interaction_authority loss: 0.0071
    Mean task_arm_scope_error loss: 0.0000
Mean counterfactual_task_selection loss: 0.0000
Mean counterfactual_task_target_entropy loss: 0.0000
Mean counterfactual_task_target_peak loss: 0.0000
Mean grounded_task_utility_span loss: 0.0000
      Mean task_outcome_blend loss: 0.0000
Mean grounded_task_target_agreement loss: 0.0000
Mean sampled_task_target_probability loss: 0.0000
Mean recovery_candidate_fraction loss: 0.0000
Mean recovery_task_probability loss: 0.0000
Mean recovery_target_probability loss: 0.0000
Mean counterfactual_termination loss: 0.4701
 Mean task_termination_target loss: 0.0000
Mean skill_termination_target loss: 0.5239
Mean payload_skill_barrier_pressure loss: 0.0000
Mean payload_transient_demand loss: 0.0104
Mean payload_skill_exit_target loss: 0.0000
Mean payload_survival_exit_target loss: 0.0000
Mean payload_survival_authority loss: 0.0000
        Mean task_switch_gain loss: 0.0000
       Mean skill_switch_gain loss: -0.0908
Mean counterfactual_skill_selection loss: 0.8061
Mean counterfactual_target_entropy loss: 0.6142
Mean counterfactual_target_peak loss: 0.8056
       Mean successor_decoder loss: 0.0794
  Mean successor_predicted_vx loss: -0.0019
  Mean successor_predicted_wz loss: -0.0063
 Mean successor_predicted_cbf loss: 0.5000
 Mean successor_predicted_clf loss: 0.5000
 Mean successor_cbf_violation loss: 0.0028
 Mean successor_clf_violation loss: 0.0001
             Mean skill_usage loss: 0.1753
        Mean skill_confidence loss: 0.7183
     Mean task_slot_diversity loss: 0.3941
Mean skill_embedding_diversity loss: 0.0621
   Mean motion_gain_diversity loss: 0.0000
Mean motion_objective_diversity loss: 0.0000
       Mean event_replay_size loss: 3148.0000
   Mean event_replay_priority loss: 0.0409
 Mean event_replay_task_valid loss: 0.6943
Mean event_replay_task_detail_valid loss: 0.6943
       Mean event_replay_task loss: 0.0000
      Mean event_replay_skill loss: 0.6704
     Mean event_replay_motion loss: 1.0778
Mean event_replay_interaction loss: 0.1726
Mean event_replay_task_subgoal loss: 0.0003
Mean event_replay_skill_parameter loss: 0.0212
  Mean event_replay_parameter loss: 0.0213
Mean event_replay_barrier_quality loss: 0.4933
Mean event_replay_unsafe_fraction loss: 0.0000
Mean event_replay_buffer_unsafe_fraction loss: 0.0000
Mean event_replay_buffer_delivery loss: 0.7001
Mean event_replay_buffer_recovery loss: 0.0000
Mean event_replay_sample_delivery loss: 0.6954
Mean event_replay_sample_recovery loss: 0.0000
Mean event_replay_sample_raw_delivery loss: 0.6943
Mean event_replay_sample_raw_recovery loss: 0.0000
Mean event_replay_recovery_pressure loss: 0.0000
Mean event_replay_recovery_adapter_gate loss: 0.0000
Mean event_replay_buffer_approach loss: 0.7609
Mean event_replay_sample_approach loss: 0.6158
Mean event_replay_sample_raw_approach loss: 0.6160
Mean event_replay_buffer_secure loss: 0.1534
Mean event_replay_sample_secure loss: 0.2552
Mean event_replay_sample_raw_secure loss: 0.2588
Mean event_replay_buffer_release loss: 0.0858
Mean event_replay_sample_release loss: 0.1290
Mean event_replay_sample_raw_release loss: 0.1252
Mean payload_survival_replay_size loss: 355.0000
Mean payload_survival_replay_support loss: 1.0000
Mean payload_survival_replay_drop_fraction loss: 0.5013
Mean payload_survival_replay_prediction loss: 0.5000
Mean payload_survival_replay_drop_prediction loss: 0.5000
Mean payload_survival_replay_retain_prediction loss: 0.5000
Mean payload_survival_replay_separation loss: 0.0000
Mean payload_survival_replay_accuracy loss: 0.4986
Mean payload_survival_replay_rank_loss loss: 0.7185
Mean payload_survival_replay_rank_gap loss: 0.0000
Mean payload_survival_replay_rank_accuracy loss: 0.0000
Mean payload_survival_replay_rank_pairs loss: 110.0000
      Mean event_replay_added loss: 256.0000
Mean event_replay_append_task_valid loss: 0.6992
Mean event_replay_task_relabel loss: 0.3008
Mean event_replay_interaction_relabel loss: 0.4219
Mean event_replay_append_delivery loss: 0.6992
Mean event_replay_append_recovery loss: 0.0000
Mean event_replay_append_payload_recovery loss: 0.0000
Mean payload_survival_replay_added loss: 36.0000
Mean payload_survival_replay_append_drop_fraction loss: 0.0000
      Mean hierarchy_cbf_dual loss: 0.5121
      Mean hierarchy_clf_dual loss: 0.3022
Mean hierarchy_cbf_violation_ema loss: 0.2525
Mean hierarchy_clf_violation_ema loss: 0.0313
Mean physical_adaptation_active loss: 0.0000
Mean physical_adaptation_stage loss: -10.0000
 Mean hierarchy_only_training loss: 0.0000
Mean decomposition_only_training loss: 0.0000
Mean motion_selector_only_training loss: 0.0000
Mean interaction_selector_only_training loss: 0.0000
Mean motion_skill_only_training loss: 0.0000
Mean payload_motion_only_training loss: 0.0000
Mean recovery_adapter_only_training loss: 0.0000
 Mean auxiliary_learning_rate loss: 0.0000
Mean payload_survival_learning_rate loss: 0.0003
Mean physical_core_learning_rate loss: 0.0000
Mean physical_adapter_learning_rate loss: 0.0000
Mean skill_information_reward loss: -0.0046
 Mean task_information_reward loss: 0.0000
                       Mean reward: -118.40
               Mean episode length: 68.96
   Episode_Reward/term_bad_contact: 0.0000
          Episode_Reward/term_tilt: -0.0139
    Episode_Reward/term_low_height: 0.0000
      Episode_Reward/leg_action_l2: -0.0016
   Episode_Reward/tracking_lin_vel: 0.0000
Episode_Reward/tracking_ang_vel_yaw_l1: 0.0000
Episode_Reward/tracking_ang_vel_yaw_exp: 0.0000
Episode_Reward/tracking_lin_vel_y_l2: 0.0000
Episode_Reward/tracking_lin_vel_z_l2: 0.0000
            Episode_Reward/survive: 0.0000
    Episode_Reward/foot_contacts_z: 0.0000
            Episode_Reward/torques: -0.0044
 Episode_Reward/tracking_lin_vel_y: 0.0000
          Episode_Reward/lin_vel_z: -0.0004
         Episode_Reward/ang_vel_xy: -0.0009
   Episode_Reward/tracking_ang_vel: 0.0018
               Episode_Reward/work: -0.0437
            Episode_Reward/dof_acc: -0.1168
        Episode_Reward/action_rate: -0.0010
     Episode_Reward/dof_pos_limits: -0.0000
      Episode_Reward/delta_torques: -0.0000
          Episode_Reward/collision: -0.1722
        Episode_Reward/walking_dof: 0.0000
            Episode_Reward/hip_pos: -0.0009
          Episode_Reward/feet_jerk: 0.0000
              Episode_Reward/alive: 0.0093
          Episode_Reward/feet_drag: -0.0004
Episode_Reward/feet_contact_forces: -0.0041
               Episode_Reward/roll: -0.0015
        Episode_Reward/base_height: -0.0030
Episode_Reward/tracking_lin_vel_max: 0.0132
Episode_Reward/flat_orientation_l2: -0.0003
  Episode_Reward/air_time_variance: -0.0001
        Episode_Reward/feet_height: 0.0000
      Episode_Reward/feet_air_time: 0.0000
Episode_Reward/update_last_buffers: 0.0000
   Episode_Reward/wheel_idle_speed: -0.5547
    Episode_Reward/wheel_action_l2: -0.0002
  Episode_Reward/wheel_action_rate: 0.0000
  Episode_Reward/wheel_forward_use: 0.0027
 Episode_Reward/wheel_turn_support: 0.0049
Episode_Reward/tactic_mission_completion: 0.0000
Episode_Reward/tactic_mission_success: 0.0000
Episode_Reward/tactic_task_progress: -0.0002
Episode_Reward/tactic_task_tracking: 0.0013
 Episode_Reward/tactic_ee_tracking: 0.0118
  Episode_Reward/tactic_valid_task: 0.0019
Episode_Reward/tactic_invalid_task: 0.0000
Episode_Reward/tactic_option_switch: -0.0000
Episode_Reward/tactic_control_progress: -0.0001
  Episode_Reward/tactic_cbf_margin: 0.0000
Episode_Reward/tactic_predicted_margin: 0.0000
Episode_Reward/tactic_clf_decrease: 0.0000
Episode_Reward/tactic_disturbance_rejection: 0.0000
Episode_Reward/tactic_safety_violation: -0.0013
Episode_Reward/tactic_unsafe_progress: -0.0000
Episode_Reward/tactic_object_contact: 0.0000
 Episode_Reward/tactic_object_lift: 0.0000
Episode_Reward/tactic_object_transport: 0.0000
Episode_Reward/tactic_object_place: 0.0000
Episode_Reward/tactic_object_completion: 0.0000
Episode_Reward/tactic_interaction_frontier: 0.0000
  Episode_Reward/tactic_grasp_hold: 0.0000
Episode_Reward/tactic_payload_progress: 0.0000
Episode_Reward/tactic_release_readiness: 0.0000
Episode_Reward/tactic_intended_release: 0.0000
Episode_Reward/tactic_payload_retention: 0.0000
Episode_Reward/tactic_payload_drop: 0.0000
Episode_Reward/tactic_release_quality: 0.0000
Episode_Reward/tactic_wrong_object_interaction: 0.0000
 Episode_Reward/tactic_all_objects: 0.0000
Metrics/locomotion/TACTIC/mission_completion: 0.0000
Metrics/locomotion/TACTIC/mission_completion_delta: 0.0000
Metrics/locomotion/TACTIC/mission_success: 0.0000
Metrics/locomotion/TACTIC/task_progress: 0.0374
Metrics/locomotion/TACTIC/task_progress_delta: -0.0004
Metrics/locomotion/TACTIC/task_error: 1.6448
Metrics/locomotion/TACTIC/ee_error: 0.3871
Metrics/locomotion/TACTIC/tcp_object_distance: 0.9946
Metrics/locomotion/TACTIC/goal_object_distance: 0.7667
Metrics/locomotion/TACTIC/finger_object_distance: 1.0426
Metrics/locomotion/TACTIC/object_target_distance: 0.8474
Metrics/locomotion/TACTIC/recovery_task_executed: 0.0000
Metrics/locomotion/TACTIC/recovery_task_probability: 0.0000
Metrics/locomotion/TACTIC/executed_task_probability: 1.0000
Metrics/locomotion/TACTIC/task_constraint_projection: 0.0000
Metrics/locomotion/TACTIC/recovery_latch_seen: 0.0000
Metrics/locomotion/TACTIC/recovery_valid_seen: 0.0000
Metrics/locomotion/TACTIC/recovery_pressure_seen: 0.0000
Metrics/locomotion/TACTIC/cbf_margin: 0.0000
Metrics/locomotion/TACTIC/predicted_margin: 0.0000
Metrics/locomotion/TACTIC/clf_decrease: -0.1710
Metrics/locomotion/TACTIC/disturbance_estimate: 0.7552
Metrics/locomotion/TACTIC/base_height: 0.2507
Metrics/locomotion/TACTIC/base_tilt: 0.5304
Metrics/locomotion/TACTIC/control_recovery_pressure: 1.0000
Metrics/locomotion/TACTIC/control_recovery_active: 1.0000
Metrics/locomotion/TACTIC/control_recovery_constraint_active: 1.0000
Metrics/locomotion/TACTIC/payload_posture_projection: 0.0000
Metrics/locomotion/TACTIC/payload_relation_violation: 0.0000
 Metrics/locomotion/TACTIC/base_vx: 0.6228
 Metrics/locomotion/TACTIC/base_vy: -0.0337
 Metrics/locomotion/TACTIC/base_wz: 0.1373
Metrics/locomotion/TACTIC/support_count: 2.6667
Metrics/locomotion/TACTIC/obstacle_margin: 0.9864
Metrics/locomotion/TACTIC/gripper_closure: 0.0197
Metrics/locomotion/TACTIC/manipulation_active: 1.0000
Metrics/locomotion/TACTIC/grasp_active: 1.0000
Metrics/locomotion/TACTIC/grasp_orientation_active: 0.0000
Metrics/locomotion/TACTIC/grasp_orientation_error: 0.0000
Metrics/locomotion/TACTIC/interaction_authority: 0.0000
Metrics/locomotion/TACTIC/workspace_handoff: 0.0000
Metrics/locomotion/TACTIC/grasp_projection_distance: 0.0000
Metrics/locomotion/TACTIC/grasp_center_error: 0.0000
Metrics/locomotion/TACTIC/capture_staging_distance: 1.0853
Metrics/locomotion/TACTIC/capture_heading_error: 1.9273
Metrics/locomotion/TACTIC/capture_initiation_margin: -3.9133
Metrics/locomotion/TACTIC/selected_delivery_side: 0.3333
Metrics/locomotion/TACTIC/capture_lift_active: 0.0000
Metrics/locomotion/TACTIC/command_vx: -0.0257
Metrics/locomotion/TACTIC/command_vy: 0.0008
Metrics/locomotion/TACTIC/command_wz: 0.1174
Metrics/locomotion/TACTIC/curriculum_level: 0.0000
Metrics/locomotion/TACTIC/curriculum_frontier: 0.0000
Metrics/locomotion/TACTIC/curriculum_probe: 0.0000
Metrics/locomotion/TACTIC/interaction_start_curriculum: 1.0000
Metrics/locomotion/TACTIC/interaction_start_probability: 1.0000
Metrics/locomotion/TACTIC/composition_probe_probability: 0.0060
Metrics/locomotion/TACTIC/curriculum_completion_ema: 0.0000
Metrics/locomotion/TACTIC/curriculum_progress_ema: 0.0908
Metrics/locomotion/TACTIC/curriculum_safety_ema: 0.5251
Metrics/locomotion/TACTIC/episode_safety_fraction: 0.9396
Metrics/locomotion/TACTIC/curriculum_contact_ema: 0.0156
Metrics/locomotion/TACTIC/curriculum_lift_ema: 0.0171
Metrics/locomotion/TACTIC/curriculum_transport_ema: 0.0200
Metrics/locomotion/TACTIC/curriculum_place_ema: 0.0000
Metrics/locomotion/TACTIC/curriculum_delivery_completion_ema: 0.0000
Metrics/locomotion/TACTIC/curriculum_regression_streak: 0.0000
Metrics/locomotion/TACTIC/required_task_count: 1.0000
Metrics/locomotion/TACTIC/object_completion_mean: 0.0000
Metrics/locomotion/TACTIC/object_contact_mean: 0.0000
Metrics/locomotion/TACTIC/object_lift_mean: 0.0000
Metrics/locomotion/TACTIC/object_transport_mean: 0.0000
Metrics/locomotion/TACTIC/object_place_mean: 0.0000
Metrics/locomotion/TACTIC/object_target_progress_mean: -0.0390
Metrics/locomotion/TACTIC/object_target_progress_delta_mean: 0.0000
Metrics/locomotion/TACTIC/object_release_readiness_mean: 0.0000
Metrics/locomotion/TACTIC/object_release_readiness_delta_mean: 0.0000
Metrics/locomotion/TACTIC/object_release_event_mean: 0.0000
Metrics/locomotion/TACTIC/object_drop_event_mean: 0.0000
Metrics/locomotion/TACTIC/object_gripper_distance_mean: 1.0105
Metrics/locomotion/TACTIC/object_carrying_mean: 0.0000
Metrics/locomotion/TACTIC/object_carry_memory_mean: 0.0000
Metrics/locomotion/TACTIC/interaction_frontier_mean: 0.0000
Metrics/locomotion/TACTIC/interaction_frontier_delta_mean: 0.0000
Metrics/locomotion/TACTIC/contact_symmetry_mean: 0.0000
 Metrics/locomotion/TACTIC/task_id: 9.0000
Metrics/locomotion/TACTIC/skill_id: 5.0000
Metrics/locomotion/TACTIC/object_id: 4.0000
Metrics/locomotion/TACTIC/effective_object_id: 4.0000
Metrics/locomotion/TACTIC/selected_object_contact: 0.0000
Metrics/locomotion/TACTIC/selected_object_lift: 0.0000
Metrics/locomotion/TACTIC/selected_object_transport: 0.0000
Metrics/locomotion/TACTIC/selected_object_place: 0.0000
Metrics/locomotion/TACTIC/selected_object_completion: 0.0000
Metrics/locomotion/TACTIC/selected_object_carrying: 0.0000
Metrics/locomotion/TACTIC/selected_object_carry_memory: 0.0000
Metrics/locomotion/TACTIC/selected_object_target_progress: -0.2341
Metrics/locomotion/TACTIC/selected_object_target_progress_delta: 0.0000
Metrics/locomotion/TACTIC/selected_object_release_readiness: 0.0000
Metrics/locomotion/TACTIC/selected_object_release_readiness_delta: 0.0000
Metrics/locomotion/TACTIC/selected_object_release_event: 0.0000
Metrics/locomotion/TACTIC/selected_object_drop_event: 0.0000
Metrics/locomotion/TACTIC/selected_object_gripper_distance: 0.9960
Metrics/locomotion/TACTIC/selected_object_place_error_xy: 0.3738
Metrics/locomotion/TACTIC/selected_object_place_error_z: 0.7517
Metrics/locomotion/TACTIC/selected_interaction_frontier: 0.0000
Metrics/locomotion/TACTIC/selected_interaction_frontier_delta: 0.0000
Metrics/locomotion/TACTIC/selected_reachability: 0.0000
Metrics/locomotion/TACTIC/task_switch: 0.0000
Metrics/locomotion/TACTIC/skill_switch: 0.0000
Metrics/locomotion/TACTIC/task_age: 0.0000
Metrics/locomotion/TACTIC/skill_age: 0.0000
Metrics/locomotion/TACTIC/task_hazard: 0.0000
Metrics/locomotion/TACTIC/skill_hazard: 0.0000
Metrics/locomotion/TACTIC/task_termination_probability: 0.0000
Metrics/locomotion/TACTIC/skill_termination_probability: 0.0000
Metrics/locomotion/TACTIC/task_entropy: 0.0000
Metrics/locomotion/TACTIC/skill_entropy: 0.6350
Metrics/locomotion/TACTIC/task_occupancy_entropy: 0.0000
Metrics/locomotion/TACTIC/skill_occupancy_entropy: 0.6350
Metrics/locomotion/TACTIC/skill_parameter_0: 0.0000
Metrics/locomotion/TACTIC/skill_parameter_1: 0.0000
Metrics/locomotion/TACTIC/skill_parameter_2: 0.0000
Metrics/locomotion/TACTIC/skill_parameter_3: 0.0000
Metrics/locomotion/TACTIC/skill_parameter_4: 0.0000
Metrics/locomotion/TACTIC/skill_parameter_5: 0.0000
Metrics/locomotion/TACTIC/object_0_complete: 0.0000
Metrics/locomotion/TACTIC/object_1_complete: 0.0000
Metrics/locomotion/TACTIC/object_2_complete: 0.0000
Metrics/locomotion/TACTIC/object_3_complete: 0.0000
Metrics/locomotion/TACTIC/object_4_complete: 0.0000
Metrics/locomotion/TACTIC/object_5_complete: 0.0000
      Episode_Termination/time_out: 0.0000
   Episode_Termination/bad_contact: 0.0000
          Episode_Termination/tilt: 0.3359
    Episode_Termination/low_height: 0.0156
Episode_Termination/mission_success: 0.0000
--------------------------------------------------------------------------------
                   Total timesteps: 39936
                    Iteration time: 6.39s
                      Time elapsed: 00:01:23
                               ETA: 00:01:55

################################################################################
                       [1m Learning iteration 13/30 [0m                       

                       Computation: 475 steps/s (collection: 5.613s, learning 0.849s)
             Mean action noise std: 0.02
          Mean value_function loss: 10.2989
               Mean surrogate loss: 0.0782
                 Mean entropy loss: -102.6929
 Mean next_control_prediction loss: 0.0253
       Mean skill_feasibility loss: 0.6931
 Mean task_outcome_prediction loss: 0.0322
 Mean task_outcome_confidence loss: 1.5271
Mean task_outcome_confidence_mean loss: 0.1192
Mean skill_outcome_prediction loss: 0.0030
        Mean payload_survival loss: 0.6931
Mean payload_survival_support loss: 0.0273
   Mean payload_drop_fraction loss: 0.0000
Mean payload_survival_prediction loss: 0.5000
 Mean skill_effect_prediction loss: 0.0325
 Mean skill_effect_confidence loss: 1.6103
Mean skill_effect_confidence_mean loss: 0.1192
Mean motion_execution_prediction loss: 0.0423
Mean motion_execution_confidence loss: 1.4762
Mean embodiment_response_prediction loss: 0.0035
Mean embodiment_response_vx_abs loss: 0.0019
Mean embodiment_response_wz_abs loss: 0.0011
   Mean constraint_multiplier loss: 0.0096
Mean task_constraint_multiplier_mean loss: 0.1632
Mean skill_constraint_multiplier_mean loss: 0.1632
 Mean hierarchy_cbf_violation loss: 0.0305
Mean hierarchy_cbf_raw_violation loss: 0.0333
Mean hierarchy_cbf_transient_slack loss: 0.0078
 Mean hierarchy_clf_violation loss: 0.0037
Mean hierarchy_cbf_regression loss: 0.0060
Mean hierarchy_clf_regression loss: 0.0012
   Mean safe_task_achievement loss: -0.0023
  Mean safe_skill_achievement loss: -0.0028
Mean unsafe_positive_progress_rate loss: 0.0486
Mean motion_execution_confidence_mean loss: 0.1192
Mean grounded_effect_diversity loss: 0.0000
      Mean task_option_credit loss: -0.0254
     Mean skill_option_credit loss: -0.0192
    Mean event_hindsight_task loss: 0.0000
   Mean event_hindsight_skill loss: 4.9879
       Mean event_credit_mass loss: 0.0044
Mean task_option_advantage_abs loss: 0.2399
Mean skill_option_advantage_abs loss: 0.3443
         Mean task_transition loss: 2.3593
        Mean skill_transition loss: 1.6105
       Mean motion_transition loss: 1.7945
  Mean interaction_transition loss: 1.3345
Mean interaction_active_fraction loss: 1.0000
              Mean task_usage loss: 0.0000
  Mean task_frontier_coverage loss: 0.0000
Mean selected_frontier_probability loss: 0.8021
       Mean interaction_phase loss: 0.2989
Mean interaction_release_target loss: 0.0208
Mean interaction_release_frontier loss: 0.0069
Mean interaction_release_balance_weight loss: 1.1457
  Mean task_control_objective loss: 0.0094
        Mean task_clf_descent loss: 0.0010
  Mean task_barrier_authority loss: 0.0238
Mean skill_predictive_control loss: 0.0017
Mean relational_subgoal_grounding loss: 0.0000
  Mean task_subgoal_alignment loss: 1.0000
  Mean task_subgoal_authority loss: 0.4755
   Mean task_skill_projection loss: 0.0001
 Mean task_transient_capacity loss: 0.7889
   Mean task_posture_capacity loss: 0.9003
Mean task_projected_turn_demand loss: 0.3343
Mean task_semantic_turn_demand loss: 0.3343
Mean task_lateral_turn_demand loss: 0.0000
Mean task_target_yaw_residual loss: 0.6078
Mean task_interaction_authority loss: 0.0053
    Mean task_arm_scope_error loss: 0.0000
Mean counterfactual_task_selection loss: 0.0000
Mean counterfactual_task_target_entropy loss: 0.0000
Mean counterfactual_task_target_peak loss: 0.0000
Mean grounded_task_utility_span loss: 0.0000
      Mean task_outcome_blend loss: 0.0000
Mean grounded_task_target_agreement loss: 0.0000
Mean sampled_task_target_probability loss: 0.0000
Mean recovery_candidate_fraction loss: 0.0000
Mean recovery_task_probability loss: 0.0000
Mean recovery_target_probability loss: 0.0000
Mean counterfactual_termination loss: 0.4682
 Mean task_termination_target loss: 0.0000
Mean skill_termination_target loss: 0.5163
Mean payload_skill_barrier_pressure loss: 0.0000
Mean payload_transient_demand loss: 0.0146
Mean payload_skill_exit_target loss: 0.0000
Mean payload_survival_exit_target loss: 0.0000
Mean payload_survival_authority loss: 0.0000
        Mean task_switch_gain loss: 0.0000
       Mean skill_switch_gain loss: -0.0914
Mean counterfactual_skill_selection loss: 0.7896
Mean counterfactual_target_entropy loss: 0.5960
Mean counterfactual_target_peak loss: 0.8150
       Mean successor_decoder loss: 0.0799
  Mean successor_predicted_vx loss: -0.0016
  Mean successor_predicted_wz loss: -0.0053
 Mean successor_predicted_cbf loss: 0.5000
 Mean successor_predicted_clf loss: 0.5000
 Mean successor_cbf_violation loss: 0.0029
 Mean successor_clf_violation loss: 0.0001
             Mean skill_usage loss: 0.1801
        Mean skill_confidence loss: 0.7132
     Mean task_slot_diversity loss: 0.3944
Mean skill_embedding_diversity loss: 0.0621
   Mean motion_gain_diversity loss: 0.0000
Mean motion_objective_diversity loss: 0.0000
       Mean event_replay_size loss: 3404.0000
   Mean event_replay_priority loss: 0.0412
 Mean event_replay_task_valid loss: 0.6953
Mean event_replay_task_detail_valid loss: 0.6953
       Mean event_replay_task loss: 0.0000
      Mean event_replay_skill loss: 0.6690
     Mean event_replay_motion loss: 1.0669
Mean event_replay_interaction loss: 0.1827
Mean event_replay_task_subgoal loss: 0.0003
Mean event_replay_skill_parameter loss: 0.0218
  Mean event_replay_parameter loss: 0.0219
Mean event_replay_barrier_quality loss: 0.4938
Mean event_replay_unsafe_fraction loss: 0.0000
Mean event_replay_buffer_unsafe_fraction loss: 0.0000
Mean event_replay_buffer_delivery loss: 0.7024
Mean event_replay_buffer_recovery loss: 0.0000
Mean event_replay_sample_delivery loss: 0.6964
Mean event_replay_sample_recovery loss: 0.0000
Mean event_replay_sample_raw_delivery loss: 0.6953
Mean event_replay_sample_raw_recovery loss: 0.0000
Mean event_replay_recovery_pressure loss: 0.0000
Mean event_replay_recovery_adapter_gate loss: 0.0000
Mean event_replay_buffer_approach loss: 0.7440
Mean event_replay_sample_approach loss: 0.6119
Mean event_replay_sample_raw_approach loss: 0.6124
Mean event_replay_buffer_secure loss: 0.1669
Mean event_replay_sample_secure loss: 0.2484
Mean event_replay_sample_raw_secure loss: 0.2514
Mean event_replay_buffer_release loss: 0.0891
Mean event_replay_sample_release loss: 0.1397
Mean event_replay_sample_raw_release loss: 0.1362
Mean payload_survival_replay_size loss: 391.0000
Mean payload_survival_replay_support loss: 1.0000
Mean payload_survival_replay_drop_fraction loss: 0.5012
Mean payload_survival_replay_prediction loss: 0.5000
Mean payload_survival_replay_drop_prediction loss: 0.5000
Mean payload_survival_replay_retain_prediction loss: 0.5000
Mean payload_survival_replay_separation loss: 0.0000
Mean payload_survival_replay_accuracy loss: 0.4987
Mean payload_survival_replay_rank_loss loss: 0.7185
Mean payload_survival_replay_rank_gap loss: 0.0000
Mean payload_survival_replay_rank_accuracy loss: 0.0000
Mean payload_survival_replay_rank_pairs loss: 107.0000
      Mean event_replay_added loss: 256.0000
Mean event_replay_append_task_valid loss: 0.7305
Mean event_replay_task_relabel loss: 0.2695
Mean event_replay_interaction_relabel loss: 0.4258
Mean event_replay_append_delivery loss: 0.7305
Mean event_replay_append_recovery loss: 0.0000
Mean event_replay_append_payload_recovery loss: 0.0000
Mean payload_survival_replay_added loss: 36.0000
Mean payload_survival_replay_append_drop_fraction loss: 0.0000
      Mean hierarchy_cbf_dual loss: 0.5111
      Mean hierarchy_clf_dual loss: 0.2984
Mean hierarchy_cbf_violation_ema loss: 0.2414
Mean hierarchy_clf_violation_ema loss: 0.0299
Mean physical_adaptation_active loss: 0.0000
Mean physical_adaptation_stage loss: -10.0000
 Mean hierarchy_only_training loss: 0.0000
Mean decomposition_only_training loss: 0.0000
Mean motion_selector_only_training loss: 0.0000
Mean interaction_selector_only_training loss: 0.0000
Mean motion_skill_only_training loss: 0.0000
Mean payload_motion_only_training loss: 0.0000
Mean recovery_adapter_only_training loss: 0.0000
 Mean auxiliary_learning_rate loss: 0.0000
Mean payload_survival_learning_rate loss: 0.0003
Mean physical_core_learning_rate loss: 0.0000
Mean physical_adapter_learning_rate loss: 0.0000
Mean skill_information_reward loss: -0.0044
 Mean task_information_reward loss: 0.0000
                       Mean reward: -120.07
               Mean episode length: 74.29
   Episode_Reward/term_bad_contact: 0.0000
          Episode_Reward/term_tilt: -0.0139
    Episode_Reward/term_low_height: 0.0000
      Episode_Reward/leg_action_l2: -0.0018
   Episode_Reward/tracking_lin_vel: 0.0000
Episode_Reward/tracking_ang_vel_yaw_l1: 0.0000
Episode_Reward/tracking_ang_vel_yaw_exp: 0.0000
Episode_Reward/tracking_lin_vel_y_l2: 0.0000
Episode_Reward/tracking_lin_vel_z_l2: 0.0000
            Episode_Reward/survive: 0.0000
    Episode_Reward/foot_contacts_z: 0.0000
            Episode_Reward/torques: -0.0049
 Episode_Reward/tracking_lin_vel_y: 0.0000
          Episode_Reward/lin_vel_z: -0.0004
         Episode_Reward/ang_vel_xy: -0.0012
   Episode_Reward/tracking_ang_vel: 0.0021
               Episode_Reward/work: -0.0358
            Episode_Reward/dof_acc: -0.0840
        Episode_Reward/action_rate: -0.0010
     Episode_Reward/dof_pos_limits: -0.0000
      Episode_Reward/delta_torques: -0.0000
          Episode_Reward/collision: -0.1650
        Episode_Reward/walking_dof: 0.0002
            Episode_Reward/hip_pos: -0.0009
          Episode_Reward/feet_jerk: 0.0000
              Episode_Reward/alive: 0.0088
          Episode_Reward/feet_drag: -0.0004
Episode_Reward/feet_contact_forces: -0.0041
               Episode_Reward/roll: -0.0018
        Episode_Reward/base_height: -0.0020
Episode_Reward/tracking_lin_vel_max: 0.0124
Episode_Reward/flat_orientation_l2: -0.0005
  Episode_Reward/air_time_variance: -0.0003
        Episode_Reward/feet_height: 0.0000
      Episode_Reward/feet_air_time: 0.0000
Episode_Reward/update_last_buffers: 0.0000
   Episode_Reward/wheel_idle_speed: -0.4568
    Episode_Reward/wheel_action_l2: -0.0002
  Episode_Reward/wheel_action_rate: 0.0000
  Episode_Reward/wheel_forward_use: 0.0065
 Episode_Reward/wheel_turn_support: 0.0063
Episode_Reward/tactic_mission_completion: 0.0000
Episode_Reward/tactic_mission_success: 0.0000
Episode_Reward/tactic_task_progress: -0.0002
Episode_Reward/tactic_task_tracking: 0.0014
 Episode_Reward/tactic_ee_tracking: 0.0106
  Episode_Reward/tactic_valid_task: 0.0018
Episode_Reward/tactic_invalid_task: 0.0000
Episode_Reward/tactic_option_switch: -0.0000
Episode_Reward/tactic_control_progress: -0.0001
  Episode_Reward/tactic_cbf_margin: 0.0000
Episode_Reward/tactic_predicted_margin: 0.0000
Episode_Reward/tactic_clf_decrease: 0.0000
Episode_Reward/tactic_disturbance_rejection: 0.0000
Episode_Reward/tactic_safety_violation: -0.0025
Episode_Reward/tactic_unsafe_progress: -0.0000
Episode_Reward/tactic_object_contact: 0.0000
 Episode_Reward/tactic_object_lift: 0.0000
Episode_Reward/tactic_object_transport: 0.0000
Episode_Reward/tactic_object_place: 0.0000
Episode_Reward/tactic_object_completion: 0.0000
Episode_Reward/tactic_interaction_frontier: 0.0000
  Episode_Reward/tactic_grasp_hold: 0.0000
Episode_Reward/tactic_payload_progress: 0.0000
Episode_Reward/tactic_release_readiness: 0.0000
Episode_Reward/tactic_intended_release: 0.0000
Episode_Reward/tactic_payload_retention: 0.0000
Episode_Reward/tactic_payload_drop: 0.0000
Episode_Reward/tactic_release_quality: 0.0000
Episode_Reward/tactic_wrong_object_interaction: 0.0000
 Episode_Reward/tactic_all_objects: 0.0000
Metrics/locomotion/TACTIC/mission_completion: 0.0000
Metrics/locomotion/TACTIC/mission_completion_delta: 0.0000
Metrics/locomotion/TACTIC/mission_success: 0.0000
Metrics/locomotion/TACTIC/task_progress: 0.0259
Metrics/locomotion/TACTIC/task_progress_delta: -0.0004
Metrics/locomotion/TACTIC/task_error: 1.6157
Metrics/locomotion/TACTIC/ee_error: 0.5281
Metrics/locomotion/TACTIC/tcp_object_distance: 1.3182
Metrics/locomotion/TACTIC/goal_object_distance: 0.9308
Metrics/locomotion/TACTIC/finger_object_distance: 1.3568
Metrics/locomotion/TACTIC/object_target_distance: 0.9182
Metrics/locomotion/TACTIC/recovery_task_executed: 0.0000
Metrics/locomotion/TACTIC/recovery_task_probability: 0.0000
Metrics/locomotion/TACTIC/executed_task_probability: 1.0000
Metrics/locomotion/TACTIC/task_constraint_projection: 0.0000
Metrics/locomotion/TACTIC/recovery_latch_seen: 0.0000
Metrics/locomotion/TACTIC/recovery_valid_seen: 0.0000
Metrics/locomotion/TACTIC/recovery_pressure_seen: 0.0000
Metrics/locomotion/TACTIC/cbf_margin: 0.0000
Metrics/locomotion/TACTIC/predicted_margin: 0.0000
Metrics/locomotion/TACTIC/clf_decrease: -0.2227
Metrics/locomotion/TACTIC/disturbance_estimate: 0.7851
Metrics/locomotion/TACTIC/base_height: 0.4282
Metrics/locomotion/TACTIC/base_tilt: 0.5499
Metrics/locomotion/TACTIC/control_recovery_pressure: 1.0000
Metrics/locomotion/TACTIC/control_recovery_active: 1.0000
Metrics/locomotion/TACTIC/control_recovery_constraint_active: 1.0000
Metrics/locomotion/TACTIC/payload_posture_projection: 0.0000
Metrics/locomotion/TACTIC/payload_relation_violation: 0.0000
 Metrics/locomotion/TACTIC/base_vx: 0.1772
 Metrics/locomotion/TACTIC/base_vy: -0.1466
 Metrics/locomotion/TACTIC/base_wz: -0.4004
Metrics/locomotion/TACTIC/support_count: 2.0000
Metrics/locomotion/TACTIC/obstacle_margin: 1.1019
Metrics/locomotion/TACTIC/gripper_closure: 0.0298
Metrics/locomotion/TACTIC/manipulation_active: 1.0000
Metrics/locomotion/TACTIC/grasp_active: 1.0000
Metrics/locomotion/TACTIC/grasp_orientation_active: 0.0000
Metrics/locomotion/TACTIC/grasp_orientation_error: 0.0000
Metrics/locomotion/TACTIC/interaction_authority: 0.0000
Metrics/locomotion/TACTIC/workspace_handoff: 0.0000
Metrics/locomotion/TACTIC/grasp_projection_distance: 0.0000
Metrics/locomotion/TACTIC/grasp_center_error: 0.0000
Metrics/locomotion/TACTIC/capture_staging_distance: 1.1313
Metrics/locomotion/TACTIC/capture_heading_error: 1.6367
Metrics/locomotion/TACTIC/capture_initiation_margin: -3.5827
Metrics/locomotion/TACTIC/selected_delivery_side: 0.0000
Metrics/locomotion/TACTIC/capture_lift_active: 0.0000
Metrics/locomotion/TACTIC/command_vx: -0.0374
Metrics/locomotion/TACTIC/command_vy: -0.0004
Metrics/locomotion/TACTIC/command_wz: -0.2118
Metrics/locomotion/TACTIC/curriculum_level: 0.0000
Metrics/locomotion/TACTIC/curriculum_frontier: 0.0000
Metrics/locomotion/TACTIC/curriculum_probe: 0.0000
Metrics/locomotion/TACTIC/interaction_start_curriculum: 1.0000
Metrics/locomotion/TACTIC/interaction_start_probability: 1.0000
Metrics/locomotion/TACTIC/composition_probe_probability: 0.0117
Metrics/locomotion/TACTIC/curriculum_completion_ema: 0.0000
Metrics/locomotion/TACTIC/curriculum_progress_ema: 0.0876
Metrics/locomotion/TACTIC/curriculum_safety_ema: 0.5487
Metrics/locomotion/TACTIC/episode_safety_fraction: 0.8721
Metrics/locomotion/TACTIC/curriculum_contact_ema: 0.0147
Metrics/locomotion/TACTIC/curriculum_lift_ema: 0.0161
Metrics/locomotion/TACTIC/curriculum_transport_ema: 0.0188
Metrics/locomotion/TACTIC/curriculum_place_ema: 0.0000
Metrics/locomotion/TACTIC/curriculum_delivery_completion_ema: 0.0000
Metrics/locomotion/TACTIC/curriculum_regression_streak: 0.0000
Metrics/locomotion/TACTIC/required_task_count: 1.0000
Metrics/locomotion/TACTIC/object_completion_mean: 0.0000
Metrics/locomotion/TACTIC/object_contact_mean: 0.0000
Metrics/locomotion/TACTIC/object_lift_mean: 0.0000
Metrics/locomotion/TACTIC/object_transport_mean: 0.0000
Metrics/locomotion/TACTIC/object_place_mean: 0.0000
Metrics/locomotion/TACTIC/object_target_progress_mean: -0.0982
Metrics/locomotion/TACTIC/object_target_progress_delta_mean: 0.0000
Metrics/locomotion/TACTIC/object_release_readiness_mean: 0.0000
Metrics/locomotion/TACTIC/object_release_readiness_delta_mean: 0.0000
Metrics/locomotion/TACTIC/object_release_event_mean: 0.0000
Metrics/locomotion/TACTIC/object_drop_event_mean: 0.0000
Metrics/locomotion/TACTIC/object_gripper_distance_mean: 1.0068
Metrics/locomotion/TACTIC/object_carrying_mean: 0.0000
Metrics/locomotion/TACTIC/object_carry_memory_mean: 0.0000
Metrics/locomotion/TACTIC/interaction_frontier_mean: 0.0000
Metrics/locomotion/TACTIC/interaction_frontier_delta_mean: 0.0000
Metrics/locomotion/TACTIC/contact_symmetry_mean: 0.0000
 Metrics/locomotion/TACTIC/task_id: 9.0000
Metrics/locomotion/TACTIC/skill_id: 6.0000
Metrics/locomotion/TACTIC/object_id: 4.0000
Metrics/locomotion/TACTIC/effective_object_id: 4.0000
Metrics/locomotion/TACTIC/selected_object_contact: 0.0000
Metrics/locomotion/TACTIC/selected_object_lift: 0.0000
Metrics/locomotion/TACTIC/selected_object_transport: 0.0000
Metrics/locomotion/TACTIC/selected_object_place: 0.0000
Metrics/locomotion/TACTIC/selected_object_completion: 0.0000
Metrics/locomotion/TACTIC/selected_object_carrying: 0.0000
Metrics/locomotion/TACTIC/selected_object_carry_memory: 0.0000
Metrics/locomotion/TACTIC/selected_object_target_progress: -0.5894
Metrics/locomotion/TACTIC/selected_object_target_progress_delta: 0.0000
Metrics/locomotion/TACTIC/selected_object_release_readiness: 0.0000
Metrics/locomotion/TACTIC/selected_object_release_readiness_delta: 0.0000
Metrics/locomotion/TACTIC/selected_object_release_event: 0.0000
Metrics/locomotion/TACTIC/selected_object_drop_event: 0.0000
Metrics/locomotion/TACTIC/selected_object_gripper_distance: 1.3184
Metrics/locomotion/TACTIC/selected_object_place_error_xy: 0.4749
Metrics/locomotion/TACTIC/selected_object_place_error_z: 0.7810
Metrics/locomotion/TACTIC/selected_interaction_frontier: 0.0000
Metrics/locomotion/TACTIC/selected_interaction_frontier_delta: 0.0000
Metrics/locomotion/TACTIC/selected_reachability: 0.0000
Metrics/locomotion/TACTIC/task_switch: 0.0000
Metrics/locomotion/TACTIC/skill_switch: 0.0000
Metrics/locomotion/TACTIC/task_age: 0.0000
Metrics/locomotion/TACTIC/skill_age: 0.0000
Metrics/locomotion/TACTIC/task_hazard: 0.0000
Metrics/locomotion/TACTIC/skill_hazard: 0.0000
Metrics/locomotion/TACTIC/task_termination_probability: 0.0000
Metrics/locomotion/TACTIC/skill_termination_probability: 0.0000
Metrics/locomotion/TACTIC/task_entropy: 0.0000
Metrics/locomotion/TACTIC/skill_entropy: 0.6593
Metrics/locomotion/TACTIC/task_occupancy_entropy: 0.0000
Metrics/locomotion/TACTIC/skill_occupancy_entropy: 0.6593
Metrics/locomotion/TACTIC/skill_parameter_0: 0.0000
Metrics/locomotion/TACTIC/skill_parameter_1: 0.0000
Metrics/locomotion/TACTIC/skill_parameter_2: 0.0000
Metrics/locomotion/TACTIC/skill_parameter_3: 0.0000
Metrics/locomotion/TACTIC/skill_parameter_4: 0.0000
Metrics/locomotion/TACTIC/skill_parameter_5: 0.0000
Metrics/locomotion/TACTIC/object_0_complete: 0.0000
Metrics/locomotion/TACTIC/object_1_complete: 0.0000
Metrics/locomotion/TACTIC/object_2_complete: 0.0000
Metrics/locomotion/TACTIC/object_3_complete: 0.0000
Metrics/locomotion/TACTIC/object_4_complete: 0.0000
Metrics/locomotion/TACTIC/object_5_complete: 0.0000
      Episode_Termination/time_out: 0.0000
   Episode_Termination/bad_contact: 0.0000
          Episode_Termination/tilt: 0.3398
    Episode_Termination/low_height: 0.0156
Episode_Termination/mission_success: 0.0000
--------------------------------------------------------------------------------
                   Total timesteps: 43008
                    Iteration time: 6.46s
                      Time elapsed: 00:01:29
                               ETA: 00:01:49

################################################################################
                       [1m Learning iteration 14/30 [0m                       

                       Computation: 481 steps/s (collection: 5.550s, learning 0.829s)
             Mean action noise std: 0.02
          Mean value_function loss: 7.3384
               Mean surrogate loss: 0.0502
                 Mean entropy loss: -102.7054
 Mean next_control_prediction loss: 0.0223
       Mean skill_feasibility loss: 0.6931
 Mean task_outcome_prediction loss: 0.0322
 Mean task_outcome_confidence loss: 1.5270
Mean task_outcome_confidence_mean loss: 0.1192
Mean skill_outcome_prediction loss: 0.0025
        Mean payload_survival loss: 0.6931
Mean payload_survival_support loss: 0.0182
   Mean payload_drop_fraction loss: 0.0000
Mean payload_survival_prediction loss: 0.5000
 Mean skill_effect_prediction loss: 0.0298
 Mean skill_effect_confidence loss: 1.6185
Mean skill_effect_confidence_mean loss: 0.1192
Mean motion_execution_prediction loss: 0.0377
Mean motion_execution_confidence loss: 1.4930
Mean embodiment_response_prediction loss: 0.0006
Mean embodiment_response_vx_abs loss: 0.0019
Mean embodiment_response_wz_abs loss: 0.0011
   Mean constraint_multiplier loss: 0.0080
Mean task_constraint_multiplier_mean loss: 0.1632
Mean skill_constraint_multiplier_mean loss: 0.1632
 Mean hierarchy_cbf_violation loss: 0.0221
Mean hierarchy_cbf_raw_violation loss: 0.0233
Mean hierarchy_cbf_transient_slack loss: 0.0086
 Mean hierarchy_clf_violation loss: 0.0000
Mean hierarchy_cbf_regression loss: 0.0016
Mean hierarchy_clf_regression loss: 0.0000
   Mean safe_task_achievement loss: -0.0029
  Mean safe_skill_achievement loss: -0.0031
Mean unsafe_positive_progress_rate loss: 0.0510
Mean motion_execution_confidence_mean loss: 0.1192
Mean grounded_effect_diversity loss: 0.0000
      Mean task_option_credit loss: 0.0111
     Mean skill_option_credit loss: 0.0228
    Mean event_hindsight_task loss: 0.0000
   Mean event_hindsight_skill loss: 1.4196
       Mean event_credit_mass loss: 0.0064
Mean task_option_advantage_abs loss: 0.2444
Mean skill_option_advantage_abs loss: 0.3212
         Mean task_transition loss: 2.3542
        Mean skill_transition loss: 1.5992
       Mean motion_transition loss: 1.7892
  Mean interaction_transition loss: 1.3141
Mean interaction_active_fraction loss: 1.0000
              Mean task_usage loss: 0.0000
  Mean task_frontier_coverage loss: 0.0000
Mean selected_frontier_probability loss: 0.8032
       Mean interaction_phase loss: 0.2947
Mean interaction_release_target loss: 0.0180
Mean interaction_release_frontier loss: 0.0037
Mean interaction_release_balance_weight loss: 1.1257
  Mean task_control_objective loss: 0.0100
        Mean task_clf_descent loss: 0.0012
  Mean task_barrier_authority loss: 0.0252
Mean skill_predictive_control loss: 0.0015
Mean relational_subgoal_grounding loss: 0.0000
  Mean task_subgoal_alignment loss: 1.0000
  Mean task_subgoal_authority loss: 0.4766
   Mean task_skill_projection loss: 0.0000
 Mean task_transient_capacity loss: 0.7857
   Mean task_posture_capacity loss: 0.9029
Mean task_projected_turn_demand loss: 0.3348
Mean task_semantic_turn_demand loss: 0.3348
Mean task_lateral_turn_demand loss: 0.0000
Mean task_target_yaw_residual loss: 0.6087
Mean task_interaction_authority loss: 0.0050
    Mean task_arm_scope_error loss: 0.0000
Mean counterfactual_task_selection loss: 0.0000
Mean counterfactual_task_target_entropy loss: 0.0000
Mean counterfactual_task_target_peak loss: 0.0000
Mean grounded_task_utility_span loss: 0.0000
      Mean task_outcome_blend loss: 0.0000
Mean grounded_task_target_agreement loss: 0.0000
Mean sampled_task_target_probability loss: 0.0000
Mean recovery_candidate_fraction loss: 0.0000
Mean recovery_task_probability loss: 0.0000
Mean recovery_target_probability loss: 0.0000
Mean counterfactual_termination loss: 0.4773
 Mean task_termination_target loss: 0.0000
Mean skill_termination_target loss: 0.5509
Mean payload_skill_barrier_pressure loss: 0.0000
Mean payload_transient_demand loss: 0.0113
Mean payload_skill_exit_target loss: 0.0000
Mean payload_survival_exit_target loss: 0.0000
Mean payload_survival_authority loss: 0.0000
        Mean task_switch_gain loss: 0.0000
       Mean skill_switch_gain loss: -0.0863
Mean counterfactual_skill_selection loss: 0.7893
Mean counterfactual_target_entropy loss: 0.5970
Mean counterfactual_target_peak loss: 0.8129
       Mean successor_decoder loss: 0.0827
  Mean successor_predicted_vx loss: -0.0016
  Mean successor_predicted_wz loss: -0.0078
 Mean successor_predicted_cbf loss: 0.5000
 Mean successor_predicted_clf loss: 0.5000
 Mean successor_cbf_violation loss: 0.0025
 Mean successor_clf_violation loss: 0.0006
             Mean skill_usage loss: 0.1876
        Mean skill_confidence loss: 0.7154
     Mean task_slot_diversity loss: 0.3942
Mean skill_embedding_diversity loss: 0.0621
   Mean motion_gain_diversity loss: 0.0000
Mean motion_objective_diversity loss: 0.0000
       Mean event_replay_size loss: 3660.0000
   Mean event_replay_priority loss: 0.0473
 Mean event_replay_task_valid loss: 0.6904
Mean event_replay_task_detail_valid loss: 0.6904
       Mean event_replay_task loss: 0.0000
      Mean event_replay_skill loss: 0.6620
     Mean event_replay_motion loss: 1.0567
Mean event_replay_interaction loss: 0.1794
Mean event_replay_task_subgoal loss: 0.0003
Mean event_replay_skill_parameter loss: 0.0210
  Mean event_replay_parameter loss: 0.0211
Mean event_replay_barrier_quality loss: 0.4948
Mean event_replay_unsafe_fraction loss: 0.0000
Mean event_replay_buffer_unsafe_fraction loss: 0.0000
Mean event_replay_buffer_delivery loss: 0.7022
Mean event_replay_buffer_recovery loss: 0.0000
Mean event_replay_sample_delivery loss: 0.6928
Mean event_replay_sample_recovery loss: 0.0000
Mean event_replay_sample_raw_delivery loss: 0.6904
Mean event_replay_sample_raw_recovery loss: 0.0000
Mean event_replay_recovery_pressure loss: 0.0000
Mean event_replay_recovery_adapter_gate loss: 0.0000
Mean event_replay_buffer_approach loss: 0.7393
Mean event_replay_sample_approach loss: 0.6024
Mean event_replay_sample_raw_approach loss: 0.6068
Mean event_replay_buffer_secure loss: 0.1681
Mean event_replay_sample_secure loss: 0.2652
Mean event_replay_sample_raw_secure loss: 0.2645
Mean event_replay_buffer_release loss: 0.0926
Mean event_replay_sample_release loss: 0.1323
Mean event_replay_sample_raw_release loss: 0.1287
Mean payload_survival_replay_size loss: 427.0000
Mean payload_survival_replay_support loss: 1.0000
Mean payload_survival_replay_drop_fraction loss: 0.5011
Mean payload_survival_replay_prediction loss: 0.5000
Mean payload_survival_replay_drop_prediction loss: 0.5000
Mean payload_survival_replay_retain_prediction loss: 0.5000
Mean payload_survival_replay_separation loss: 0.0000
Mean payload_survival_replay_accuracy loss: 0.4988
Mean payload_survival_replay_rank_loss loss: 0.7185
Mean payload_survival_replay_rank_gap loss: 0.0000
Mean payload_survival_replay_rank_accuracy loss: 0.0000
Mean payload_survival_replay_rank_pairs loss: 135.0000
      Mean event_replay_added loss: 256.0000
Mean event_replay_append_task_valid loss: 0.6992
Mean event_replay_task_relabel loss: 0.3008
Mean event_replay_interaction_relabel loss: 0.2539
Mean event_replay_append_delivery loss: 0.6992
Mean event_replay_append_recovery loss: 0.0000
Mean event_replay_append_payload_recovery loss: 0.0000
Mean payload_survival_replay_added loss: 36.0000
Mean payload_survival_replay_append_drop_fraction loss: 0.0000
      Mean hierarchy_cbf_dual loss: 0.5097
      Mean hierarchy_clf_dual loss: 0.2944
Mean hierarchy_cbf_violation_ema loss: 0.2304
Mean hierarchy_clf_violation_ema loss: 0.0284
Mean physical_adaptation_active loss: 0.0000
Mean physical_adaptation_stage loss: -10.0000
 Mean hierarchy_only_training loss: 0.0000
Mean decomposition_only_training loss: 0.0000
Mean motion_selector_only_training loss: 0.0000
Mean interaction_selector_only_training loss: 0.0000
Mean motion_skill_only_training loss: 0.0000
Mean payload_motion_only_training loss: 0.0000
Mean recovery_adapter_only_training loss: 0.0000
 Mean auxiliary_learning_rate loss: 0.0000
Mean payload_survival_learning_rate loss: 0.0003
Mean physical_core_learning_rate loss: 0.0000
Mean physical_adapter_learning_rate loss: 0.0000
Mean skill_information_reward loss: -0.0043
 Mean task_information_reward loss: 0.0000
                       Mean reward: -118.83
               Mean episode length: 74.00
   Episode_Reward/term_bad_contact: 0.0000
          Episode_Reward/term_tilt: -0.0139
    Episode_Reward/term_low_height: 0.0000
      Episode_Reward/leg_action_l2: -0.0013
   Episode_Reward/tracking_lin_vel: 0.0000
Episode_Reward/tracking_ang_vel_yaw_l1: 0.0000
Episode_Reward/tracking_ang_vel_yaw_exp: 0.0000
Episode_Reward/tracking_lin_vel_y_l2: 0.0000
Episode_Reward/tracking_lin_vel_z_l2: 0.0000
            Episode_Reward/survive: 0.0000
    Episode_Reward/foot_contacts_z: 0.0000
            Episode_Reward/torques: -0.0039
 Episode_Reward/tracking_lin_vel_y: 0.0000
          Episode_Reward/lin_vel_z: -0.0003
         Episode_Reward/ang_vel_xy: -0.0009
   Episode_Reward/tracking_ang_vel: 0.0014
               Episode_Reward/work: -0.0282
            Episode_Reward/dof_acc: -0.0482
        Episode_Reward/action_rate: -0.0007
     Episode_Reward/dof_pos_limits: -0.0000
      Episode_Reward/delta_torques: -0.0000
          Episode_Reward/collision: -0.1213
        Episode_Reward/walking_dof: 0.0005
            Episode_Reward/hip_pos: -0.0007
          Episode_Reward/feet_jerk: 0.0000
              Episode_Reward/alive: 0.0066
          Episode_Reward/feet_drag: -0.0003
Episode_Reward/feet_contact_forces: -0.0032
               Episode_Reward/roll: -0.0013
        Episode_Reward/base_height: -0.0017
Episode_Reward/tracking_lin_vel_max: 0.0090
Episode_Reward/flat_orientation_l2: -0.0004
  Episode_Reward/air_time_variance: -0.0002
        Episode_Reward/feet_height: 0.0000
      Episode_Reward/feet_air_time: -0.0000
Episode_Reward/update_last_buffers: 0.0000
   Episode_Reward/wheel_idle_speed: -0.2723
    Episode_Reward/wheel_action_l2: -0.0002
  Episode_Reward/wheel_action_rate: 0.0000
  Episode_Reward/wheel_forward_use: 0.0049
 Episode_Reward/wheel_turn_support: 0.0050
Episode_Reward/tactic_mission_completion: 0.0000
Episode_Reward/tactic_mission_success: 0.0000
Episode_Reward/tactic_task_progress: -0.0003
Episode_Reward/tactic_task_tracking: 0.0007
 Episode_Reward/tactic_ee_tracking: 0.0079
  Episode_Reward/tactic_valid_task: 0.0013
Episode_Reward/tactic_invalid_task: 0.0000
Episode_Reward/tactic_option_switch: -0.0000
Episode_Reward/tactic_control_progress: -0.0001
  Episode_Reward/tactic_cbf_margin: 0.0000
Episode_Reward/tactic_predicted_margin: 0.0000
Episode_Reward/tactic_clf_decrease: 0.0000
Episode_Reward/tactic_disturbance_rejection: 0.0000
Episode_Reward/tactic_safety_violation: -0.0023
Episode_Reward/tactic_unsafe_progress: -0.0000
Episode_Reward/tactic_object_contact: 0.0000
 Episode_Reward/tactic_object_lift: 0.0000
Episode_Reward/tactic_object_transport: 0.0000
Episode_Reward/tactic_object_place: 0.0000
Episode_Reward/tactic_object_completion: 0.0000
Episode_Reward/tactic_interaction_frontier: 0.0000
  Episode_Reward/tactic_grasp_hold: 0.0000
Episode_Reward/tactic_payload_progress: 0.0000
Episode_Reward/tactic_release_readiness: 0.0000
Episode_Reward/tactic_intended_release: 0.0000
Episode_Reward/tactic_payload_retention: 0.0000
Episode_Reward/tactic_payload_drop: 0.0000
Episode_Reward/tactic_release_quality: 0.0000
Episode_Reward/tactic_wrong_object_interaction: 0.0000
 Episode_Reward/tactic_all_objects: 0.0000
Metrics/locomotion/TACTIC/mission_completion: 0.0000
Metrics/locomotion/TACTIC/mission_completion_delta: 0.0000
Metrics/locomotion/TACTIC/mission_success: 0.0000
Metrics/locomotion/TACTIC/task_progress: 0.0259
Metrics/locomotion/TACTIC/task_progress_delta: -0.0002
Metrics/locomotion/TACTIC/task_error: 1.9269
Metrics/locomotion/TACTIC/ee_error: 0.6432
Metrics/locomotion/TACTIC/tcp_object_distance: 1.0796
Metrics/locomotion/TACTIC/goal_object_distance: 0.4547
Metrics/locomotion/TACTIC/finger_object_distance: 1.0883
Metrics/locomotion/TACTIC/object_target_distance: 0.4466
Metrics/locomotion/TACTIC/recovery_task_executed: 0.0000
Metrics/locomotion/TACTIC/recovery_task_probability: 0.0000
Metrics/locomotion/TACTIC/executed_task_probability: 1.0000
Metrics/locomotion/TACTIC/task_constraint_projection: 0.0000
Metrics/locomotion/TACTIC/recovery_latch_seen: 0.0000
Metrics/locomotion/TACTIC/recovery_valid_seen: 0.0000
Metrics/locomotion/TACTIC/recovery_pressure_seen: 0.0000
Metrics/locomotion/TACTIC/cbf_margin: 0.0000
Metrics/locomotion/TACTIC/predicted_margin: 0.0000
Metrics/locomotion/TACTIC/clf_decrease: -0.1460
Metrics/locomotion/TACTIC/disturbance_estimate: 0.7854
Metrics/locomotion/TACTIC/base_height: 0.3858
Metrics/locomotion/TACTIC/base_tilt: 0.5543
Metrics/locomotion/TACTIC/control_recovery_pressure: 1.0000
Metrics/locomotion/TACTIC/control_recovery_active: 1.0000
Metrics/locomotion/TACTIC/control_recovery_constraint_active: 1.0000
Metrics/locomotion/TACTIC/payload_posture_projection: 0.0000
Metrics/locomotion/TACTIC/payload_relation_violation: 0.0000
 Metrics/locomotion/TACTIC/base_vx: 0.0955
 Metrics/locomotion/TACTIC/base_vy: -0.1458
 Metrics/locomotion/TACTIC/base_wz: -0.2694
Metrics/locomotion/TACTIC/support_count: 2.6250
Metrics/locomotion/TACTIC/obstacle_margin: 0.9937
Metrics/locomotion/TACTIC/gripper_closure: 0.0079
Metrics/locomotion/TACTIC/manipulation_active: 1.0000
Metrics/locomotion/TACTIC/grasp_active: 1.0000
Metrics/locomotion/TACTIC/grasp_orientation_active: 0.0000
Metrics/locomotion/TACTIC/grasp_orientation_error: 0.0000
Metrics/locomotion/TACTIC/interaction_authority: 0.0000
Metrics/locomotion/TACTIC/workspace_handoff: 0.0000
Metrics/locomotion/TACTIC/grasp_projection_distance: 0.0000
Metrics/locomotion/TACTIC/grasp_center_error: 0.0000
Metrics/locomotion/TACTIC/capture_staging_distance: 1.3500
Metrics/locomotion/TACTIC/capture_heading_error: 2.5479
Metrics/locomotion/TACTIC/capture_initiation_margin: -4.6621
Metrics/locomotion/TACTIC/selected_delivery_side: 1.0000
Metrics/locomotion/TACTIC/capture_lift_active: 0.0000
Metrics/locomotion/TACTIC/command_vx: -0.0141
Metrics/locomotion/TACTIC/command_vy: -0.0005
Metrics/locomotion/TACTIC/command_wz: -0.3835
Metrics/locomotion/TACTIC/curriculum_level: 0.0000
Metrics/locomotion/TACTIC/curriculum_frontier: 0.0000
Metrics/locomotion/TACTIC/curriculum_probe: 0.0000
Metrics/locomotion/TACTIC/interaction_start_curriculum: 1.0000
Metrics/locomotion/TACTIC/interaction_start_probability: 1.0000
Metrics/locomotion/TACTIC/composition_probe_probability: 0.0159
Metrics/locomotion/TACTIC/curriculum_completion_ema: 0.0000
Metrics/locomotion/TACTIC/curriculum_progress_ema: 0.0842
Metrics/locomotion/TACTIC/curriculum_safety_ema: 0.5662
Metrics/locomotion/TACTIC/episode_safety_fraction: 0.7655
Metrics/locomotion/TACTIC/curriculum_contact_ema: 0.0139
Metrics/locomotion/TACTIC/curriculum_lift_ema: 0.0152
Metrics/locomotion/TACTIC/curriculum_transport_ema: 0.0177
Metrics/locomotion/TACTIC/curriculum_place_ema: 0.0000
Metrics/locomotion/TACTIC/curriculum_delivery_completion_ema: 0.0000
Metrics/locomotion/TACTIC/curriculum_regression_streak: 0.0000
Metrics/locomotion/TACTIC/required_task_count: 1.0000
Metrics/locomotion/TACTIC/object_completion_mean: 0.0000
Metrics/locomotion/TACTIC/object_contact_mean: 0.0000
Metrics/locomotion/TACTIC/object_lift_mean: 0.0000
Metrics/locomotion/TACTIC/object_transport_mean: 0.0000
Metrics/locomotion/TACTIC/object_place_mean: 0.0000
Metrics/locomotion/TACTIC/object_target_progress_mean: 0.0256
Metrics/locomotion/TACTIC/object_target_progress_delta_mean: 0.0000
Metrics/locomotion/TACTIC/object_release_readiness_mean: 0.0000
Metrics/locomotion/TACTIC/object_release_readiness_delta_mean: 0.0000
Metrics/locomotion/TACTIC/object_release_event_mean: 0.0000
Metrics/locomotion/TACTIC/object_drop_event_mean: 0.0000
Metrics/locomotion/TACTIC/object_gripper_distance_mean: 0.7943
Metrics/locomotion/TACTIC/object_carrying_mean: 0.0000
Metrics/locomotion/TACTIC/object_carry_memory_mean: 0.0000
Metrics/locomotion/TACTIC/interaction_frontier_mean: 0.0000
Metrics/locomotion/TACTIC/interaction_frontier_delta_mean: 0.0000
Metrics/locomotion/TACTIC/contact_symmetry_mean: 0.0000
 Metrics/locomotion/TACTIC/task_id: 9.0000
Metrics/locomotion/TACTIC/skill_id: 6.7500
Metrics/locomotion/TACTIC/object_id: 4.0000
Metrics/locomotion/TACTIC/effective_object_id: 4.0000
Metrics/locomotion/TACTIC/selected_object_contact: 0.0000
Metrics/locomotion/TACTIC/selected_object_lift: 0.0000
Metrics/locomotion/TACTIC/selected_object_transport: 0.0000
Metrics/locomotion/TACTIC/selected_object_place: 0.0000
Metrics/locomotion/TACTIC/selected_object_completion: 0.0000
Metrics/locomotion/TACTIC/selected_object_carrying: 0.0000
Metrics/locomotion/TACTIC/selected_object_carry_memory: 0.0000
Metrics/locomotion/TACTIC/selected_object_target_progress: 0.1547
Metrics/locomotion/TACTIC/selected_object_target_progress_delta: 0.0000
Metrics/locomotion/TACTIC/selected_object_release_readiness: 0.0000
Metrics/locomotion/TACTIC/selected_object_release_readiness_delta: 0.0000
Metrics/locomotion/TACTIC/selected_object_release_event: 0.0000
Metrics/locomotion/TACTIC/selected_object_drop_event: 0.0000
Metrics/locomotion/TACTIC/selected_object_gripper_distance: 1.0783
Metrics/locomotion/TACTIC/selected_object_place_error_xy: 0.2589
Metrics/locomotion/TACTIC/selected_object_place_error_z: 0.3198
Metrics/locomotion/TACTIC/selected_interaction_frontier: 0.0000
Metrics/locomotion/TACTIC/selected_interaction_frontier_delta: 0.0000
Metrics/locomotion/TACTIC/selected_reachability: 0.0000
Metrics/locomotion/TACTIC/task_switch: 0.0000
Metrics/locomotion/TACTIC/skill_switch: 0.0000
Metrics/locomotion/TACTIC/task_age: 0.0000
Metrics/locomotion/TACTIC/skill_age: 0.0000
Metrics/locomotion/TACTIC/task_hazard: 0.0000
Metrics/locomotion/TACTIC/skill_hazard: 0.0000
Metrics/locomotion/TACTIC/task_termination_probability: 0.0000
Metrics/locomotion/TACTIC/skill_termination_probability: 0.0000
Metrics/locomotion/TACTIC/task_entropy: 0.0000
Metrics/locomotion/TACTIC/skill_entropy: 0.6633
Metrics/locomotion/TACTIC/task_occupancy_entropy: 0.0000
Metrics/locomotion/TACTIC/skill_occupancy_entropy: 0.6633
Metrics/locomotion/TACTIC/skill_parameter_0: 0.0000
Metrics/locomotion/TACTIC/skill_parameter_1: 0.0000
Metrics/locomotion/TACTIC/skill_parameter_2: 0.0000
Metrics/locomotion/TACTIC/skill_parameter_3: 0.0000
Metrics/locomotion/TACTIC/skill_parameter_4: 0.0000
Metrics/locomotion/TACTIC/skill_parameter_5: 0.0000
Metrics/locomotion/TACTIC/object_0_complete: 0.0000
Metrics/locomotion/TACTIC/object_1_complete: 0.0000
Metrics/locomotion/TACTIC/object_2_complete: 0.0000
Metrics/locomotion/TACTIC/object_3_complete: 0.0000
Metrics/locomotion/TACTIC/object_4_complete: 0.0000
Metrics/locomotion/TACTIC/object_5_complete: 0.0000
      Episode_Termination/time_out: 0.0000
   Episode_Termination/bad_contact: 0.0000
          Episode_Termination/tilt: 0.3438
    Episode_Termination/low_height: 0.0156
Episode_Termination/mission_success: 0.0000
--------------------------------------------------------------------------------
                   Total timesteps: 46080
                    Iteration time: 6.38s
                      Time elapsed: 00:01:36
                               ETA: 00:01:42

################################################################################
                       [1m Learning iteration 15/30 [0m                       

                       Computation: 471 steps/s (collection: 5.676s, learning 0.843s)
             Mean action noise std: 0.02
          Mean value_function loss: 11.8318
               Mean surrogate loss: 0.0551
                 Mean entropy loss: -102.6989
 Mean next_control_prediction loss: 0.0225
       Mean skill_feasibility loss: 0.6931
 Mean task_outcome_prediction loss: 0.0322
 Mean task_outcome_confidence loss: 1.5282
Mean task_outcome_confidence_mean loss: 0.1192
Mean skill_outcome_prediction loss: 0.0021
        Mean payload_survival loss: 0.6931
Mean payload_survival_support loss: 0.0221
   Mean payload_drop_fraction loss: 0.0000
Mean payload_survival_prediction loss: 0.5000
 Mean skill_effect_prediction loss: 0.0299
 Mean skill_effect_confidence loss: 1.6230
Mean skill_effect_confidence_mean loss: 0.1192
Mean motion_execution_prediction loss: 0.0384
Mean motion_execution_confidence loss: 1.4965
Mean embodiment_response_prediction loss: 0.0010
Mean embodiment_response_vx_abs loss: 0.0018
Mean embodiment_response_wz_abs loss: 0.0011
   Mean constraint_multiplier loss: 0.0079
Mean task_constraint_multiplier_mean loss: 0.1632
Mean skill_constraint_multiplier_mean loss: 0.1632
 Mean hierarchy_cbf_violation loss: 0.0277
Mean hierarchy_cbf_raw_violation loss: 0.0287
Mean hierarchy_cbf_transient_slack loss: 0.0088
 Mean hierarchy_clf_violation loss: 0.0008
Mean hierarchy_cbf_regression loss: 0.0105
Mean hierarchy_clf_regression loss: 0.0008
   Mean safe_task_achievement loss: -0.0056
  Mean safe_skill_achievement loss: -0.0047
Mean unsafe_positive_progress_rate loss: 0.0410
Mean motion_execution_confidence_mean loss: 0.1192
Mean grounded_effect_diversity loss: 0.0000
      Mean task_option_credit loss: -0.0401
     Mean skill_option_credit loss: -0.0260
    Mean event_hindsight_task loss: 0.0000
   Mean event_hindsight_skill loss: 2.8048
       Mean event_credit_mass loss: 0.0047
Mean task_option_advantage_abs loss: 0.3092
Mean skill_option_advantage_abs loss: 0.3278
         Mean task_transition loss: 2.3577
        Mean skill_transition loss: 1.6133
       Mean motion_transition loss: 1.8055
  Mean interaction_transition loss: 1.3249
Mean interaction_active_fraction loss: 1.0000
              Mean task_usage loss: 0.0000
  Mean task_frontier_coverage loss: 0.0000
Mean selected_frontier_probability loss: 0.8030
       Mean interaction_phase loss: 0.2841
Mean interaction_release_target loss: 0.0206
Mean interaction_release_frontier loss: 0.0067
Mean interaction_release_balance_weight loss: 1.1442
  Mean task_control_objective loss: 0.0095
        Mean task_clf_descent loss: 0.0014
  Mean task_barrier_authority loss: 0.0232
Mean skill_predictive_control loss: 0.0013
Mean relational_subgoal_grounding loss: 0.0000
  Mean task_subgoal_alignment loss: 1.0000
  Mean task_subgoal_authority loss: 0.4820
   Mean task_skill_projection loss: 0.0000
 Mean task_transient_capacity loss: 0.7862
   Mean task_posture_capacity loss: 0.9158
Mean task_projected_turn_demand loss: 0.3352
Mean task_semantic_turn_demand loss: 0.3352
Mean task_lateral_turn_demand loss: 0.0000
Mean task_target_yaw_residual loss: 0.6094
Mean task_interaction_authority loss: 0.0038
    Mean task_arm_scope_error loss: 0.0000
Mean counterfactual_task_selection loss: 0.0000
Mean counterfactual_task_target_entropy loss: 0.0000
Mean counterfactual_task_target_peak loss: 0.0000
Mean grounded_task_utility_span loss: 0.0000
      Mean task_outcome_blend loss: 0.0000
Mean grounded_task_target_agreement loss: 0.0000
Mean sampled_task_target_probability loss: 0.0000
Mean recovery_candidate_fraction loss: 0.0000
Mean recovery_task_probability loss: 0.0000
Mean recovery_target_probability loss: 0.0000
Mean counterfactual_termination loss: 0.4643
 Mean task_termination_target loss: 0.0000
Mean skill_termination_target loss: 0.5005
Mean payload_skill_barrier_pressure loss: 0.0000
Mean payload_transient_demand loss: 0.0124
Mean payload_skill_exit_target loss: 0.0000
Mean payload_survival_exit_target loss: 0.0000
Mean payload_survival_authority loss: 0.0000
        Mean task_switch_gain loss: 0.0000
       Mean skill_switch_gain loss: -0.1130
Mean counterfactual_skill_selection loss: 0.7822
Mean counterfactual_target_entropy loss: 0.5861
Mean counterfactual_target_peak loss: 0.8168
       Mean successor_decoder loss: 0.0800
  Mean successor_predicted_vx loss: -0.0015
  Mean successor_predicted_wz loss: -0.0062
 Mean successor_predicted_cbf loss: 0.5000
 Mean successor_predicted_clf loss: 0.5000
 Mean successor_cbf_violation loss: 0.0023
 Mean successor_clf_violation loss: 0.0007
             Mean skill_usage loss: 0.1995
        Mean skill_confidence loss: 0.7036
     Mean task_slot_diversity loss: 0.3937
Mean skill_embedding_diversity loss: 0.0621
   Mean motion_gain_diversity loss: 0.0000
Mean motion_objective_diversity loss: 0.0000
       Mean event_replay_size loss: 3916.0000
   Mean event_replay_priority loss: 0.0478
 Mean event_replay_task_valid loss: 0.6963
Mean event_replay_task_detail_valid loss: 0.6963
       Mean event_replay_task loss: 0.0000
      Mean event_replay_skill loss: 0.6562
     Mean event_replay_motion loss: 1.0359
Mean event_replay_interaction loss: 0.1920
Mean event_replay_task_subgoal loss: 0.0003
Mean event_replay_skill_parameter loss: 0.0224
  Mean event_replay_parameter loss: 0.0225
Mean event_replay_barrier_quality loss: 0.4956
Mean event_replay_unsafe_fraction loss: 0.0000
Mean event_replay_buffer_unsafe_fraction loss: 0.0000
Mean event_replay_buffer_delivery loss: 0.7020
Mean event_replay_buffer_recovery loss: 0.0000
Mean event_replay_sample_delivery loss: 0.6982
Mean event_replay_sample_recovery loss: 0.0000
Mean event_replay_sample_raw_delivery loss: 0.6963
Mean event_replay_sample_raw_recovery loss: 0.0000
Mean event_replay_recovery_pressure loss: 0.0000
Mean event_replay_recovery_adapter_gate loss: 0.0000
Mean event_replay_buffer_approach loss: 0.7344
Mean event_replay_sample_approach loss: 0.5985
Mean event_replay_sample_raw_approach loss: 0.6017
Mean event_replay_buffer_secure loss: 0.1688
Mean event_replay_sample_secure loss: 0.2659
Mean event_replay_sample_raw_secure loss: 0.2665
Mean event_replay_buffer_release loss: 0.0968
Mean event_replay_sample_release loss: 0.1356
Mean event_replay_sample_raw_release loss: 0.1318
Mean payload_survival_replay_size loss: 463.0000
Mean payload_survival_replay_support loss: 1.0000
Mean payload_survival_replay_drop_fraction loss: 0.5010
Mean payload_survival_replay_prediction loss: 0.5000
Mean payload_survival_replay_drop_prediction loss: 0.5000
Mean payload_survival_replay_retain_prediction loss: 0.5000
Mean payload_survival_replay_separation loss: 0.0000
Mean payload_survival_replay_accuracy loss: 0.4989
Mean payload_survival_replay_rank_loss loss: 0.7185
Mean payload_survival_replay_rank_gap loss: 0.0000
Mean payload_survival_replay_rank_accuracy loss: 0.0000
Mean payload_survival_replay_rank_pairs loss: 144.0000
      Mean event_replay_added loss: 256.0000
Mean event_replay_append_task_valid loss: 0.6992
Mean event_replay_task_relabel loss: 0.3008
Mean event_replay_interaction_relabel loss: 0.2812
Mean event_replay_append_delivery loss: 0.6992
Mean event_replay_append_recovery loss: 0.0000
Mean event_replay_append_payload_recovery loss: 0.0000
Mean payload_survival_replay_added loss: 36.0000
Mean payload_survival_replay_append_drop_fraction loss: 0.0000
      Mean hierarchy_cbf_dual loss: 0.5086
      Mean hierarchy_clf_dual loss: 0.2904
Mean hierarchy_cbf_violation_ema loss: 0.2203
Mean hierarchy_clf_violation_ema loss: 0.0270
Mean physical_adaptation_active loss: 0.0000
Mean physical_adaptation_stage loss: -10.0000
 Mean hierarchy_only_training loss: 0.0000
Mean decomposition_only_training loss: 0.0000
Mean motion_selector_only_training loss: 0.0000
Mean interaction_selector_only_training loss: 0.0000
Mean motion_skill_only_training loss: 0.0000
Mean payload_motion_only_training loss: 0.0000
Mean recovery_adapter_only_training loss: 0.0000
 Mean auxiliary_learning_rate loss: 0.0000
Mean payload_survival_learning_rate loss: 0.0003
Mean physical_core_learning_rate loss: 0.0000
Mean physical_adapter_learning_rate loss: 0.0000
Mean skill_information_reward loss: -0.0045
 Mean task_information_reward loss: 0.0000
                       Mean reward: -118.83
               Mean episode length: 74.00
   Episode_Reward/term_bad_contact: 0.0000
          Episode_Reward/term_tilt: -0.0139
    Episode_Reward/term_low_height: 0.0000
      Episode_Reward/leg_action_l2: -0.0004
   Episode_Reward/tracking_lin_vel: 0.0000
Episode_Reward/tracking_ang_vel_yaw_l1: 0.0000
Episode_Reward/tracking_ang_vel_yaw_exp: 0.0000
Episode_Reward/tracking_lin_vel_y_l2: 0.0000
Episode_Reward/tracking_lin_vel_z_l2: 0.0000
            Episode_Reward/survive: 0.0000
    Episode_Reward/foot_contacts_z: 0.0000
            Episode_Reward/torques: -0.0017
 Episode_Reward/tracking_lin_vel_y: 0.0000
          Episode_Reward/lin_vel_z: -0.0004
         Episode_Reward/ang_vel_xy: -0.0007
   Episode_Reward/tracking_ang_vel: 0.0003
               Episode_Reward/work: -0.0204
            Episode_Reward/dof_acc: -0.0328
        Episode_Reward/action_rate: -0.0002
     Episode_Reward/dof_pos_limits: -0.0000
      Episode_Reward/delta_torques: -0.0000
          Episode_Reward/collision: -0.0396
        Episode_Reward/walking_dof: 0.0006
            Episode_Reward/hip_pos: -0.0002
          Episode_Reward/feet_jerk: 0.0000
              Episode_Reward/alive: 0.0025
          Episode_Reward/feet_drag: -0.0003
Episode_Reward/feet_contact_forces: -0.0015
               Episode_Reward/roll: -0.0004
        Episode_Reward/base_height: -0.0015
Episode_Reward/tracking_lin_vel_max: 0.0027
Episode_Reward/flat_orientation_l2: -0.0001
  Episode_Reward/air_time_variance: -0.0000
        Episode_Reward/feet_height: 0.0000
      Episode_Reward/feet_air_time: -0.0000
Episode_Reward/update_last_buffers: 0.0000
   Episode_Reward/wheel_idle_speed: -0.1394
    Episode_Reward/wheel_action_l2: -0.0001
  Episode_Reward/wheel_action_rate: 0.0000
  Episode_Reward/wheel_forward_use: 0.0000
 Episode_Reward/wheel_turn_support: 0.0005
Episode_Reward/tactic_mission_completion: 0.0000
Episode_Reward/tactic_mission_success: 0.0000
Episode_Reward/tactic_task_progress: -0.0003
Episode_Reward/tactic_task_tracking: 0.0002
 Episode_Reward/tactic_ee_tracking: 0.0014
  Episode_Reward/tactic_valid_task: 0.0005
Episode_Reward/tactic_invalid_task: 0.0000
Episode_Reward/tactic_option_switch: 0.0000
Episode_Reward/tactic_control_progress: -0.0002
  Episode_Reward/tactic_cbf_margin: 0.0000
Episode_Reward/tactic_predicted_margin: 0.0000
Episode_Reward/tactic_clf_decrease: 0.0000
Episode_Reward/tactic_disturbance_rejection: 0.0000
Episode_Reward/tactic_safety_violation: -0.0015
Episode_Reward/tactic_unsafe_progress: -0.0000
Episode_Reward/tactic_object_contact: 0.0000
 Episode_Reward/tactic_object_lift: 0.0000
Episode_Reward/tactic_object_transport: 0.0000
Episode_Reward/tactic_object_place: 0.0000
Episode_Reward/tactic_object_completion: 0.0000
Episode_Reward/tactic_interaction_frontier: 0.0000
  Episode_Reward/tactic_grasp_hold: 0.0000
Episode_Reward/tactic_payload_progress: 0.0000
Episode_Reward/tactic_release_readiness: 0.0000
Episode_Reward/tactic_intended_release: 0.0000
Episode_Reward/tactic_payload_retention: 0.0000
Episode_Reward/tactic_payload_drop: 0.0000
Episode_Reward/tactic_release_quality: 0.0000
Episode_Reward/tactic_wrong_object_interaction: 0.0000
 Episode_Reward/tactic_all_objects: 0.0000
Metrics/locomotion/TACTIC/mission_completion: 0.0000
Metrics/locomotion/TACTIC/mission_completion_delta: 0.0000
Metrics/locomotion/TACTIC/mission_success: 0.0000
Metrics/locomotion/TACTIC/task_progress: 0.0254
Metrics/locomotion/TACTIC/task_progress_delta: -0.0000
Metrics/locomotion/TACTIC/task_error: 2.2412
Metrics/locomotion/TACTIC/ee_error: 0.7163
Metrics/locomotion/TACTIC/tcp_object_distance: 0.8550
Metrics/locomotion/TACTIC/goal_object_distance: 0.1479
Metrics/locomotion/TACTIC/finger_object_distance: 0.8575
Metrics/locomotion/TACTIC/object_target_distance: 0.1952
Metrics/locomotion/TACTIC/recovery_task_executed: 0.0000
Metrics/locomotion/TACTIC/recovery_task_probability: 0.0000
Metrics/locomotion/TACTIC/executed_task_probability: 1.0000
Metrics/locomotion/TACTIC/task_constraint_projection: 0.0000
Metrics/locomotion/TACTIC/recovery_latch_seen: 0.0000
Metrics/locomotion/TACTIC/recovery_valid_seen: 0.0000
Metrics/locomotion/TACTIC/recovery_pressure_seen: 0.0000
Metrics/locomotion/TACTIC/cbf_margin: 0.0000
Metrics/locomotion/TACTIC/predicted_margin: 0.0000
Metrics/locomotion/TACTIC/clf_decrease: -0.0574
Metrics/locomotion/TACTIC/disturbance_estimate: 0.8135
Metrics/locomotion/TACTIC/base_height: 0.2424
Metrics/locomotion/TACTIC/base_tilt: 0.5605
Metrics/locomotion/TACTIC/control_recovery_pressure: 1.0000
Metrics/locomotion/TACTIC/control_recovery_active: 1.0000
Metrics/locomotion/TACTIC/control_recovery_constraint_active: 1.0000
Metrics/locomotion/TACTIC/payload_posture_projection: 0.0000
Metrics/locomotion/TACTIC/payload_relation_violation: 0.0000
 Metrics/locomotion/TACTIC/base_vx: -0.0220
 Metrics/locomotion/TACTIC/base_vy: 0.0341
 Metrics/locomotion/TACTIC/base_wz: -0.0482
Metrics/locomotion/TACTIC/support_count: 3.0000
Metrics/locomotion/TACTIC/obstacle_margin: 0.9883
Metrics/locomotion/TACTIC/gripper_closure: 0.0056
Metrics/locomotion/TACTIC/manipulation_active: 1.0000
Metrics/locomotion/TACTIC/grasp_active: 1.0000
Metrics/locomotion/TACTIC/grasp_orientation_active: 0.0000
Metrics/locomotion/TACTIC/grasp_orientation_error: 0.0000
Metrics/locomotion/TACTIC/interaction_authority: 0.0000
Metrics/locomotion/TACTIC/workspace_handoff: 0.0000
Metrics/locomotion/TACTIC/grasp_projection_distance: 0.0000
Metrics/locomotion/TACTIC/grasp_center_error: 0.0000
Metrics/locomotion/TACTIC/capture_staging_distance: 1.6249
Metrics/locomotion/TACTIC/capture_heading_error: 2.9240
Metrics/locomotion/TACTIC/capture_initiation_margin: -5.4977
Metrics/locomotion/TACTIC/selected_delivery_side: 1.0000
Metrics/locomotion/TACTIC/capture_lift_active: 0.0000
Metrics/locomotion/TACTIC/command_vx: -0.0046
Metrics/locomotion/TACTIC/command_vy: -0.0008
Metrics/locomotion/TACTIC/command_wz: -0.4668
Metrics/locomotion/TACTIC/curriculum_level: 0.0000
Metrics/locomotion/TACTIC/curriculum_frontier: 0.0000
Metrics/locomotion/TACTIC/curriculum_probe: 0.0000
Metrics/locomotion/TACTIC/interaction_start_curriculum: 1.0000
Metrics/locomotion/TACTIC/interaction_start_probability: 1.0000
Metrics/locomotion/TACTIC/composition_probe_probability: 0.0171
Metrics/locomotion/TACTIC/curriculum_completion_ema: 0.0000
Metrics/locomotion/TACTIC/curriculum_progress_ema: 0.0831
Metrics/locomotion/TACTIC/curriculum_safety_ema: 0.5712
Metrics/locomotion/TACTIC/episode_safety_fraction: 0.7288
Metrics/locomotion/TACTIC/curriculum_contact_ema: 0.0136
Metrics/locomotion/TACTIC/curriculum_lift_ema: 0.0149
Metrics/locomotion/TACTIC/curriculum_transport_ema: 0.0174
Metrics/locomotion/TACTIC/curriculum_place_ema: 0.0000
Metrics/locomotion/TACTIC/curriculum_delivery_completion_ema: 0.0000
Metrics/locomotion/TACTIC/curriculum_regression_streak: 0.0000
Metrics/locomotion/TACTIC/required_task_count: 1.0000
Metrics/locomotion/TACTIC/object_completion_mean: 0.0000
Metrics/locomotion/TACTIC/object_contact_mean: 0.0000
Metrics/locomotion/TACTIC/object_lift_mean: 0.0000
Metrics/locomotion/TACTIC/object_transport_mean: 0.0000
Metrics/locomotion/TACTIC/object_place_mean: 0.0000
Metrics/locomotion/TACTIC/object_target_progress_mean: 0.0596
Metrics/locomotion/TACTIC/object_target_progress_delta_mean: 0.0000
Metrics/locomotion/TACTIC/object_release_readiness_mean: 0.0000
Metrics/locomotion/TACTIC/object_release_readiness_delta_mean: 0.0000
Metrics/locomotion/TACTIC/object_release_event_mean: 0.0000
Metrics/locomotion/TACTIC/object_drop_event_mean: 0.0000
Metrics/locomotion/TACTIC/object_gripper_distance_mean: 0.5960
Metrics/locomotion/TACTIC/object_carrying_mean: 0.0000
Metrics/locomotion/TACTIC/object_carry_memory_mean: 0.0000
Metrics/locomotion/TACTIC/interaction_frontier_mean: 0.0000
Metrics/locomotion/TACTIC/interaction_frontier_delta_mean: 0.0000
Metrics/locomotion/TACTIC/contact_symmetry_mean: 0.0000
 Metrics/locomotion/TACTIC/task_id: 9.0000
Metrics/locomotion/TACTIC/skill_id: 9.0000
Metrics/locomotion/TACTIC/object_id: 4.0000
Metrics/locomotion/TACTIC/effective_object_id: 4.0000
Metrics/locomotion/TACTIC/selected_object_contact: 0.0000
Metrics/locomotion/TACTIC/selected_object_lift: 0.0000
Metrics/locomotion/TACTIC/selected_object_transport: 0.0000
Metrics/locomotion/TACTIC/selected_object_place: 0.0000
Metrics/locomotion/TACTIC/selected_object_completion: 0.0000
Metrics/locomotion/TACTIC/selected_object_carrying: 0.0000
Metrics/locomotion/TACTIC/selected_object_carry_memory: 0.0000
Metrics/locomotion/TACTIC/selected_object_target_progress: 0.3598
Metrics/locomotion/TACTIC/selected_object_target_progress_delta: 0.0000
Metrics/locomotion/TACTIC/selected_object_release_readiness: 0.0000
Metrics/locomotion/TACTIC/selected_object_release_readiness_delta: 0.0000
Metrics/locomotion/TACTIC/selected_object_release_event: 0.0000
Metrics/locomotion/TACTIC/selected_object_drop_event: 0.0000
Metrics/locomotion/TACTIC/selected_object_gripper_distance: 0.8524
Metrics/locomotion/TACTIC/selected_object_place_error_xy: 0.1904
Metrics/locomotion/TACTIC/selected_object_place_error_z: 0.0430
Metrics/locomotion/TACTIC/selected_interaction_frontier: 0.0000
Metrics/locomotion/TACTIC/selected_interaction_frontier_delta: 0.0000
Metrics/locomotion/TACTIC/selected_reachability: 0.0000
Metrics/locomotion/TACTIC/task_switch: 0.0000
Metrics/locomotion/TACTIC/skill_switch: 0.0000
Metrics/locomotion/TACTIC/task_age: 0.0000
Metrics/locomotion/TACTIC/skill_age: 0.0000
Metrics/locomotion/TACTIC/task_hazard: 0.0000
Metrics/locomotion/TACTIC/skill_hazard: 0.0000
Metrics/locomotion/TACTIC/task_termination_probability: 0.0000
Metrics/locomotion/TACTIC/skill_termination_probability: 0.0000
Metrics/locomotion/TACTIC/task_entropy: 0.0000
Metrics/locomotion/TACTIC/skill_entropy: 0.6642
Metrics/locomotion/TACTIC/task_occupancy_entropy: 0.0000
Metrics/locomotion/TACTIC/skill_occupancy_entropy: 0.6642
Metrics/locomotion/TACTIC/skill_parameter_0: 0.0000
Metrics/locomotion/TACTIC/skill_parameter_1: 0.0000
Metrics/locomotion/TACTIC/skill_parameter_2: 0.0000
Metrics/locomotion/TACTIC/skill_parameter_3: 0.0000
Metrics/locomotion/TACTIC/skill_parameter_4: 0.0000
Metrics/locomotion/TACTIC/skill_parameter_5: 0.0000
Metrics/locomotion/TACTIC/object_0_complete: 0.0000
Metrics/locomotion/TACTIC/object_1_complete: 0.0000
Metrics/locomotion/TACTIC/object_2_complete: 0.0000
Metrics/locomotion/TACTIC/object_3_complete: 0.0000
Metrics/locomotion/TACTIC/object_4_complete: 0.0000
Metrics/locomotion/TACTIC/object_5_complete: 0.0000
      Episode_Termination/time_out: 0.0000
   Episode_Termination/bad_contact: 0.0000
          Episode_Termination/tilt: 0.3438
    Episode_Termination/low_height: 0.0156
Episode_Termination/mission_success: 0.0000
--------------------------------------------------------------------------------
                   Total timesteps: 49152
                    Iteration time: 6.52s
                      Time elapsed: 00:01:42
                               ETA: 00:01:36

################################################################################
                       [1m Learning iteration 16/30 [0m                       

                       Computation: 469 steps/s (collection: 5.692s, learning 0.853s)
             Mean action noise std: 0.02
          Mean value_function loss: 36.6076
               Mean surrogate loss: 0.0483
                 Mean entropy loss: -102.6938
 Mean next_control_prediction loss: 0.0230
       Mean skill_feasibility loss: 0.6931
 Mean task_outcome_prediction loss: 0.0321
 Mean task_outcome_confidence loss: 1.5309
Mean task_outcome_confidence_mean loss: 0.1192
Mean skill_outcome_prediction loss: 0.0017
        Mean payload_survival loss: 0.6931
Mean payload_survival_support loss: 0.0247
   Mean payload_drop_fraction loss: 0.0000
Mean payload_survival_prediction loss: 0.5000
 Mean skill_effect_prediction loss: 0.0290
 Mean skill_effect_confidence loss: 1.6388
Mean skill_effect_confidence_mean loss: 0.1192
Mean motion_execution_prediction loss: 0.0373
Mean motion_execution_confidence loss: 1.5119
Mean embodiment_response_prediction loss: 0.0006
Mean embodiment_response_vx_abs loss: 0.0018
Mean embodiment_response_wz_abs loss: 0.0011
   Mean constraint_multiplier loss: 0.0087
Mean task_constraint_multiplier_mean loss: 0.1632
Mean skill_constraint_multiplier_mean loss: 0.1632
 Mean hierarchy_cbf_violation loss: 0.0260
Mean hierarchy_cbf_raw_violation loss: 0.0268
Mean hierarchy_cbf_transient_slack loss: 0.0082
 Mean hierarchy_clf_violation loss: 0.0011
Mean hierarchy_cbf_regression loss: 0.0052
Mean hierarchy_clf_regression loss: 0.0011
   Mean safe_task_achievement loss: -0.0049
  Mean safe_skill_achievement loss: -0.0051
Mean unsafe_positive_progress_rate loss: 0.0348
Mean motion_execution_confidence_mean loss: 0.1192
Mean grounded_effect_diversity loss: 0.0000
      Mean task_option_credit loss: -0.0238
     Mean skill_option_credit loss: -0.0203
    Mean event_hindsight_task loss: 0.0000
   Mean event_hindsight_skill loss: 8.1877
       Mean event_credit_mass loss: 0.0038
Mean task_option_advantage_abs loss: 0.2756
Mean skill_option_advantage_abs loss: 0.3115
         Mean task_transition loss: 2.3631
        Mean skill_transition loss: 1.6184
       Mean motion_transition loss: 1.8192
  Mean interaction_transition loss: 1.3171
Mean interaction_active_fraction loss: 0.9967
              Mean task_usage loss: 0.0000
  Mean task_frontier_coverage loss: 0.0000
Mean selected_frontier_probability loss: 0.8011
       Mean interaction_phase loss: 0.3001
Mean interaction_release_target loss: 0.0216
Mean interaction_release_frontier loss: 0.0078
Mean interaction_release_balance_weight loss: 1.1511
  Mean task_control_objective loss: 0.0089
        Mean task_clf_descent loss: 0.0010
  Mean task_barrier_authority loss: 0.0227
Mean skill_predictive_control loss: 0.0012
Mean relational_subgoal_grounding loss: 0.0000
  Mean task_subgoal_alignment loss: 1.0000
  Mean task_subgoal_authority loss: 0.4770
   Mean task_skill_projection loss: 0.0000
 Mean task_transient_capacity loss: 0.7927
   Mean task_posture_capacity loss: 0.9050
Mean task_projected_turn_demand loss: 0.3341
Mean task_semantic_turn_demand loss: 0.3341
Mean task_lateral_turn_demand loss: 0.0000
Mean task_target_yaw_residual loss: 0.6075
Mean task_interaction_authority loss: 0.0056
    Mean task_arm_scope_error loss: 0.0000
Mean counterfactual_task_selection loss: 0.0000
Mean counterfactual_task_target_entropy loss: 0.0000
Mean counterfactual_task_target_peak loss: 0.0000
Mean grounded_task_utility_span loss: 0.0000
      Mean task_outcome_blend loss: 0.0000
Mean grounded_task_target_agreement loss: 0.0000
Mean sampled_task_target_probability loss: 0.0000
Mean recovery_candidate_fraction loss: 0.0000
Mean recovery_task_probability loss: 0.0000
Mean recovery_target_probability loss: 0.0000
Mean counterfactual_termination loss: 0.4614
 Mean task_termination_target loss: 0.0000
Mean skill_termination_target loss: 0.4897
Mean payload_skill_barrier_pressure loss: 0.0000
Mean payload_transient_demand loss: 0.0069
Mean payload_skill_exit_target loss: 0.0000
Mean payload_survival_exit_target loss: 0.0000
Mean payload_survival_authority loss: 0.0000
        Mean task_switch_gain loss: 0.0000
       Mean skill_switch_gain loss: -0.1486
Mean counterfactual_skill_selection loss: 0.7903
Mean counterfactual_target_entropy loss: 0.5965
Mean counterfactual_target_peak loss: 0.8132
       Mean successor_decoder loss: 0.0764
  Mean successor_predicted_vx loss: -0.0019
  Mean successor_predicted_wz loss: -0.0070
 Mean successor_predicted_cbf loss: 0.5000
 Mean successor_predicted_clf loss: 0.5000
 Mean successor_cbf_violation loss: 0.0022
 Mean successor_clf_violation loss: 0.0003
             Mean skill_usage loss: 0.1861
        Mean skill_confidence loss: 0.7109
     Mean task_slot_diversity loss: 0.3945
Mean skill_embedding_diversity loss: 0.0621
   Mean motion_gain_diversity loss: 0.0000
Mean motion_objective_diversity loss: 0.0000
       Mean event_replay_size loss: 4172.0000
   Mean event_replay_priority loss: 0.0469
 Mean event_replay_task_valid loss: 0.6924
Mean event_replay_task_detail_valid loss: 0.6924
       Mean event_replay_task loss: 0.0000
      Mean event_replay_skill loss: 0.6522
     Mean event_replay_motion loss: 1.0275
Mean event_replay_interaction loss: 0.1935
Mean event_replay_task_subgoal loss: 0.0003
Mean event_replay_skill_parameter loss: 0.0219
  Mean event_replay_parameter loss: 0.0220
Mean event_replay_barrier_quality loss: 0.4961
Mean event_replay_unsafe_fraction loss: 0.0000
Mean event_replay_buffer_unsafe_fraction loss: 0.0000
Mean event_replay_buffer_delivery loss: 0.7018
Mean event_replay_buffer_recovery loss: 0.0000
Mean event_replay_sample_delivery loss: 0.6947
Mean event_replay_sample_recovery loss: 0.0000
Mean event_replay_sample_raw_delivery loss: 0.6924
Mean event_replay_sample_raw_recovery loss: 0.0000
Mean event_replay_recovery_pressure loss: 0.0000
Mean event_replay_recovery_adapter_gate loss: 0.0000
Mean event_replay_buffer_approach loss: 0.7346
Mean event_replay_sample_approach loss: 0.5931
Mean event_replay_sample_raw_approach loss: 0.5966
Mean event_replay_buffer_secure loss: 0.1633
Mean event_replay_sample_secure loss: 0.2723
Mean event_replay_sample_raw_secure loss: 0.2722
Mean event_replay_buffer_release loss: 0.1021
Mean event_replay_sample_release loss: 0.1346
Mean event_replay_sample_raw_release loss: 0.1312
Mean payload_survival_replay_size loss: 499.0000
Mean payload_survival_replay_support loss: 1.0000
Mean payload_survival_replay_drop_fraction loss: 0.5009
Mean payload_survival_replay_prediction loss: 0.5000
Mean payload_survival_replay_drop_prediction loss: 0.5000
Mean payload_survival_replay_retain_prediction loss: 0.5000
Mean payload_survival_replay_separation loss: 0.0000
Mean payload_survival_replay_accuracy loss: 0.4990
Mean payload_survival_replay_rank_loss loss: 0.7185
Mean payload_survival_replay_rank_gap loss: 0.0000
Mean payload_survival_replay_rank_accuracy loss: 0.0000
Mean payload_survival_replay_rank_pairs loss: 184.0000
      Mean event_replay_added loss: 256.0000
Mean event_replay_append_task_valid loss: 0.6992
Mean event_replay_task_relabel loss: 0.3008
Mean event_replay_interaction_relabel loss: 0.3477
Mean event_replay_append_delivery loss: 0.6992
Mean event_replay_append_recovery loss: 0.0000
Mean event_replay_append_payload_recovery loss: 0.0000
Mean payload_survival_replay_added loss: 36.0000
Mean payload_survival_replay_append_drop_fraction loss: 0.0000
      Mean hierarchy_cbf_dual loss: 0.5074
      Mean hierarchy_clf_dual loss: 0.2865
Mean hierarchy_cbf_violation_ema loss: 0.2105
Mean hierarchy_clf_violation_ema loss: 0.0257
Mean physical_adaptation_active loss: 0.0000
Mean physical_adaptation_stage loss: -10.0000
 Mean hierarchy_only_training loss: 0.0000
Mean decomposition_only_training loss: 0.0000
Mean motion_selector_only_training loss: 0.0000
Mean interaction_selector_only_training loss: 0.0000
Mean motion_skill_only_training loss: 0.0000
Mean payload_motion_only_training loss: 0.0000
Mean recovery_adapter_only_training loss: 0.0000
 Mean auxiliary_learning_rate loss: 0.0000
Mean payload_survival_learning_rate loss: 0.0003
Mean physical_core_learning_rate loss: 0.0000
Mean physical_adapter_learning_rate loss: 0.0000
Mean skill_information_reward loss: -0.0047
 Mean task_information_reward loss: 0.0000
                       Mean reward: -124.94
               Mean episode length: 86.06
   Episode_Reward/term_bad_contact: 0.0000
          Episode_Reward/term_tilt: -0.0139
    Episode_Reward/term_low_height: 0.0000
      Episode_Reward/leg_action_l2: -0.0021
   Episode_Reward/tracking_lin_vel: 0.0000
Episode_Reward/tracking_ang_vel_yaw_l1: 0.0000
Episode_Reward/tracking_ang_vel_yaw_exp: 0.0000
Episode_Reward/tracking_lin_vel_y_l2: 0.0000
Episode_Reward/tracking_lin_vel_z_l2: 0.0000
            Episode_Reward/survive: 0.0000
    Episode_Reward/foot_contacts_z: 0.0000
            Episode_Reward/torques: -0.0071
 Episode_Reward/tracking_lin_vel_y: 0.0000
          Episode_Reward/lin_vel_z: -0.0010
         Episode_Reward/ang_vel_xy: -0.0041
   Episode_Reward/tracking_ang_vel: 0.0017
               Episode_Reward/work: -0.0314
            Episode_Reward/dof_acc: -0.1167
        Episode_Reward/action_rate: -0.0011
     Episode_Reward/dof_pos_limits: -0.0000
      Episode_Reward/delta_torques: -0.0000
          Episode_Reward/collision: -0.2988
        Episode_Reward/walking_dof: 0.0009
            Episode_Reward/hip_pos: -0.0015
          Episode_Reward/feet_jerk: 0.0000
              Episode_Reward/alive: 0.0123
          Episode_Reward/feet_drag: -0.0004
Episode_Reward/feet_contact_forces: -0.0069
               Episode_Reward/roll: -0.0019
        Episode_Reward/base_height: -0.0058
Episode_Reward/tracking_lin_vel_max: 0.0174
Episode_Reward/flat_orientation_l2: -0.0005
  Episode_Reward/air_time_variance: -0.0005
        Episode_Reward/feet_height: 0.0000
      Episode_Reward/feet_air_time: -0.0000
Episode_Reward/update_last_buffers: 0.0000
   Episode_Reward/wheel_idle_speed: -0.4552
    Episode_Reward/wheel_action_l2: -0.0003
  Episode_Reward/wheel_action_rate: 0.0000
  Episode_Reward/wheel_forward_use: 0.0000
 Episode_Reward/wheel_turn_support: 0.0071
Episode_Reward/tactic_mission_completion: 0.0000
Episode_Reward/tactic_mission_success: 0.0000
Episode_Reward/tactic_task_progress: -0.0003
Episode_Reward/tactic_task_tracking: 0.0012
 Episode_Reward/tactic_ee_tracking: 0.0159
  Episode_Reward/tactic_valid_task: 0.0025
Episode_Reward/tactic_invalid_task: 0.0000
Episode_Reward/tactic_option_switch: -0.0000
Episode_Reward/tactic_control_progress: -0.0001
  Episode_Reward/tactic_cbf_margin: 0.0000
Episode_Reward/tactic_predicted_margin: 0.0000
Episode_Reward/tactic_clf_decrease: 0.0000
Episode_Reward/tactic_disturbance_rejection: 0.0000
Episode_Reward/tactic_safety_violation: -0.0016
Episode_Reward/tactic_unsafe_progress: -0.0000
Episode_Reward/tactic_object_contact: 0.0000
 Episode_Reward/tactic_object_lift: 0.0000
Episode_Reward/tactic_object_transport: 0.0000
Episode_Reward/tactic_object_place: 0.0000
Episode_Reward/tactic_object_completion: 0.0000
Episode_Reward/tactic_interaction_frontier: 0.0000
  Episode_Reward/tactic_grasp_hold: 0.0000
Episode_Reward/tactic_payload_progress: 0.0000
Episode_Reward/tactic_release_readiness: 0.0000
Episode_Reward/tactic_intended_release: 0.0000
Episode_Reward/tactic_payload_retention: 0.0000
Episode_Reward/tactic_payload_drop: 0.0000
Episode_Reward/tactic_release_quality: 0.0000
Episode_Reward/tactic_wrong_object_interaction: 0.0000
 Episode_Reward/tactic_all_objects: 0.0000
Metrics/locomotion/TACTIC/mission_completion: 0.0000
Metrics/locomotion/TACTIC/mission_completion_delta: 0.0000
Metrics/locomotion/TACTIC/mission_success: 0.0000
Metrics/locomotion/TACTIC/task_progress: 0.0386
Metrics/locomotion/TACTIC/task_progress_delta: -0.0003
Metrics/locomotion/TACTIC/task_error: 1.6691
Metrics/locomotion/TACTIC/ee_error: 0.2700
Metrics/locomotion/TACTIC/tcp_object_distance: 0.9692
Metrics/locomotion/TACTIC/goal_object_distance: 0.7778
Metrics/locomotion/TACTIC/finger_object_distance: 0.9827
Metrics/locomotion/TACTIC/object_target_distance: 0.7956
Metrics/locomotion/TACTIC/recovery_task_executed: 0.0000
Metrics/locomotion/TACTIC/recovery_task_probability: 0.0000
Metrics/locomotion/TACTIC/executed_task_probability: 1.0000
Metrics/locomotion/TACTIC/task_constraint_projection: 0.0000
Metrics/locomotion/TACTIC/recovery_latch_seen: 0.0000
Metrics/locomotion/TACTIC/recovery_valid_seen: 0.0000
Metrics/locomotion/TACTIC/recovery_pressure_seen: 0.0000
Metrics/locomotion/TACTIC/cbf_margin: 0.0417
Metrics/locomotion/TACTIC/predicted_margin: 0.0000
Metrics/locomotion/TACTIC/clf_decrease: -0.0936
Metrics/locomotion/TACTIC/disturbance_estimate: 0.5927
Metrics/locomotion/TACTIC/base_height: 0.3209
Metrics/locomotion/TACTIC/base_tilt: 0.5199
Metrics/locomotion/TACTIC/control_recovery_pressure: 1.0000
Metrics/locomotion/TACTIC/control_recovery_active: 1.0000
Metrics/locomotion/TACTIC/control_recovery_constraint_active: 1.0000
Metrics/locomotion/TACTIC/payload_posture_projection: 0.0000
Metrics/locomotion/TACTIC/payload_relation_violation: 0.0000
 Metrics/locomotion/TACTIC/base_vx: 0.1138
 Metrics/locomotion/TACTIC/base_vy: -0.0146
 Metrics/locomotion/TACTIC/base_wz: -0.6706
Metrics/locomotion/TACTIC/support_count: 2.7917
Metrics/locomotion/TACTIC/obstacle_margin: 0.9759
Metrics/locomotion/TACTIC/gripper_closure: 0.0094
Metrics/locomotion/TACTIC/manipulation_active: 1.0000
Metrics/locomotion/TACTIC/grasp_active: 1.0000
Metrics/locomotion/TACTIC/grasp_orientation_active: 0.0000
Metrics/locomotion/TACTIC/grasp_orientation_error: 0.0000
Metrics/locomotion/TACTIC/interaction_authority: 0.0000
Metrics/locomotion/TACTIC/workspace_handoff: 0.0000
Metrics/locomotion/TACTIC/grasp_projection_distance: 0.0000
Metrics/locomotion/TACTIC/grasp_center_error: 0.0000
Metrics/locomotion/TACTIC/capture_staging_distance: 1.1057
Metrics/locomotion/TACTIC/capture_heading_error: 2.4794
Metrics/locomotion/TACTIC/capture_initiation_margin: -4.5097
Metrics/locomotion/TACTIC/selected_delivery_side: 1.0000
Metrics/locomotion/TACTIC/capture_lift_active: 0.0000
Metrics/locomotion/TACTIC/command_vx: -0.0029
Metrics/locomotion/TACTIC/command_vy: 0.0002
Metrics/locomotion/TACTIC/command_wz: 0.2630
Metrics/locomotion/TACTIC/curriculum_level: 0.0000
Metrics/locomotion/TACTIC/curriculum_frontier: 0.0000
Metrics/locomotion/TACTIC/curriculum_probe: 0.0000
Metrics/locomotion/TACTIC/interaction_start_curriculum: 1.0000
Metrics/locomotion/TACTIC/interaction_start_probability: 1.0000
Metrics/locomotion/TACTIC/composition_probe_probability: 0.0182
Metrics/locomotion/TACTIC/curriculum_completion_ema: 0.0000
Metrics/locomotion/TACTIC/curriculum_progress_ema: 0.0788
Metrics/locomotion/TACTIC/curriculum_safety_ema: 0.5944
Metrics/locomotion/TACTIC/episode_safety_fraction: 0.9300
Metrics/locomotion/TACTIC/curriculum_contact_ema: 0.0124
Metrics/locomotion/TACTIC/curriculum_lift_ema: 0.0135
Metrics/locomotion/TACTIC/curriculum_transport_ema: 0.0158
Metrics/locomotion/TACTIC/curriculum_place_ema: 0.0000
Metrics/locomotion/TACTIC/curriculum_delivery_completion_ema: 0.0000
Metrics/locomotion/TACTIC/curriculum_regression_streak: 0.0000
Metrics/locomotion/TACTIC/required_task_count: 1.0000
Metrics/locomotion/TACTIC/object_completion_mean: 0.0000
Metrics/locomotion/TACTIC/object_contact_mean: 0.0000
Metrics/locomotion/TACTIC/object_lift_mean: 0.0000
Metrics/locomotion/TACTIC/object_transport_mean: 0.0000
Metrics/locomotion/TACTIC/object_place_mean: 0.0000
Metrics/locomotion/TACTIC/object_target_progress_mean: 0.0048
Metrics/locomotion/TACTIC/object_target_progress_delta_mean: 0.0000
Metrics/locomotion/TACTIC/object_release_readiness_mean: 0.0000
Metrics/locomotion/TACTIC/object_release_readiness_delta_mean: 0.0000
Metrics/locomotion/TACTIC/object_release_event_mean: 0.0000
Metrics/locomotion/TACTIC/object_drop_event_mean: 0.0000
Metrics/locomotion/TACTIC/object_gripper_distance_mean: 1.0870
Metrics/locomotion/TACTIC/object_carrying_mean: 0.0000
Metrics/locomotion/TACTIC/object_carry_memory_mean: 0.0000
Metrics/locomotion/TACTIC/interaction_frontier_mean: 0.0000
Metrics/locomotion/TACTIC/interaction_frontier_delta_mean: 0.0000
Metrics/locomotion/TACTIC/contact_symmetry_mean: 0.0000
 Metrics/locomotion/TACTIC/task_id: 9.0000
Metrics/locomotion/TACTIC/skill_id: 5.7917
Metrics/locomotion/TACTIC/object_id: 4.0000
Metrics/locomotion/TACTIC/effective_object_id: 4.0000
Metrics/locomotion/TACTIC/selected_object_contact: 0.0000
Metrics/locomotion/TACTIC/selected_object_lift: 0.0000
Metrics/locomotion/TACTIC/selected_object_transport: 0.0000
Metrics/locomotion/TACTIC/selected_object_place: 0.0000
Metrics/locomotion/TACTIC/selected_object_completion: 0.0000
Metrics/locomotion/TACTIC/selected_object_carrying: 0.0000
Metrics/locomotion/TACTIC/selected_object_carry_memory: 0.0000
Metrics/locomotion/TACTIC/selected_object_target_progress: 0.0287
Metrics/locomotion/TACTIC/selected_object_target_progress_delta: 0.0000
Metrics/locomotion/TACTIC/selected_object_release_readiness: 0.0000
Metrics/locomotion/TACTIC/selected_object_release_readiness_delta: 0.0000
Metrics/locomotion/TACTIC/selected_object_release_event: 0.0000
Metrics/locomotion/TACTIC/selected_object_drop_event: 0.0000
Metrics/locomotion/TACTIC/selected_object_gripper_distance: 0.9712
Metrics/locomotion/TACTIC/selected_object_place_error_xy: 0.2784
Metrics/locomotion/TACTIC/selected_object_place_error_z: 0.7195
Metrics/locomotion/TACTIC/selected_interaction_frontier: 0.0000
Metrics/locomotion/TACTIC/selected_interaction_frontier_delta: 0.0000
Metrics/locomotion/TACTIC/selected_reachability: 0.0000
Metrics/locomotion/TACTIC/task_switch: 0.0000
Metrics/locomotion/TACTIC/skill_switch: 0.0000
Metrics/locomotion/TACTIC/task_age: 0.0000
Metrics/locomotion/TACTIC/skill_age: 0.0000
Metrics/locomotion/TACTIC/task_hazard: 0.0000
Metrics/locomotion/TACTIC/skill_hazard: 0.0000
Metrics/locomotion/TACTIC/task_termination_probability: 0.0000
Metrics/locomotion/TACTIC/skill_termination_probability: 0.0000
Metrics/locomotion/TACTIC/task_entropy: 0.0000
Metrics/locomotion/TACTIC/skill_entropy: 0.6560
Metrics/locomotion/TACTIC/task_occupancy_entropy: 0.0000
Metrics/locomotion/TACTIC/skill_occupancy_entropy: 0.6560
Metrics/locomotion/TACTIC/skill_parameter_0: 0.0000
Metrics/locomotion/TACTIC/skill_parameter_1: 0.0000
Metrics/locomotion/TACTIC/skill_parameter_2: 0.0000
Metrics/locomotion/TACTIC/skill_parameter_3: 0.0000
Metrics/locomotion/TACTIC/skill_parameter_4: 0.0000
Metrics/locomotion/TACTIC/skill_parameter_5: 0.0000
Metrics/locomotion/TACTIC/object_0_complete: 0.0000
Metrics/locomotion/TACTIC/object_1_complete: 0.0000
Metrics/locomotion/TACTIC/object_2_complete: 0.0000
Metrics/locomotion/TACTIC/object_3_complete: 0.0000
Metrics/locomotion/TACTIC/object_4_complete: 0.0000
Metrics/locomotion/TACTIC/object_5_complete: 0.0000
      Episode_Termination/time_out: 0.0000
   Episode_Termination/bad_contact: 0.0000
          Episode_Termination/tilt: 0.3460
    Episode_Termination/low_height: 0.0156
Episode_Termination/mission_success: 0.0000
--------------------------------------------------------------------------------
                   Total timesteps: 52224
                    Iteration time: 6.54s
                      Time elapsed: 00:01:49
                               ETA: 00:01:30

################################################################################
                       [1m Learning iteration 17/30 [0m                       

                       Computation: 476 steps/s (collection: 5.596s, learning 0.852s)
             Mean action noise std: 0.02
          Mean value_function loss: 14.3823
               Mean surrogate loss: 0.0534
                 Mean entropy loss: -102.7054
 Mean next_control_prediction loss: 0.0228
       Mean skill_feasibility loss: 0.6931
 Mean task_outcome_prediction loss: 0.0321
 Mean task_outcome_confidence loss: 1.5308
Mean task_outcome_confidence_mean loss: 0.1192
Mean skill_outcome_prediction loss: 0.0023
        Mean payload_survival loss: 0.6931
Mean payload_survival_support loss: 0.0260
   Mean payload_drop_fraction loss: 0.0000
Mean payload_survival_prediction loss: 0.5000
 Mean skill_effect_prediction loss: 0.0303
 Mean skill_effect_confidence loss: 1.6269
Mean skill_effect_confidence_mean loss: 0.1192
Mean motion_execution_prediction loss: 0.0390
Mean motion_execution_confidence loss: 1.4987
Mean embodiment_response_prediction loss: 0.0016
Mean embodiment_response_vx_abs loss: 0.0019
Mean embodiment_response_wz_abs loss: 0.0011
   Mean constraint_multiplier loss: 0.0085
Mean task_constraint_multiplier_mean loss: 0.1632
Mean skill_constraint_multiplier_mean loss: 0.1632
 Mean hierarchy_cbf_violation loss: 0.0303
Mean hierarchy_cbf_raw_violation loss: 0.0312
Mean hierarchy_cbf_transient_slack loss: 0.0069
 Mean hierarchy_clf_violation loss: 0.0000
Mean hierarchy_cbf_regression loss: 0.0120
Mean hierarchy_clf_regression loss: 0.0000
   Mean safe_task_achievement loss: -0.0055
  Mean safe_skill_achievement loss: -0.0045
Mean unsafe_positive_progress_rate loss: 0.0462
Mean motion_execution_confidence_mean loss: 0.1192
Mean grounded_effect_diversity loss: 0.0000
      Mean task_option_credit loss: -0.0519
     Mean skill_option_credit loss: -0.0375
    Mean event_hindsight_task loss: 0.0000
   Mean event_hindsight_skill loss: 1.3828
       Mean event_credit_mass loss: 0.0029
Mean task_option_advantage_abs loss: 0.2375
Mean skill_option_advantage_abs loss: 0.2737
         Mean task_transition loss: 2.3665
        Mean skill_transition loss: 1.6400
       Mean motion_transition loss: 1.8173
  Mean interaction_transition loss: 1.3741
Mean interaction_active_fraction loss: 1.0000
              Mean task_usage loss: 0.0000
  Mean task_frontier_coverage loss: 0.0000
Mean selected_frontier_probability loss: 0.8033
       Mean interaction_phase loss: 0.2770
Mean interaction_release_target loss: 0.0208
Mean interaction_release_frontier loss: 0.0069
Mean interaction_release_balance_weight loss: 1.1459
  Mean task_control_objective loss: 0.0096
        Mean task_clf_descent loss: 0.0012
  Mean task_barrier_authority loss: 0.0239
Mean skill_predictive_control loss: 0.0015
Mean relational_subgoal_grounding loss: 0.0000
  Mean task_subgoal_alignment loss: 1.0000
  Mean task_subgoal_authority loss: 0.4783
   Mean task_skill_projection loss: 0.0000
 Mean task_transient_capacity loss: 0.7879
   Mean task_posture_capacity loss: 0.9084
Mean task_projected_turn_demand loss: 0.3331
Mean task_semantic_turn_demand loss: 0.3331
Mean task_lateral_turn_demand loss: 0.0000
Mean task_target_yaw_residual loss: 0.6055
Mean task_interaction_authority loss: 0.0053
    Mean task_arm_scope_error loss: 0.0000
Mean counterfactual_task_selection loss: 0.0000
Mean counterfactual_task_target_entropy loss: 0.0000
Mean counterfactual_task_target_peak loss: 0.0000
Mean grounded_task_utility_span loss: 0.0000
      Mean task_outcome_blend loss: 0.0000
Mean grounded_task_target_agreement loss: 0.0000
Mean sampled_task_target_probability loss: 0.0000
Mean recovery_candidate_fraction loss: 0.0000
Mean recovery_task_probability loss: 0.0000
Mean recovery_target_probability loss: 0.0000
Mean counterfactual_termination loss: 0.4513
 Mean task_termination_target loss: 0.0000
Mean skill_termination_target loss: 0.4506
Mean payload_skill_barrier_pressure loss: 0.0000
Mean payload_transient_demand loss: 0.0052
Mean payload_skill_exit_target loss: 0.0000
Mean payload_survival_exit_target loss: 0.0000
Mean payload_survival_authority loss: 0.0000
        Mean task_switch_gain loss: 0.0000
       Mean skill_switch_gain loss: -0.1462
Mean counterfactual_skill_selection loss: 0.7918
Mean counterfactual_target_entropy loss: 0.5958
Mean counterfactual_target_peak loss: 0.8139
       Mean successor_decoder loss: 0.0804
  Mean successor_predicted_vx loss: -0.0018
  Mean successor_predicted_wz loss: -0.0046
 Mean successor_predicted_cbf loss: 0.5000
 Mean successor_predicted_clf loss: 0.5000
 Mean successor_cbf_violation loss: 0.0023
 Mean successor_clf_violation loss: 0.0003
             Mean skill_usage loss: 0.1999
        Mean skill_confidence loss: 0.7032
     Mean task_slot_diversity loss: 0.3938
Mean skill_embedding_diversity loss: 0.0621
   Mean motion_gain_diversity loss: 0.0000
Mean motion_objective_diversity loss: 0.0000
       Mean event_replay_size loss: 4428.0000
   Mean event_replay_priority loss: 0.0473
 Mean event_replay_task_valid loss: 0.6953
Mean event_replay_task_detail_valid loss: 0.6953
       Mean event_replay_task loss: 0.0000
      Mean event_replay_skill loss: 0.6811
     Mean event_replay_motion loss: 1.0768
Mean event_replay_interaction loss: 0.1974
Mean event_replay_task_subgoal loss: 0.0003
Mean event_replay_skill_parameter loss: 0.0227
  Mean event_replay_parameter loss: 0.0228
Mean event_replay_barrier_quality loss: 0.4964
Mean event_replay_unsafe_fraction loss: 0.0000
Mean event_replay_buffer_unsafe_fraction loss: 0.0000
Mean event_replay_buffer_delivery loss: 0.7082
Mean event_replay_buffer_recovery loss: 0.0000
Mean event_replay_sample_delivery loss: 0.6978
Mean event_replay_sample_recovery loss: 0.0000
Mean event_replay_sample_raw_delivery loss: 0.6953
Mean event_replay_sample_raw_recovery loss: 0.0000
Mean event_replay_recovery_pressure loss: 0.0000
Mean event_replay_recovery_adapter_gate loss: 0.0000
Mean event_replay_buffer_approach loss: 0.7341
Mean event_replay_sample_approach loss: 0.5987
Mean event_replay_sample_raw_approach loss: 0.6025
Mean event_replay_buffer_secure loss: 0.1598
Mean event_replay_sample_secure loss: 0.2659
Mean event_replay_sample_raw_secure loss: 0.2654
Mean event_replay_buffer_release loss: 0.1062
Mean event_replay_sample_release loss: 0.1354
Mean event_replay_sample_raw_release loss: 0.1320
Mean payload_survival_replay_size loss: 535.0000
Mean payload_survival_replay_support loss: 1.0000
Mean payload_survival_replay_drop_fraction loss: 0.4999
Mean payload_survival_replay_prediction loss: 0.5000
Mean payload_survival_replay_drop_prediction loss: 0.5000
Mean payload_survival_replay_retain_prediction loss: 0.5000
Mean payload_survival_replay_separation loss: 0.0000
Mean payload_survival_replay_accuracy loss: 0.5000
Mean payload_survival_replay_rank_loss loss: 0.7185
Mean payload_survival_replay_rank_gap loss: 0.0000
Mean payload_survival_replay_rank_accuracy loss: 0.0000
Mean payload_survival_replay_rank_pairs loss: 188.0000
      Mean event_replay_added loss: 256.0000
Mean event_replay_append_task_valid loss: 0.8047
Mean event_replay_task_relabel loss: 0.1953
Mean event_replay_interaction_relabel loss: 0.2969
Mean event_replay_append_delivery loss: 0.8125
Mean event_replay_append_recovery loss: 0.0000
Mean event_replay_append_payload_recovery loss: 0.0000
Mean payload_survival_replay_added loss: 36.0000
Mean payload_survival_replay_append_drop_fraction loss: 0.0000
      Mean hierarchy_cbf_dual loss: 0.5064
      Mean hierarchy_clf_dual loss: 0.2825
Mean hierarchy_cbf_violation_ema loss: 0.2015
Mean hierarchy_clf_violation_ema loss: 0.0244
Mean physical_adaptation_active loss: 0.0000
Mean physical_adaptation_stage loss: -10.0000
 Mean hierarchy_only_training loss: 0.0000
Mean decomposition_only_training loss: 0.0000
Mean motion_selector_only_training loss: 0.0000
Mean interaction_selector_only_training loss: 0.0000
Mean motion_skill_only_training loss: 0.0000
Mean payload_motion_only_training loss: 0.0000
Mean recovery_adapter_only_training loss: 0.0000
 Mean auxiliary_learning_rate loss: 0.0000
Mean payload_survival_learning_rate loss: 0.0003
Mean physical_core_learning_rate loss: 0.0000
Mean physical_adapter_learning_rate loss: 0.0000
Mean skill_information_reward loss: -0.0047
 Mean task_information_reward loss: 0.0000
                       Mean reward: -126.84
               Mean episode length: 92.45
   Episode_Reward/term_bad_contact: 0.0000
          Episode_Reward/term_tilt: -0.0139
    Episode_Reward/term_low_height: 0.0000
      Episode_Reward/leg_action_l2: -0.0031
   Episode_Reward/tracking_lin_vel: 0.0000
Episode_Reward/tracking_ang_vel_yaw_l1: 0.0000
Episode_Reward/tracking_ang_vel_yaw_exp: 0.0000
Episode_Reward/tracking_lin_vel_y_l2: 0.0000
Episode_Reward/tracking_lin_vel_z_l2: 0.0000
            Episode_Reward/survive: 0.0000
    Episode_Reward/foot_contacts_z: 0.0000
            Episode_Reward/torques: -0.0127
 Episode_Reward/tracking_lin_vel_y: 0.0000
          Episode_Reward/lin_vel_z: -0.0006
         Episode_Reward/ang_vel_xy: -0.0009
   Episode_Reward/tracking_ang_vel: 0.0026
               Episode_Reward/work: -0.0325
            Episode_Reward/dof_acc: -0.0777
        Episode_Reward/action_rate: -0.0017
     Episode_Reward/dof_pos_limits: -0.0000
      Episode_Reward/delta_torques: -0.0000
          Episode_Reward/collision: -0.4393
        Episode_Reward/walking_dof: 0.0004
            Episode_Reward/hip_pos: -0.0028
          Episode_Reward/feet_jerk: 0.0000
              Episode_Reward/alive: 0.0168
          Episode_Reward/feet_drag: -0.0006
Episode_Reward/feet_contact_forces: -0.0104
               Episode_Reward/roll: -0.0014
        Episode_Reward/base_height: -0.0110
Episode_Reward/tracking_lin_vel_max: 0.0238
Episode_Reward/flat_orientation_l2: -0.0006
  Episode_Reward/air_time_variance: -0.0004
        Episode_Reward/feet_height: 0.0000
      Episode_Reward/feet_air_time: 0.0000
Episode_Reward/update_last_buffers: 0.0000
   Episode_Reward/wheel_idle_speed: -0.4108
    Episode_Reward/wheel_action_l2: -0.0005
  Episode_Reward/wheel_action_rate: 0.0000
  Episode_Reward/wheel_forward_use: 0.0000
 Episode_Reward/wheel_turn_support: 0.0113
Episode_Reward/tactic_mission_completion: 0.0000
Episode_Reward/tactic_mission_success: 0.0000
Episode_Reward/tactic_task_progress: -0.0001
Episode_Reward/tactic_task_tracking: 0.0021
 Episode_Reward/tactic_ee_tracking: 0.0199
  Episode_Reward/tactic_valid_task: 0.0034
Episode_Reward/tactic_invalid_task: 0.0000
Episode_Reward/tactic_option_switch: -0.0000
Episode_Reward/tactic_control_progress: -0.0000
  Episode_Reward/tactic_cbf_margin: 0.0000
Episode_Reward/tactic_predicted_margin: 0.0000
Episode_Reward/tactic_clf_decrease: 0.0000
Episode_Reward/tactic_disturbance_rejection: 0.0000
Episode_Reward/tactic_safety_violation: -0.0031
Episode_Reward/tactic_unsafe_progress: -0.0000
Episode_Reward/tactic_object_contact: 0.0039
 Episode_Reward/tactic_object_lift: 0.0000
Episode_Reward/tactic_object_transport: 0.0000
Episode_Reward/tactic_object_place: 0.0000
Episode_Reward/tactic_object_completion: 0.0000
Episode_Reward/tactic_interaction_frontier: 0.0001
  Episode_Reward/tactic_grasp_hold: 0.0017
Episode_Reward/tactic_payload_progress: 0.0000
Episode_Reward/tactic_release_readiness: 0.0000
Episode_Reward/tactic_intended_release: 0.0000
Episode_Reward/tactic_payload_retention: 0.0000
Episode_Reward/tactic_payload_drop: 0.0000
Episode_Reward/tactic_release_quality: 0.0000
Episode_Reward/tactic_wrong_object_interaction: 0.0000
 Episode_Reward/tactic_all_objects: 0.0000
Metrics/locomotion/TACTIC/mission_completion: 0.0000
Metrics/locomotion/TACTIC/mission_completion_delta: 0.0000
Metrics/locomotion/TACTIC/mission_success: 0.0000
Metrics/locomotion/TACTIC/task_progress: 0.0419
Metrics/locomotion/TACTIC/task_progress_delta: -0.0002
Metrics/locomotion/TACTIC/task_error: 1.4771
Metrics/locomotion/TACTIC/ee_error: 0.0996
Metrics/locomotion/TACTIC/tcp_object_distance: 1.0941
Metrics/locomotion/TACTIC/goal_object_distance: 1.0312
Metrics/locomotion/TACTIC/finger_object_distance: 1.1082
Metrics/locomotion/TACTIC/object_target_distance: 0.8942
Metrics/locomotion/TACTIC/recovery_task_executed: 0.0000
Metrics/locomotion/TACTIC/recovery_task_probability: 0.0000
Metrics/locomotion/TACTIC/executed_task_probability: 1.0000
Metrics/locomotion/TACTIC/task_constraint_projection: 0.0000
Metrics/locomotion/TACTIC/recovery_latch_seen: 0.0000
Metrics/locomotion/TACTIC/recovery_valid_seen: 0.0000
Metrics/locomotion/TACTIC/recovery_pressure_seen: 0.0000
Metrics/locomotion/TACTIC/cbf_margin: 0.0000
Metrics/locomotion/TACTIC/predicted_margin: 0.0000
Metrics/locomotion/TACTIC/clf_decrease: -0.1461
Metrics/locomotion/TACTIC/disturbance_estimate: 0.5522
Metrics/locomotion/TACTIC/base_height: 0.3644
Metrics/locomotion/TACTIC/base_tilt: 0.5624
Metrics/locomotion/TACTIC/control_recovery_pressure: 1.0000
Metrics/locomotion/TACTIC/control_recovery_active: 1.0000
Metrics/locomotion/TACTIC/control_recovery_constraint_active: 1.0000
Metrics/locomotion/TACTIC/payload_posture_projection: 0.0000
Metrics/locomotion/TACTIC/payload_relation_violation: 0.0000
 Metrics/locomotion/TACTIC/base_vx: -0.1321
 Metrics/locomotion/TACTIC/base_vy: -0.1753
 Metrics/locomotion/TACTIC/base_wz: -0.8875
Metrics/locomotion/TACTIC/support_count: 3.0000
Metrics/locomotion/TACTIC/obstacle_margin: 1.0425
Metrics/locomotion/TACTIC/gripper_closure: 0.0236
Metrics/locomotion/TACTIC/manipulation_active: 1.0000
Metrics/locomotion/TACTIC/grasp_active: 1.0000
Metrics/locomotion/TACTIC/grasp_orientation_active: 0.0000
Metrics/locomotion/TACTIC/grasp_orientation_error: 0.0000
Metrics/locomotion/TACTIC/interaction_authority: 0.0000
Metrics/locomotion/TACTIC/workspace_handoff: 0.0000
Metrics/locomotion/TACTIC/grasp_projection_distance: 0.0000
Metrics/locomotion/TACTIC/grasp_center_error: 0.0000
Metrics/locomotion/TACTIC/capture_staging_distance: 0.9688
Metrics/locomotion/TACTIC/capture_heading_error: 2.4325
Metrics/locomotion/TACTIC/capture_initiation_margin: -4.4057
Metrics/locomotion/TACTIC/selected_delivery_side: 1.0000
Metrics/locomotion/TACTIC/capture_lift_active: 0.0000
Metrics/locomotion/TACTIC/command_vx: -0.0034
Metrics/locomotion/TACTIC/command_vy: 0.0009
Metrics/locomotion/TACTIC/command_wz: 0.3263
Metrics/locomotion/TACTIC/curriculum_level: 0.0000
Metrics/locomotion/TACTIC/curriculum_frontier: 0.0000
Metrics/locomotion/TACTIC/curriculum_probe: 0.0000
Metrics/locomotion/TACTIC/interaction_start_curriculum: 1.0000
Metrics/locomotion/TACTIC/interaction_start_probability: 1.0000
Metrics/locomotion/TACTIC/composition_probe_probability: 0.0175
Metrics/locomotion/TACTIC/curriculum_completion_ema: 0.0000
Metrics/locomotion/TACTIC/curriculum_progress_ema: 0.0766
Metrics/locomotion/TACTIC/curriculum_safety_ema: 0.6144
Metrics/locomotion/TACTIC/episode_safety_fraction: 0.9398
Metrics/locomotion/TACTIC/curriculum_contact_ema: 0.0116
Metrics/locomotion/TACTIC/curriculum_lift_ema: 0.0127
Metrics/locomotion/TACTIC/curriculum_transport_ema: 0.0149
Metrics/locomotion/TACTIC/curriculum_place_ema: 0.0000
Metrics/locomotion/TACTIC/curriculum_delivery_completion_ema: 0.0000
Metrics/locomotion/TACTIC/curriculum_regression_streak: 0.0000
Metrics/locomotion/TACTIC/required_task_count: 1.0000
Metrics/locomotion/TACTIC/object_completion_mean: 0.0000
Metrics/locomotion/TACTIC/object_contact_mean: 0.0000
Metrics/locomotion/TACTIC/object_lift_mean: 0.0000
Metrics/locomotion/TACTIC/object_transport_mean: 0.0000
Metrics/locomotion/TACTIC/object_place_mean: 0.0000
Metrics/locomotion/TACTIC/object_target_progress_mean: -0.1437
Metrics/locomotion/TACTIC/object_target_progress_delta_mean: 0.0000
Metrics/locomotion/TACTIC/object_release_readiness_mean: 0.0000
Metrics/locomotion/TACTIC/object_release_readiness_delta_mean: 0.0000
Metrics/locomotion/TACTIC/object_release_event_mean: 0.0000
Metrics/locomotion/TACTIC/object_drop_event_mean: 0.0000
Metrics/locomotion/TACTIC/object_gripper_distance_mean: 1.1841
Metrics/locomotion/TACTIC/object_carrying_mean: 0.0000
Metrics/locomotion/TACTIC/object_carry_memory_mean: 0.0000
Metrics/locomotion/TACTIC/interaction_frontier_mean: 0.0022
Metrics/locomotion/TACTIC/interaction_frontier_delta_mean: 0.0000
Metrics/locomotion/TACTIC/contact_symmetry_mean: 0.0000
 Metrics/locomotion/TACTIC/task_id: 9.0000
Metrics/locomotion/TACTIC/skill_id: 3.2500
Metrics/locomotion/TACTIC/object_id: 4.0000
Metrics/locomotion/TACTIC/effective_object_id: 4.0000
Metrics/locomotion/TACTIC/selected_object_contact: 0.0000
Metrics/locomotion/TACTIC/selected_object_lift: 0.0000
Metrics/locomotion/TACTIC/selected_object_transport: 0.0000
Metrics/locomotion/TACTIC/selected_object_place: 0.0000
Metrics/locomotion/TACTIC/selected_object_completion: 0.0000
Metrics/locomotion/TACTIC/selected_object_carrying: 0.0000
Metrics/locomotion/TACTIC/selected_object_carry_memory: 0.0000
Metrics/locomotion/TACTIC/selected_object_target_progress: -0.8624
Metrics/locomotion/TACTIC/selected_object_target_progress_delta: 0.0000
Metrics/locomotion/TACTIC/selected_object_release_readiness: 0.0000
Metrics/locomotion/TACTIC/selected_object_release_readiness_delta: 0.0000
Metrics/locomotion/TACTIC/selected_object_release_event: 0.0000
Metrics/locomotion/TACTIC/selected_object_drop_event: 0.0000
Metrics/locomotion/TACTIC/selected_object_gripper_distance: 1.0980
Metrics/locomotion/TACTIC/selected_object_place_error_xy: 0.5286
Metrics/locomotion/TACTIC/selected_object_place_error_z: 0.7202
Metrics/locomotion/TACTIC/selected_interaction_frontier: 0.0133
Metrics/locomotion/TACTIC/selected_interaction_frontier_delta: 0.0000
Metrics/locomotion/TACTIC/selected_reachability: 0.0000
Metrics/locomotion/TACTIC/task_switch: 0.0000
Metrics/locomotion/TACTIC/skill_switch: 0.0000
Metrics/locomotion/TACTIC/task_age: 0.0000
Metrics/locomotion/TACTIC/skill_age: 0.0000
Metrics/locomotion/TACTIC/task_hazard: 0.0000
Metrics/locomotion/TACTIC/skill_hazard: 0.0000
Metrics/locomotion/TACTIC/task_termination_probability: 0.0000
Metrics/locomotion/TACTIC/skill_termination_probability: 0.0000
Metrics/locomotion/TACTIC/task_entropy: 0.0000
Metrics/locomotion/TACTIC/skill_entropy: 0.6440
Metrics/locomotion/TACTIC/task_occupancy_entropy: 0.0000
Metrics/locomotion/TACTIC/skill_occupancy_entropy: 0.6440
Metrics/locomotion/TACTIC/skill_parameter_0: 0.0000
Metrics/locomotion/TACTIC/skill_parameter_1: 0.0000
Metrics/locomotion/TACTIC/skill_parameter_2: 0.0000
Metrics/locomotion/TACTIC/skill_parameter_3: 0.0000
Metrics/locomotion/TACTIC/skill_parameter_4: 0.0000
Metrics/locomotion/TACTIC/skill_parameter_5: 0.0000
Metrics/locomotion/TACTIC/object_0_complete: 0.0000
Metrics/locomotion/TACTIC/object_1_complete: 0.0000
Metrics/locomotion/TACTIC/object_2_complete: 0.0000
Metrics/locomotion/TACTIC/object_3_complete: 0.0000
Metrics/locomotion/TACTIC/object_4_complete: 0.0000
Metrics/locomotion/TACTIC/object_5_complete: 0.0000
      Episode_Termination/time_out: 0.0000
   Episode_Termination/bad_contact: 0.0000
          Episode_Termination/tilt: 0.3516
    Episode_Termination/low_height: 0.0156
Episode_Termination/mission_success: 0.0000
--------------------------------------------------------------------------------
                   Total timesteps: 55296
                    Iteration time: 6.45s
                      Time elapsed: 00:01:55
                               ETA: 00:01:23

################################################################################
                       [1m Learning iteration 18/30 [0m                       

                       Computation: 476 steps/s (collection: 5.614s, learning 0.835s)
             Mean action noise std: 0.02
          Mean value_function loss: 17.4586
               Mean surrogate loss: 0.0634
                 Mean entropy loss: -102.7013
 Mean next_control_prediction loss: 0.0233
       Mean skill_feasibility loss: 0.6931
 Mean task_outcome_prediction loss: 0.0319
 Mean task_outcome_confidence loss: 1.5341
Mean task_outcome_confidence_mean loss: 0.1192
Mean skill_outcome_prediction loss: 0.0023
        Mean payload_survival loss: 0.6931
Mean payload_survival_support loss: 0.0241
   Mean payload_drop_fraction loss: 0.0000
Mean payload_survival_prediction loss: 0.5000
 Mean skill_effect_prediction loss: 0.0301
 Mean skill_effect_confidence loss: 1.6206
Mean skill_effect_confidence_mean loss: 0.1192
Mean motion_execution_prediction loss: 0.0394
Mean motion_execution_confidence loss: 1.4862
Mean embodiment_response_prediction loss: 0.0018
Mean embodiment_response_vx_abs loss: 0.0018
Mean embodiment_response_wz_abs loss: 0.0011
   Mean constraint_multiplier loss: 0.0079
Mean task_constraint_multiplier_mean loss: 0.1632
Mean skill_constraint_multiplier_mean loss: 0.1632
 Mean hierarchy_cbf_violation loss: 0.0299
Mean hierarchy_cbf_raw_violation loss: 0.0305
Mean hierarchy_cbf_transient_slack loss: 0.0064
 Mean hierarchy_clf_violation loss: 0.0008
Mean hierarchy_cbf_regression loss: 0.0099
Mean hierarchy_clf_regression loss: 0.0008
   Mean safe_task_achievement loss: -0.0031
  Mean safe_skill_achievement loss: -0.0041
Mean unsafe_positive_progress_rate loss: 0.0573
Mean motion_execution_confidence_mean loss: 0.1192
Mean grounded_effect_diversity loss: 0.0000
      Mean task_option_credit loss: -0.0300
     Mean skill_option_credit loss: -0.0313
    Mean event_hindsight_task loss: 0.0000
   Mean event_hindsight_skill loss: 2.1437
       Mean event_credit_mass loss: 0.0033
Mean task_option_advantage_abs loss: 0.2863
Mean skill_option_advantage_abs loss: 0.3372
         Mean task_transition loss: 2.3477
        Mean skill_transition loss: 1.6324
       Mean motion_transition loss: 1.8149
  Mean interaction_transition loss: 1.3586
Mean interaction_active_fraction loss: 1.0000
              Mean task_usage loss: 0.0000
  Mean task_frontier_coverage loss: 0.0000
Mean selected_frontier_probability loss: 0.8041
       Mean interaction_phase loss: 0.2593
Mean interaction_release_target loss: 0.0200
Mean interaction_release_frontier loss: 0.0060
Mean interaction_release_balance_weight loss: 1.1400
  Mean task_control_objective loss: 0.0101
        Mean task_clf_descent loss: 0.0010
  Mean task_barrier_authority loss: 0.0261
Mean skill_predictive_control loss: 0.0016
Mean relational_subgoal_grounding loss: 0.0000
  Mean task_subgoal_alignment loss: 1.0000
  Mean task_subgoal_authority loss: 0.4779
   Mean task_skill_projection loss: 0.0000
 Mean task_transient_capacity loss: 0.7897
   Mean task_posture_capacity loss: 0.9049
Mean task_projected_turn_demand loss: 0.3333
Mean task_semantic_turn_demand loss: 0.3333
Mean task_lateral_turn_demand loss: 0.0000
Mean task_target_yaw_residual loss: 0.6058
Mean task_interaction_authority loss: 0.0049
    Mean task_arm_scope_error loss: 0.0000
Mean counterfactual_task_selection loss: 0.0000
Mean counterfactual_task_target_entropy loss: 0.0000
Mean counterfactual_task_target_peak loss: 0.0000
Mean grounded_task_utility_span loss: 0.0000
      Mean task_outcome_blend loss: 0.0000
Mean grounded_task_target_agreement loss: 0.0000
Mean sampled_task_target_probability loss: 0.0000
Mean recovery_candidate_fraction loss: 0.0000
Mean recovery_task_probability loss: 0.0000
Mean recovery_target_probability loss: 0.0000
Mean counterfactual_termination loss: 0.4568
 Mean task_termination_target loss: 0.0000
Mean skill_termination_target loss: 0.4721
Mean payload_skill_barrier_pressure loss: 0.0000
Mean payload_transient_demand loss: 0.0029
Mean payload_skill_exit_target loss: 0.0000
Mean payload_survival_exit_target loss: 0.0000
Mean payload_survival_authority loss: 0.0000
        Mean task_switch_gain loss: 0.0000
       Mean skill_switch_gain loss: -0.1094
Mean counterfactual_skill_selection loss: 0.7868
Mean counterfactual_target_entropy loss: 0.5930
Mean counterfactual_target_peak loss: 0.8145
       Mean successor_decoder loss: 0.0786
  Mean successor_predicted_vx loss: -0.0020
  Mean successor_predicted_wz loss: -0.0065
 Mean successor_predicted_cbf loss: 0.5000
 Mean successor_predicted_clf loss: 0.5000
 Mean successor_cbf_violation loss: 0.0019
 Mean successor_clf_violation loss: 0.0000
             Mean skill_usage loss: 0.1989
        Mean skill_confidence loss: 0.6955
     Mean task_slot_diversity loss: 0.3942
Mean skill_embedding_diversity loss: 0.0621
   Mean motion_gain_diversity loss: 0.0000
Mean motion_objective_diversity loss: 0.0000
       Mean event_replay_size loss: 4684.0000
   Mean event_replay_priority loss: 0.0458
 Mean event_replay_task_valid loss: 0.6953
Mean event_replay_task_detail_valid loss: 0.6953
       Mean event_replay_task loss: 0.0000
      Mean event_replay_skill loss: 0.6696
     Mean event_replay_motion loss: 1.0435
Mean event_replay_interaction loss: 0.2128
Mean event_replay_task_subgoal loss: 0.0003
Mean event_replay_skill_parameter loss: 0.0217
  Mean event_replay_parameter loss: 0.0218
Mean event_replay_barrier_quality loss: 0.4916
Mean event_replay_unsafe_fraction loss: 0.0000
Mean event_replay_buffer_unsafe_fraction loss: 0.0000
Mean event_replay_buffer_delivery loss: 0.7077
Mean event_replay_buffer_recovery loss: 0.0000
Mean event_replay_sample_delivery loss: 0.6979
Mean event_replay_sample_recovery loss: 0.0000
Mean event_replay_sample_raw_delivery loss: 0.6953
Mean event_replay_sample_raw_recovery loss: 0.0000
Mean event_replay_recovery_pressure loss: 0.0000
Mean event_replay_recovery_adapter_gate loss: 0.0000
Mean event_replay_buffer_approach loss: 0.7421
Mean event_replay_sample_approach loss: 0.5783
Mean event_replay_sample_raw_approach loss: 0.5815
Mean event_replay_buffer_secure loss: 0.1511
Mean event_replay_sample_secure loss: 0.2725
Mean event_replay_sample_raw_secure loss: 0.2739
Mean event_replay_buffer_release loss: 0.1068
Mean event_replay_sample_release loss: 0.1492
Mean event_replay_sample_raw_release loss: 0.1447
Mean payload_survival_replay_size loss: 571.0000
Mean payload_survival_replay_support loss: 1.0000
Mean payload_survival_replay_drop_fraction loss: 0.4999
Mean payload_survival_replay_prediction loss: 0.5000
Mean payload_survival_replay_drop_prediction loss: 0.5000
Mean payload_survival_replay_retain_prediction loss: 0.5000
Mean payload_survival_replay_separation loss: 0.0000
Mean payload_survival_replay_accuracy loss: 0.5000
Mean payload_survival_replay_rank_loss loss: 0.7185
Mean payload_survival_replay_rank_gap loss: 0.0000
Mean payload_survival_replay_rank_accuracy loss: 0.0000
Mean payload_survival_replay_rank_pairs loss: 173.0000
      Mean event_replay_added loss: 256.0000
Mean event_replay_append_task_valid loss: 0.6992
Mean event_replay_task_relabel loss: 0.3008
Mean event_replay_interaction_relabel loss: 0.2734
Mean event_replay_append_delivery loss: 0.6992
Mean event_replay_append_recovery loss: 0.0000
Mean event_replay_append_payload_recovery loss: 0.0000
Mean payload_survival_replay_added loss: 36.0000
Mean payload_survival_replay_append_drop_fraction loss: 0.0000
      Mean hierarchy_cbf_dual loss: 0.5054
      Mean hierarchy_clf_dual loss: 0.2785
Mean hierarchy_cbf_violation_ema loss: 0.1930
Mean hierarchy_clf_violation_ema loss: 0.0233
Mean physical_adaptation_active loss: 0.0000
Mean physical_adaptation_stage loss: -10.0000
 Mean hierarchy_only_training loss: 0.0000
Mean decomposition_only_training loss: 0.0000
Mean motion_selector_only_training loss: 0.0000
Mean interaction_selector_only_training loss: 0.0000
Mean motion_skill_only_training loss: 0.0000
Mean payload_motion_only_training loss: 0.0000
Mean recovery_adapter_only_training loss: 0.0000
 Mean auxiliary_learning_rate loss: 0.0000
Mean payload_survival_learning_rate loss: 0.0003
Mean physical_core_learning_rate loss: 0.0000
Mean physical_adapter_learning_rate loss: 0.0000
Mean skill_information_reward loss: -0.0045
 Mean task_information_reward loss: 0.0000
                       Mean reward: -126.84
               Mean episode length: 92.45
   Episode_Reward/term_bad_contact: 0.0000
          Episode_Reward/term_tilt: -0.0139
    Episode_Reward/term_low_height: 0.0000
      Episode_Reward/leg_action_l2: -0.0029
   Episode_Reward/tracking_lin_vel: 0.0000
Episode_Reward/tracking_ang_vel_yaw_l1: 0.0000
Episode_Reward/tracking_ang_vel_yaw_exp: 0.0000
Episode_Reward/tracking_lin_vel_y_l2: 0.0000
Episode_Reward/tracking_lin_vel_z_l2: 0.0000
            Episode_Reward/survive: 0.0000
    Episode_Reward/foot_contacts_z: 0.0000
            Episode_Reward/torques: -0.0074
 Episode_Reward/tracking_lin_vel_y: 0.0000
          Episode_Reward/lin_vel_z: -0.0003
         Episode_Reward/ang_vel_xy: -0.0006
   Episode_Reward/tracking_ang_vel: 0.0023
               Episode_Reward/work: -0.0377
            Episode_Reward/dof_acc: -0.1193
        Episode_Reward/action_rate: -0.0011
     Episode_Reward/dof_pos_limits: -0.0000
      Episode_Reward/delta_torques: -0.0000
          Episode_Reward/collision: -0.3587
        Episode_Reward/walking_dof: 0.0019
            Episode_Reward/hip_pos: -0.0019
          Episode_Reward/feet_jerk: 0.0000
              Episode_Reward/alive: 0.0177
          Episode_Reward/feet_drag: -0.0005
Episode_Reward/feet_contact_forces: -0.0097
               Episode_Reward/roll: -0.0032
        Episode_Reward/base_height: -0.0063
Episode_Reward/tracking_lin_vel_max: 0.0254
Episode_Reward/flat_orientation_l2: -0.0007
  Episode_Reward/air_time_variance: -0.0001
        Episode_Reward/feet_height: 0.0000
      Episode_Reward/feet_air_time: 0.0000
Episode_Reward/update_last_buffers: 0.0000
   Episode_Reward/wheel_idle_speed: -0.5372
    Episode_Reward/wheel_action_l2: -0.0002
  Episode_Reward/wheel_action_rate: 0.0000
  Episode_Reward/wheel_forward_use: 0.0000
 Episode_Reward/wheel_turn_support: 0.0107
Episode_Reward/tactic_mission_completion: 0.0000
Episode_Reward/tactic_mission_success: 0.0000
Episode_Reward/tactic_task_progress: -0.0002
Episode_Reward/tactic_task_tracking: 0.0015
 Episode_Reward/tactic_ee_tracking: 0.0301
  Episode_Reward/tactic_valid_task: 0.0035
Episode_Reward/tactic_invalid_task: 0.0000
Episode_Reward/tactic_option_switch: -0.0000
Episode_Reward/tactic_control_progress: -0.0001
  Episode_Reward/tactic_cbf_margin: 0.0000
Episode_Reward/tactic_predicted_margin: 0.0000
Episode_Reward/tactic_clf_decrease: 0.0000
Episode_Reward/tactic_disturbance_rejection: 0.0000
Episode_Reward/tactic_safety_violation: -0.0011
Episode_Reward/tactic_unsafe_progress: 0.0000
Episode_Reward/tactic_object_contact: 0.0468
 Episode_Reward/tactic_object_lift: 0.0000
Episode_Reward/tactic_object_transport: 0.0000
Episode_Reward/tactic_object_place: 0.0000
Episode_Reward/tactic_object_completion: 0.0000
Episode_Reward/tactic_interaction_frontier: 0.0016
  Episode_Reward/tactic_grasp_hold: 0.0204
Episode_Reward/tactic_payload_progress: 0.0000
Episode_Reward/tactic_release_readiness: 0.0000
Episode_Reward/tactic_intended_release: 0.0000
Episode_Reward/tactic_payload_retention: 0.0000
Episode_Reward/tactic_payload_drop: 0.0000
Episode_Reward/tactic_release_quality: 0.0000
Episode_Reward/tactic_wrong_object_interaction: 0.0000
 Episode_Reward/tactic_all_objects: 0.0000
Metrics/locomotion/TACTIC/mission_completion: 0.0000
Metrics/locomotion/TACTIC/mission_completion_delta: 0.0000
Metrics/locomotion/TACTIC/mission_success: 0.0000
Metrics/locomotion/TACTIC/task_progress: 0.1436
Metrics/locomotion/TACTIC/task_progress_delta: -0.0004
Metrics/locomotion/TACTIC/task_error: 1.7305
Metrics/locomotion/TACTIC/ee_error: 0.5183
Metrics/locomotion/TACTIC/tcp_object_distance: 0.5905
Metrics/locomotion/TACTIC/goal_object_distance: 0.1086
Metrics/locomotion/TACTIC/finger_object_distance: 0.6180
Metrics/locomotion/TACTIC/object_target_distance: 0.1057
Metrics/locomotion/TACTIC/recovery_task_executed: 0.0000
Metrics/locomotion/TACTIC/recovery_task_probability: 0.0000
Metrics/locomotion/TACTIC/executed_task_probability: 1.0000
Metrics/locomotion/TACTIC/task_constraint_projection: 0.0000
Metrics/locomotion/TACTIC/recovery_latch_seen: 0.0000
Metrics/locomotion/TACTIC/recovery_valid_seen: 0.0000
Metrics/locomotion/TACTIC/recovery_pressure_seen: 0.0000
Metrics/locomotion/TACTIC/cbf_margin: 0.0000
Metrics/locomotion/TACTIC/predicted_margin: 0.0000
Metrics/locomotion/TACTIC/clf_decrease: -0.0914
Metrics/locomotion/TACTIC/disturbance_estimate: 0.6534
Metrics/locomotion/TACTIC/base_height: 0.2436
Metrics/locomotion/TACTIC/base_tilt: 0.5529
Metrics/locomotion/TACTIC/control_recovery_pressure: 1.0000
Metrics/locomotion/TACTIC/control_recovery_active: 1.0000
Metrics/locomotion/TACTIC/control_recovery_constraint_active: 1.0000
Metrics/locomotion/TACTIC/payload_posture_projection: 0.0000
Metrics/locomotion/TACTIC/payload_relation_violation: 0.0000
 Metrics/locomotion/TACTIC/base_vx: 0.0549
 Metrics/locomotion/TACTIC/base_vy: 0.0773
 Metrics/locomotion/TACTIC/base_wz: -0.1917
Metrics/locomotion/TACTIC/support_count: 3.0000
Metrics/locomotion/TACTIC/obstacle_margin: 0.9768
Metrics/locomotion/TACTIC/gripper_closure: 0.0597
Metrics/locomotion/TACTIC/manipulation_active: 1.0000
Metrics/locomotion/TACTIC/grasp_active: 1.0000
Metrics/locomotion/TACTIC/grasp_orientation_active: 0.0000
Metrics/locomotion/TACTIC/grasp_orientation_error: 0.0000
Metrics/locomotion/TACTIC/interaction_authority: 0.0000
Metrics/locomotion/TACTIC/workspace_handoff: 0.0000
Metrics/locomotion/TACTIC/grasp_projection_distance: 0.0000
Metrics/locomotion/TACTIC/grasp_center_error: 0.0000
Metrics/locomotion/TACTIC/capture_staging_distance: 1.1607
Metrics/locomotion/TACTIC/capture_heading_error: 2.1654
Metrics/locomotion/TACTIC/capture_initiation_margin: -3.8119
Metrics/locomotion/TACTIC/selected_delivery_side: 1.0000
Metrics/locomotion/TACTIC/capture_lift_active: 0.0000
Metrics/locomotion/TACTIC/command_vx: -0.0035
Metrics/locomotion/TACTIC/command_vy: 0.0006
Metrics/locomotion/TACTIC/command_wz: 0.3082
Metrics/locomotion/TACTIC/curriculum_level: 0.0000
Metrics/locomotion/TACTIC/curriculum_frontier: 0.0000
Metrics/locomotion/TACTIC/curriculum_probe: 0.0000
Metrics/locomotion/TACTIC/interaction_start_curriculum: 1.0000
Metrics/locomotion/TACTIC/interaction_start_probability: 1.0000
Metrics/locomotion/TACTIC/composition_probe_probability: 0.0167
Metrics/locomotion/TACTIC/curriculum_completion_ema: 0.0000
Metrics/locomotion/TACTIC/curriculum_progress_ema: 0.0746
Metrics/locomotion/TACTIC/curriculum_safety_ema: 0.6291
Metrics/locomotion/TACTIC/episode_safety_fraction: 0.9646
Metrics/locomotion/TACTIC/curriculum_contact_ema: 0.0111
Metrics/locomotion/TACTIC/curriculum_lift_ema: 0.0121
Metrics/locomotion/TACTIC/curriculum_transport_ema: 0.0142
Metrics/locomotion/TACTIC/curriculum_place_ema: 0.0000
Metrics/locomotion/TACTIC/curriculum_delivery_completion_ema: 0.0000
Metrics/locomotion/TACTIC/curriculum_regression_streak: 0.0000
Metrics/locomotion/TACTIC/required_task_count: 1.0000
Metrics/locomotion/TACTIC/object_completion_mean: 0.0000
Metrics/locomotion/TACTIC/object_contact_mean: 0.0000
Metrics/locomotion/TACTIC/object_lift_mean: 0.0000
Metrics/locomotion/TACTIC/object_transport_mean: 0.0000
Metrics/locomotion/TACTIC/object_place_mean: 0.0000
Metrics/locomotion/TACTIC/object_target_progress_mean: 0.1086
Metrics/locomotion/TACTIC/object_target_progress_delta_mean: 0.0000
Metrics/locomotion/TACTIC/object_release_readiness_mean: 0.0000
Metrics/locomotion/TACTIC/object_release_readiness_delta_mean: 0.0000
Metrics/locomotion/TACTIC/object_release_event_mean: 0.0000
Metrics/locomotion/TACTIC/object_drop_event_mean: 0.0000
Metrics/locomotion/TACTIC/object_gripper_distance_mean: 0.8772
Metrics/locomotion/TACTIC/object_carrying_mean: 0.0000
Metrics/locomotion/TACTIC/object_carry_memory_mean: 0.0000
Metrics/locomotion/TACTIC/interaction_frontier_mean: 0.0267
Metrics/locomotion/TACTIC/interaction_frontier_delta_mean: 0.0000
Metrics/locomotion/TACTIC/contact_symmetry_mean: 0.0000
 Metrics/locomotion/TACTIC/task_id: 9.0000
Metrics/locomotion/TACTIC/skill_id: 6.0000
Metrics/locomotion/TACTIC/object_id: 4.0000
Metrics/locomotion/TACTIC/effective_object_id: 4.0000
Metrics/locomotion/TACTIC/selected_object_contact: 0.0000
Metrics/locomotion/TACTIC/selected_object_lift: 0.0000
Metrics/locomotion/TACTIC/selected_object_transport: 0.0000
Metrics/locomotion/TACTIC/selected_object_place: 0.0000
Metrics/locomotion/TACTIC/selected_object_completion: 0.0000
Metrics/locomotion/TACTIC/selected_object_carrying: 0.0000
Metrics/locomotion/TACTIC/selected_object_carry_memory: 0.0000
Metrics/locomotion/TACTIC/selected_object_target_progress: 0.6513
Metrics/locomotion/TACTIC/selected_object_target_progress_delta: 0.0000
Metrics/locomotion/TACTIC/selected_object_release_readiness: 0.0000
Metrics/locomotion/TACTIC/selected_object_release_readiness_delta: 0.0000
Metrics/locomotion/TACTIC/selected_object_release_event: 0.0000
Metrics/locomotion/TACTIC/selected_object_drop_event: 0.0000
Metrics/locomotion/TACTIC/selected_object_gripper_distance: 0.5905
Metrics/locomotion/TACTIC/selected_object_place_error_xy: 0.0926
Metrics/locomotion/TACTIC/selected_object_place_error_z: 0.0510
Metrics/locomotion/TACTIC/selected_interaction_frontier: 0.1600
Metrics/locomotion/TACTIC/selected_interaction_frontier_delta: 0.0000
Metrics/locomotion/TACTIC/selected_reachability: 0.0000
Metrics/locomotion/TACTIC/task_switch: 0.0000
Metrics/locomotion/TACTIC/skill_switch: 0.0000
Metrics/locomotion/TACTIC/task_age: 0.0000
Metrics/locomotion/TACTIC/skill_age: 0.0000
Metrics/locomotion/TACTIC/task_hazard: 0.0000
Metrics/locomotion/TACTIC/skill_hazard: 0.0000
Metrics/locomotion/TACTIC/task_termination_probability: 0.0000
Metrics/locomotion/TACTIC/skill_termination_probability: 0.0000
Metrics/locomotion/TACTIC/task_entropy: 0.0000
Metrics/locomotion/TACTIC/skill_entropy: 0.6140
Metrics/locomotion/TACTIC/task_occupancy_entropy: 0.0000
Metrics/locomotion/TACTIC/skill_occupancy_entropy: 0.6140
Metrics/locomotion/TACTIC/skill_parameter_0: 0.0000
Metrics/locomotion/TACTIC/skill_parameter_1: 0.0000
Metrics/locomotion/TACTIC/skill_parameter_2: 0.0000
Metrics/locomotion/TACTIC/skill_parameter_3: 0.0000
Metrics/locomotion/TACTIC/skill_parameter_4: 0.0000
Metrics/locomotion/TACTIC/skill_parameter_5: 0.0000
Metrics/locomotion/TACTIC/object_0_complete: 0.0000
Metrics/locomotion/TACTIC/object_1_complete: 0.0000
Metrics/locomotion/TACTIC/object_2_complete: 0.0000
Metrics/locomotion/TACTIC/object_3_complete: 0.0000
Metrics/locomotion/TACTIC/object_4_complete: 0.0000
Metrics/locomotion/TACTIC/object_5_complete: 0.0000
      Episode_Termination/time_out: 0.0000
   Episode_Termination/bad_contact: 0.0000
          Episode_Termination/tilt: 0.3516
    Episode_Termination/low_height: 0.0156
Episode_Termination/mission_success: 0.0000
--------------------------------------------------------------------------------
                   Total timesteps: 58368
                    Iteration time: 6.45s
                      Time elapsed: 00:02:02
                               ETA: 00:01:17

################################################################################
                       [1m Learning iteration 19/30 [0m                       

                       Computation: 476 steps/s (collection: 5.618s, learning 0.827s)
             Mean action noise std: 0.02
          Mean value_function loss: 7.5681
               Mean surrogate loss: 0.0850
                 Mean entropy loss: -102.7187
 Mean next_control_prediction loss: 0.0208
       Mean skill_feasibility loss: 0.6931
 Mean task_outcome_prediction loss: 0.0320
 Mean task_outcome_confidence loss: 1.5329
Mean task_outcome_confidence_mean loss: 0.1192
Mean skill_outcome_prediction loss: 0.0017
        Mean payload_survival loss: 0.6931
Mean payload_survival_support loss: 0.0234
   Mean payload_drop_fraction loss: 0.0000
Mean payload_survival_prediction loss: 0.5000
 Mean skill_effect_prediction loss: 0.0288
 Mean skill_effect_confidence loss: 1.6333
Mean skill_effect_confidence_mean loss: 0.1192
Mean motion_execution_prediction loss: 0.0375
Mean motion_execution_confidence loss: 1.5018
Mean embodiment_response_prediction loss: 0.0006
Mean embodiment_response_vx_abs loss: 0.0018
Mean embodiment_response_wz_abs loss: 0.0011
   Mean constraint_multiplier loss: 0.0071
Mean task_constraint_multiplier_mean loss: 0.1632
Mean skill_constraint_multiplier_mean loss: 0.1632
 Mean hierarchy_cbf_violation loss: 0.0173
Mean hierarchy_cbf_raw_violation loss: 0.0186
Mean hierarchy_cbf_transient_slack loss: 0.0062
 Mean hierarchy_clf_violation loss: 0.0000
Mean hierarchy_cbf_regression loss: 0.0031
Mean hierarchy_clf_regression loss: 0.0000
   Mean safe_task_achievement loss: -0.0008
  Mean safe_skill_achievement loss: -0.0001
Mean unsafe_positive_progress_rate loss: 0.0495
Mean motion_execution_confidence_mean loss: 0.1192
Mean grounded_effect_diversity loss: 0.0000
      Mean task_option_credit loss: 0.0026
     Mean skill_option_credit loss: -0.0096
    Mean event_hindsight_task loss: 0.0000
   Mean event_hindsight_skill loss: 1.4866
       Mean event_credit_mass loss: 0.0050
Mean task_option_advantage_abs loss: 0.1993
Mean skill_option_advantage_abs loss: 0.2973
         Mean task_transition loss: 2.3571
        Mean skill_transition loss: 1.6238
       Mean motion_transition loss: 1.7950
  Mean interaction_transition loss: 1.3670
Mean interaction_active_fraction loss: 1.0000
              Mean task_usage loss: 0.0000
  Mean task_frontier_coverage loss: 0.0000
Mean selected_frontier_probability loss: 0.8050
       Mean interaction_phase loss: 0.2559
Mean interaction_release_target loss: 0.0203
Mean interaction_release_frontier loss: 0.0063
Mean interaction_release_balance_weight loss: 1.1418
  Mean task_control_objective loss: 0.0089
        Mean task_clf_descent loss: 0.0011
  Mean task_barrier_authority loss: 0.0222
Mean skill_predictive_control loss: 0.0017
Mean relational_subgoal_grounding loss: 0.0000
  Mean task_subgoal_alignment loss: 1.0000
  Mean task_subgoal_authority loss: 0.4824
   Mean task_skill_projection loss: 0.0000
 Mean task_transient_capacity loss: 0.7853
   Mean task_posture_capacity loss: 0.9181
Mean task_projected_turn_demand loss: 0.3324
Mean task_semantic_turn_demand loss: 0.3324
Mean task_lateral_turn_demand loss: 0.0000
Mean task_target_yaw_residual loss: 0.6043
Mean task_interaction_authority loss: 0.0050
    Mean task_arm_scope_error loss: 0.0000
Mean counterfactual_task_selection loss: 0.0000
Mean counterfactual_task_target_entropy loss: 0.0000
Mean counterfactual_task_target_peak loss: 0.0000
Mean grounded_task_utility_span loss: 0.0000
      Mean task_outcome_blend loss: 0.0000
Mean grounded_task_target_agreement loss: 0.0000
Mean sampled_task_target_probability loss: 0.0000
Mean recovery_candidate_fraction loss: 0.0000
Mean recovery_task_probability loss: 0.0000
Mean recovery_target_probability loss: 0.0000
Mean counterfactual_termination loss: 0.4747
 Mean task_termination_target loss: 0.0000
Mean skill_termination_target loss: 0.5413
Mean payload_skill_barrier_pressure loss: 0.0004
Mean payload_transient_demand loss: 0.0059
Mean payload_skill_exit_target loss: 0.0003
Mean payload_survival_exit_target loss: 0.0000
Mean payload_survival_authority loss: 0.0001
        Mean task_switch_gain loss: 0.0000
       Mean skill_switch_gain loss: -0.0032
Mean counterfactual_skill_selection loss: 0.7890
Mean counterfactual_target_entropy loss: 0.5931
Mean counterfactual_target_peak loss: 0.8134
       Mean successor_decoder loss: 0.0808
  Mean successor_predicted_vx loss: -0.0020
  Mean successor_predicted_wz loss: -0.0059
 Mean successor_predicted_cbf loss: 0.5000
 Mean successor_predicted_clf loss: 0.5000
 Mean successor_cbf_violation loss: 0.0024
 Mean successor_clf_violation loss: 0.0000
             Mean skill_usage loss: 0.1996
        Mean skill_confidence loss: 0.6946
     Mean task_slot_diversity loss: 0.3939
Mean skill_embedding_diversity loss: 0.0621
   Mean motion_gain_diversity loss: 0.0000
Mean motion_objective_diversity loss: 0.0000
       Mean event_replay_size loss: 4940.0000
   Mean event_replay_priority loss: 0.0461
 Mean event_replay_task_valid loss: 0.6943
Mean event_replay_task_detail_valid loss: 0.6943
       Mean event_replay_task loss: 0.0000
      Mean event_replay_skill loss: 0.6723
     Mean event_replay_motion loss: 1.0604
Mean event_replay_interaction loss: 0.1980
Mean event_replay_task_subgoal loss: 0.0003
Mean event_replay_skill_parameter loss: 0.0234
  Mean event_replay_parameter loss: 0.0235
Mean event_replay_barrier_quality loss: 0.4913
Mean event_replay_unsafe_fraction loss: 0.0000
Mean event_replay_buffer_unsafe_fraction loss: 0.0000
Mean event_replay_buffer_delivery loss: 0.7083
Mean event_replay_buffer_recovery loss: 0.0000
Mean event_replay_sample_delivery loss: 0.6973
Mean event_replay_sample_recovery loss: 0.0000
Mean event_replay_sample_raw_delivery loss: 0.6943
Mean event_replay_sample_raw_recovery loss: 0.0000
Mean event_replay_recovery_pressure loss: 0.0000
Mean event_replay_recovery_adapter_gate loss: 0.0000
Mean event_replay_buffer_approach loss: 0.7448
Mean event_replay_sample_approach loss: 0.5872
Mean event_replay_sample_raw_approach loss: 0.5907
Mean event_replay_buffer_secure loss: 0.1472
Mean event_replay_sample_secure loss: 0.2678
Mean event_replay_sample_raw_secure loss: 0.2686
Mean event_replay_buffer_release loss: 0.1080
Mean event_replay_sample_release loss: 0.1450
Mean event_replay_sample_raw_release loss: 0.1406
Mean payload_survival_replay_size loss: 607.0000
Mean payload_survival_replay_support loss: 1.0000
Mean payload_survival_replay_drop_fraction loss: 0.4999
Mean payload_survival_replay_prediction loss: 0.5000
Mean payload_survival_replay_drop_prediction loss: 0.5000
Mean payload_survival_replay_retain_prediction loss: 0.5000
Mean payload_survival_replay_separation loss: 0.0000
Mean payload_survival_replay_accuracy loss: 0.5000
Mean payload_survival_replay_rank_loss loss: 0.7185
Mean payload_survival_replay_rank_gap loss: 0.0000
Mean payload_survival_replay_rank_accuracy loss: 0.0000
Mean payload_survival_replay_rank_pairs loss: 175.0000
      Mean event_replay_added loss: 256.0000
Mean event_replay_append_task_valid loss: 0.7188
Mean event_replay_task_relabel loss: 0.2812
Mean event_replay_interaction_relabel loss: 0.2617
Mean event_replay_append_delivery loss: 0.7188
Mean event_replay_append_recovery loss: 0.0000
Mean event_replay_append_payload_recovery loss: 0.0000
Mean payload_survival_replay_added loss: 36.0000
Mean payload_survival_replay_append_drop_fraction loss: 0.0000
      Mean hierarchy_cbf_dual loss: 0.5038
      Mean hierarchy_clf_dual loss: 0.2745
Mean hierarchy_cbf_violation_ema loss: 0.1842
Mean hierarchy_clf_violation_ema loss: 0.0221
Mean physical_adaptation_active loss: 0.0000
Mean physical_adaptation_stage loss: -10.0000
 Mean hierarchy_only_training loss: 0.0000
Mean decomposition_only_training loss: 0.0000
Mean motion_selector_only_training loss: 0.0000
Mean interaction_selector_only_training loss: 0.0000
Mean motion_skill_only_training loss: 0.0000
Mean payload_motion_only_training loss: 0.0000
Mean recovery_adapter_only_training loss: 0.0000
 Mean auxiliary_learning_rate loss: 0.0000
Mean payload_survival_learning_rate loss: 0.0003
Mean physical_core_learning_rate loss: 0.0000
Mean physical_adapter_learning_rate loss: 0.0000
Mean skill_information_reward loss: -0.0046
 Mean task_information_reward loss: 0.0000
                       Mean reward: -126.84
               Mean episode length: 92.45
   Episode_Reward/term_bad_contact: 0.0000
          Episode_Reward/term_tilt: -0.0139
    Episode_Reward/term_low_height: 0.0000
      Episode_Reward/leg_action_l2: -0.0029
   Episode_Reward/tracking_lin_vel: 0.0000
Episode_Reward/tracking_ang_vel_yaw_l1: 0.0000
Episode_Reward/tracking_ang_vel_yaw_exp: 0.0000
Episode_Reward/tracking_lin_vel_y_l2: 0.0000
Episode_Reward/tracking_lin_vel_z_l2: 0.0000
            Episode_Reward/survive: 0.0000
    Episode_Reward/foot_contacts_z: 0.0000
            Episode_Reward/torques: -0.0074
 Episode_Reward/tracking_lin_vel_y: 0.0000
          Episode_Reward/lin_vel_z: -0.0003
         Episode_Reward/ang_vel_xy: -0.0006
   Episode_Reward/tracking_ang_vel: 0.0023
               Episode_Reward/work: -0.0377
            Episode_Reward/dof_acc: -0.1193
        Episode_Reward/action_rate: -0.0011
     Episode_Reward/dof_pos_limits: -0.0000
      Episode_Reward/delta_torques: -0.0000
          Episode_Reward/collision: -0.3587
        Episode_Reward/walking_dof: 0.0019
            Episode_Reward/hip_pos: -0.0019
          Episode_Reward/feet_jerk: 0.0000
              Episode_Reward/alive: 0.0177
          Episode_Reward/feet_drag: -0.0005
Episode_Reward/feet_contact_forces: -0.0097
               Episode_Reward/roll: -0.0032
        Episode_Reward/base_height: -0.0063
Episode_Reward/tracking_lin_vel_max: 0.0254
Episode_Reward/flat_orientation_l2: -0.0007
  Episode_Reward/air_time_variance: -0.0001
        Episode_Reward/feet_height: 0.0000
      Episode_Reward/feet_air_time: 0.0000
Episode_Reward/update_last_buffers: 0.0000
   Episode_Reward/wheel_idle_speed: -0.5372
    Episode_Reward/wheel_action_l2: -0.0002
  Episode_Reward/wheel_action_rate: 0.0000
  Episode_Reward/wheel_forward_use: 0.0000
 Episode_Reward/wheel_turn_support: 0.0107
Episode_Reward/tactic_mission_completion: 0.0000
Episode_Reward/tactic_mission_success: 0.0000
Episode_Reward/tactic_task_progress: -0.0002
Episode_Reward/tactic_task_tracking: 0.0015
 Episode_Reward/tactic_ee_tracking: 0.0301
  Episode_Reward/tactic_valid_task: 0.0035
Episode_Reward/tactic_invalid_task: 0.0000
Episode_Reward/tactic_option_switch: -0.0000
Episode_Reward/tactic_control_progress: -0.0001
  Episode_Reward/tactic_cbf_margin: 0.0000
Episode_Reward/tactic_predicted_margin: 0.0000
Episode_Reward/tactic_clf_decrease: 0.0000
Episode_Reward/tactic_disturbance_rejection: 0.0000
Episode_Reward/tactic_safety_violation: -0.0011
Episode_Reward/tactic_unsafe_progress: 0.0000
Episode_Reward/tactic_object_contact: 0.0468
 Episode_Reward/tactic_object_lift: 0.0000
Episode_Reward/tactic_object_transport: 0.0000
Episode_Reward/tactic_object_place: 0.0000
Episode_Reward/tactic_object_completion: 0.0000
Episode_Reward/tactic_interaction_frontier: 0.0016
  Episode_Reward/tactic_grasp_hold: 0.0204
Episode_Reward/tactic_payload_progress: 0.0000
Episode_Reward/tactic_release_readiness: 0.0000
Episode_Reward/tactic_intended_release: 0.0000
Episode_Reward/tactic_payload_retention: 0.0000
Episode_Reward/tactic_payload_drop: 0.0000
Episode_Reward/tactic_release_quality: 0.0000
Episode_Reward/tactic_wrong_object_interaction: 0.0000
 Episode_Reward/tactic_all_objects: 0.0000
Metrics/locomotion/TACTIC/mission_completion: 0.0000
Metrics/locomotion/TACTIC/mission_completion_delta: 0.0000
Metrics/locomotion/TACTIC/mission_success: 0.0000
Metrics/locomotion/TACTIC/task_progress: 0.1436
Metrics/locomotion/TACTIC/task_progress_delta: -0.0004
Metrics/locomotion/TACTIC/task_error: 1.7305
Metrics/locomotion/TACTIC/ee_error: 0.5183
Metrics/locomotion/TACTIC/tcp_object_distance: 0.5905
Metrics/locomotion/TACTIC/goal_object_distance: 0.1086
Metrics/locomotion/TACTIC/finger_object_distance: 0.6180
Metrics/locomotion/TACTIC/object_target_distance: 0.1057
Metrics/locomotion/TACTIC/recovery_task_executed: 0.0000
Metrics/locomotion/TACTIC/recovery_task_probability: 0.0000
Metrics/locomotion/TACTIC/executed_task_probability: 1.0000
Metrics/locomotion/TACTIC/task_constraint_projection: 0.0000
Metrics/locomotion/TACTIC/recovery_latch_seen: 0.0000
Metrics/locomotion/TACTIC/recovery_valid_seen: 0.0000
Metrics/locomotion/TACTIC/recovery_pressure_seen: 0.0000
Metrics/locomotion/TACTIC/cbf_margin: 0.0000
Metrics/locomotion/TACTIC/predicted_margin: 0.0000
Metrics/locomotion/TACTIC/clf_decrease: -0.0914
Metrics/locomotion/TACTIC/disturbance_estimate: 0.6534
Metrics/locomotion/TACTIC/base_height: 0.2436
Metrics/locomotion/TACTIC/base_tilt: 0.5529
Metrics/locomotion/TACTIC/control_recovery_pressure: 1.0000
Metrics/locomotion/TACTIC/control_recovery_active: 1.0000
Metrics/locomotion/TACTIC/control_recovery_constraint_active: 1.0000
Metrics/locomotion/TACTIC/payload_posture_projection: 0.0000
Metrics/locomotion/TACTIC/payload_relation_violation: 0.0000
 Metrics/locomotion/TACTIC/base_vx: 0.0549
 Metrics/locomotion/TACTIC/base_vy: 0.0773
 Metrics/locomotion/TACTIC/base_wz: -0.1917
Metrics/locomotion/TACTIC/support_count: 3.0000
Metrics/locomotion/TACTIC/obstacle_margin: 0.9768
Metrics/locomotion/TACTIC/gripper_closure: 0.0597
Metrics/locomotion/TACTIC/manipulation_active: 1.0000
Metrics/locomotion/TACTIC/grasp_active: 1.0000
Metrics/locomotion/TACTIC/grasp_orientation_active: 0.0000
Metrics/locomotion/TACTIC/grasp_orientation_error: 0.0000
Metrics/locomotion/TACTIC/interaction_authority: 0.0000
Metrics/locomotion/TACTIC/workspace_handoff: 0.0000
Metrics/locomotion/TACTIC/grasp_projection_distance: 0.0000
Metrics/locomotion/TACTIC/grasp_center_error: 0.0000
Metrics/locomotion/TACTIC/capture_staging_distance: 1.1607
Metrics/locomotion/TACTIC/capture_heading_error: 2.1654
Metrics/locomotion/TACTIC/capture_initiation_margin: -3.8119
Metrics/locomotion/TACTIC/selected_delivery_side: 1.0000
Metrics/locomotion/TACTIC/capture_lift_active: 0.0000
Metrics/locomotion/TACTIC/command_vx: -0.0035
Metrics/locomotion/TACTIC/command_vy: 0.0006
Metrics/locomotion/TACTIC/command_wz: 0.3082
Metrics/locomotion/TACTIC/curriculum_level: 0.0000
Metrics/locomotion/TACTIC/curriculum_frontier: 0.0000
Metrics/locomotion/TACTIC/curriculum_probe: 0.0000
Metrics/locomotion/TACTIC/interaction_start_curriculum: 1.0000
Metrics/locomotion/TACTIC/interaction_start_probability: 1.0000
Metrics/locomotion/TACTIC/composition_probe_probability: 0.0167
Metrics/locomotion/TACTIC/curriculum_completion_ema: 0.0000
Metrics/locomotion/TACTIC/curriculum_progress_ema: 0.0746
Metrics/locomotion/TACTIC/curriculum_safety_ema: 0.6291
Metrics/locomotion/TACTIC/episode_safety_fraction: 0.9646
Metrics/locomotion/TACTIC/curriculum_contact_ema: 0.0111
Metrics/locomotion/TACTIC/curriculum_lift_ema: 0.0121
Metrics/locomotion/TACTIC/curriculum_transport_ema: 0.0142
Metrics/locomotion/TACTIC/curriculum_place_ema: 0.0000
Metrics/locomotion/TACTIC/curriculum_delivery_completion_ema: 0.0000
Metrics/locomotion/TACTIC/curriculum_regression_streak: 0.0000
Metrics/locomotion/TACTIC/required_task_count: 1.0000
Metrics/locomotion/TACTIC/object_completion_mean: 0.0000
Metrics/locomotion/TACTIC/object_contact_mean: 0.0000
Metrics/locomotion/TACTIC/object_lift_mean: 0.0000
Metrics/locomotion/TACTIC/object_transport_mean: 0.0000
Metrics/locomotion/TACTIC/object_place_mean: 0.0000
Metrics/locomotion/TACTIC/object_target_progress_mean: 0.1086
Metrics/locomotion/TACTIC/object_target_progress_delta_mean: 0.0000
Metrics/locomotion/TACTIC/object_release_readiness_mean: 0.0000
Metrics/locomotion/TACTIC/object_release_readiness_delta_mean: 0.0000
Metrics/locomotion/TACTIC/object_release_event_mean: 0.0000
Metrics/locomotion/TACTIC/object_drop_event_mean: 0.0000
Metrics/locomotion/TACTIC/object_gripper_distance_mean: 0.8772
Metrics/locomotion/TACTIC/object_carrying_mean: 0.0000
Metrics/locomotion/TACTIC/object_carry_memory_mean: 0.0000
Metrics/locomotion/TACTIC/interaction_frontier_mean: 0.0267
Metrics/locomotion/TACTIC/interaction_frontier_delta_mean: 0.0000
Metrics/locomotion/TACTIC/contact_symmetry_mean: 0.0000
 Metrics/locomotion/TACTIC/task_id: 9.0000
Metrics/locomotion/TACTIC/skill_id: 6.0000
Metrics/locomotion/TACTIC/object_id: 4.0000
Metrics/locomotion/TACTIC/effective_object_id: 4.0000
Metrics/locomotion/TACTIC/selected_object_contact: 0.0000
Metrics/locomotion/TACTIC/selected_object_lift: 0.0000
Metrics/locomotion/TACTIC/selected_object_transport: 0.0000
Metrics/locomotion/TACTIC/selected_object_place: 0.0000
Metrics/locomotion/TACTIC/selected_object_completion: 0.0000
Metrics/locomotion/TACTIC/selected_object_carrying: 0.0000
Metrics/locomotion/TACTIC/selected_object_carry_memory: 0.0000
Metrics/locomotion/TACTIC/selected_object_target_progress: 0.6513
Metrics/locomotion/TACTIC/selected_object_target_progress_delta: 0.0000
Metrics/locomotion/TACTIC/selected_object_release_readiness: 0.0000
Metrics/locomotion/TACTIC/selected_object_release_readiness_delta: 0.0000
Metrics/locomotion/TACTIC/selected_object_release_event: 0.0000
Metrics/locomotion/TACTIC/selected_object_drop_event: 0.0000
Metrics/locomotion/TACTIC/selected_object_gripper_distance: 0.5905
Metrics/locomotion/TACTIC/selected_object_place_error_xy: 0.0926
Metrics/locomotion/TACTIC/selected_object_place_error_z: 0.0510
Metrics/locomotion/TACTIC/selected_interaction_frontier: 0.1600
Metrics/locomotion/TACTIC/selected_interaction_frontier_delta: 0.0000
Metrics/locomotion/TACTIC/selected_reachability: 0.0000
Metrics/locomotion/TACTIC/task_switch: 0.0000
Metrics/locomotion/TACTIC/skill_switch: 0.0000
Metrics/locomotion/TACTIC/task_age: 0.0000
Metrics/locomotion/TACTIC/skill_age: 0.0000
Metrics/locomotion/TACTIC/task_hazard: 0.0000
Metrics/locomotion/TACTIC/skill_hazard: 0.0000
Metrics/locomotion/TACTIC/task_termination_probability: 0.0000
Metrics/locomotion/TACTIC/skill_termination_probability: 0.0000
Metrics/locomotion/TACTIC/task_entropy: 0.0000
Metrics/locomotion/TACTIC/skill_entropy: 0.6140
Metrics/locomotion/TACTIC/task_occupancy_entropy: 0.0000
Metrics/locomotion/TACTIC/skill_occupancy_entropy: 0.6140
Metrics/locomotion/TACTIC/skill_parameter_0: 0.0000
Metrics/locomotion/TACTIC/skill_parameter_1: 0.0000
Metrics/locomotion/TACTIC/skill_parameter_2: 0.0000
Metrics/locomotion/TACTIC/skill_parameter_3: 0.0000
Metrics/locomotion/TACTIC/skill_parameter_4: 0.0000
Metrics/locomotion/TACTIC/skill_parameter_5: 0.0000
Metrics/locomotion/TACTIC/object_0_complete: 0.0000
Metrics/locomotion/TACTIC/object_1_complete: 0.0000
Metrics/locomotion/TACTIC/object_2_complete: 0.0000
Metrics/locomotion/TACTIC/object_3_complete: 0.0000
Metrics/locomotion/TACTIC/object_4_complete: 0.0000
Metrics/locomotion/TACTIC/object_5_complete: 0.0000
      Episode_Termination/time_out: 0.0000
   Episode_Termination/bad_contact: 0.0000
          Episode_Termination/tilt: 0.3516
    Episode_Termination/low_height: 0.0156
Episode_Termination/mission_success: 0.0000
--------------------------------------------------------------------------------
                   Total timesteps: 61440
                    Iteration time: 6.45s
                      Time elapsed: 00:02:08
                               ETA: 00:01:10

################################################################################
                       [1m Learning iteration 20/30 [0m                       

                       Computation: 475 steps/s (collection: 5.583s, learning 0.878s)
             Mean action noise std: 0.02
          Mean value_function loss: 6.7777
               Mean surrogate loss: 0.0771
                 Mean entropy loss: -102.7288
 Mean next_control_prediction loss: 0.0210
       Mean skill_feasibility loss: 0.6931
 Mean task_outcome_prediction loss: 0.0319
 Mean task_outcome_confidence loss: 1.5349
Mean task_outcome_confidence_mean loss: 0.1192
Mean skill_outcome_prediction loss: 0.0015
        Mean payload_survival loss: 0.6931
Mean payload_survival_support loss: 0.0260
   Mean payload_drop_fraction loss: 0.0000
Mean payload_survival_prediction loss: 0.5000
 Mean skill_effect_prediction loss: 0.0280
 Mean skill_effect_confidence loss: 1.6401
Mean skill_effect_confidence_mean loss: 0.1192
Mean motion_execution_prediction loss: 0.0367
Mean motion_execution_confidence loss: 1.5053
Mean embodiment_response_prediction loss: 0.0006
Mean embodiment_response_vx_abs loss: 0.0018
Mean embodiment_response_wz_abs loss: 0.0011
   Mean constraint_multiplier loss: 0.0070
Mean task_constraint_multiplier_mean loss: 0.1632
Mean skill_constraint_multiplier_mean loss: 0.1632
 Mean hierarchy_cbf_violation loss: 0.0162
Mean hierarchy_cbf_raw_violation loss: 0.0181
Mean hierarchy_cbf_transient_slack loss: 0.0065
 Mean hierarchy_clf_violation loss: 0.0000
Mean hierarchy_cbf_regression loss: 0.0019
Mean hierarchy_clf_regression loss: 0.0000
   Mean safe_task_achievement loss: -0.0011
  Mean safe_skill_achievement loss: 0.0006
Mean unsafe_positive_progress_rate loss: 0.0605
Mean motion_execution_confidence_mean loss: 0.1192
Mean grounded_effect_diversity loss: 0.0000
      Mean task_option_credit loss: -0.0017
     Mean skill_option_credit loss: 0.0038
    Mean event_hindsight_task loss: 0.0000
   Mean event_hindsight_skill loss: 4.0139
       Mean event_credit_mass loss: 0.0029
Mean task_option_advantage_abs loss: 0.1824
Mean skill_option_advantage_abs loss: 0.2504
         Mean task_transition loss: 2.3756
        Mean skill_transition loss: 1.6314
       Mean motion_transition loss: 1.8116
  Mean interaction_transition loss: 1.3612
Mean interaction_active_fraction loss: 1.0000
              Mean task_usage loss: 0.0000
  Mean task_frontier_coverage loss: 0.0000
Mean selected_frontier_probability loss: 0.8045
       Mean interaction_phase loss: 0.2602
Mean interaction_release_target loss: 0.0203
Mean interaction_release_frontier loss: 0.0063
Mean interaction_release_balance_weight loss: 1.1419
  Mean task_control_objective loss: 0.0093
        Mean task_clf_descent loss: 0.0011
  Mean task_barrier_authority loss: 0.0236
Mean skill_predictive_control loss: 0.0019
Mean relational_subgoal_grounding loss: 0.0000
  Mean task_subgoal_alignment loss: 1.0000
  Mean task_subgoal_authority loss: 0.4818
   Mean task_skill_projection loss: 0.0000
 Mean task_transient_capacity loss: 0.7839
   Mean task_posture_capacity loss: 0.9162
Mean task_projected_turn_demand loss: 0.3363
Mean task_semantic_turn_demand loss: 0.3363
Mean task_lateral_turn_demand loss: 0.0000
Mean task_target_yaw_residual loss: 0.6114
Mean task_interaction_authority loss: 0.0042
    Mean task_arm_scope_error loss: 0.0000
Mean counterfactual_task_selection loss: 0.0000
Mean counterfactual_task_target_entropy loss: 0.0000
Mean counterfactual_task_target_peak loss: 0.0000
Mean grounded_task_utility_span loss: 0.0000
      Mean task_outcome_blend loss: 0.0000
Mean grounded_task_target_agreement loss: 0.0000
Mean sampled_task_target_probability loss: 0.0000
Mean recovery_candidate_fraction loss: 0.0000
Mean recovery_task_probability loss: 0.0000
Mean recovery_target_probability loss: 0.0000
Mean counterfactual_termination loss: 0.4798
 Mean task_termination_target loss: 0.0000
Mean skill_termination_target loss: 0.5612
Mean payload_skill_barrier_pressure loss: 0.0000
Mean payload_transient_demand loss: 0.0065
Mean payload_skill_exit_target loss: 0.0000
Mean payload_survival_exit_target loss: 0.0000
Mean payload_survival_authority loss: 0.0000
        Mean task_switch_gain loss: 0.0000
       Mean skill_switch_gain loss: 0.0027
Mean counterfactual_skill_selection loss: 0.7925
Mean counterfactual_target_entropy loss: 0.5983
Mean counterfactual_target_peak loss: 0.8113
       Mean successor_decoder loss: 0.0818
  Mean successor_predicted_vx loss: -0.0017
  Mean successor_predicted_wz loss: -0.0080
 Mean successor_predicted_cbf loss: 0.5000
 Mean successor_predicted_clf loss: 0.5000
 Mean successor_cbf_violation loss: 0.0022
 Mean successor_clf_violation loss: 0.0003
             Mean skill_usage loss: 0.2032
        Mean skill_confidence loss: 0.6951
     Mean task_slot_diversity loss: 0.3946
Mean skill_embedding_diversity loss: 0.0621
   Mean motion_gain_diversity loss: 0.0000
Mean motion_objective_diversity loss: 0.0000
       Mean event_replay_size loss: 5196.0000
   Mean event_replay_priority loss: 0.0469
 Mean event_replay_task_valid loss: 0.6943
Mean event_replay_task_detail_valid loss: 0.6943
       Mean event_replay_task loss: 0.0000
      Mean event_replay_skill loss: 0.6791
     Mean event_replay_motion loss: 1.0722
Mean event_replay_interaction loss: 0.1987
Mean event_replay_task_subgoal loss: 0.0003
Mean event_replay_skill_parameter loss: 0.0213
  Mean event_replay_parameter loss: 0.0214
Mean event_replay_barrier_quality loss: 0.4925
Mean event_replay_unsafe_fraction loss: 0.0000
Mean event_replay_buffer_unsafe_fraction loss: 0.0000
Mean event_replay_buffer_delivery loss: 0.7079
Mean event_replay_buffer_recovery loss: 0.0000
Mean event_replay_sample_delivery loss: 0.6980
Mean event_replay_sample_recovery loss: 0.0000
Mean event_replay_sample_raw_delivery loss: 0.6953
Mean event_replay_sample_raw_recovery loss: 0.0000
Mean event_replay_recovery_pressure loss: 0.0000
Mean event_replay_recovery_adapter_gate loss: 0.0000
Mean event_replay_buffer_approach loss: 0.7480
Mean event_replay_sample_approach loss: 0.5902
Mean event_replay_sample_raw_approach loss: 0.5941
Mean event_replay_buffer_secure loss: 0.1427
Mean event_replay_sample_secure loss: 0.2652
Mean event_replay_sample_raw_secure loss: 0.2640
Mean event_replay_buffer_release loss: 0.1093
Mean event_replay_sample_release loss: 0.1446
Mean event_replay_sample_raw_release loss: 0.1419
Mean payload_survival_replay_size loss: 643.0000
Mean payload_survival_replay_support loss: 1.0000
Mean payload_survival_replay_drop_fraction loss: 0.4999
Mean payload_survival_replay_prediction loss: 0.5000
Mean payload_survival_replay_drop_prediction loss: 0.5000
Mean payload_survival_replay_retain_prediction loss: 0.5000
Mean payload_survival_replay_separation loss: 0.0000
Mean payload_survival_replay_accuracy loss: 0.5000
Mean payload_survival_replay_rank_loss loss: 0.7185
Mean payload_survival_replay_rank_gap loss: 0.0000
Mean payload_survival_replay_rank_accuracy loss: 0.0000
Mean payload_survival_replay_rank_pairs loss: 190.0000
      Mean event_replay_added loss: 256.0000
Mean event_replay_append_task_valid loss: 0.6992
Mean event_replay_task_relabel loss: 0.3008
Mean event_replay_interaction_relabel loss: 0.2500
Mean event_replay_append_delivery loss: 0.6992
Mean event_replay_append_recovery loss: 0.0000
Mean event_replay_append_payload_recovery loss: 0.0000
Mean payload_survival_replay_added loss: 36.0000
Mean payload_survival_replay_append_drop_fraction loss: 0.0000
      Mean hierarchy_cbf_dual loss: 0.5021
      Mean hierarchy_clf_dual loss: 0.2705
Mean hierarchy_cbf_violation_ema loss: 0.1758
Mean hierarchy_clf_violation_ema loss: 0.0210
Mean physical_adaptation_active loss: 0.0000
Mean physical_adaptation_stage loss: -10.0000
 Mean hierarchy_only_training loss: 0.0000
Mean decomposition_only_training loss: 0.0000
Mean motion_selector_only_training loss: 0.0000
Mean interaction_selector_only_training loss: 0.0000
Mean motion_skill_only_training loss: 0.0000
Mean payload_motion_only_training loss: 0.0000
Mean recovery_adapter_only_training loss: 0.0000
 Mean auxiliary_learning_rate loss: 0.0000
Mean payload_survival_learning_rate loss: 0.0003
Mean physical_core_learning_rate loss: 0.0000
Mean physical_adapter_learning_rate loss: 0.0000
Mean skill_information_reward loss: -0.0049
 Mean task_information_reward loss: 0.0000
                       Mean reward: -126.84
               Mean episode length: 92.45
   Episode_Reward/term_bad_contact: 0.0000
          Episode_Reward/term_tilt: -0.0139
    Episode_Reward/term_low_height: 0.0000
      Episode_Reward/leg_action_l2: -0.0029
   Episode_Reward/tracking_lin_vel: 0.0000
Episode_Reward/tracking_ang_vel_yaw_l1: 0.0000
Episode_Reward/tracking_ang_vel_yaw_exp: 0.0000
Episode_Reward/tracking_lin_vel_y_l2: 0.0000
Episode_Reward/tracking_lin_vel_z_l2: 0.0000
            Episode_Reward/survive: 0.0000
    Episode_Reward/foot_contacts_z: 0.0000
            Episode_Reward/torques: -0.0074
 Episode_Reward/tracking_lin_vel_y: 0.0000
          Episode_Reward/lin_vel_z: -0.0003
         Episode_Reward/ang_vel_xy: -0.0006
   Episode_Reward/tracking_ang_vel: 0.0023
               Episode_Reward/work: -0.0377
            Episode_Reward/dof_acc: -0.1193
        Episode_Reward/action_rate: -0.0011
     Episode_Reward/dof_pos_limits: -0.0000
      Episode_Reward/delta_torques: -0.0000
          Episode_Reward/collision: -0.3587
        Episode_Reward/walking_dof: 0.0019
            Episode_Reward/hip_pos: -0.0019
          Episode_Reward/feet_jerk: 0.0000
              Episode_Reward/alive: 0.0177
          Episode_Reward/feet_drag: -0.0005
Episode_Reward/feet_contact_forces: -0.0097
               Episode_Reward/roll: -0.0032
        Episode_Reward/base_height: -0.0063
Episode_Reward/tracking_lin_vel_max: 0.0254
Episode_Reward/flat_orientation_l2: -0.0007
  Episode_Reward/air_time_variance: -0.0001
        Episode_Reward/feet_height: 0.0000
      Episode_Reward/feet_air_time: 0.0000
Episode_Reward/update_last_buffers: 0.0000
   Episode_Reward/wheel_idle_speed: -0.5372
    Episode_Reward/wheel_action_l2: -0.0002
  Episode_Reward/wheel_action_rate: 0.0000
  Episode_Reward/wheel_forward_use: 0.0000
 Episode_Reward/wheel_turn_support: 0.0107
Episode_Reward/tactic_mission_completion: 0.0000
Episode_Reward/tactic_mission_success: 0.0000
Episode_Reward/tactic_task_progress: -0.0002
Episode_Reward/tactic_task_tracking: 0.0015
 Episode_Reward/tactic_ee_tracking: 0.0301
  Episode_Reward/tactic_valid_task: 0.0035
Episode_Reward/tactic_invalid_task: 0.0000
Episode_Reward/tactic_option_switch: -0.0000
Episode_Reward/tactic_control_progress: -0.0001
  Episode_Reward/tactic_cbf_margin: 0.0000
Episode_Reward/tactic_predicted_margin: 0.0000
Episode_Reward/tactic_clf_decrease: 0.0000
Episode_Reward/tactic_disturbance_rejection: 0.0000
Episode_Reward/tactic_safety_violation: -0.0011
Episode_Reward/tactic_unsafe_progress: 0.0000
Episode_Reward/tactic_object_contact: 0.0468
 Episode_Reward/tactic_object_lift: 0.0000
Episode_Reward/tactic_object_transport: 0.0000
Episode_Reward/tactic_object_place: 0.0000
Episode_Reward/tactic_object_completion: 0.0000
Episode_Reward/tactic_interaction_frontier: 0.0016
  Episode_Reward/tactic_grasp_hold: 0.0204
Episode_Reward/tactic_payload_progress: 0.0000
Episode_Reward/tactic_release_readiness: 0.0000
Episode_Reward/tactic_intended_release: 0.0000
Episode_Reward/tactic_payload_retention: 0.0000
Episode_Reward/tactic_payload_drop: 0.0000
Episode_Reward/tactic_release_quality: 0.0000
Episode_Reward/tactic_wrong_object_interaction: 0.0000
 Episode_Reward/tactic_all_objects: 0.0000
Metrics/locomotion/TACTIC/mission_completion: 0.0000
Metrics/locomotion/TACTIC/mission_completion_delta: 0.0000
Metrics/locomotion/TACTIC/mission_success: 0.0000
Metrics/locomotion/TACTIC/task_progress: 0.1436
Metrics/locomotion/TACTIC/task_progress_delta: -0.0004
Metrics/locomotion/TACTIC/task_error: 1.7305
Metrics/locomotion/TACTIC/ee_error: 0.5183
Metrics/locomotion/TACTIC/tcp_object_distance: 0.5905
Metrics/locomotion/TACTIC/goal_object_distance: 0.1086
Metrics/locomotion/TACTIC/finger_object_distance: 0.6180
Metrics/locomotion/TACTIC/object_target_distance: 0.1057
Metrics/locomotion/TACTIC/recovery_task_executed: 0.0000
Metrics/locomotion/TACTIC/recovery_task_probability: 0.0000
Metrics/locomotion/TACTIC/executed_task_probability: 1.0000
Metrics/locomotion/TACTIC/task_constraint_projection: 0.0000
Metrics/locomotion/TACTIC/recovery_latch_seen: 0.0000
Metrics/locomotion/TACTIC/recovery_valid_seen: 0.0000
Metrics/locomotion/TACTIC/recovery_pressure_seen: 0.0000
Metrics/locomotion/TACTIC/cbf_margin: 0.0000
Metrics/locomotion/TACTIC/predicted_margin: 0.0000
Metrics/locomotion/TACTIC/clf_decrease: -0.0914
Metrics/locomotion/TACTIC/disturbance_estimate: 0.6534
Metrics/locomotion/TACTIC/base_height: 0.2436
Metrics/locomotion/TACTIC/base_tilt: 0.5529
Metrics/locomotion/TACTIC/control_recovery_pressure: 1.0000
Metrics/locomotion/TACTIC/control_recovery_active: 1.0000
Metrics/locomotion/TACTIC/control_recovery_constraint_active: 1.0000
Metrics/locomotion/TACTIC/payload_posture_projection: 0.0000
Metrics/locomotion/TACTIC/payload_relation_violation: 0.0000
 Metrics/locomotion/TACTIC/base_vx: 0.0549
 Metrics/locomotion/TACTIC/base_vy: 0.0773
 Metrics/locomotion/TACTIC/base_wz: -0.1917
Metrics/locomotion/TACTIC/support_count: 3.0000
Metrics/locomotion/TACTIC/obstacle_margin: 0.9768
Metrics/locomotion/TACTIC/gripper_closure: 0.0597
Metrics/locomotion/TACTIC/manipulation_active: 1.0000
Metrics/locomotion/TACTIC/grasp_active: 1.0000
Metrics/locomotion/TACTIC/grasp_orientation_active: 0.0000
Metrics/locomotion/TACTIC/grasp_orientation_error: 0.0000
Metrics/locomotion/TACTIC/interaction_authority: 0.0000
Metrics/locomotion/TACTIC/workspace_handoff: 0.0000
Metrics/locomotion/TACTIC/grasp_projection_distance: 0.0000
Metrics/locomotion/TACTIC/grasp_center_error: 0.0000
Metrics/locomotion/TACTIC/capture_staging_distance: 1.1607
Metrics/locomotion/TACTIC/capture_heading_error: 2.1654
Metrics/locomotion/TACTIC/capture_initiation_margin: -3.8119
Metrics/locomotion/TACTIC/selected_delivery_side: 1.0000
Metrics/locomotion/TACTIC/capture_lift_active: 0.0000
Metrics/locomotion/TACTIC/command_vx: -0.0035
Metrics/locomotion/TACTIC/command_vy: 0.0006
Metrics/locomotion/TACTIC/command_wz: 0.3082
Metrics/locomotion/TACTIC/curriculum_level: 0.0000
Metrics/locomotion/TACTIC/curriculum_frontier: 0.0000
Metrics/locomotion/TACTIC/curriculum_probe: 0.0000
Metrics/locomotion/TACTIC/interaction_start_curriculum: 1.0000
Metrics/locomotion/TACTIC/interaction_start_probability: 1.0000
Metrics/locomotion/TACTIC/composition_probe_probability: 0.0167
Metrics/locomotion/TACTIC/curriculum_completion_ema: 0.0000
Metrics/locomotion/TACTIC/curriculum_progress_ema: 0.0746
Metrics/locomotion/TACTIC/curriculum_safety_ema: 0.6291
Metrics/locomotion/TACTIC/episode_safety_fraction: 0.9646
Metrics/locomotion/TACTIC/curriculum_contact_ema: 0.0111
Metrics/locomotion/TACTIC/curriculum_lift_ema: 0.0121
Metrics/locomotion/TACTIC/curriculum_transport_ema: 0.0142
Metrics/locomotion/TACTIC/curriculum_place_ema: 0.0000
Metrics/locomotion/TACTIC/curriculum_delivery_completion_ema: 0.0000
Metrics/locomotion/TACTIC/curriculum_regression_streak: 0.0000
Metrics/locomotion/TACTIC/required_task_count: 1.0000
Metrics/locomotion/TACTIC/object_completion_mean: 0.0000
Metrics/locomotion/TACTIC/object_contact_mean: 0.0000
Metrics/locomotion/TACTIC/object_lift_mean: 0.0000
Metrics/locomotion/TACTIC/object_transport_mean: 0.0000
Metrics/locomotion/TACTIC/object_place_mean: 0.0000
Metrics/locomotion/TACTIC/object_target_progress_mean: 0.1086
Metrics/locomotion/TACTIC/object_target_progress_delta_mean: 0.0000
Metrics/locomotion/TACTIC/object_release_readiness_mean: 0.0000
Metrics/locomotion/TACTIC/object_release_readiness_delta_mean: 0.0000
Metrics/locomotion/TACTIC/object_release_event_mean: 0.0000
Metrics/locomotion/TACTIC/object_drop_event_mean: 0.0000
Metrics/locomotion/TACTIC/object_gripper_distance_mean: 0.8772
Metrics/locomotion/TACTIC/object_carrying_mean: 0.0000
Metrics/locomotion/TACTIC/object_carry_memory_mean: 0.0000
Metrics/locomotion/TACTIC/interaction_frontier_mean: 0.0267
Metrics/locomotion/TACTIC/interaction_frontier_delta_mean: 0.0000
Metrics/locomotion/TACTIC/contact_symmetry_mean: 0.0000
 Metrics/locomotion/TACTIC/task_id: 9.0000
Metrics/locomotion/TACTIC/skill_id: 6.0000
Metrics/locomotion/TACTIC/object_id: 4.0000
Metrics/locomotion/TACTIC/effective_object_id: 4.0000
Metrics/locomotion/TACTIC/selected_object_contact: 0.0000
Metrics/locomotion/TACTIC/selected_object_lift: 0.0000
Metrics/locomotion/TACTIC/selected_object_transport: 0.0000
Metrics/locomotion/TACTIC/selected_object_place: 0.0000
Metrics/locomotion/TACTIC/selected_object_completion: 0.0000
Metrics/locomotion/TACTIC/selected_object_carrying: 0.0000
Metrics/locomotion/TACTIC/selected_object_carry_memory: 0.0000
Metrics/locomotion/TACTIC/selected_object_target_progress: 0.6513
Metrics/locomotion/TACTIC/selected_object_target_progress_delta: 0.0000
Metrics/locomotion/TACTIC/selected_object_release_readiness: 0.0000
Metrics/locomotion/TACTIC/selected_object_release_readiness_delta: 0.0000
Metrics/locomotion/TACTIC/selected_object_release_event: 0.0000
Metrics/locomotion/TACTIC/selected_object_drop_event: 0.0000
Metrics/locomotion/TACTIC/selected_object_gripper_distance: 0.5905
Metrics/locomotion/TACTIC/selected_object_place_error_xy: 0.0926
Metrics/locomotion/TACTIC/selected_object_place_error_z: 0.0510
Metrics/locomotion/TACTIC/selected_interaction_frontier: 0.1600
Metrics/locomotion/TACTIC/selected_interaction_frontier_delta: 0.0000
Metrics/locomotion/TACTIC/selected_reachability: 0.0000
Metrics/locomotion/TACTIC/task_switch: 0.0000
Metrics/locomotion/TACTIC/skill_switch: 0.0000
Metrics/locomotion/TACTIC/task_age: 0.0000
Metrics/locomotion/TACTIC/skill_age: 0.0000
Metrics/locomotion/TACTIC/task_hazard: 0.0000
Metrics/locomotion/TACTIC/skill_hazard: 0.0000
Metrics/locomotion/TACTIC/task_termination_probability: 0.0000
Metrics/locomotion/TACTIC/skill_termination_probability: 0.0000
Metrics/locomotion/TACTIC/task_entropy: 0.0000
Metrics/locomotion/TACTIC/skill_entropy: 0.6140
Metrics/locomotion/TACTIC/task_occupancy_entropy: 0.0000
Metrics/locomotion/TACTIC/skill_occupancy_entropy: 0.6140
Metrics/locomotion/TACTIC/skill_parameter_0: 0.0000
Metrics/locomotion/TACTIC/skill_parameter_1: 0.0000
Metrics/locomotion/TACTIC/skill_parameter_2: 0.0000
Metrics/locomotion/TACTIC/skill_parameter_3: 0.0000
Metrics/locomotion/TACTIC/skill_parameter_4: 0.0000
Metrics/locomotion/TACTIC/skill_parameter_5: 0.0000
Metrics/locomotion/TACTIC/object_0_complete: 0.0000
Metrics/locomotion/TACTIC/object_1_complete: 0.0000
Metrics/locomotion/TACTIC/object_2_complete: 0.0000
Metrics/locomotion/TACTIC/object_3_complete: 0.0000
Metrics/locomotion/TACTIC/object_4_complete: 0.0000
Metrics/locomotion/TACTIC/object_5_complete: 0.0000
      Episode_Termination/time_out: 0.0000
   Episode_Termination/bad_contact: 0.0000
          Episode_Termination/tilt: 0.3516
    Episode_Termination/low_height: 0.0156
Episode_Termination/mission_success: 0.0000
--------------------------------------------------------------------------------
                   Total timesteps: 64512
                    Iteration time: 6.46s
                      Time elapsed: 00:02:15
                               ETA: 00:01:04

################################################################################
                       [1m Learning iteration 21/30 [0m                       

                       Computation: 473 steps/s (collection: 5.649s, learning 0.835s)
             Mean action noise std: 0.02
          Mean value_function loss: 11.2266
               Mean surrogate loss: 0.0647
                 Mean entropy loss: -102.7190
 Mean next_control_prediction loss: 0.0219
       Mean skill_feasibility loss: 0.6931
 Mean task_outcome_prediction loss: 0.0319
 Mean task_outcome_confidence loss: 1.5368
Mean task_outcome_confidence_mean loss: 0.1192
Mean skill_outcome_prediction loss: 0.0015
        Mean payload_survival loss: 0.6931
Mean payload_survival_support loss: 0.0260
   Mean payload_drop_fraction loss: 0.0000
Mean payload_survival_prediction loss: 0.5000
 Mean skill_effect_prediction loss: 0.0295
 Mean skill_effect_confidence loss: 1.6315
Mean skill_effect_confidence_mean loss: 0.1192
Mean motion_execution_prediction loss: 0.0386
Mean motion_execution_confidence loss: 1.4935
Mean embodiment_response_prediction loss: 0.0003
Mean embodiment_response_vx_abs loss: 0.0018
Mean embodiment_response_wz_abs loss: 0.0011
   Mean constraint_multiplier loss: 0.0071
Mean task_constraint_multiplier_mean loss: 0.1632
Mean skill_constraint_multiplier_mean loss: 0.1632
 Mean hierarchy_cbf_violation loss: 0.0172
Mean hierarchy_cbf_raw_violation loss: 0.0197
Mean hierarchy_cbf_transient_slack loss: 0.0060
 Mean hierarchy_clf_violation loss: 0.0009
Mean hierarchy_cbf_regression loss: 0.0015
Mean hierarchy_clf_regression loss: 0.0009
   Mean safe_task_achievement loss: 0.0000
  Mean safe_skill_achievement loss: 0.0002
Mean unsafe_positive_progress_rate loss: 0.0490
Mean motion_execution_confidence_mean loss: 0.1192
Mean grounded_effect_diversity loss: 0.0000
      Mean task_option_credit loss: -0.0009
     Mean skill_option_credit loss: 0.0025
    Mean event_hindsight_task loss: 0.0000
   Mean event_hindsight_skill loss: 4.0505
       Mean event_credit_mass loss: 0.0039
Mean task_option_advantage_abs loss: 0.1421
Mean skill_option_advantage_abs loss: 0.2772
         Mean task_transition loss: 2.3651
        Mean skill_transition loss: 1.6706
       Mean motion_transition loss: 1.8670
  Mean interaction_transition loss: 1.3760
Mean interaction_active_fraction loss: 0.9987
              Mean task_usage loss: 0.0000
  Mean task_frontier_coverage loss: 0.0000
Mean selected_frontier_probability loss: 0.8050
       Mean interaction_phase loss: 0.2488
Mean interaction_release_target loss: 0.0199
Mean interaction_release_frontier loss: 0.0059
Mean interaction_release_balance_weight loss: 1.1391
  Mean task_control_objective loss: 0.0104
        Mean task_clf_descent loss: 0.0013
  Mean task_barrier_authority loss: 0.0262
Mean skill_predictive_control loss: 0.0018
Mean relational_subgoal_grounding loss: 0.0000
  Mean task_subgoal_alignment loss: 1.0000
  Mean task_subgoal_authority loss: 0.4787
   Mean task_skill_projection loss: 0.0000
 Mean task_transient_capacity loss: 0.7870
   Mean task_posture_capacity loss: 0.9051
Mean task_projected_turn_demand loss: 0.3300
Mean task_semantic_turn_demand loss: 0.3300
Mean task_lateral_turn_demand loss: 0.0000
Mean task_target_yaw_residual loss: 0.5999
Mean task_interaction_authority loss: 0.0056
    Mean task_arm_scope_error loss: 0.0000
Mean counterfactual_task_selection loss: 0.0000
Mean counterfactual_task_target_entropy loss: 0.0000
Mean counterfactual_task_target_peak loss: 0.0000
Mean grounded_task_utility_span loss: 0.0000
      Mean task_outcome_blend loss: 0.0000
Mean grounded_task_target_agreement loss: 0.0000
Mean sampled_task_target_probability loss: 0.0000
Mean recovery_candidate_fraction loss: 0.0000
Mean recovery_task_probability loss: 0.0000
Mean recovery_target_probability loss: 0.0000
Mean counterfactual_termination loss: 0.4559
 Mean task_termination_target loss: 0.0000
Mean skill_termination_target loss: 0.4686
Mean payload_skill_barrier_pressure loss: 0.0000
Mean payload_transient_demand loss: 0.0032
Mean payload_skill_exit_target loss: 0.0000
Mean payload_survival_exit_target loss: 0.0000
Mean payload_survival_authority loss: 0.0000
        Mean task_switch_gain loss: 0.0000
       Mean skill_switch_gain loss: -0.1229
Mean counterfactual_skill_selection loss: 0.7893
Mean counterfactual_target_entropy loss: 0.5960
Mean counterfactual_target_peak loss: 0.8124
       Mean successor_decoder loss: 0.0798
  Mean successor_predicted_vx loss: -0.0015
  Mean successor_predicted_wz loss: -0.0058
 Mean successor_predicted_cbf loss: 0.5000
 Mean successor_predicted_clf loss: 0.5000
 Mean successor_cbf_violation loss: 0.0024
 Mean successor_clf_violation loss: 0.0001
             Mean skill_usage loss: 0.1983
        Mean skill_confidence loss: 0.6941
     Mean task_slot_diversity loss: 0.3945
Mean skill_embedding_diversity loss: 0.0621
   Mean motion_gain_diversity loss: 0.0000
Mean motion_objective_diversity loss: 0.0000
       Mean event_replay_size loss: 5452.0000
   Mean event_replay_priority loss: 0.0463
 Mean event_replay_task_valid loss: 0.6914
Mean event_replay_task_detail_valid loss: 0.6914
       Mean event_replay_task loss: 0.0000
      Mean event_replay_skill loss: 0.6681
     Mean event_replay_motion loss: 1.0394
Mean event_replay_interaction loss: 0.2141
Mean event_replay_task_subgoal loss: 0.0003
Mean event_replay_skill_parameter loss: 0.0211
  Mean event_replay_parameter loss: 0.0213
Mean event_replay_barrier_quality loss: 0.4927
Mean event_replay_unsafe_fraction loss: 0.0000
Mean event_replay_buffer_unsafe_fraction loss: 0.0000
Mean event_replay_buffer_delivery loss: 0.7137
Mean event_replay_buffer_recovery loss: 0.0000
Mean event_replay_sample_delivery loss: 0.6945
Mean event_replay_sample_recovery loss: 0.0000
Mean event_replay_sample_raw_delivery loss: 0.6914
Mean event_replay_sample_raw_recovery loss: 0.0000
Mean event_replay_recovery_pressure loss: 0.0000
Mean event_replay_recovery_adapter_gate loss: 0.0000
Mean event_replay_buffer_approach loss: 0.7561
Mean event_replay_sample_approach loss: 0.5877
Mean event_replay_sample_raw_approach loss: 0.5918
Mean event_replay_buffer_secure loss: 0.1354
Mean event_replay_sample_secure loss: 0.2592
Mean event_replay_sample_raw_secure loss: 0.2599
Mean event_replay_buffer_release loss: 0.1085
Mean event_replay_sample_release loss: 0.1532
Mean event_replay_sample_raw_release loss: 0.1483
Mean payload_survival_replay_size loss: 679.0000
Mean payload_survival_replay_support loss: 1.0000
Mean payload_survival_replay_drop_fraction loss: 0.4999
Mean payload_survival_replay_prediction loss: 0.5000
Mean payload_survival_replay_drop_prediction loss: 0.5000
Mean payload_survival_replay_retain_prediction loss: 0.5000
Mean payload_survival_replay_separation loss: 0.0000
Mean payload_survival_replay_accuracy loss: 0.5000
Mean payload_survival_replay_rank_loss loss: 0.7185
Mean payload_survival_replay_rank_gap loss: 0.0000
Mean payload_survival_replay_rank_accuracy loss: 0.0000
Mean payload_survival_replay_rank_pairs loss: 208.0000
      Mean event_replay_added loss: 256.0000
Mean event_replay_append_task_valid loss: 0.8320
Mean event_replay_task_relabel loss: 0.1680
Mean event_replay_interaction_relabel loss: 0.2773
Mean event_replay_append_delivery loss: 0.8320
Mean event_replay_append_recovery loss: 0.0000
Mean event_replay_append_payload_recovery loss: 0.0000
Mean payload_survival_replay_added loss: 36.0000
Mean payload_survival_replay_append_drop_fraction loss: 0.0000
      Mean hierarchy_cbf_dual loss: 0.5004
      Mean hierarchy_clf_dual loss: 0.2666
Mean hierarchy_cbf_violation_ema loss: 0.1678
Mean hierarchy_clf_violation_ema loss: 0.0200
Mean physical_adaptation_active loss: 0.0000
Mean physical_adaptation_stage loss: -10.0000
 Mean hierarchy_only_training loss: 0.0000
Mean decomposition_only_training loss: 0.0000
Mean motion_selector_only_training loss: 0.0000
Mean interaction_selector_only_training loss: 0.0000
Mean motion_skill_only_training loss: 0.0000
Mean payload_motion_only_training loss: 0.0000
Mean recovery_adapter_only_training loss: 0.0000
 Mean auxiliary_learning_rate loss: 0.0000
Mean payload_survival_learning_rate loss: 0.0003
Mean physical_core_learning_rate loss: 0.0000
Mean physical_adapter_learning_rate loss: 0.0000
Mean skill_information_reward loss: -0.0048
 Mean task_information_reward loss: 0.0000
                       Mean reward: -128.17
               Mean episode length: 100.28
   Episode_Reward/term_bad_contact: 0.0000
          Episode_Reward/term_tilt: -0.0139
    Episode_Reward/term_low_height: 0.0000
      Episode_Reward/leg_action_l2: -0.0032
   Episode_Reward/tracking_lin_vel: 0.0000
Episode_Reward/tracking_ang_vel_yaw_l1: 0.0000
Episode_Reward/tracking_ang_vel_yaw_exp: 0.0000
Episode_Reward/tracking_lin_vel_y_l2: 0.0000
Episode_Reward/tracking_lin_vel_z_l2: 0.0000
            Episode_Reward/survive: 0.0000
    Episode_Reward/foot_contacts_z: 0.0000
            Episode_Reward/torques: -0.0088
 Episode_Reward/tracking_lin_vel_y: 0.0000
          Episode_Reward/lin_vel_z: -0.0003
         Episode_Reward/ang_vel_xy: -0.0008
   Episode_Reward/tracking_ang_vel: 0.0025
               Episode_Reward/work: -0.0312
            Episode_Reward/dof_acc: -0.0893
        Episode_Reward/action_rate: -0.0012
     Episode_Reward/dof_pos_limits: -0.0000
      Episode_Reward/delta_torques: -0.0000
          Episode_Reward/collision: -0.4229
        Episode_Reward/walking_dof: 0.0030
            Episode_Reward/hip_pos: -0.0021
          Episode_Reward/feet_jerk: 0.0000
              Episode_Reward/alive: 0.0199
          Episode_Reward/feet_drag: -0.0006
Episode_Reward/feet_contact_forces: -0.0106
               Episode_Reward/roll: -0.0037
        Episode_Reward/base_height: -0.0072
Episode_Reward/tracking_lin_vel_max: 0.0286
Episode_Reward/flat_orientation_l2: -0.0007
  Episode_Reward/air_time_variance: -0.0006
        Episode_Reward/feet_height: 0.0000
      Episode_Reward/feet_air_time: 0.0000
Episode_Reward/update_last_buffers: 0.0000
   Episode_Reward/wheel_idle_speed: -0.4058
    Episode_Reward/wheel_action_l2: -0.0003
  Episode_Reward/wheel_action_rate: 0.0000
  Episode_Reward/wheel_forward_use: 0.0000
 Episode_Reward/wheel_turn_support: 0.0128
Episode_Reward/tactic_mission_completion: 0.0000
Episode_Reward/tactic_mission_success: 0.0000
Episode_Reward/tactic_task_progress: -0.0001
Episode_Reward/tactic_task_tracking: 0.0016
 Episode_Reward/tactic_ee_tracking: 0.0295
  Episode_Reward/tactic_valid_task: 0.0040
Episode_Reward/tactic_invalid_task: 0.0000
Episode_Reward/tactic_option_switch: -0.0000
Episode_Reward/tactic_control_progress: -0.0001
  Episode_Reward/tactic_cbf_margin: 0.0000
Episode_Reward/tactic_predicted_margin: 0.0000
Episode_Reward/tactic_clf_decrease: 0.0000
Episode_Reward/tactic_disturbance_rejection: 0.0000
Episode_Reward/tactic_safety_violation: -0.0014
Episode_Reward/tactic_unsafe_progress: -0.0000
Episode_Reward/tactic_object_contact: 0.0195
 Episode_Reward/tactic_object_lift: 0.0000
Episode_Reward/tactic_object_transport: 0.0000
Episode_Reward/tactic_object_place: 0.0000
Episode_Reward/tactic_object_completion: 0.0000
Episode_Reward/tactic_interaction_frontier: 0.0007
  Episode_Reward/tactic_grasp_hold: 0.0085
Episode_Reward/tactic_payload_progress: 0.0000
Episode_Reward/tactic_release_readiness: 0.0000
Episode_Reward/tactic_intended_release: 0.0000
Episode_Reward/tactic_payload_retention: 0.0000
Episode_Reward/tactic_payload_drop: 0.0000
Episode_Reward/tactic_release_quality: 0.0000
Episode_Reward/tactic_wrong_object_interaction: 0.0000
 Episode_Reward/tactic_all_objects: 0.0000
Metrics/locomotion/TACTIC/mission_completion: 0.0000
Metrics/locomotion/TACTIC/mission_completion_delta: 0.0000
Metrics/locomotion/TACTIC/mission_success: 0.0000
Metrics/locomotion/TACTIC/task_progress: 0.0749
Metrics/locomotion/TACTIC/task_progress_delta: -0.0002
Metrics/locomotion/TACTIC/task_error: 1.8783
Metrics/locomotion/TACTIC/ee_error: 0.4861
Metrics/locomotion/TACTIC/tcp_object_distance: 0.9792
Metrics/locomotion/TACTIC/goal_object_distance: 0.5709
Metrics/locomotion/TACTIC/finger_object_distance: 1.0016
Metrics/locomotion/TACTIC/object_target_distance: 0.5207
Metrics/locomotion/TACTIC/recovery_task_executed: 0.0000
Metrics/locomotion/TACTIC/recovery_task_probability: 0.0000
Metrics/locomotion/TACTIC/executed_task_probability: 1.0000
Metrics/locomotion/TACTIC/task_constraint_projection: 0.0000
Metrics/locomotion/TACTIC/recovery_latch_seen: 0.0000
Metrics/locomotion/TACTIC/recovery_valid_seen: 0.0000
Metrics/locomotion/TACTIC/recovery_pressure_seen: 0.0000
Metrics/locomotion/TACTIC/cbf_margin: 0.0000
Metrics/locomotion/TACTIC/predicted_margin: 0.0000
Metrics/locomotion/TACTIC/clf_decrease: -0.2744
Metrics/locomotion/TACTIC/disturbance_estimate: 0.7335
Metrics/locomotion/TACTIC/base_height: 0.2470
Metrics/locomotion/TACTIC/base_tilt: 0.5554
Metrics/locomotion/TACTIC/control_recovery_pressure: 1.0000
Metrics/locomotion/TACTIC/control_recovery_active: 1.0000
Metrics/locomotion/TACTIC/control_recovery_constraint_active: 1.0000
Metrics/locomotion/TACTIC/payload_posture_projection: 0.0000
Metrics/locomotion/TACTIC/payload_relation_violation: 0.0000
 Metrics/locomotion/TACTIC/base_vx: 0.1304
 Metrics/locomotion/TACTIC/base_vy: 0.1901
 Metrics/locomotion/TACTIC/base_wz: -0.5609
Metrics/locomotion/TACTIC/support_count: 3.5833
Metrics/locomotion/TACTIC/obstacle_margin: 1.1468
Metrics/locomotion/TACTIC/gripper_closure: 0.0293
Metrics/locomotion/TACTIC/manipulation_active: 1.0000
Metrics/locomotion/TACTIC/grasp_active: 1.0000
Metrics/locomotion/TACTIC/grasp_orientation_active: 0.0000
Metrics/locomotion/TACTIC/grasp_orientation_error: 0.0000
Metrics/locomotion/TACTIC/interaction_authority: 0.0000
Metrics/locomotion/TACTIC/workspace_handoff: 0.0000
Metrics/locomotion/TACTIC/grasp_projection_distance: 0.0000
Metrics/locomotion/TACTIC/grasp_center_error: 0.0000
Metrics/locomotion/TACTIC/capture_staging_distance: 1.2930
Metrics/locomotion/TACTIC/capture_heading_error: 2.3424
Metrics/locomotion/TACTIC/capture_initiation_margin: -4.2053
Metrics/locomotion/TACTIC/selected_delivery_side: 1.0000
Metrics/locomotion/TACTIC/capture_lift_active: 0.0000
Metrics/locomotion/TACTIC/command_vx: -0.0033
Metrics/locomotion/TACTIC/command_vy: -0.0002
Metrics/locomotion/TACTIC/command_wz: 0.3303
Metrics/locomotion/TACTIC/curriculum_level: 0.0000
Metrics/locomotion/TACTIC/curriculum_frontier: 0.0000
Metrics/locomotion/TACTIC/curriculum_probe: 0.0000
Metrics/locomotion/TACTIC/interaction_start_curriculum: 1.0000
Metrics/locomotion/TACTIC/interaction_start_probability: 1.0000
Metrics/locomotion/TACTIC/composition_probe_probability: 0.0231
Metrics/locomotion/TACTIC/curriculum_completion_ema: 0.0000
Metrics/locomotion/TACTIC/curriculum_progress_ema: 0.0766
Metrics/locomotion/TACTIC/curriculum_safety_ema: 0.6389
Metrics/locomotion/TACTIC/episode_safety_fraction: 0.9739
Metrics/locomotion/TACTIC/curriculum_contact_ema: 0.0183
Metrics/locomotion/TACTIC/curriculum_lift_ema: 0.0118
Metrics/locomotion/TACTIC/curriculum_transport_ema: 0.0138
Metrics/locomotion/TACTIC/curriculum_place_ema: 0.0000
Metrics/locomotion/TACTIC/curriculum_delivery_completion_ema: 0.0000
Metrics/locomotion/TACTIC/curriculum_regression_streak: 0.0000
Metrics/locomotion/TACTIC/required_task_count: 1.0000
Metrics/locomotion/TACTIC/object_completion_mean: 0.0000
Metrics/locomotion/TACTIC/object_contact_mean: 0.0000
Metrics/locomotion/TACTIC/object_lift_mean: 0.0000
Metrics/locomotion/TACTIC/object_transport_mean: 0.0000
Metrics/locomotion/TACTIC/object_place_mean: 0.0000
Metrics/locomotion/TACTIC/object_target_progress_mean: 0.0651
Metrics/locomotion/TACTIC/object_target_progress_delta_mean: 0.0000
Metrics/locomotion/TACTIC/object_release_readiness_mean: 0.0000
Metrics/locomotion/TACTIC/object_release_readiness_delta_mean: 0.0000
Metrics/locomotion/TACTIC/object_release_event_mean: 0.0000
Metrics/locomotion/TACTIC/object_drop_event_mean: 0.0000
Metrics/locomotion/TACTIC/object_gripper_distance_mean: 0.8902
Metrics/locomotion/TACTIC/object_carrying_mean: 0.0000
Metrics/locomotion/TACTIC/object_carry_memory_mean: 0.0000
Metrics/locomotion/TACTIC/interaction_frontier_mean: 0.0111
Metrics/locomotion/TACTIC/interaction_frontier_delta_mean: 0.0000
Metrics/locomotion/TACTIC/contact_symmetry_mean: 0.0000
 Metrics/locomotion/TACTIC/task_id: 9.0000
Metrics/locomotion/TACTIC/skill_id: 6.0000
Metrics/locomotion/TACTIC/object_id: 4.0000
Metrics/locomotion/TACTIC/effective_object_id: 4.0000
Metrics/locomotion/TACTIC/selected_object_contact: 0.0000
Metrics/locomotion/TACTIC/selected_object_lift: 0.0000
Metrics/locomotion/TACTIC/selected_object_transport: 0.0000
Metrics/locomotion/TACTIC/selected_object_place: 0.0000
Metrics/locomotion/TACTIC/selected_object_completion: 0.0000
Metrics/locomotion/TACTIC/selected_object_carrying: 0.0000
Metrics/locomotion/TACTIC/selected_object_carry_memory: 0.0000
Metrics/locomotion/TACTIC/selected_object_target_progress: 0.3904
Metrics/locomotion/TACTIC/selected_object_target_progress_delta: 0.0000
Metrics/locomotion/TACTIC/selected_object_release_readiness: 0.0000
Metrics/locomotion/TACTIC/selected_object_release_readiness_delta: 0.0000
Metrics/locomotion/TACTIC/selected_object_release_event: 0.0000
Metrics/locomotion/TACTIC/selected_object_drop_event: 0.0000
Metrics/locomotion/TACTIC/selected_object_gripper_distance: 0.9800
Metrics/locomotion/TACTIC/selected_object_place_error_xy: 0.1786
Metrics/locomotion/TACTIC/selected_object_place_error_z: 0.4768
Metrics/locomotion/TACTIC/selected_interaction_frontier: 0.0667
Metrics/locomotion/TACTIC/selected_interaction_frontier_delta: 0.0000
Metrics/locomotion/TACTIC/selected_reachability: 0.0000
Metrics/locomotion/TACTIC/task_switch: 0.0000
Metrics/locomotion/TACTIC/skill_switch: 0.0000
Metrics/locomotion/TACTIC/task_age: 0.0000
Metrics/locomotion/TACTIC/skill_age: 0.0000
Metrics/locomotion/TACTIC/task_hazard: 0.0000
Metrics/locomotion/TACTIC/skill_hazard: 0.0000
Metrics/locomotion/TACTIC/task_termination_probability: 0.0000
Metrics/locomotion/TACTIC/skill_termination_probability: 0.0000
Metrics/locomotion/TACTIC/task_entropy: 0.0000
Metrics/locomotion/TACTIC/skill_entropy: 0.5912
Metrics/locomotion/TACTIC/task_occupancy_entropy: 0.0000
Metrics/locomotion/TACTIC/skill_occupancy_entropy: 0.5912
Metrics/locomotion/TACTIC/skill_parameter_0: 0.0000
Metrics/locomotion/TACTIC/skill_parameter_1: 0.0000
Metrics/locomotion/TACTIC/skill_parameter_2: 0.0000
Metrics/locomotion/TACTIC/skill_parameter_3: 0.0000
Metrics/locomotion/TACTIC/skill_parameter_4: 0.0000
Metrics/locomotion/TACTIC/skill_parameter_5: 0.0000
Metrics/locomotion/TACTIC/object_0_complete: 0.0000
Metrics/locomotion/TACTIC/object_1_complete: 0.0000
Metrics/locomotion/TACTIC/object_2_complete: 0.0000
Metrics/locomotion/TACTIC/object_3_complete: 0.0000
Metrics/locomotion/TACTIC/object_4_complete: 0.0000
Metrics/locomotion/TACTIC/object_5_complete: 0.0000
      Episode_Termination/time_out: 0.0000
   Episode_Termination/bad_contact: 0.0000
          Episode_Termination/tilt: 0.3561
    Episode_Termination/low_height: 0.0156
Episode_Termination/mission_success: 0.0000
--------------------------------------------------------------------------------
                   Total timesteps: 67584
                    Iteration time: 6.48s
                      Time elapsed: 00:02:21
                               ETA: 00:00:57

################################################################################
                       [1m Learning iteration 22/30 [0m                       

                       Computation: 483 steps/s (collection: 5.514s, learning 0.835s)
             Mean action noise std: 0.02
          Mean value_function loss: 6.3633
               Mean surrogate loss: 0.0477
                 Mean entropy loss: -102.7179
 Mean next_control_prediction loss: 0.0201
       Mean skill_feasibility loss: 0.6931
 Mean task_outcome_prediction loss: 0.0318
 Mean task_outcome_confidence loss: 1.5389
Mean task_outcome_confidence_mean loss: 0.1192
Mean skill_outcome_prediction loss: 0.0013
        Mean payload_survival loss: 0.6931
Mean payload_survival_support loss: 0.0339
   Mean payload_drop_fraction loss: 0.0000
Mean payload_survival_prediction loss: 0.5000
 Mean skill_effect_prediction loss: 0.0278
 Mean skill_effect_confidence loss: 1.6515
Mean skill_effect_confidence_mean loss: 0.1192
Mean motion_execution_prediction loss: 0.0361
Mean motion_execution_confidence loss: 1.5202
Mean embodiment_response_prediction loss: 0.0004
Mean embodiment_response_vx_abs loss: 0.0018
Mean embodiment_response_wz_abs loss: 0.0011
   Mean constraint_multiplier loss: 0.0071
Mean task_constraint_multiplier_mean loss: 0.1632
Mean skill_constraint_multiplier_mean loss: 0.1632
 Mean hierarchy_cbf_violation loss: 0.0148
Mean hierarchy_cbf_raw_violation loss: 0.0152
Mean hierarchy_cbf_transient_slack loss: 0.0064
 Mean hierarchy_clf_violation loss: 0.0000
Mean hierarchy_cbf_regression loss: 0.0017
Mean hierarchy_clf_regression loss: 0.0000
   Mean safe_task_achievement loss: -0.0008
  Mean safe_skill_achievement loss: 0.0004
Mean unsafe_positive_progress_rate loss: 0.0612
Mean motion_execution_confidence_mean loss: 0.1192
Mean grounded_effect_diversity loss: 0.0000
      Mean task_option_credit loss: -0.0024
     Mean skill_option_credit loss: 0.0008
    Mean event_hindsight_task loss: 0.0000
   Mean event_hindsight_skill loss: 2.8005
       Mean event_credit_mass loss: 0.0024
Mean task_option_advantage_abs loss: 0.1329
Mean skill_option_advantage_abs loss: 0.2410
         Mean task_transition loss: 2.3615
        Mean skill_transition loss: 1.6524
       Mean motion_transition loss: 1.8453
  Mean interaction_transition loss: 1.3630
Mean interaction_active_fraction loss: 1.0000
              Mean task_usage loss: 0.0000
  Mean task_frontier_coverage loss: 0.0000
Mean selected_frontier_probability loss: 0.8025
       Mean interaction_phase loss: 0.2681
Mean interaction_release_target loss: 0.0217
Mean interaction_release_frontier loss: 0.0079
Mean interaction_release_balance_weight loss: 1.1516
  Mean task_control_objective loss: 0.0095
        Mean task_clf_descent loss: 0.0011
  Mean task_barrier_authority loss: 0.0240
Mean skill_predictive_control loss: 0.0012
Mean relational_subgoal_grounding loss: 0.0000
  Mean task_subgoal_alignment loss: 1.0000
  Mean task_subgoal_authority loss: 0.4826
   Mean task_skill_projection loss: 0.0000
 Mean task_transient_capacity loss: 0.7874
   Mean task_posture_capacity loss: 0.9130
Mean task_projected_turn_demand loss: 0.3337
Mean task_semantic_turn_demand loss: 0.3337
Mean task_lateral_turn_demand loss: 0.0000
Mean task_target_yaw_residual loss: 0.6066
Mean task_interaction_authority loss: 0.0061
    Mean task_arm_scope_error loss: 0.0000
Mean counterfactual_task_selection loss: 0.0000
Mean counterfactual_task_target_entropy loss: 0.0000
Mean counterfactual_task_target_peak loss: 0.0000
Mean grounded_task_utility_span loss: 0.0000
      Mean task_outcome_blend loss: 0.0000
Mean grounded_task_target_agreement loss: 0.0000
Mean sampled_task_target_probability loss: 0.0000
Mean recovery_candidate_fraction loss: 0.0000
Mean recovery_task_probability loss: 0.0000
Mean recovery_target_probability loss: 0.0000
Mean counterfactual_termination loss: 0.4532
 Mean task_termination_target loss: 0.0000
Mean skill_termination_target loss: 0.4573
Mean payload_skill_barrier_pressure loss: 0.0000
Mean payload_transient_demand loss: 0.0024
Mean payload_skill_exit_target loss: 0.0000
Mean payload_survival_exit_target loss: 0.0000
Mean payload_survival_authority loss: 0.0000
        Mean task_switch_gain loss: 0.0000
       Mean skill_switch_gain loss: -0.1457
Mean counterfactual_skill_selection loss: 0.7801
Mean counterfactual_target_entropy loss: 0.5831
Mean counterfactual_target_peak loss: 0.8216
       Mean successor_decoder loss: 0.0790
  Mean successor_predicted_vx loss: -0.0016
  Mean successor_predicted_wz loss: -0.0050
 Mean successor_predicted_cbf loss: 0.5000
 Mean successor_predicted_clf loss: 0.5000
 Mean successor_cbf_violation loss: 0.0020
 Mean successor_clf_violation loss: 0.0002
             Mean skill_usage loss: 0.1999
        Mean skill_confidence loss: 0.6971
     Mean task_slot_diversity loss: 0.3953
Mean skill_embedding_diversity loss: 0.0621
   Mean motion_gain_diversity loss: 0.0000
Mean motion_objective_diversity loss: 0.0000
       Mean event_replay_size loss: 5662.0000
   Mean event_replay_priority loss: 0.0462
 Mean event_replay_task_valid loss: 0.6904
Mean event_replay_task_detail_valid loss: 0.6904
       Mean event_replay_task loss: 0.0000
      Mean event_replay_skill loss: 0.6840
     Mean event_replay_motion loss: 1.0722
Mean event_replay_interaction loss: 0.2096
Mean event_replay_task_subgoal loss: 0.0003
Mean event_replay_skill_parameter loss: 0.0219
  Mean event_replay_parameter loss: 0.0220
Mean event_replay_barrier_quality loss: 0.4905
Mean event_replay_unsafe_fraction loss: 0.0000
Mean event_replay_buffer_unsafe_fraction loss: 0.0000
Mean event_replay_buffer_delivery loss: 0.7197
Mean event_replay_buffer_recovery loss: 0.0000
Mean event_replay_sample_delivery loss: 0.6934
Mean event_replay_sample_recovery loss: 0.0000
Mean event_replay_sample_raw_delivery loss: 0.6904
Mean event_replay_sample_raw_recovery loss: 0.0000
Mean event_replay_recovery_pressure loss: 0.0000
Mean event_replay_recovery_adapter_gate loss: 0.0000
Mean event_replay_buffer_approach loss: 0.7593
Mean event_replay_sample_approach loss: 0.5872
Mean event_replay_sample_raw_approach loss: 0.5898
Mean event_replay_buffer_secure loss: 0.1328
Mean event_replay_sample_secure loss: 0.2625
Mean event_replay_sample_raw_secure loss: 0.2631
Mean event_replay_buffer_release loss: 0.1080
Mean event_replay_sample_release loss: 0.1503
Mean event_replay_sample_raw_release loss: 0.1471
Mean payload_survival_replay_size loss: 715.0000
Mean payload_survival_replay_support loss: 1.0000
Mean payload_survival_replay_drop_fraction loss: 0.4999
Mean payload_survival_replay_prediction loss: 0.5000
Mean payload_survival_replay_drop_prediction loss: 0.5000
Mean payload_survival_replay_retain_prediction loss: 0.5000
Mean payload_survival_replay_separation loss: 0.0000
Mean payload_survival_replay_accuracy loss: 0.5000
Mean payload_survival_replay_rank_loss loss: 0.7185
Mean payload_survival_replay_rank_gap loss: 0.0000
Mean payload_survival_replay_rank_accuracy loss: 0.0000
Mean payload_survival_replay_rank_pairs loss: 188.0000
      Mean event_replay_added loss: 210.0000
Mean event_replay_append_task_valid loss: 0.8762
Mean event_replay_task_relabel loss: 0.1238
Mean event_replay_interaction_relabel loss: 0.2667
Mean event_replay_append_delivery loss: 0.8762
Mean event_replay_append_recovery loss: 0.0000
Mean event_replay_append_payload_recovery loss: 0.0000
Mean payload_survival_replay_added loss: 36.0000
Mean payload_survival_replay_append_drop_fraction loss: 0.0000
      Mean hierarchy_cbf_dual loss: 0.4987
      Mean hierarchy_clf_dual loss: 0.2626
Mean hierarchy_cbf_violation_ema loss: 0.1602
Mean hierarchy_clf_violation_ema loss: 0.0190
Mean physical_adaptation_active loss: 0.0000
Mean physical_adaptation_stage loss: -10.0000
 Mean hierarchy_only_training loss: 0.0000
Mean decomposition_only_training loss: 0.0000
Mean motion_selector_only_training loss: 0.0000
Mean interaction_selector_only_training loss: 0.0000
Mean motion_skill_only_training loss: 0.0000
Mean payload_motion_only_training loss: 0.0000
Mean recovery_adapter_only_training loss: 0.0000
 Mean auxiliary_learning_rate loss: 0.0000
Mean payload_survival_learning_rate loss: 0.0003
Mean physical_core_learning_rate loss: 0.0000
Mean physical_adapter_learning_rate loss: 0.0000
Mean skill_information_reward loss: -0.0048
 Mean task_information_reward loss: 0.0000
                       Mean reward: -128.17
               Mean episode length: 100.28
   Episode_Reward/term_bad_contact: 0.0000
          Episode_Reward/term_tilt: -0.0139
    Episode_Reward/term_low_height: 0.0000
      Episode_Reward/leg_action_l2: -0.0035
   Episode_Reward/tracking_lin_vel: 0.0000
Episode_Reward/tracking_ang_vel_yaw_l1: 0.0000
Episode_Reward/tracking_ang_vel_yaw_exp: 0.0000
Episode_Reward/tracking_lin_vel_y_l2: 0.0000
Episode_Reward/tracking_lin_vel_z_l2: 0.0000
            Episode_Reward/survive: 0.0000
    Episode_Reward/foot_contacts_z: 0.0000
            Episode_Reward/torques: -0.0099
 Episode_Reward/tracking_lin_vel_y: 0.0000
          Episode_Reward/lin_vel_z: -0.0003
         Episode_Reward/ang_vel_xy: -0.0010
   Episode_Reward/tracking_ang_vel: 0.0026
               Episode_Reward/work: -0.0266
            Episode_Reward/dof_acc: -0.0678
        Episode_Reward/action_rate: -0.0013
     Episode_Reward/dof_pos_limits: -0.0000
      Episode_Reward/delta_torques: -0.0000
          Episode_Reward/collision: -0.4687
        Episode_Reward/walking_dof: 0.0038
            Episode_Reward/hip_pos: -0.0021
          Episode_Reward/feet_jerk: 0.0000
              Episode_Reward/alive: 0.0215
          Episode_Reward/feet_drag: -0.0006
Episode_Reward/feet_contact_forces: -0.0113
               Episode_Reward/roll: -0.0040
        Episode_Reward/base_height: -0.0078
Episode_Reward/tracking_lin_vel_max: 0.0309
Episode_Reward/flat_orientation_l2: -0.0007
  Episode_Reward/air_time_variance: -0.0009
        Episode_Reward/feet_height: 0.0000
      Episode_Reward/feet_air_time: 0.0000
Episode_Reward/update_last_buffers: 0.0000
   Episode_Reward/wheel_idle_speed: -0.3118
    Episode_Reward/wheel_action_l2: -0.0003
  Episode_Reward/wheel_action_rate: 0.0000
  Episode_Reward/wheel_forward_use: 0.0000
 Episode_Reward/wheel_turn_support: 0.0143
Episode_Reward/tactic_mission_completion: 0.0000
Episode_Reward/tactic_mission_success: 0.0000
Episode_Reward/tactic_task_progress: -0.0001
Episode_Reward/tactic_task_tracking: 0.0017
 Episode_Reward/tactic_ee_tracking: 0.0291
  Episode_Reward/tactic_valid_task: 0.0043
Episode_Reward/tactic_invalid_task: 0.0000
Episode_Reward/tactic_option_switch: -0.0000
Episode_Reward/tactic_control_progress: -0.0000
  Episode_Reward/tactic_cbf_margin: 0.0000
Episode_Reward/tactic_predicted_margin: 0.0000
Episode_Reward/tactic_clf_decrease: 0.0000
Episode_Reward/tactic_disturbance_rejection: 0.0000
Episode_Reward/tactic_safety_violation: -0.0016
Episode_Reward/tactic_unsafe_progress: -0.0000
Episode_Reward/tactic_object_contact: 0.0000
 Episode_Reward/tactic_object_lift: 0.0000
Episode_Reward/tactic_object_transport: 0.0000
Episode_Reward/tactic_object_place: 0.0000
Episode_Reward/tactic_object_completion: 0.0000
Episode_Reward/tactic_interaction_frontier: 0.0000
  Episode_Reward/tactic_grasp_hold: 0.0000
Episode_Reward/tactic_payload_progress: 0.0000
Episode_Reward/tactic_release_readiness: 0.0000
Episode_Reward/tactic_intended_release: 0.0000
Episode_Reward/tactic_payload_retention: 0.0000
Episode_Reward/tactic_payload_drop: 0.0000
Episode_Reward/tactic_release_quality: 0.0000
Episode_Reward/tactic_wrong_object_interaction: 0.0000
 Episode_Reward/tactic_all_objects: 0.0000
Metrics/locomotion/TACTIC/mission_completion: 0.0000
Metrics/locomotion/TACTIC/mission_completion_delta: 0.0000
Metrics/locomotion/TACTIC/mission_success: 0.0000
Metrics/locomotion/TACTIC/task_progress: 0.0258
Metrics/locomotion/TACTIC/task_progress_delta: -0.0001
Metrics/locomotion/TACTIC/task_error: 1.9839
Metrics/locomotion/TACTIC/ee_error: 0.4630
Metrics/locomotion/TACTIC/tcp_object_distance: 1.2568
Metrics/locomotion/TACTIC/goal_object_distance: 0.9011
Metrics/locomotion/TACTIC/finger_object_distance: 1.2755
Metrics/locomotion/TACTIC/object_target_distance: 0.8171
Metrics/locomotion/TACTIC/recovery_task_executed: 0.0000
Metrics/locomotion/TACTIC/recovery_task_probability: 0.0000
Metrics/locomotion/TACTIC/executed_task_probability: 1.0000
Metrics/locomotion/TACTIC/task_constraint_projection: 0.0000
Metrics/locomotion/TACTIC/recovery_latch_seen: 0.0000
Metrics/locomotion/TACTIC/recovery_valid_seen: 0.0000
Metrics/locomotion/TACTIC/recovery_pressure_seen: 0.0000
Metrics/locomotion/TACTIC/cbf_margin: 0.0000
Metrics/locomotion/TACTIC/predicted_margin: 0.0000
Metrics/locomotion/TACTIC/clf_decrease: -0.4051
Metrics/locomotion/TACTIC/disturbance_estimate: 0.7907
Metrics/locomotion/TACTIC/base_height: 0.2494
Metrics/locomotion/TACTIC/base_tilt: 0.5572
Metrics/locomotion/TACTIC/control_recovery_pressure: 1.0000
Metrics/locomotion/TACTIC/control_recovery_active: 1.0000
Metrics/locomotion/TACTIC/control_recovery_constraint_active: 1.0000
Metrics/locomotion/TACTIC/payload_posture_projection: 0.0000
Metrics/locomotion/TACTIC/payload_relation_violation: 0.0000
 Metrics/locomotion/TACTIC/base_vx: 0.1843
 Metrics/locomotion/TACTIC/base_vy: 0.2707
 Metrics/locomotion/TACTIC/base_wz: -0.8246
Metrics/locomotion/TACTIC/support_count: 4.0000
Metrics/locomotion/TACTIC/obstacle_margin: 1.2683
Metrics/locomotion/TACTIC/gripper_closure: 0.0076
Metrics/locomotion/TACTIC/manipulation_active: 1.0000
Metrics/locomotion/TACTIC/grasp_active: 1.0000
Metrics/locomotion/TACTIC/grasp_orientation_active: 0.0000
Metrics/locomotion/TACTIC/grasp_orientation_error: 0.0000
Metrics/locomotion/TACTIC/interaction_authority: 0.0000
Metrics/locomotion/TACTIC/workspace_handoff: 0.0000
Metrics/locomotion/TACTIC/grasp_projection_distance: 0.0000
Metrics/locomotion/TACTIC/grasp_center_error: 0.0000
Metrics/locomotion/TACTIC/capture_staging_distance: 1.3875
Metrics/locomotion/TACTIC/capture_heading_error: 2.4688
Metrics/locomotion/TACTIC/capture_initiation_margin: -4.4863
Metrics/locomotion/TACTIC/selected_delivery_side: 1.0000
Metrics/locomotion/TACTIC/capture_lift_active: 0.0000
Metrics/locomotion/TACTIC/command_vx: -0.0031
Metrics/locomotion/TACTIC/command_vy: -0.0008
Metrics/locomotion/TACTIC/command_wz: 0.3460
Metrics/locomotion/TACTIC/curriculum_level: 0.0000
Metrics/locomotion/TACTIC/curriculum_frontier: 0.0000
Metrics/locomotion/TACTIC/curriculum_probe: 0.0000
Metrics/locomotion/TACTIC/interaction_start_curriculum: 1.0000
Metrics/locomotion/TACTIC/interaction_start_probability: 1.0000
Metrics/locomotion/TACTIC/composition_probe_probability: 0.0277
Metrics/locomotion/TACTIC/curriculum_completion_ema: 0.0000
Metrics/locomotion/TACTIC/curriculum_progress_ema: 0.0780
Metrics/locomotion/TACTIC/curriculum_safety_ema: 0.6458
Metrics/locomotion/TACTIC/episode_safety_fraction: 0.9805
Metrics/locomotion/TACTIC/curriculum_contact_ema: 0.0235
Metrics/locomotion/TACTIC/curriculum_lift_ema: 0.0115
Metrics/locomotion/TACTIC/curriculum_transport_ema: 0.0135
Metrics/locomotion/TACTIC/curriculum_place_ema: 0.0000
Metrics/locomotion/TACTIC/curriculum_delivery_completion_ema: 0.0000
Metrics/locomotion/TACTIC/curriculum_regression_streak: 0.0000
Metrics/locomotion/TACTIC/required_task_count: 1.0000
Metrics/locomotion/TACTIC/object_completion_mean: 0.0000
Metrics/locomotion/TACTIC/object_contact_mean: 0.0000
Metrics/locomotion/TACTIC/object_lift_mean: 0.0000
Metrics/locomotion/TACTIC/object_transport_mean: 0.0000
Metrics/locomotion/TACTIC/object_place_mean: 0.0000
Metrics/locomotion/TACTIC/object_target_progress_mean: 0.0340
Metrics/locomotion/TACTIC/object_target_progress_delta_mean: 0.0000
Metrics/locomotion/TACTIC/object_release_readiness_mean: 0.0000
Metrics/locomotion/TACTIC/object_release_readiness_delta_mean: 0.0000
Metrics/locomotion/TACTIC/object_release_event_mean: 0.0000
Metrics/locomotion/TACTIC/object_drop_event_mean: 0.0000
Metrics/locomotion/TACTIC/object_gripper_distance_mean: 0.8995
Metrics/locomotion/TACTIC/object_carrying_mean: 0.0000
Metrics/locomotion/TACTIC/object_carry_memory_mean: 0.0000
Metrics/locomotion/TACTIC/interaction_frontier_mean: 0.0000
Metrics/locomotion/TACTIC/interaction_frontier_delta_mean: 0.0000
Metrics/locomotion/TACTIC/contact_symmetry_mean: 0.0000
 Metrics/locomotion/TACTIC/task_id: 9.0000
Metrics/locomotion/TACTIC/skill_id: 6.0000
Metrics/locomotion/TACTIC/object_id: 4.0000
Metrics/locomotion/TACTIC/effective_object_id: 4.0000
Metrics/locomotion/TACTIC/selected_object_contact: 0.0000
Metrics/locomotion/TACTIC/selected_object_lift: 0.0000
Metrics/locomotion/TACTIC/selected_object_transport: 0.0000
Metrics/locomotion/TACTIC/selected_object_place: 0.0000
Metrics/locomotion/TACTIC/selected_object_completion: 0.0000
Metrics/locomotion/TACTIC/selected_object_carrying: 0.0000
Metrics/locomotion/TACTIC/selected_object_carry_memory: 0.0000
Metrics/locomotion/TACTIC/selected_object_target_progress: 0.2041
Metrics/locomotion/TACTIC/selected_object_target_progress_delta: 0.0000
Metrics/locomotion/TACTIC/selected_object_release_readiness: 0.0000
Metrics/locomotion/TACTIC/selected_object_release_readiness_delta: 0.0000
Metrics/locomotion/TACTIC/selected_object_release_event: 0.0000
Metrics/locomotion/TACTIC/selected_object_drop_event: 0.0000
Metrics/locomotion/TACTIC/selected_object_gripper_distance: 1.2581
Metrics/locomotion/TACTIC/selected_object_place_error_xy: 0.2401
Metrics/locomotion/TACTIC/selected_object_place_error_z: 0.7810
Metrics/locomotion/TACTIC/selected_interaction_frontier: 0.0000
Metrics/locomotion/TACTIC/selected_interaction_frontier_delta: 0.0000
Metrics/locomotion/TACTIC/selected_reachability: 0.0000
Metrics/locomotion/TACTIC/task_switch: 0.0000
Metrics/locomotion/TACTIC/skill_switch: 0.0000
Metrics/locomotion/TACTIC/task_age: 0.0000
Metrics/locomotion/TACTIC/skill_age: 0.0000
Metrics/locomotion/TACTIC/task_hazard: 0.0000
Metrics/locomotion/TACTIC/skill_hazard: 0.0000
Metrics/locomotion/TACTIC/task_termination_probability: 0.0000
Metrics/locomotion/TACTIC/skill_termination_probability: 0.0000
Metrics/locomotion/TACTIC/task_entropy: 0.0000
Metrics/locomotion/TACTIC/skill_entropy: 0.5750
Metrics/locomotion/TACTIC/task_occupancy_entropy: 0.0000
Metrics/locomotion/TACTIC/skill_occupancy_entropy: 0.5750
Metrics/locomotion/TACTIC/skill_parameter_0: 0.0000
Metrics/locomotion/TACTIC/skill_parameter_1: 0.0000
Metrics/locomotion/TACTIC/skill_parameter_2: 0.0000
Metrics/locomotion/TACTIC/skill_parameter_3: 0.0000
Metrics/locomotion/TACTIC/skill_parameter_4: 0.0000
Metrics/locomotion/TACTIC/skill_parameter_5: 0.0000
Metrics/locomotion/TACTIC/object_0_complete: 0.0000
Metrics/locomotion/TACTIC/object_1_complete: 0.0000
Metrics/locomotion/TACTIC/object_2_complete: 0.0000
Metrics/locomotion/TACTIC/object_3_complete: 0.0000
Metrics/locomotion/TACTIC/object_4_complete: 0.0000
Metrics/locomotion/TACTIC/object_5_complete: 0.0000
      Episode_Termination/time_out: 0.0000
   Episode_Termination/bad_contact: 0.0000
          Episode_Termination/tilt: 0.3594
    Episode_Termination/low_height: 0.0156
Episode_Termination/mission_success: 0.0000
--------------------------------------------------------------------------------
                   Total timesteps: 70656
                    Iteration time: 6.35s
                      Time elapsed: 00:02:27
                               ETA: 00:00:51

################################################################################
                       [1m Learning iteration 23/30 [0m                       

                       Computation: 483 steps/s (collection: 5.523s, learning 0.834s)
             Mean action noise std: 0.02
          Mean value_function loss: 8.9537
               Mean surrogate loss: 0.0547
                 Mean entropy loss: -102.7267
 Mean next_control_prediction loss: 0.0223
       Mean skill_feasibility loss: 0.6931
 Mean task_outcome_prediction loss: 0.0320
 Mean task_outcome_confidence loss: 1.5357
Mean task_outcome_confidence_mean loss: 0.1192
Mean skill_outcome_prediction loss: 0.0017
        Mean payload_survival loss: 0.6931
Mean payload_survival_support loss: 0.0195
   Mean payload_drop_fraction loss: 0.0000
Mean payload_survival_prediction loss: 0.5000
 Mean skill_effect_prediction loss: 0.0293
 Mean skill_effect_confidence loss: 1.6407
Mean skill_effect_confidence_mean loss: 0.1192
Mean motion_execution_prediction loss: 0.0383
Mean motion_execution_confidence loss: 1.5059
Mean embodiment_response_prediction loss: 0.0004
Mean embodiment_response_vx_abs loss: 0.0018
Mean embodiment_response_wz_abs loss: 0.0011
   Mean constraint_multiplier loss: 0.0080
Mean task_constraint_multiplier_mean loss: 0.1632
Mean skill_constraint_multiplier_mean loss: 0.1632
 Mean hierarchy_cbf_violation loss: 0.0259
Mean hierarchy_cbf_raw_violation loss: 0.0267
Mean hierarchy_cbf_transient_slack loss: 0.0057
 Mean hierarchy_clf_violation loss: 0.0000
Mean hierarchy_cbf_regression loss: 0.0069
Mean hierarchy_clf_regression loss: 0.0000
   Mean safe_task_achievement loss: -0.0006
  Mean safe_skill_achievement loss: -0.0005
Mean unsafe_positive_progress_rate loss: 0.0502
Mean motion_execution_confidence_mean loss: 0.1192
Mean grounded_effect_diversity loss: 0.0000
      Mean task_option_credit loss: -0.0172
     Mean skill_option_credit loss: -0.0097
    Mean event_hindsight_task loss: 0.0000
   Mean event_hindsight_skill loss: 5.9583
       Mean event_credit_mass loss: 0.0032
Mean task_option_advantage_abs loss: 0.1770
Mean skill_option_advantage_abs loss: 0.2485
         Mean task_transition loss: 2.3588
        Mean skill_transition loss: 1.6642
       Mean motion_transition loss: 1.8503
  Mean interaction_transition loss: 1.3849
Mean interaction_active_fraction loss: 1.0000
              Mean task_usage loss: 0.0000
  Mean task_frontier_coverage loss: 0.0000
Mean selected_frontier_probability loss: 0.8055
       Mean interaction_phase loss: 0.2484
Mean interaction_release_target loss: 0.0185
Mean interaction_release_frontier loss: 0.0043
Mean interaction_release_balance_weight loss: 1.1293
  Mean task_control_objective loss: 0.0083
        Mean task_clf_descent loss: 0.0012
  Mean task_barrier_authority loss: 0.0205
Mean skill_predictive_control loss: 0.0012
Mean relational_subgoal_grounding loss: 0.0000
  Mean task_subgoal_alignment loss: 1.0000
  Mean task_subgoal_authority loss: 0.4825
   Mean task_skill_projection loss: 0.0000
 Mean task_transient_capacity loss: 0.7945
   Mean task_posture_capacity loss: 0.9203
Mean task_projected_turn_demand loss: 0.3287
Mean task_semantic_turn_demand loss: 0.3287
Mean task_lateral_turn_demand loss: 0.0000
Mean task_target_yaw_residual loss: 0.5975
Mean task_interaction_authority loss: 0.0089
    Mean task_arm_scope_error loss: 0.0000
Mean counterfactual_task_selection loss: 0.0000
Mean counterfactual_task_target_entropy loss: 0.0000
Mean counterfactual_task_target_peak loss: 0.0000
Mean grounded_task_utility_span loss: 0.0000
      Mean task_outcome_blend loss: 0.0000
Mean grounded_task_target_agreement loss: 0.0000
Mean sampled_task_target_probability loss: 0.0000
Mean recovery_candidate_fraction loss: 0.0000
Mean recovery_task_probability loss: 0.0000
Mean recovery_target_probability loss: 0.0000
Mean counterfactual_termination loss: 0.4487
 Mean task_termination_target loss: 0.0000
Mean skill_termination_target loss: 0.4401
Mean payload_skill_barrier_pressure loss: 0.0000
Mean payload_transient_demand loss: 0.0008
Mean payload_skill_exit_target loss: 0.0000
Mean payload_survival_exit_target loss: 0.0000
Mean payload_survival_authority loss: 0.0000
        Mean task_switch_gain loss: 0.0000
       Mean skill_switch_gain loss: -0.1674
Mean counterfactual_skill_selection loss: 0.7641
Mean counterfactual_target_entropy loss: 0.5645
Mean counterfactual_target_peak loss: 0.8293
       Mean successor_decoder loss: 0.0773
  Mean successor_predicted_vx loss: -0.0016
  Mean successor_predicted_wz loss: -0.0071
 Mean successor_predicted_cbf loss: 0.5000
 Mean successor_predicted_clf loss: 0.5000
 Mean successor_cbf_violation loss: 0.0026
 Mean successor_clf_violation loss: 0.0001
             Mean skill_usage loss: 0.1973
        Mean skill_confidence loss: 0.6898
     Mean task_slot_diversity loss: 0.3951
Mean skill_embedding_diversity loss: 0.0621
   Mean motion_gain_diversity loss: 0.0000
Mean motion_objective_diversity loss: 0.0000
       Mean event_replay_size loss: 5918.0000
   Mean event_replay_priority loss: 0.0466
 Mean event_replay_task_valid loss: 0.6904
Mean event_replay_task_detail_valid loss: 0.6904
       Mean event_replay_task loss: 0.0000
      Mean event_replay_skill loss: 0.6711
     Mean event_replay_motion loss: 1.0603
Mean event_replay_interaction loss: 0.1954
Mean event_replay_task_subgoal loss: 0.0003
Mean event_replay_skill_parameter loss: 0.0200
  Mean event_replay_parameter loss: 0.0201
Mean event_replay_barrier_quality loss: 0.4929
Mean event_replay_unsafe_fraction loss: 0.0000
Mean event_replay_buffer_unsafe_fraction loss: 0.0000
Mean event_replay_buffer_delivery loss: 0.7247
Mean event_replay_buffer_recovery loss: 0.0000
Mean event_replay_sample_delivery loss: 0.6926
Mean event_replay_sample_recovery loss: 0.0000
Mean event_replay_sample_raw_delivery loss: 0.6904
Mean event_replay_sample_raw_recovery loss: 0.0000
Mean event_replay_recovery_pressure loss: 0.0000
Mean event_replay_recovery_adapter_gate loss: 0.0000
Mean event_replay_buffer_approach loss: 0.7606
Mean event_replay_sample_approach loss: 0.5966
Mean event_replay_sample_raw_approach loss: 0.5983
Mean event_replay_buffer_secure loss: 0.1294
Mean event_replay_sample_secure loss: 0.2663
Mean event_replay_sample_raw_secure loss: 0.2673
Mean event_replay_buffer_release loss: 0.1100
Mean event_replay_sample_release loss: 0.1371
Mean event_replay_sample_raw_release loss: 0.1344
Mean payload_survival_replay_size loss: 751.0000
Mean payload_survival_replay_support loss: 1.0000
Mean payload_survival_replay_drop_fraction loss: 0.4999
Mean payload_survival_replay_prediction loss: 0.5000
Mean payload_survival_replay_drop_prediction loss: 0.5000
Mean payload_survival_replay_retain_prediction loss: 0.5000
Mean payload_survival_replay_separation loss: 0.0000
Mean payload_survival_replay_accuracy loss: 0.5000
Mean payload_survival_replay_rank_loss loss: 0.7185
Mean payload_survival_replay_rank_gap loss: 0.0000
Mean payload_survival_replay_rank_accuracy loss: 0.0000
Mean payload_survival_replay_rank_pairs loss: 170.0000
      Mean event_replay_added loss: 256.0000
Mean event_replay_append_task_valid loss: 0.8359
Mean event_replay_task_relabel loss: 0.1641
Mean event_replay_interaction_relabel loss: 0.3281
Mean event_replay_append_delivery loss: 0.8359
Mean event_replay_append_recovery loss: 0.0000
Mean event_replay_append_payload_recovery loss: 0.0000
Mean payload_survival_replay_added loss: 36.0000
Mean payload_survival_replay_append_drop_fraction loss: 0.0000
      Mean hierarchy_cbf_dual loss: 0.4975
      Mean hierarchy_clf_dual loss: 0.2586
Mean hierarchy_cbf_violation_ema loss: 0.1535
Mean hierarchy_clf_violation_ema loss: 0.0180
Mean physical_adaptation_active loss: 0.0000
Mean physical_adaptation_stage loss: -10.0000
 Mean hierarchy_only_training loss: 0.0000
Mean decomposition_only_training loss: 0.0000
Mean motion_selector_only_training loss: 0.0000
Mean interaction_selector_only_training loss: 0.0000
Mean motion_skill_only_training loss: 0.0000
Mean payload_motion_only_training loss: 0.0000
Mean recovery_adapter_only_training loss: 0.0000
 Mean auxiliary_learning_rate loss: 0.0000
Mean payload_survival_learning_rate loss: 0.0003
Mean physical_core_learning_rate loss: 0.0000
Mean physical_adapter_learning_rate loss: 0.0000
Mean skill_information_reward loss: -0.0053
 Mean task_information_reward loss: 0.0000
                       Mean reward: -131.12
               Mean episode length: 102.60
   Episode_Reward/term_bad_contact: 0.0000
          Episode_Reward/term_tilt: -0.0139
    Episode_Reward/term_low_height: 0.0000
      Episode_Reward/leg_action_l2: -0.0033
   Episode_Reward/tracking_lin_vel: 0.0000
Episode_Reward/tracking_ang_vel_yaw_l1: 0.0000
Episode_Reward/tracking_ang_vel_yaw_exp: 0.0000
Episode_Reward/tracking_lin_vel_y_l2: 0.0000
Episode_Reward/tracking_lin_vel_z_l2: 0.0000
            Episode_Reward/survive: 0.0000
    Episode_Reward/foot_contacts_z: 0.0000
            Episode_Reward/torques: -0.0092
 Episode_Reward/tracking_lin_vel_y: 0.0000
          Episode_Reward/lin_vel_z: -0.0003
         Episode_Reward/ang_vel_xy: -0.0009
   Episode_Reward/tracking_ang_vel: 0.0024
               Episode_Reward/work: -0.0329
            Episode_Reward/dof_acc: -0.0702
        Episode_Reward/action_rate: -0.0012
     Episode_Reward/dof_pos_limits: -0.0000
      Episode_Reward/delta_torques: -0.0000
          Episode_Reward/collision: -0.4279
        Episode_Reward/walking_dof: 0.0034
            Episode_Reward/hip_pos: -0.0020
          Episode_Reward/feet_jerk: 0.0000
              Episode_Reward/alive: 0.0200
          Episode_Reward/feet_drag: -0.0006
Episode_Reward/feet_contact_forces: -0.0105
               Episode_Reward/roll: -0.0036
        Episode_Reward/base_height: -0.0073
Episode_Reward/tracking_lin_vel_max: 0.0287
Episode_Reward/flat_orientation_l2: -0.0007
  Episode_Reward/air_time_variance: -0.0009
        Episode_Reward/feet_height: 0.0000
      Episode_Reward/feet_air_time: 0.0000
Episode_Reward/update_last_buffers: 0.0000
   Episode_Reward/wheel_idle_speed: -0.3944
    Episode_Reward/wheel_action_l2: -0.0003
  Episode_Reward/wheel_action_rate: 0.0000
  Episode_Reward/wheel_forward_use: 0.0000
 Episode_Reward/wheel_turn_support: 0.0128
Episode_Reward/tactic_mission_completion: 0.0000
Episode_Reward/tactic_mission_success: 0.0000
Episode_Reward/tactic_task_progress: -0.0001
Episode_Reward/tactic_task_tracking: 0.0016
 Episode_Reward/tactic_ee_tracking: 0.0262
  Episode_Reward/tactic_valid_task: 0.0040
Episode_Reward/tactic_invalid_task: 0.0000
Episode_Reward/tactic_option_switch: -0.0000
Episode_Reward/tactic_control_progress: -0.0000
  Episode_Reward/tactic_cbf_margin: 0.0000
Episode_Reward/tactic_predicted_margin: 0.0000
Episode_Reward/tactic_clf_decrease: 0.0000
Episode_Reward/tactic_disturbance_rejection: 0.0000
Episode_Reward/tactic_safety_violation: -0.0015
Episode_Reward/tactic_unsafe_progress: -0.0000
Episode_Reward/tactic_object_contact: 0.0043
 Episode_Reward/tactic_object_lift: 0.0006
Episode_Reward/tactic_object_transport: 0.0008
Episode_Reward/tactic_object_place: 0.0000
Episode_Reward/tactic_object_completion: 0.0000
Episode_Reward/tactic_interaction_frontier: 0.0002
  Episode_Reward/tactic_grasp_hold: 0.0021
Episode_Reward/tactic_payload_progress: 0.0000
Episode_Reward/tactic_release_readiness: 0.0000
Episode_Reward/tactic_intended_release: 0.0000
Episode_Reward/tactic_payload_retention: 0.0000
Episode_Reward/tactic_payload_drop: 0.0000
Episode_Reward/tactic_release_quality: 0.0000
Episode_Reward/tactic_wrong_object_interaction: 0.0000
 Episode_Reward/tactic_all_objects: 0.0000
Metrics/locomotion/TACTIC/mission_completion: 0.0000
Metrics/locomotion/TACTIC/mission_completion_delta: 0.0000
Metrics/locomotion/TACTIC/mission_success: 0.0000
Metrics/locomotion/TACTIC/task_progress: 0.0445
Metrics/locomotion/TACTIC/task_progress_delta: -0.0002
Metrics/locomotion/TACTIC/task_error: 1.9146
Metrics/locomotion/TACTIC/ee_error: 0.4595
Metrics/locomotion/TACTIC/tcp_object_distance: 1.2033
Metrics/locomotion/TACTIC/goal_object_distance: 0.8450
Metrics/locomotion/TACTIC/finger_object_distance: 1.2202
Metrics/locomotion/TACTIC/object_target_distance: 0.8175
Metrics/locomotion/TACTIC/recovery_task_executed: 0.0000
Metrics/locomotion/TACTIC/recovery_task_probability: 0.0000
Metrics/locomotion/TACTIC/executed_task_probability: 1.0000
Metrics/locomotion/TACTIC/task_constraint_projection: 0.0000
Metrics/locomotion/TACTIC/recovery_latch_seen: 0.0000
Metrics/locomotion/TACTIC/recovery_valid_seen: 0.0000
Metrics/locomotion/TACTIC/recovery_pressure_seen: 0.0000
Metrics/locomotion/TACTIC/cbf_margin: 0.0000
Metrics/locomotion/TACTIC/predicted_margin: 0.0000
Metrics/locomotion/TACTIC/clf_decrease: -0.3967
Metrics/locomotion/TACTIC/disturbance_estimate: 0.7660
Metrics/locomotion/TACTIC/base_height: 0.2503
Metrics/locomotion/TACTIC/base_tilt: 0.5537
Metrics/locomotion/TACTIC/control_recovery_pressure: 1.0000
Metrics/locomotion/TACTIC/control_recovery_active: 1.0000
Metrics/locomotion/TACTIC/control_recovery_constraint_active: 1.0000
Metrics/locomotion/TACTIC/payload_posture_projection: 0.0000
Metrics/locomotion/TACTIC/payload_relation_violation: 0.0000
 Metrics/locomotion/TACTIC/base_vx: 0.2604
 Metrics/locomotion/TACTIC/base_vy: 0.2284
 Metrics/locomotion/TACTIC/base_wz: -0.6840
Metrics/locomotion/TACTIC/support_count: 3.8750
Metrics/locomotion/TACTIC/obstacle_margin: 1.2035
Metrics/locomotion/TACTIC/gripper_closure: 0.0208
Metrics/locomotion/TACTIC/manipulation_active: 1.0000
Metrics/locomotion/TACTIC/grasp_active: 1.0000
Metrics/locomotion/TACTIC/grasp_orientation_active: 0.0000
Metrics/locomotion/TACTIC/grasp_orientation_error: 0.0000
Metrics/locomotion/TACTIC/interaction_authority: 0.0000
Metrics/locomotion/TACTIC/workspace_handoff: 0.0000
Metrics/locomotion/TACTIC/grasp_projection_distance: 0.0000
Metrics/locomotion/TACTIC/grasp_center_error: 0.0000
Metrics/locomotion/TACTIC/capture_staging_distance: 1.3218
Metrics/locomotion/TACTIC/capture_heading_error: 2.4190
Metrics/locomotion/TACTIC/capture_initiation_margin: -4.3755
Metrics/locomotion/TACTIC/selected_delivery_side: 1.0000
Metrics/locomotion/TACTIC/capture_lift_active: 0.0000
Metrics/locomotion/TACTIC/command_vx: -0.0032
Metrics/locomotion/TACTIC/command_vy: -0.0006
Metrics/locomotion/TACTIC/command_wz: 0.3396
Metrics/locomotion/TACTIC/curriculum_level: 0.0000
Metrics/locomotion/TACTIC/curriculum_frontier: 0.0000
Metrics/locomotion/TACTIC/curriculum_probe: 0.0000
Metrics/locomotion/TACTIC/interaction_start_curriculum: 1.0000
Metrics/locomotion/TACTIC/interaction_start_probability: 1.0000
Metrics/locomotion/TACTIC/composition_probe_probability: 0.0275
Metrics/locomotion/TACTIC/curriculum_completion_ema: 0.0000
Metrics/locomotion/TACTIC/curriculum_progress_ema: 0.0777
Metrics/locomotion/TACTIC/curriculum_safety_ema: 0.6479
Metrics/locomotion/TACTIC/episode_safety_fraction: 0.9785
Metrics/locomotion/TACTIC/curriculum_contact_ema: 0.0234
Metrics/locomotion/TACTIC/curriculum_lift_ema: 0.0115
Metrics/locomotion/TACTIC/curriculum_transport_ema: 0.0134
Metrics/locomotion/TACTIC/curriculum_place_ema: 0.0000
Metrics/locomotion/TACTIC/curriculum_delivery_completion_ema: 0.0000
Metrics/locomotion/TACTIC/curriculum_regression_streak: 0.0000
Metrics/locomotion/TACTIC/required_task_count: 1.0000
Metrics/locomotion/TACTIC/object_completion_mean: 0.0000
Metrics/locomotion/TACTIC/object_contact_mean: 0.0000
Metrics/locomotion/TACTIC/object_lift_mean: 0.0007
Metrics/locomotion/TACTIC/object_transport_mean: 0.0009
Metrics/locomotion/TACTIC/object_place_mean: 0.0000
Metrics/locomotion/TACTIC/object_target_progress_mean: 0.0304
Metrics/locomotion/TACTIC/object_target_progress_delta_mean: 0.0000
Metrics/locomotion/TACTIC/object_release_readiness_mean: 0.0000
Metrics/locomotion/TACTIC/object_release_readiness_delta_mean: 0.0000
Metrics/locomotion/TACTIC/object_release_event_mean: 0.0000
Metrics/locomotion/TACTIC/object_drop_event_mean: 0.0000
Metrics/locomotion/TACTIC/object_gripper_distance_mean: 0.9216
Metrics/locomotion/TACTIC/object_carrying_mean: 0.0000
Metrics/locomotion/TACTIC/object_carry_memory_mean: 0.0000
Metrics/locomotion/TACTIC/interaction_frontier_mean: 0.0041
Metrics/locomotion/TACTIC/interaction_frontier_delta_mean: 0.0000
Metrics/locomotion/TACTIC/contact_symmetry_mean: 0.0000
 Metrics/locomotion/TACTIC/task_id: 9.0000
Metrics/locomotion/TACTIC/skill_id: 6.0000
Metrics/locomotion/TACTIC/object_id: 4.0000
Metrics/locomotion/TACTIC/effective_object_id: 4.0000
Metrics/locomotion/TACTIC/selected_object_contact: 0.0000
Metrics/locomotion/TACTIC/selected_object_lift: 0.0041
Metrics/locomotion/TACTIC/selected_object_transport: 0.0051
Metrics/locomotion/TACTIC/selected_object_place: 0.0000
Metrics/locomotion/TACTIC/selected_object_completion: 0.0000
Metrics/locomotion/TACTIC/selected_object_carrying: 0.0000
Metrics/locomotion/TACTIC/selected_object_carry_memory: 0.0000
Metrics/locomotion/TACTIC/selected_object_target_progress: 0.1822
Metrics/locomotion/TACTIC/selected_object_target_progress_delta: 0.0000
Metrics/locomotion/TACTIC/selected_object_release_readiness: 0.0000
Metrics/locomotion/TACTIC/selected_object_release_readiness_delta: 0.0000
Metrics/locomotion/TACTIC/selected_object_release_event: 0.0000
Metrics/locomotion/TACTIC/selected_object_drop_event: 0.0000
Metrics/locomotion/TACTIC/selected_object_gripper_distance: 1.2046
Metrics/locomotion/TACTIC/selected_object_place_error_xy: 0.2416
Metrics/locomotion/TACTIC/selected_object_place_error_z: 0.7810
Metrics/locomotion/TACTIC/selected_interaction_frontier: 0.0243
Metrics/locomotion/TACTIC/selected_interaction_frontier_delta: 0.0000
Metrics/locomotion/TACTIC/selected_reachability: 0.0000
Metrics/locomotion/TACTIC/task_switch: 0.0000
Metrics/locomotion/TACTIC/skill_switch: 0.0000
Metrics/locomotion/TACTIC/task_age: 0.0000
Metrics/locomotion/TACTIC/skill_age: 0.0000
Metrics/locomotion/TACTIC/task_hazard: 0.0000
Metrics/locomotion/TACTIC/skill_hazard: 0.0000
Metrics/locomotion/TACTIC/task_termination_probability: 0.0000
Metrics/locomotion/TACTIC/skill_termination_probability: 0.0000
Metrics/locomotion/TACTIC/task_entropy: 0.0000
Metrics/locomotion/TACTIC/skill_entropy: 0.5696
Metrics/locomotion/TACTIC/task_occupancy_entropy: 0.0000
Metrics/locomotion/TACTIC/skill_occupancy_entropy: 0.5696
Metrics/locomotion/TACTIC/skill_parameter_0: 0.0000
Metrics/locomotion/TACTIC/skill_parameter_1: 0.0000
Metrics/locomotion/TACTIC/skill_parameter_2: 0.0000
Metrics/locomotion/TACTIC/skill_parameter_3: 0.0000
Metrics/locomotion/TACTIC/skill_parameter_4: 0.0000
Metrics/locomotion/TACTIC/skill_parameter_5: 0.0000
Metrics/locomotion/TACTIC/object_0_complete: 0.0000
Metrics/locomotion/TACTIC/object_1_complete: 0.0000
Metrics/locomotion/TACTIC/object_2_complete: 0.0000
Metrics/locomotion/TACTIC/object_3_complete: 0.0000
Metrics/locomotion/TACTIC/object_4_complete: 0.0000
Metrics/locomotion/TACTIC/object_5_complete: 0.0000
      Episode_Termination/time_out: 0.0000
   Episode_Termination/bad_contact: 0.0000
          Episode_Termination/tilt: 0.3594
    Episode_Termination/low_height: 0.0156
Episode_Termination/mission_success: 0.0000
--------------------------------------------------------------------------------
                   Total timesteps: 73728
                    Iteration time: 6.36s
                      Time elapsed: 00:02:34
                               ETA: 00:00:45

################################################################################
                       [1m Learning iteration 24/30 [0m                       

                       Computation: 483 steps/s (collection: 5.524s, learning 0.826s)
             Mean action noise std: 0.02
          Mean value_function loss: 14.1028
               Mean surrogate loss: 0.0525
                 Mean entropy loss: -102.7094
 Mean next_control_prediction loss: 0.0220
       Mean skill_feasibility loss: 0.6931
 Mean task_outcome_prediction loss: 0.0320
 Mean task_outcome_confidence loss: 1.5334
Mean task_outcome_confidence_mean loss: 0.1192
Mean skill_outcome_prediction loss: 0.0013
        Mean payload_survival loss: 0.6931
Mean payload_survival_support loss: 0.0215
   Mean payload_drop_fraction loss: 0.0000
Mean payload_survival_prediction loss: 0.5000
 Mean skill_effect_prediction loss: 0.0293
 Mean skill_effect_confidence loss: 1.6469
Mean skill_effect_confidence_mean loss: 0.1192
Mean motion_execution_prediction loss: 0.0378
Mean motion_execution_confidence loss: 1.5162
Mean embodiment_response_prediction loss: 0.0003
Mean embodiment_response_vx_abs loss: 0.0018
Mean embodiment_response_wz_abs loss: 0.0011
   Mean constraint_multiplier loss: 0.0075
Mean task_constraint_multiplier_mean loss: 0.1632
Mean skill_constraint_multiplier_mean loss: 0.1632
 Mean hierarchy_cbf_violation loss: 0.0219
Mean hierarchy_cbf_raw_violation loss: 0.0227
Mean hierarchy_cbf_transient_slack loss: 0.0051
 Mean hierarchy_clf_violation loss: 0.0000
Mean hierarchy_cbf_regression loss: 0.0036
Mean hierarchy_clf_regression loss: 0.0000
   Mean safe_task_achievement loss: -0.0015
  Mean safe_skill_achievement loss: 0.0011
Mean unsafe_positive_progress_rate loss: 0.0273
Mean motion_execution_confidence_mean loss: 0.1192
Mean grounded_effect_diversity loss: 0.0000
      Mean task_option_credit loss: -0.0121
     Mean skill_option_credit loss: -0.0126
    Mean event_hindsight_task loss: 0.0000
   Mean event_hindsight_skill loss: 2.7650
       Mean event_credit_mass loss: 0.0047
Mean task_option_advantage_abs loss: 0.1810
Mean skill_option_advantage_abs loss: 0.2285
         Mean task_transition loss: 2.3706
        Mean skill_transition loss: 1.6697
       Mean motion_transition loss: 1.8623
  Mean interaction_transition loss: 1.3807
Mean interaction_active_fraction loss: 1.0000
              Mean task_usage loss: 0.0000
  Mean task_frontier_coverage loss: 0.0000
Mean selected_frontier_probability loss: 0.8062
       Mean interaction_phase loss: 0.2502
Mean interaction_release_target loss: 0.0192
Mean interaction_release_frontier loss: 0.0052
Mean interaction_release_balance_weight loss: 1.1346
  Mean task_control_objective loss: 0.0089
        Mean task_clf_descent loss: 0.0015
  Mean task_barrier_authority loss: 0.0212
Mean skill_predictive_control loss: 0.0010
Mean relational_subgoal_grounding loss: 0.0000
  Mean task_subgoal_alignment loss: 1.0000
  Mean task_subgoal_authority loss: 0.4840
   Mean task_skill_projection loss: 0.0000
 Mean task_transient_capacity loss: 0.7933
   Mean task_posture_capacity loss: 0.9244
Mean task_projected_turn_demand loss: 0.3265
Mean task_semantic_turn_demand loss: 0.3265
Mean task_lateral_turn_demand loss: 0.0000
Mean task_target_yaw_residual loss: 0.5936
Mean task_interaction_authority loss: 0.0072
    Mean task_arm_scope_error loss: 0.0000
Mean counterfactual_task_selection loss: 0.0000
Mean counterfactual_task_target_entropy loss: 0.0000
Mean counterfactual_task_target_peak loss: 0.0000
Mean grounded_task_utility_span loss: 0.0000
      Mean task_outcome_blend loss: 0.0000
Mean grounded_task_target_agreement loss: 0.0000
Mean sampled_task_target_probability loss: 0.0000
Mean recovery_candidate_fraction loss: 0.0000
Mean recovery_task_probability loss: 0.0000
Mean recovery_target_probability loss: 0.0000
Mean counterfactual_termination loss: 0.4465
 Mean task_termination_target loss: 0.0000
Mean skill_termination_target loss: 0.4317
Mean payload_skill_barrier_pressure loss: 0.0000
Mean payload_transient_demand loss: 0.0061
Mean payload_skill_exit_target loss: 0.0000
Mean payload_survival_exit_target loss: 0.0000
Mean payload_survival_authority loss: 0.0000
        Mean task_switch_gain loss: 0.0000
       Mean skill_switch_gain loss: -0.1893
Mean counterfactual_skill_selection loss: 0.7781
Mean counterfactual_target_entropy loss: 0.5813
Mean counterfactual_target_peak loss: 0.8209
       Mean successor_decoder loss: 0.0763
  Mean successor_predicted_vx loss: -0.0019
  Mean successor_predicted_wz loss: -0.0076
 Mean successor_predicted_cbf loss: 0.5000
 Mean successor_predicted_clf loss: 0.5000
 Mean successor_cbf_violation loss: 0.0029
 Mean successor_clf_violation loss: 0.0001
             Mean skill_usage loss: 0.1975
        Mean skill_confidence loss: 0.6908
     Mean task_slot_diversity loss: 0.3946
Mean skill_embedding_diversity loss: 0.0621
   Mean motion_gain_diversity loss: 0.0000
Mean motion_objective_diversity loss: 0.0000
       Mean event_replay_size loss: 6173.0000
   Mean event_replay_priority loss: 0.0467
 Mean event_replay_task_valid loss: 0.6963
Mean event_replay_task_detail_valid loss: 0.6963
       Mean event_replay_task loss: 0.0000
      Mean event_replay_skill loss: 0.6739
     Mean event_replay_motion loss: 1.0465
Mean event_replay_interaction loss: 0.2184
Mean event_replay_task_subgoal loss: 0.0003
Mean event_replay_skill_parameter loss: 0.0217
  Mean event_replay_parameter loss: 0.0218
Mean event_replay_barrier_quality loss: 0.4941
Mean event_replay_unsafe_fraction loss: 0.0000
Mean event_replay_buffer_unsafe_fraction loss: 0.0000
Mean event_replay_buffer_delivery loss: 0.7308
Mean event_replay_buffer_recovery loss: 0.0000
Mean event_replay_sample_delivery loss: 0.6992
Mean event_replay_sample_recovery loss: 0.0000
Mean event_replay_sample_raw_delivery loss: 0.6963
Mean event_replay_sample_raw_recovery loss: 0.0000
Mean event_replay_recovery_pressure loss: 0.0000
Mean event_replay_recovery_adapter_gate loss: 0.0000
Mean event_replay_buffer_approach loss: 0.7615
Mean event_replay_sample_approach loss: 0.5965
Mean event_replay_sample_raw_approach loss: 0.6003
Mean event_replay_buffer_secure loss: 0.1292
Mean event_replay_sample_secure loss: 0.2553
Mean event_replay_sample_raw_secure loss: 0.2553
Mean event_replay_buffer_release loss: 0.1093
Mean event_replay_sample_release loss: 0.1482
Mean event_replay_sample_raw_release loss: 0.1445
Mean payload_survival_replay_size loss: 787.0000
Mean payload_survival_replay_support loss: 1.0000
Mean payload_survival_replay_drop_fraction loss: 0.4999
Mean payload_survival_replay_prediction loss: 0.5000
Mean payload_survival_replay_drop_prediction loss: 0.5000
Mean payload_survival_replay_retain_prediction loss: 0.5000
Mean payload_survival_replay_separation loss: 0.0000
Mean payload_survival_replay_accuracy loss: 0.5000
Mean payload_survival_replay_rank_loss loss: 0.7185
Mean payload_survival_replay_rank_gap loss: 0.0000
Mean payload_survival_replay_rank_accuracy loss: 0.0000
Mean payload_survival_replay_rank_pairs loss: 177.0000
      Mean event_replay_added loss: 255.0000
Mean event_replay_append_task_valid loss: 0.8706
Mean event_replay_task_relabel loss: 0.1294
Mean event_replay_interaction_relabel loss: 0.2078
Mean event_replay_append_delivery loss: 0.8706
Mean event_replay_append_recovery loss: 0.0000
Mean event_replay_append_payload_recovery loss: 0.0000
Mean payload_survival_replay_added loss: 36.0000
Mean payload_survival_replay_append_drop_fraction loss: 0.0000
      Mean hierarchy_cbf_dual loss: 0.4961
      Mean hierarchy_clf_dual loss: 0.2546
Mean hierarchy_cbf_violation_ema loss: 0.1469
Mean hierarchy_clf_violation_ema loss: 0.0171
Mean physical_adaptation_active loss: 0.0000
Mean physical_adaptation_stage loss: -10.0000
 Mean hierarchy_only_training loss: 0.0000
Mean decomposition_only_training loss: 0.0000
Mean motion_selector_only_training loss: 0.0000
Mean interaction_selector_only_training loss: 0.0000
Mean motion_skill_only_training loss: 0.0000
Mean payload_motion_only_training loss: 0.0000
Mean recovery_adapter_only_training loss: 0.0000
 Mean auxiliary_learning_rate loss: 0.0000
Mean payload_survival_learning_rate loss: 0.0003
Mean physical_core_learning_rate loss: 0.0000
Mean physical_adapter_learning_rate loss: 0.0000
Mean skill_information_reward loss: -0.0052
 Mean task_information_reward loss: 0.0000
                       Mean reward: -131.12
               Mean episode length: 102.60
   Episode_Reward/term_bad_contact: 0.0000
          Episode_Reward/term_tilt: -0.0139
    Episode_Reward/term_low_height: 0.0000
      Episode_Reward/leg_action_l2: -0.0017
   Episode_Reward/tracking_lin_vel: 0.0000
Episode_Reward/tracking_ang_vel_yaw_l1: 0.0000
Episode_Reward/tracking_ang_vel_yaw_exp: 0.0000
Episode_Reward/tracking_lin_vel_y_l2: 0.0000
Episode_Reward/tracking_lin_vel_z_l2: 0.0000
            Episode_Reward/survive: 0.0000
    Episode_Reward/foot_contacts_z: 0.0000
            Episode_Reward/torques: -0.0048
 Episode_Reward/tracking_lin_vel_y: 0.0000
          Episode_Reward/lin_vel_z: -0.0003
         Episode_Reward/ang_vel_xy: -0.0004
   Episode_Reward/tracking_ang_vel: 0.0012
               Episode_Reward/work: -0.0767
            Episode_Reward/dof_acc: -0.0869
        Episode_Reward/action_rate: -0.0002
     Episode_Reward/dof_pos_limits: -0.0000
      Episode_Reward/delta_torques: -0.0000
          Episode_Reward/collision: -0.1421
        Episode_Reward/walking_dof: 0.0009
            Episode_Reward/hip_pos: -0.0011
          Episode_Reward/feet_jerk: 0.0000
              Episode_Reward/alive: 0.0095
          Episode_Reward/feet_drag: -0.0004
Episode_Reward/feet_contact_forces: -0.0046
               Episode_Reward/roll: -0.0007
        Episode_Reward/base_height: -0.0034
Episode_Reward/tracking_lin_vel_max: 0.0136
Episode_Reward/flat_orientation_l2: -0.0002
  Episode_Reward/air_time_variance: -0.0004
        Episode_Reward/feet_height: 0.0000
      Episode_Reward/feet_air_time: 0.0000
Episode_Reward/update_last_buffers: 0.0000
   Episode_Reward/wheel_idle_speed: -0.9725
    Episode_Reward/wheel_action_l2: -0.0001
  Episode_Reward/wheel_action_rate: 0.0000
  Episode_Reward/wheel_forward_use: 0.0000
 Episode_Reward/wheel_turn_support: 0.0025
Episode_Reward/tactic_mission_completion: 0.0000
Episode_Reward/tactic_mission_success: 0.0000
Episode_Reward/tactic_task_progress: -0.0002
Episode_Reward/tactic_task_tracking: 0.0010
 Episode_Reward/tactic_ee_tracking: 0.0063
  Episode_Reward/tactic_valid_task: 0.0019
Episode_Reward/tactic_invalid_task: 0.0000
Episode_Reward/tactic_option_switch: -0.0000
Episode_Reward/tactic_control_progress: -0.0001
  Episode_Reward/tactic_cbf_margin: 0.0000
Episode_Reward/tactic_predicted_margin: 0.0000
Episode_Reward/tactic_clf_decrease: 0.0000
Episode_Reward/tactic_disturbance_rejection: 0.0000
Episode_Reward/tactic_safety_violation: -0.0006
Episode_Reward/tactic_unsafe_progress: 0.0000
Episode_Reward/tactic_object_contact: 0.0341
 Episode_Reward/tactic_object_lift: 0.0048
Episode_Reward/tactic_object_transport: 0.0063
Episode_Reward/tactic_object_place: 0.0000
Episode_Reward/tactic_object_completion: 0.0000
Episode_Reward/tactic_interaction_frontier: 0.0018
  Episode_Reward/tactic_grasp_hold: 0.0166
Episode_Reward/tactic_payload_progress: 0.0000
Episode_Reward/tactic_release_readiness: 0.0000
Episode_Reward/tactic_intended_release: 0.0000
Episode_Reward/tactic_payload_retention: 0.0000
Episode_Reward/tactic_payload_drop: 0.0000
Episode_Reward/tactic_release_quality: 0.0000
Episode_Reward/tactic_wrong_object_interaction: 0.0000
 Episode_Reward/tactic_all_objects: 0.0000
Metrics/locomotion/TACTIC/mission_completion: 0.0000
Metrics/locomotion/TACTIC/mission_completion_delta: 0.0000
Metrics/locomotion/TACTIC/mission_success: 0.0000
Metrics/locomotion/TACTIC/task_progress: 0.1757
Metrics/locomotion/TACTIC/task_progress_delta: -0.0004
Metrics/locomotion/TACTIC/task_error: 1.4294
Metrics/locomotion/TACTIC/ee_error: 0.4354
Metrics/locomotion/TACTIC/tcp_object_distance: 0.8291
Metrics/locomotion/TACTIC/goal_object_distance: 0.4526
Metrics/locomotion/TACTIC/finger_object_distance: 0.8330
Metrics/locomotion/TACTIC/object_target_distance: 0.8208
Metrics/locomotion/TACTIC/recovery_task_executed: 0.0000
Metrics/locomotion/TACTIC/recovery_task_probability: 0.0000
Metrics/locomotion/TACTIC/executed_task_probability: 1.0000
Metrics/locomotion/TACTIC/task_constraint_projection: 0.0000
Metrics/locomotion/TACTIC/recovery_latch_seen: 0.0000
Metrics/locomotion/TACTIC/recovery_valid_seen: 0.0000
Metrics/locomotion/TACTIC/recovery_pressure_seen: 0.0000
Metrics/locomotion/TACTIC/cbf_margin: 0.0000
Metrics/locomotion/TACTIC/predicted_margin: 0.0000
Metrics/locomotion/TACTIC/clf_decrease: -0.3380
Metrics/locomotion/TACTIC/disturbance_estimate: 0.5931
Metrics/locomotion/TACTIC/base_height: 0.2566
Metrics/locomotion/TACTIC/base_tilt: 0.5289
Metrics/locomotion/TACTIC/control_recovery_pressure: 1.0000
Metrics/locomotion/TACTIC/control_recovery_active: 1.0000
Metrics/locomotion/TACTIC/control_recovery_constraint_active: 1.0000
Metrics/locomotion/TACTIC/payload_posture_projection: 0.0000
Metrics/locomotion/TACTIC/payload_relation_violation: 0.0000
 Metrics/locomotion/TACTIC/base_vx: 0.7930
 Metrics/locomotion/TACTIC/base_vy: -0.0675
 Metrics/locomotion/TACTIC/base_wz: 0.2999
Metrics/locomotion/TACTIC/support_count: 3.0000
Metrics/locomotion/TACTIC/obstacle_margin: 0.7497
Metrics/locomotion/TACTIC/gripper_closure: 0.1132
Metrics/locomotion/TACTIC/manipulation_active: 1.0000
Metrics/locomotion/TACTIC/grasp_active: 1.0000
Metrics/locomotion/TACTIC/grasp_orientation_active: 0.0000
Metrics/locomotion/TACTIC/grasp_orientation_error: 0.0000
Metrics/locomotion/TACTIC/interaction_authority: 0.0000
Metrics/locomotion/TACTIC/workspace_handoff: 0.0000
Metrics/locomotion/TACTIC/grasp_projection_distance: 0.0000
Metrics/locomotion/TACTIC/grasp_center_error: 0.0000
Metrics/locomotion/TACTIC/capture_staging_distance: 0.8616
Metrics/locomotion/TACTIC/capture_heading_error: 2.0701
Metrics/locomotion/TACTIC/capture_initiation_margin: -3.6002
Metrics/locomotion/TACTIC/selected_delivery_side: 1.0000
Metrics/locomotion/TACTIC/capture_lift_active: 0.0000
Metrics/locomotion/TACTIC/command_vx: -0.0044
Metrics/locomotion/TACTIC/command_vy: 0.0005
Metrics/locomotion/TACTIC/command_wz: 0.2948
Metrics/locomotion/TACTIC/curriculum_level: 0.0000
Metrics/locomotion/TACTIC/curriculum_frontier: 0.0000
Metrics/locomotion/TACTIC/curriculum_probe: 0.0000
Metrics/locomotion/TACTIC/interaction_start_curriculum: 1.0000
Metrics/locomotion/TACTIC/interaction_start_probability: 1.0000
Metrics/locomotion/TACTIC/composition_probe_probability: 0.0263
Metrics/locomotion/TACTIC/curriculum_completion_ema: 0.0000
Metrics/locomotion/TACTIC/curriculum_progress_ema: 0.0754
Metrics/locomotion/TACTIC/curriculum_safety_ema: 0.6624
Metrics/locomotion/TACTIC/episode_safety_fraction: 0.9648
Metrics/locomotion/TACTIC/curriculum_contact_ema: 0.0224
Metrics/locomotion/TACTIC/curriculum_lift_ema: 0.0110
Metrics/locomotion/TACTIC/curriculum_transport_ema: 0.0128
Metrics/locomotion/TACTIC/curriculum_place_ema: 0.0000
Metrics/locomotion/TACTIC/curriculum_delivery_completion_ema: 0.0000
Metrics/locomotion/TACTIC/curriculum_regression_streak: 0.0000
Metrics/locomotion/TACTIC/required_task_count: 1.0000
Metrics/locomotion/TACTIC/object_completion_mean: 0.0000
Metrics/locomotion/TACTIC/object_contact_mean: 0.0000
Metrics/locomotion/TACTIC/object_lift_mean: 0.0055
Metrics/locomotion/TACTIC/object_transport_mean: 0.0068
Metrics/locomotion/TACTIC/object_place_mean: 0.0000
Metrics/locomotion/TACTIC/object_target_progress_mean: 0.0049
Metrics/locomotion/TACTIC/object_target_progress_delta_mean: 0.0000
Metrics/locomotion/TACTIC/object_release_readiness_mean: 0.0000
Metrics/locomotion/TACTIC/object_release_readiness_delta_mean: 0.0000
Metrics/locomotion/TACTIC/object_release_event_mean: 0.0000
Metrics/locomotion/TACTIC/object_drop_event_mean: 0.0000
Metrics/locomotion/TACTIC/object_gripper_distance_mean: 1.0763
Metrics/locomotion/TACTIC/object_carrying_mean: 0.0000
Metrics/locomotion/TACTIC/object_carry_memory_mean: 0.0000
Metrics/locomotion/TACTIC/interaction_frontier_mean: 0.0324
Metrics/locomotion/TACTIC/interaction_frontier_delta_mean: 0.0000
Metrics/locomotion/TACTIC/contact_symmetry_mean: 0.0000
 Metrics/locomotion/TACTIC/task_id: 9.0000
Metrics/locomotion/TACTIC/skill_id: 6.0000
Metrics/locomotion/TACTIC/object_id: 4.0000
Metrics/locomotion/TACTIC/effective_object_id: 4.0000
Metrics/locomotion/TACTIC/selected_object_contact: 0.0000
Metrics/locomotion/TACTIC/selected_object_lift: 0.0331
Metrics/locomotion/TACTIC/selected_object_transport: 0.0409
Metrics/locomotion/TACTIC/selected_object_place: 0.0000
Metrics/locomotion/TACTIC/selected_object_completion: 0.0000
Metrics/locomotion/TACTIC/selected_object_carrying: 0.0000
Metrics/locomotion/TACTIC/selected_object_carry_memory: 0.0000
Metrics/locomotion/TACTIC/selected_object_target_progress: 0.0293
Metrics/locomotion/TACTIC/selected_object_target_progress_delta: 0.0000
Metrics/locomotion/TACTIC/selected_object_release_readiness: 0.0000
Metrics/locomotion/TACTIC/selected_object_release_readiness_delta: 0.0000
Metrics/locomotion/TACTIC/selected_object_release_event: 0.0000
Metrics/locomotion/TACTIC/selected_object_drop_event: 0.0000
Metrics/locomotion/TACTIC/selected_object_gripper_distance: 0.8304
Metrics/locomotion/TACTIC/selected_object_place_error_xy: 0.2526
Metrics/locomotion/TACTIC/selected_object_place_error_z: 0.7810
Metrics/locomotion/TACTIC/selected_interaction_frontier: 0.1945
Metrics/locomotion/TACTIC/selected_interaction_frontier_delta: 0.0000
Metrics/locomotion/TACTIC/selected_reachability: 0.0000
Metrics/locomotion/TACTIC/task_switch: 0.0000
Metrics/locomotion/TACTIC/skill_switch: 0.0000
Metrics/locomotion/TACTIC/task_age: 0.0000
Metrics/locomotion/TACTIC/skill_age: 0.0000
Metrics/locomotion/TACTIC/task_hazard: 0.0000
Metrics/locomotion/TACTIC/skill_hazard: 0.0000
Metrics/locomotion/TACTIC/task_termination_probability: 0.0000
Metrics/locomotion/TACTIC/skill_termination_probability: 0.0000
Metrics/locomotion/TACTIC/task_entropy: 0.0000
Metrics/locomotion/TACTIC/skill_entropy: 0.5320
Metrics/locomotion/TACTIC/task_occupancy_entropy: 0.0000
Metrics/locomotion/TACTIC/skill_occupancy_entropy: 0.5320
Metrics/locomotion/TACTIC/skill_parameter_0: 0.0000
Metrics/locomotion/TACTIC/skill_parameter_1: 0.0000
Metrics/locomotion/TACTIC/skill_parameter_2: 0.0000
Metrics/locomotion/TACTIC/skill_parameter_3: 0.0000
Metrics/locomotion/TACTIC/skill_parameter_4: 0.0000
Metrics/locomotion/TACTIC/skill_parameter_5: 0.0000
Metrics/locomotion/TACTIC/object_0_complete: 0.0000
Metrics/locomotion/TACTIC/object_1_complete: 0.0000
Metrics/locomotion/TACTIC/object_2_complete: 0.0000
Metrics/locomotion/TACTIC/object_3_complete: 0.0000
Metrics/locomotion/TACTIC/object_4_complete: 0.0000
Metrics/locomotion/TACTIC/object_5_complete: 0.0000
      Episode_Termination/time_out: 0.0000
   Episode_Termination/bad_contact: 0.0000
          Episode_Termination/tilt: 0.3594
    Episode_Termination/low_height: 0.0156
Episode_Termination/mission_success: 0.0000
--------------------------------------------------------------------------------
                   Total timesteps: 76800
                    Iteration time: 6.35s
                      Time elapsed: 00:02:40
                               ETA: 00:00:38

################################################################################
                       [1m Learning iteration 25/30 [0m                       

                       Computation: 483 steps/s (collection: 5.524s, learning 0.826s)
             Mean action noise std: 0.02
          Mean value_function loss: 4.4125
               Mean surrogate loss: 0.0718
                 Mean entropy loss: -102.7104
 Mean next_control_prediction loss: 0.0218
       Mean skill_feasibility loss: 0.6931
 Mean task_outcome_prediction loss: 0.0321
 Mean task_outcome_confidence loss: 1.5323
Mean task_outcome_confidence_mean loss: 0.1192
Mean skill_outcome_prediction loss: 0.0019
        Mean payload_survival loss: 0.6931
Mean payload_survival_support loss: 0.0189
   Mean payload_drop_fraction loss: 0.0000
Mean payload_survival_prediction loss: 0.5000
 Mean skill_effect_prediction loss: 0.0302
 Mean skill_effect_confidence loss: 1.6361
Mean skill_effect_confidence_mean loss: 0.1192
Mean motion_execution_prediction loss: 0.0379
Mean motion_execution_confidence loss: 1.5065
Mean embodiment_response_prediction loss: 0.0003
Mean embodiment_response_vx_abs loss: 0.0018
Mean embodiment_response_wz_abs loss: 0.0011
   Mean constraint_multiplier loss: 0.0072
Mean task_constraint_multiplier_mean loss: 0.1632
Mean skill_constraint_multiplier_mean loss: 0.1632
 Mean hierarchy_cbf_violation loss: 0.0174
Mean hierarchy_cbf_raw_violation loss: 0.0183
Mean hierarchy_cbf_transient_slack loss: 0.0053
 Mean hierarchy_clf_violation loss: 0.0000
Mean hierarchy_cbf_regression loss: 0.0027
Mean hierarchy_clf_regression loss: 0.0000
   Mean safe_task_achievement loss: 0.0042
  Mean safe_skill_achievement loss: 0.0050
Mean unsafe_positive_progress_rate loss: 0.0677
Mean motion_execution_confidence_mean loss: 0.1192
Mean grounded_effect_diversity loss: 0.0000
      Mean task_option_credit loss: 0.0787
     Mean skill_option_credit loss: 0.0550
    Mean event_hindsight_task loss: 0.0000
   Mean event_hindsight_skill loss: 8.6090
       Mean event_credit_mass loss: 0.0037
Mean task_option_advantage_abs loss: 0.1281
Mean skill_option_advantage_abs loss: 0.1788
         Mean task_transition loss: 2.3616
        Mean skill_transition loss: 1.6630
       Mean motion_transition loss: 1.8475
  Mean interaction_transition loss: 1.3862
Mean interaction_active_fraction loss: 1.0000
              Mean task_usage loss: 0.0000
  Mean task_frontier_coverage loss: 0.0000
Mean selected_frontier_probability loss: 0.8075
       Mean interaction_phase loss: 0.2291
Mean interaction_release_target loss: 0.0180
Mean interaction_release_frontier loss: 0.0039
Mean interaction_release_balance_weight loss: 1.1258
  Mean task_control_objective loss: 0.0090
        Mean task_clf_descent loss: 0.0012
  Mean task_barrier_authority loss: 0.0222
Mean skill_predictive_control loss: 0.0012
Mean relational_subgoal_grounding loss: 0.0000
  Mean task_subgoal_alignment loss: 1.0000
  Mean task_subgoal_authority loss: 0.4829
   Mean task_skill_projection loss: 0.0003
 Mean task_transient_capacity loss: 0.7958
   Mean task_posture_capacity loss: 0.9198
Mean task_projected_turn_demand loss: 0.3292
Mean task_semantic_turn_demand loss: 0.3292
Mean task_lateral_turn_demand loss: 0.0000
Mean task_target_yaw_residual loss: 0.5984
Mean task_interaction_authority loss: 0.0056
    Mean task_arm_scope_error loss: 0.0000
Mean counterfactual_task_selection loss: 0.0000
Mean counterfactual_task_target_entropy loss: 0.0000
Mean counterfactual_task_target_peak loss: 0.0000
Mean grounded_task_utility_span loss: 0.0000
      Mean task_outcome_blend loss: 0.0000
Mean grounded_task_target_agreement loss: 0.0000
Mean sampled_task_target_probability loss: 0.0000
Mean recovery_candidate_fraction loss: 0.0000
Mean recovery_task_probability loss: 0.0000
Mean recovery_target_probability loss: 0.0000
Mean counterfactual_termination loss: 0.4514
 Mean task_termination_target loss: 0.0000
Mean skill_termination_target loss: 0.4506
Mean payload_skill_barrier_pressure loss: 0.0000
Mean payload_transient_demand loss: 0.0002
Mean payload_skill_exit_target loss: 0.0000
Mean payload_survival_exit_target loss: 0.0000
Mean payload_survival_authority loss: 0.0000
        Mean task_switch_gain loss: 0.0000
       Mean skill_switch_gain loss: -0.1480
Mean counterfactual_skill_selection loss: 0.7671
Mean counterfactual_target_entropy loss: 0.5695
Mean counterfactual_target_peak loss: 0.8270
       Mean successor_decoder loss: 0.0761
  Mean successor_predicted_vx loss: -0.0018
  Mean successor_predicted_wz loss: -0.0060
 Mean successor_predicted_cbf loss: 0.5000
 Mean successor_predicted_clf loss: 0.5000
 Mean successor_cbf_violation loss: 0.0024
 Mean successor_clf_violation loss: 0.0006
             Mean skill_usage loss: 0.2054
        Mean skill_confidence loss: 0.6821
     Mean task_slot_diversity loss: 0.3941
Mean skill_embedding_diversity loss: 0.0621
   Mean motion_gain_diversity loss: 0.0000
Mean motion_objective_diversity loss: 0.0000
       Mean event_replay_size loss: 6429.0000
   Mean event_replay_priority loss: 0.0493
 Mean event_replay_task_valid loss: 0.6953
Mean event_replay_task_detail_valid loss: 0.6953
       Mean event_replay_task loss: 0.0000
      Mean event_replay_skill loss: 0.6799
     Mean event_replay_motion loss: 1.0572
Mean event_replay_interaction loss: 0.2186
Mean event_replay_task_subgoal loss: 0.0003
Mean event_replay_skill_parameter loss: 0.0207
  Mean event_replay_parameter loss: 0.0208
Mean event_replay_barrier_quality loss: 0.4960
Mean event_replay_unsafe_fraction loss: 0.0000
Mean event_replay_buffer_unsafe_fraction loss: 0.0000
Mean event_replay_buffer_delivery loss: 0.7346
Mean event_replay_buffer_recovery loss: 0.0000
Mean event_replay_sample_delivery loss: 0.6985
Mean event_replay_sample_recovery loss: 0.0000
Mean event_replay_sample_raw_delivery loss: 0.6953
Mean event_replay_sample_raw_recovery loss: 0.0000
Mean event_replay_recovery_pressure loss: 0.0000
Mean event_replay_recovery_adapter_gate loss: 0.0000
Mean event_replay_buffer_approach loss: 0.7607
Mean event_replay_sample_approach loss: 0.5771
Mean event_replay_sample_raw_approach loss: 0.5815
Mean event_replay_buffer_secure loss: 0.1298
Mean event_replay_sample_secure loss: 0.2717
Mean event_replay_sample_raw_secure loss: 0.2711
Mean event_replay_buffer_release loss: 0.1095
Mean event_replay_sample_release loss: 0.1512
Mean event_replay_sample_raw_release loss: 0.1475
Mean payload_survival_replay_size loss: 823.0000
Mean payload_survival_replay_support loss: 1.0000
Mean payload_survival_replay_drop_fraction loss: 0.4999
Mean payload_survival_replay_prediction loss: 0.5000
Mean payload_survival_replay_drop_prediction loss: 0.5000
Mean payload_survival_replay_retain_prediction loss: 0.5000
Mean payload_survival_replay_separation loss: 0.0000
Mean payload_survival_replay_accuracy loss: 0.5000
Mean payload_survival_replay_rank_loss loss: 0.7185
Mean payload_survival_replay_rank_gap loss: 0.0000
Mean payload_survival_replay_rank_accuracy loss: 0.0000
Mean payload_survival_replay_rank_pairs loss: 171.0000
      Mean event_replay_added loss: 256.0000
Mean event_replay_append_task_valid loss: 0.8281
Mean event_replay_task_relabel loss: 0.1719
Mean event_replay_interaction_relabel loss: 0.3320
Mean event_replay_append_delivery loss: 0.8281
Mean event_replay_append_recovery loss: 0.0000
Mean event_replay_append_payload_recovery loss: 0.0000
Mean payload_survival_replay_added loss: 36.0000
Mean payload_survival_replay_append_drop_fraction loss: 0.0000
      Mean hierarchy_cbf_dual loss: 0.4944
      Mean hierarchy_clf_dual loss: 0.2506
Mean hierarchy_cbf_violation_ema loss: 0.1404
Mean hierarchy_clf_violation_ema loss: 0.0163
Mean physical_adaptation_active loss: 0.0000
Mean physical_adaptation_stage loss: -10.0000
 Mean hierarchy_only_training loss: 0.0000
Mean decomposition_only_training loss: 0.0000
Mean motion_selector_only_training loss: 0.0000
Mean interaction_selector_only_training loss: 0.0000
Mean motion_skill_only_training loss: 0.0000
Mean payload_motion_only_training loss: 0.0000
Mean recovery_adapter_only_training loss: 0.0000
 Mean auxiliary_learning_rate loss: 0.0000
Mean payload_survival_learning_rate loss: 0.0003
Mean physical_core_learning_rate loss: 0.0000
Mean physical_adapter_learning_rate loss: 0.0000
Mean skill_information_reward loss: -0.0051
 Mean task_information_reward loss: 0.0000
                       Mean reward: -131.12
               Mean episode length: 102.60
   Episode_Reward/term_bad_contact: 0.0000
          Episode_Reward/term_tilt: -0.0139
    Episode_Reward/term_low_height: 0.0000
      Episode_Reward/leg_action_l2: -0.0017
   Episode_Reward/tracking_lin_vel: 0.0000
Episode_Reward/tracking_ang_vel_yaw_l1: 0.0000
Episode_Reward/tracking_ang_vel_yaw_exp: 0.0000
Episode_Reward/tracking_lin_vel_y_l2: 0.0000
Episode_Reward/tracking_lin_vel_z_l2: 0.0000
            Episode_Reward/survive: 0.0000
    Episode_Reward/foot_contacts_z: 0.0000
            Episode_Reward/torques: -0.0048
 Episode_Reward/tracking_lin_vel_y: 0.0000
          Episode_Reward/lin_vel_z: -0.0003
         Episode_Reward/ang_vel_xy: -0.0004
   Episode_Reward/tracking_ang_vel: 0.0012
               Episode_Reward/work: -0.0767
            Episode_Reward/dof_acc: -0.0869
        Episode_Reward/action_rate: -0.0002
     Episode_Reward/dof_pos_limits: -0.0000
      Episode_Reward/delta_torques: -0.0000
          Episode_Reward/collision: -0.1421
        Episode_Reward/walking_dof: 0.0009
            Episode_Reward/hip_pos: -0.0011
          Episode_Reward/feet_jerk: 0.0000
              Episode_Reward/alive: 0.0095
          Episode_Reward/feet_drag: -0.0004
Episode_Reward/feet_contact_forces: -0.0046
               Episode_Reward/roll: -0.0007
        Episode_Reward/base_height: -0.0034
Episode_Reward/tracking_lin_vel_max: 0.0136
Episode_Reward/flat_orientation_l2: -0.0002
  Episode_Reward/air_time_variance: -0.0004
        Episode_Reward/feet_height: 0.0000
      Episode_Reward/feet_air_time: 0.0000
Episode_Reward/update_last_buffers: 0.0000
   Episode_Reward/wheel_idle_speed: -0.9725
    Episode_Reward/wheel_action_l2: -0.0001
  Episode_Reward/wheel_action_rate: 0.0000
  Episode_Reward/wheel_forward_use: 0.0000
 Episode_Reward/wheel_turn_support: 0.0025
Episode_Reward/tactic_mission_completion: 0.0000
Episode_Reward/tactic_mission_success: 0.0000
Episode_Reward/tactic_task_progress: -0.0002
Episode_Reward/tactic_task_tracking: 0.0010
 Episode_Reward/tactic_ee_tracking: 0.0063
  Episode_Reward/tactic_valid_task: 0.0019
Episode_Reward/tactic_invalid_task: 0.0000
Episode_Reward/tactic_option_switch: -0.0000
Episode_Reward/tactic_control_progress: -0.0001
  Episode_Reward/tactic_cbf_margin: 0.0000
Episode_Reward/tactic_predicted_margin: 0.0000
Episode_Reward/tactic_clf_decrease: 0.0000
Episode_Reward/tactic_disturbance_rejection: 0.0000
Episode_Reward/tactic_safety_violation: -0.0006
Episode_Reward/tactic_unsafe_progress: 0.0000
Episode_Reward/tactic_object_contact: 0.0341
 Episode_Reward/tactic_object_lift: 0.0048
Episode_Reward/tactic_object_transport: 0.0063
Episode_Reward/tactic_object_place: 0.0000
Episode_Reward/tactic_object_completion: 0.0000
Episode_Reward/tactic_interaction_frontier: 0.0018
  Episode_Reward/tactic_grasp_hold: 0.0166
Episode_Reward/tactic_payload_progress: 0.0000
Episode_Reward/tactic_release_readiness: 0.0000
Episode_Reward/tactic_intended_release: 0.0000
Episode_Reward/tactic_payload_retention: 0.0000
Episode_Reward/tactic_payload_drop: 0.0000
Episode_Reward/tactic_release_quality: 0.0000
Episode_Reward/tactic_wrong_object_interaction: 0.0000
 Episode_Reward/tactic_all_objects: 0.0000
Metrics/locomotion/TACTIC/mission_completion: 0.0000
Metrics/locomotion/TACTIC/mission_completion_delta: 0.0000
Metrics/locomotion/TACTIC/mission_success: 0.0000
Metrics/locomotion/TACTIC/task_progress: 0.1757
Metrics/locomotion/TACTIC/task_progress_delta: -0.0004
Metrics/locomotion/TACTIC/task_error: 1.4294
Metrics/locomotion/TACTIC/ee_error: 0.4354
Metrics/locomotion/TACTIC/tcp_object_distance: 0.8291
Metrics/locomotion/TACTIC/goal_object_distance: 0.4526
Metrics/locomotion/TACTIC/finger_object_distance: 0.8330
Metrics/locomotion/TACTIC/object_target_distance: 0.8208
Metrics/locomotion/TACTIC/recovery_task_executed: 0.0000
Metrics/locomotion/TACTIC/recovery_task_probability: 0.0000
Metrics/locomotion/TACTIC/executed_task_probability: 1.0000
Metrics/locomotion/TACTIC/task_constraint_projection: 0.0000
Metrics/locomotion/TACTIC/recovery_latch_seen: 0.0000
Metrics/locomotion/TACTIC/recovery_valid_seen: 0.0000
Metrics/locomotion/TACTIC/recovery_pressure_seen: 0.0000
Metrics/locomotion/TACTIC/cbf_margin: 0.0000
Metrics/locomotion/TACTIC/predicted_margin: 0.0000
Metrics/locomotion/TACTIC/clf_decrease: -0.3380
Metrics/locomotion/TACTIC/disturbance_estimate: 0.5931
Metrics/locomotion/TACTIC/base_height: 0.2566
Metrics/locomotion/TACTIC/base_tilt: 0.5289
Metrics/locomotion/TACTIC/control_recovery_pressure: 1.0000
Metrics/locomotion/TACTIC/control_recovery_active: 1.0000
Metrics/locomotion/TACTIC/control_recovery_constraint_active: 1.0000
Metrics/locomotion/TACTIC/payload_posture_projection: 0.0000
Metrics/locomotion/TACTIC/payload_relation_violation: 0.0000
 Metrics/locomotion/TACTIC/base_vx: 0.7930
 Metrics/locomotion/TACTIC/base_vy: -0.0675
 Metrics/locomotion/TACTIC/base_wz: 0.2999
Metrics/locomotion/TACTIC/support_count: 3.0000
Metrics/locomotion/TACTIC/obstacle_margin: 0.7497
Metrics/locomotion/TACTIC/gripper_closure: 0.1132
Metrics/locomotion/TACTIC/manipulation_active: 1.0000
Metrics/locomotion/TACTIC/grasp_active: 1.0000
Metrics/locomotion/TACTIC/grasp_orientation_active: 0.0000
Metrics/locomotion/TACTIC/grasp_orientation_error: 0.0000
Metrics/locomotion/TACTIC/interaction_authority: 0.0000
Metrics/locomotion/TACTIC/workspace_handoff: 0.0000
Metrics/locomotion/TACTIC/grasp_projection_distance: 0.0000
Metrics/locomotion/TACTIC/grasp_center_error: 0.0000
Metrics/locomotion/TACTIC/capture_staging_distance: 0.8616
Metrics/locomotion/TACTIC/capture_heading_error: 2.0701
Metrics/locomotion/TACTIC/capture_initiation_margin: -3.6002
Metrics/locomotion/TACTIC/selected_delivery_side: 1.0000
Metrics/locomotion/TACTIC/capture_lift_active: 0.0000
Metrics/locomotion/TACTIC/command_vx: -0.0044
Metrics/locomotion/TACTIC/command_vy: 0.0005
Metrics/locomotion/TACTIC/command_wz: 0.2948
Metrics/locomotion/TACTIC/curriculum_level: 0.0000
Metrics/locomotion/TACTIC/curriculum_frontier: 0.0000
Metrics/locomotion/TACTIC/curriculum_probe: 0.0000
Metrics/locomotion/TACTIC/interaction_start_curriculum: 1.0000
Metrics/locomotion/TACTIC/interaction_start_probability: 1.0000
Metrics/locomotion/TACTIC/composition_probe_probability: 0.0263
Metrics/locomotion/TACTIC/curriculum_completion_ema: 0.0000
Metrics/locomotion/TACTIC/curriculum_progress_ema: 0.0754
Metrics/locomotion/TACTIC/curriculum_safety_ema: 0.6624
Metrics/locomotion/TACTIC/episode_safety_fraction: 0.9648
Metrics/locomotion/TACTIC/curriculum_contact_ema: 0.0224
Metrics/locomotion/TACTIC/curriculum_lift_ema: 0.0110
Metrics/locomotion/TACTIC/curriculum_transport_ema: 0.0128
Metrics/locomotion/TACTIC/curriculum_place_ema: 0.0000
Metrics/locomotion/TACTIC/curriculum_delivery_completion_ema: 0.0000
Metrics/locomotion/TACTIC/curriculum_regression_streak: 0.0000
Metrics/locomotion/TACTIC/required_task_count: 1.0000
Metrics/locomotion/TACTIC/object_completion_mean: 0.0000
Metrics/locomotion/TACTIC/object_contact_mean: 0.0000
Metrics/locomotion/TACTIC/object_lift_mean: 0.0055
Metrics/locomotion/TACTIC/object_transport_mean: 0.0068
Metrics/locomotion/TACTIC/object_place_mean: 0.0000
Metrics/locomotion/TACTIC/object_target_progress_mean: 0.0049
Metrics/locomotion/TACTIC/object_target_progress_delta_mean: 0.0000
Metrics/locomotion/TACTIC/object_release_readiness_mean: 0.0000
Metrics/locomotion/TACTIC/object_release_readiness_delta_mean: 0.0000
Metrics/locomotion/TACTIC/object_release_event_mean: 0.0000
Metrics/locomotion/TACTIC/object_drop_event_mean: 0.0000
Metrics/locomotion/TACTIC/object_gripper_distance_mean: 1.0763
Metrics/locomotion/TACTIC/object_carrying_mean: 0.0000
Metrics/locomotion/TACTIC/object_carry_memory_mean: 0.0000
Metrics/locomotion/TACTIC/interaction_frontier_mean: 0.0324
Metrics/locomotion/TACTIC/interaction_frontier_delta_mean: 0.0000
Metrics/locomotion/TACTIC/contact_symmetry_mean: 0.0000
 Metrics/locomotion/TACTIC/task_id: 9.0000
Metrics/locomotion/TACTIC/skill_id: 6.0000
Metrics/locomotion/TACTIC/object_id: 4.0000
Metrics/locomotion/TACTIC/effective_object_id: 4.0000
Metrics/locomotion/TACTIC/selected_object_contact: 0.0000
Metrics/locomotion/TACTIC/selected_object_lift: 0.0331
Metrics/locomotion/TACTIC/selected_object_transport: 0.0409
Metrics/locomotion/TACTIC/selected_object_place: 0.0000
Metrics/locomotion/TACTIC/selected_object_completion: 0.0000
Metrics/locomotion/TACTIC/selected_object_carrying: 0.0000
Metrics/locomotion/TACTIC/selected_object_carry_memory: 0.0000
Metrics/locomotion/TACTIC/selected_object_target_progress: 0.0293
Metrics/locomotion/TACTIC/selected_object_target_progress_delta: 0.0000
Metrics/locomotion/TACTIC/selected_object_release_readiness: 0.0000
Metrics/locomotion/TACTIC/selected_object_release_readiness_delta: 0.0000
Metrics/locomotion/TACTIC/selected_object_release_event: 0.0000
Metrics/locomotion/TACTIC/selected_object_drop_event: 0.0000
Metrics/locomotion/TACTIC/selected_object_gripper_distance: 0.8304
Metrics/locomotion/TACTIC/selected_object_place_error_xy: 0.2526
Metrics/locomotion/TACTIC/selected_object_place_error_z: 0.7810
Metrics/locomotion/TACTIC/selected_interaction_frontier: 0.1945
Metrics/locomotion/TACTIC/selected_interaction_frontier_delta: 0.0000
Metrics/locomotion/TACTIC/selected_reachability: 0.0000
Metrics/locomotion/TACTIC/task_switch: 0.0000
Metrics/locomotion/TACTIC/skill_switch: 0.0000
Metrics/locomotion/TACTIC/task_age: 0.0000
Metrics/locomotion/TACTIC/skill_age: 0.0000
Metrics/locomotion/TACTIC/task_hazard: 0.0000
Metrics/locomotion/TACTIC/skill_hazard: 0.0000
Metrics/locomotion/TACTIC/task_termination_probability: 0.0000
Metrics/locomotion/TACTIC/skill_termination_probability: 0.0000
Metrics/locomotion/TACTIC/task_entropy: 0.0000
Metrics/locomotion/TACTIC/skill_entropy: 0.5320
Metrics/locomotion/TACTIC/task_occupancy_entropy: 0.0000
Metrics/locomotion/TACTIC/skill_occupancy_entropy: 0.5320
Metrics/locomotion/TACTIC/skill_parameter_0: 0.0000
Metrics/locomotion/TACTIC/skill_parameter_1: 0.0000
Metrics/locomotion/TACTIC/skill_parameter_2: 0.0000
Metrics/locomotion/TACTIC/skill_parameter_3: 0.0000
Metrics/locomotion/TACTIC/skill_parameter_4: 0.0000
Metrics/locomotion/TACTIC/skill_parameter_5: 0.0000
Metrics/locomotion/TACTIC/object_0_complete: 0.0000
Metrics/locomotion/TACTIC/object_1_complete: 0.0000
Metrics/locomotion/TACTIC/object_2_complete: 0.0000
Metrics/locomotion/TACTIC/object_3_complete: 0.0000
Metrics/locomotion/TACTIC/object_4_complete: 0.0000
Metrics/locomotion/TACTIC/object_5_complete: 0.0000
      Episode_Termination/time_out: 0.0000
   Episode_Termination/bad_contact: 0.0000
          Episode_Termination/tilt: 0.3594
    Episode_Termination/low_height: 0.0156
Episode_Termination/mission_success: 0.0000
--------------------------------------------------------------------------------
                   Total timesteps: 79872
                    Iteration time: 6.35s
                      Time elapsed: 00:02:47
                               ETA: 00:00:32

################################################################################
                       [1m Learning iteration 26/30 [0m                       

                       Computation: 478 steps/s (collection: 5.569s, learning 0.856s)
             Mean action noise std: 0.02
          Mean value_function loss: 14.2342
               Mean surrogate loss: 0.0487
                 Mean entropy loss: -102.7173
 Mean next_control_prediction loss: 0.0234
       Mean skill_feasibility loss: 0.6931
 Mean task_outcome_prediction loss: 0.0321
 Mean task_outcome_confidence loss: 1.5311
Mean task_outcome_confidence_mean loss: 0.1192
Mean skill_outcome_prediction loss: 0.0018
        Mean payload_survival loss: 0.6931
Mean payload_survival_support loss: 0.0273
   Mean payload_drop_fraction loss: 0.0000
Mean payload_survival_prediction loss: 0.5000
 Mean skill_effect_prediction loss: 0.0296
 Mean skill_effect_confidence loss: 1.6409
Mean skill_effect_confidence_mean loss: 0.1192
Mean motion_execution_prediction loss: 0.0385
Mean motion_execution_confidence loss: 1.5104
Mean embodiment_response_prediction loss: 0.0013
Mean embodiment_response_vx_abs loss: 0.0018
Mean embodiment_response_wz_abs loss: 0.0012
   Mean constraint_multiplier loss: 0.0084
Mean task_constraint_multiplier_mean loss: 0.1632
Mean skill_constraint_multiplier_mean loss: 0.1632
 Mean hierarchy_cbf_violation loss: 0.0292
Mean hierarchy_cbf_raw_violation loss: 0.0299
Mean hierarchy_cbf_transient_slack loss: 0.0055
 Mean hierarchy_clf_violation loss: 0.0014
Mean hierarchy_cbf_regression loss: 0.0094
Mean hierarchy_clf_regression loss: 0.0014
   Mean safe_task_achievement loss: 0.0006
  Mean safe_skill_achievement loss: -0.0005
Mean unsafe_positive_progress_rate loss: 0.0534
Mean motion_execution_confidence_mean loss: 0.1192
Mean grounded_effect_diversity loss: 0.0000
      Mean task_option_credit loss: -0.0383
     Mean skill_option_credit loss: -0.0313
    Mean event_hindsight_task loss: 0.0000
   Mean event_hindsight_skill loss: 11.4594
       Mean event_credit_mass loss: 0.0039
Mean task_option_advantage_abs loss: 0.1916
Mean skill_option_advantage_abs loss: 0.2372
         Mean task_transition loss: 2.3803
        Mean skill_transition loss: 1.6503
       Mean motion_transition loss: 1.8288
  Mean interaction_transition loss: 1.3827
Mean interaction_active_fraction loss: 1.0000
              Mean task_usage loss: 0.0000
  Mean task_frontier_coverage loss: 0.0000
Mean selected_frontier_probability loss: 0.8059
       Mean interaction_phase loss: 0.2408
Mean interaction_release_target loss: 0.0204
Mean interaction_release_frontier loss: 0.0066
Mean interaction_release_balance_weight loss: 1.1429
  Mean task_control_objective loss: 0.0083
        Mean task_clf_descent loss: 0.0011
  Mean task_barrier_authority loss: 0.0204
Mean skill_predictive_control loss: 0.0015
Mean relational_subgoal_grounding loss: 0.0000
  Mean task_subgoal_alignment loss: 1.0000
  Mean task_subgoal_authority loss: 0.4831
   Mean task_skill_projection loss: 0.0000
 Mean task_transient_capacity loss: 0.7928
   Mean task_posture_capacity loss: 0.9243
Mean task_projected_turn_demand loss: 0.3272
Mean task_semantic_turn_demand loss: 0.3272
Mean task_lateral_turn_demand loss: 0.0000
Mean task_target_yaw_residual loss: 0.5948
Mean task_interaction_authority loss: 0.0051
    Mean task_arm_scope_error loss: 0.0000
Mean counterfactual_task_selection loss: 0.0000
Mean counterfactual_task_target_entropy loss: 0.0000
Mean counterfactual_task_target_peak loss: 0.0000
Mean grounded_task_utility_span loss: 0.0000
      Mean task_outcome_blend loss: 0.0000
Mean grounded_task_target_agreement loss: 0.0000
Mean sampled_task_target_probability loss: 0.0000
Mean recovery_candidate_fraction loss: 0.0000
Mean recovery_task_probability loss: 0.0000
Mean recovery_target_probability loss: 0.0000
Mean counterfactual_termination loss: 0.4645
 Mean task_termination_target loss: 0.0000
Mean skill_termination_target loss: 0.5016
Mean payload_skill_barrier_pressure loss: 0.0000
Mean payload_transient_demand loss: 0.0037
Mean payload_skill_exit_target loss: 0.0000
Mean payload_survival_exit_target loss: 0.0000
Mean payload_survival_authority loss: 0.0000
        Mean task_switch_gain loss: 0.0000
       Mean skill_switch_gain loss: -0.0843
Mean counterfactual_skill_selection loss: 0.7781
Mean counterfactual_target_entropy loss: 0.5809
Mean counterfactual_target_peak loss: 0.8220
       Mean successor_decoder loss: 0.0776
  Mean successor_predicted_vx loss: -0.0018
  Mean successor_predicted_wz loss: -0.0067
 Mean successor_predicted_cbf loss: 0.5000
 Mean successor_predicted_clf loss: 0.5000
 Mean successor_cbf_violation loss: 0.0031
 Mean successor_clf_violation loss: 0.0001
             Mean skill_usage loss: 0.2022
        Mean skill_confidence loss: 0.6852
     Mean task_slot_diversity loss: 0.3952
Mean skill_embedding_diversity loss: 0.0621
   Mean motion_gain_diversity loss: 0.0000
Mean motion_objective_diversity loss: 0.0000
       Mean event_replay_size loss: 6685.0000
   Mean event_replay_priority loss: 0.0503
 Mean event_replay_task_valid loss: 0.6924
Mean event_replay_task_detail_valid loss: 0.6924
       Mean event_replay_task loss: 0.0000
      Mean event_replay_skill loss: 0.6751
     Mean event_replay_motion loss: 1.0432
Mean event_replay_interaction loss: 0.2253
Mean event_replay_task_subgoal loss: 0.0003
Mean event_replay_skill_parameter loss: 0.0212
  Mean event_replay_parameter loss: 0.0213
Mean event_replay_barrier_quality loss: 0.4984
Mean event_replay_unsafe_fraction loss: 0.0000
Mean event_replay_buffer_unsafe_fraction loss: 0.0000
Mean event_replay_buffer_delivery loss: 0.7432
Mean event_replay_buffer_recovery loss: 0.0000
Mean event_replay_sample_delivery loss: 0.6954
Mean event_replay_sample_recovery loss: 0.0000
Mean event_replay_sample_raw_delivery loss: 0.6924
Mean event_replay_sample_raw_recovery loss: 0.0000
Mean event_replay_recovery_pressure loss: 0.0000
Mean event_replay_recovery_adapter_gate loss: 0.0000
Mean event_replay_buffer_approach loss: 0.7629
Mean event_replay_sample_approach loss: 0.5817
Mean event_replay_sample_raw_approach loss: 0.5853
Mean event_replay_buffer_secure loss: 0.1282
Mean event_replay_sample_secure loss: 0.2585
Mean event_replay_sample_raw_secure loss: 0.2581
Mean event_replay_buffer_release loss: 0.1089
Mean event_replay_sample_release loss: 0.1598
Mean event_replay_sample_raw_release loss: 0.1566
Mean payload_survival_replay_size loss: 859.0000
Mean payload_survival_replay_support loss: 1.0000
Mean payload_survival_replay_drop_fraction loss: 0.4999
Mean payload_survival_replay_prediction loss: 0.5000
Mean payload_survival_replay_drop_prediction loss: 0.5000
Mean payload_survival_replay_retain_prediction loss: 0.5000
Mean payload_survival_replay_separation loss: 0.0000
Mean payload_survival_replay_accuracy loss: 0.5000
Mean payload_survival_replay_rank_loss loss: 0.7185
Mean payload_survival_replay_rank_gap loss: 0.0000
Mean payload_survival_replay_rank_accuracy loss: 0.0000
Mean payload_survival_replay_rank_pairs loss: 179.0000
      Mean event_replay_added loss: 256.0000
Mean event_replay_append_task_valid loss: 0.9336
Mean event_replay_task_relabel loss: 0.0664
Mean event_replay_interaction_relabel loss: 0.3750
Mean event_replay_append_delivery loss: 0.9570
Mean event_replay_append_recovery loss: 0.0000
Mean event_replay_append_payload_recovery loss: 0.0000
Mean payload_survival_replay_added loss: 36.0000
Mean payload_survival_replay_append_drop_fraction loss: 0.0000
      Mean hierarchy_cbf_dual loss: 0.4934
      Mean hierarchy_clf_dual loss: 0.2466
Mean hierarchy_cbf_violation_ema loss: 0.1349
Mean hierarchy_clf_violation_ema loss: 0.0155
Mean physical_adaptation_active loss: 0.0000
Mean physical_adaptation_stage loss: -10.0000
 Mean hierarchy_only_training loss: 0.0000
Mean decomposition_only_training loss: 0.0000
Mean motion_selector_only_training loss: 0.0000
Mean interaction_selector_only_training loss: 0.0000
Mean motion_skill_only_training loss: 0.0000
Mean payload_motion_only_training loss: 0.0000
Mean recovery_adapter_only_training loss: 0.0000
 Mean auxiliary_learning_rate loss: 0.0000
Mean payload_survival_learning_rate loss: 0.0003
Mean physical_core_learning_rate loss: 0.0000
Mean physical_adapter_learning_rate loss: 0.0000
Mean skill_information_reward loss: -0.0052
 Mean task_information_reward loss: 0.0000
                       Mean reward: -131.12
               Mean episode length: 102.60
   Episode_Reward/term_bad_contact: 0.0000
          Episode_Reward/term_tilt: -0.0139
    Episode_Reward/term_low_height: 0.0000
      Episode_Reward/leg_action_l2: -0.0017
   Episode_Reward/tracking_lin_vel: 0.0000
Episode_Reward/tracking_ang_vel_yaw_l1: 0.0000
Episode_Reward/tracking_ang_vel_yaw_exp: 0.0000
Episode_Reward/tracking_lin_vel_y_l2: 0.0000
Episode_Reward/tracking_lin_vel_z_l2: 0.0000
            Episode_Reward/survive: 0.0000
    Episode_Reward/foot_contacts_z: 0.0000
            Episode_Reward/torques: -0.0048
 Episode_Reward/tracking_lin_vel_y: 0.0000
          Episode_Reward/lin_vel_z: -0.0003
         Episode_Reward/ang_vel_xy: -0.0004
   Episode_Reward/tracking_ang_vel: 0.0012
               Episode_Reward/work: -0.0767
            Episode_Reward/dof_acc: -0.0869
        Episode_Reward/action_rate: -0.0002
     Episode_Reward/dof_pos_limits: -0.0000
      Episode_Reward/delta_torques: -0.0000
          Episode_Reward/collision: -0.1421
        Episode_Reward/walking_dof: 0.0009
            Episode_Reward/hip_pos: -0.0011
          Episode_Reward/feet_jerk: 0.0000
              Episode_Reward/alive: 0.0095
          Episode_Reward/feet_drag: -0.0004
Episode_Reward/feet_contact_forces: -0.0046
               Episode_Reward/roll: -0.0007
        Episode_Reward/base_height: -0.0034
Episode_Reward/tracking_lin_vel_max: 0.0136
Episode_Reward/flat_orientation_l2: -0.0002
  Episode_Reward/air_time_variance: -0.0004
        Episode_Reward/feet_height: 0.0000
      Episode_Reward/feet_air_time: 0.0000
Episode_Reward/update_last_buffers: 0.0000
   Episode_Reward/wheel_idle_speed: -0.9725
    Episode_Reward/wheel_action_l2: -0.0001
  Episode_Reward/wheel_action_rate: 0.0000
  Episode_Reward/wheel_forward_use: 0.0000
 Episode_Reward/wheel_turn_support: 0.0025
Episode_Reward/tactic_mission_completion: 0.0000
Episode_Reward/tactic_mission_success: 0.0000
Episode_Reward/tactic_task_progress: -0.0002
Episode_Reward/tactic_task_tracking: 0.0010
 Episode_Reward/tactic_ee_tracking: 0.0063
  Episode_Reward/tactic_valid_task: 0.0019
Episode_Reward/tactic_invalid_task: 0.0000
Episode_Reward/tactic_option_switch: -0.0000
Episode_Reward/tactic_control_progress: -0.0001
  Episode_Reward/tactic_cbf_margin: 0.0000
Episode_Reward/tactic_predicted_margin: 0.0000
Episode_Reward/tactic_clf_decrease: 0.0000
Episode_Reward/tactic_disturbance_rejection: 0.0000
Episode_Reward/tactic_safety_violation: -0.0006
Episode_Reward/tactic_unsafe_progress: 0.0000
Episode_Reward/tactic_object_contact: 0.0341
 Episode_Reward/tactic_object_lift: 0.0048
Episode_Reward/tactic_object_transport: 0.0063
Episode_Reward/tactic_object_place: 0.0000
Episode_Reward/tactic_object_completion: 0.0000
Episode_Reward/tactic_interaction_frontier: 0.0018
  Episode_Reward/tactic_grasp_hold: 0.0166
Episode_Reward/tactic_payload_progress: 0.0000
Episode_Reward/tactic_release_readiness: 0.0000
Episode_Reward/tactic_intended_release: 0.0000
Episode_Reward/tactic_payload_retention: 0.0000
Episode_Reward/tactic_payload_drop: 0.0000
Episode_Reward/tactic_release_quality: 0.0000
Episode_Reward/tactic_wrong_object_interaction: 0.0000
 Episode_Reward/tactic_all_objects: 0.0000
Metrics/locomotion/TACTIC/mission_completion: 0.0000
Metrics/locomotion/TACTIC/mission_completion_delta: 0.0000
Metrics/locomotion/TACTIC/mission_success: 0.0000
Metrics/locomotion/TACTIC/task_progress: 0.1757
Metrics/locomotion/TACTIC/task_progress_delta: -0.0004
Metrics/locomotion/TACTIC/task_error: 1.4294
Metrics/locomotion/TACTIC/ee_error: 0.4354
Metrics/locomotion/TACTIC/tcp_object_distance: 0.8291
Metrics/locomotion/TACTIC/goal_object_distance: 0.4526
Metrics/locomotion/TACTIC/finger_object_distance: 0.8330
Metrics/locomotion/TACTIC/object_target_distance: 0.8208
Metrics/locomotion/TACTIC/recovery_task_executed: 0.0000
Metrics/locomotion/TACTIC/recovery_task_probability: 0.0000
Metrics/locomotion/TACTIC/executed_task_probability: 1.0000
Metrics/locomotion/TACTIC/task_constraint_projection: 0.0000
Metrics/locomotion/TACTIC/recovery_latch_seen: 0.0000
Metrics/locomotion/TACTIC/recovery_valid_seen: 0.0000
Metrics/locomotion/TACTIC/recovery_pressure_seen: 0.0000
Metrics/locomotion/TACTIC/cbf_margin: 0.0000
Metrics/locomotion/TACTIC/predicted_margin: 0.0000
Metrics/locomotion/TACTIC/clf_decrease: -0.3380
Metrics/locomotion/TACTIC/disturbance_estimate: 0.5931
Metrics/locomotion/TACTIC/base_height: 0.2566
Metrics/locomotion/TACTIC/base_tilt: 0.5289
Metrics/locomotion/TACTIC/control_recovery_pressure: 1.0000
Metrics/locomotion/TACTIC/control_recovery_active: 1.0000
Metrics/locomotion/TACTIC/control_recovery_constraint_active: 1.0000
Metrics/locomotion/TACTIC/payload_posture_projection: 0.0000
Metrics/locomotion/TACTIC/payload_relation_violation: 0.0000
 Metrics/locomotion/TACTIC/base_vx: 0.7930
 Metrics/locomotion/TACTIC/base_vy: -0.0675
 Metrics/locomotion/TACTIC/base_wz: 0.2999
Metrics/locomotion/TACTIC/support_count: 3.0000
Metrics/locomotion/TACTIC/obstacle_margin: 0.7497
Metrics/locomotion/TACTIC/gripper_closure: 0.1132
Metrics/locomotion/TACTIC/manipulation_active: 1.0000
Metrics/locomotion/TACTIC/grasp_active: 1.0000
Metrics/locomotion/TACTIC/grasp_orientation_active: 0.0000
Metrics/locomotion/TACTIC/grasp_orientation_error: 0.0000
Metrics/locomotion/TACTIC/interaction_authority: 0.0000
Metrics/locomotion/TACTIC/workspace_handoff: 0.0000
Metrics/locomotion/TACTIC/grasp_projection_distance: 0.0000
Metrics/locomotion/TACTIC/grasp_center_error: 0.0000
Metrics/locomotion/TACTIC/capture_staging_distance: 0.8616
Metrics/locomotion/TACTIC/capture_heading_error: 2.0701
Metrics/locomotion/TACTIC/capture_initiation_margin: -3.6002
Metrics/locomotion/TACTIC/selected_delivery_side: 1.0000
Metrics/locomotion/TACTIC/capture_lift_active: 0.0000
Metrics/locomotion/TACTIC/command_vx: -0.0044
Metrics/locomotion/TACTIC/command_vy: 0.0005
Metrics/locomotion/TACTIC/command_wz: 0.2948
Metrics/locomotion/TACTIC/curriculum_level: 0.0000
Metrics/locomotion/TACTIC/curriculum_frontier: 0.0000
Metrics/locomotion/TACTIC/curriculum_probe: 0.0000
Metrics/locomotion/TACTIC/interaction_start_curriculum: 1.0000
Metrics/locomotion/TACTIC/interaction_start_probability: 1.0000
Metrics/locomotion/TACTIC/composition_probe_probability: 0.0263
Metrics/locomotion/TACTIC/curriculum_completion_ema: 0.0000
Metrics/locomotion/TACTIC/curriculum_progress_ema: 0.0754
Metrics/locomotion/TACTIC/curriculum_safety_ema: 0.6624
Metrics/locomotion/TACTIC/episode_safety_fraction: 0.9648
Metrics/locomotion/TACTIC/curriculum_contact_ema: 0.0224
Metrics/locomotion/TACTIC/curriculum_lift_ema: 0.0110
Metrics/locomotion/TACTIC/curriculum_transport_ema: 0.0128
Metrics/locomotion/TACTIC/curriculum_place_ema: 0.0000
Metrics/locomotion/TACTIC/curriculum_delivery_completion_ema: 0.0000
Metrics/locomotion/TACTIC/curriculum_regression_streak: 0.0000
Metrics/locomotion/TACTIC/required_task_count: 1.0000
Metrics/locomotion/TACTIC/object_completion_mean: 0.0000
Metrics/locomotion/TACTIC/object_contact_mean: 0.0000
Metrics/locomotion/TACTIC/object_lift_mean: 0.0055
Metrics/locomotion/TACTIC/object_transport_mean: 0.0068
Metrics/locomotion/TACTIC/object_place_mean: 0.0000
Metrics/locomotion/TACTIC/object_target_progress_mean: 0.0049
Metrics/locomotion/TACTIC/object_target_progress_delta_mean: 0.0000
Metrics/locomotion/TACTIC/object_release_readiness_mean: 0.0000
Metrics/locomotion/TACTIC/object_release_readiness_delta_mean: 0.0000
Metrics/locomotion/TACTIC/object_release_event_mean: 0.0000
Metrics/locomotion/TACTIC/object_drop_event_mean: 0.0000
Metrics/locomotion/TACTIC/object_gripper_distance_mean: 1.0763
Metrics/locomotion/TACTIC/object_carrying_mean: 0.0000
Metrics/locomotion/TACTIC/object_carry_memory_mean: 0.0000
Metrics/locomotion/TACTIC/interaction_frontier_mean: 0.0324
Metrics/locomotion/TACTIC/interaction_frontier_delta_mean: 0.0000
Metrics/locomotion/TACTIC/contact_symmetry_mean: 0.0000
 Metrics/locomotion/TACTIC/task_id: 9.0000
Metrics/locomotion/TACTIC/skill_id: 6.0000
Metrics/locomotion/TACTIC/object_id: 4.0000
Metrics/locomotion/TACTIC/effective_object_id: 4.0000
Metrics/locomotion/TACTIC/selected_object_contact: 0.0000
Metrics/locomotion/TACTIC/selected_object_lift: 0.0331
Metrics/locomotion/TACTIC/selected_object_transport: 0.0409
Metrics/locomotion/TACTIC/selected_object_place: 0.0000
Metrics/locomotion/TACTIC/selected_object_completion: 0.0000
Metrics/locomotion/TACTIC/selected_object_carrying: 0.0000
Metrics/locomotion/TACTIC/selected_object_carry_memory: 0.0000
Metrics/locomotion/TACTIC/selected_object_target_progress: 0.0293
Metrics/locomotion/TACTIC/selected_object_target_progress_delta: 0.0000
Metrics/locomotion/TACTIC/selected_object_release_readiness: 0.0000
Metrics/locomotion/TACTIC/selected_object_release_readiness_delta: 0.0000
Metrics/locomotion/TACTIC/selected_object_release_event: 0.0000
Metrics/locomotion/TACTIC/selected_object_drop_event: 0.0000
Metrics/locomotion/TACTIC/selected_object_gripper_distance: 0.8304
Metrics/locomotion/TACTIC/selected_object_place_error_xy: 0.2526
Metrics/locomotion/TACTIC/selected_object_place_error_z: 0.7810
Metrics/locomotion/TACTIC/selected_interaction_frontier: 0.1945
Metrics/locomotion/TACTIC/selected_interaction_frontier_delta: 0.0000
Metrics/locomotion/TACTIC/selected_reachability: 0.0000
Metrics/locomotion/TACTIC/task_switch: 0.0000
Metrics/locomotion/TACTIC/skill_switch: 0.0000
Metrics/locomotion/TACTIC/task_age: 0.0000
Metrics/locomotion/TACTIC/skill_age: 0.0000
Metrics/locomotion/TACTIC/task_hazard: 0.0000
Metrics/locomotion/TACTIC/skill_hazard: 0.0000
Metrics/locomotion/TACTIC/task_termination_probability: 0.0000
Metrics/locomotion/TACTIC/skill_termination_probability: 0.0000
Metrics/locomotion/TACTIC/task_entropy: 0.0000
Metrics/locomotion/TACTIC/skill_entropy: 0.5320
Metrics/locomotion/TACTIC/task_occupancy_entropy: 0.0000
Metrics/locomotion/TACTIC/skill_occupancy_entropy: 0.5320
Metrics/locomotion/TACTIC/skill_parameter_0: 0.0000
Metrics/locomotion/TACTIC/skill_parameter_1: 0.0000
Metrics/locomotion/TACTIC/skill_parameter_2: 0.0000
Metrics/locomotion/TACTIC/skill_parameter_3: 0.0000
Metrics/locomotion/TACTIC/skill_parameter_4: 0.0000
Metrics/locomotion/TACTIC/skill_parameter_5: 0.0000
Metrics/locomotion/TACTIC/object_0_complete: 0.0000
Metrics/locomotion/TACTIC/object_1_complete: 0.0000
Metrics/locomotion/TACTIC/object_2_complete: 0.0000
Metrics/locomotion/TACTIC/object_3_complete: 0.0000
Metrics/locomotion/TACTIC/object_4_complete: 0.0000
Metrics/locomotion/TACTIC/object_5_complete: 0.0000
      Episode_Termination/time_out: 0.0000
   Episode_Termination/bad_contact: 0.0000
          Episode_Termination/tilt: 0.3594
    Episode_Termination/low_height: 0.0156
Episode_Termination/mission_success: 0.0000
--------------------------------------------------------------------------------
                   Total timesteps: 82944
                    Iteration time: 6.43s
                      Time elapsed: 00:02:53
                               ETA: 00:00:25

################################################################################
                       [1m Learning iteration 27/30 [0m                       

                       Computation: 475 steps/s (collection: 5.635s, learning 0.829s)
             Mean action noise std: 0.02
          Mean value_function loss: 27.0287
               Mean surrogate loss: 0.0278
                 Mean entropy loss: -102.7119
 Mean next_control_prediction loss: 0.0246
       Mean skill_feasibility loss: 0.6931
 Mean task_outcome_prediction loss: 0.0323
 Mean task_outcome_confidence loss: 1.5274
Mean task_outcome_confidence_mean loss: 0.1192
Mean skill_outcome_prediction loss: 0.0021
        Mean payload_survival loss: 0.6931
Mean payload_survival_support loss: 0.0195
   Mean payload_drop_fraction loss: 0.0000
Mean payload_survival_prediction loss: 0.5000
 Mean skill_effect_prediction loss: 0.0313
 Mean skill_effect_confidence loss: 1.6325
Mean skill_effect_confidence_mean loss: 0.1192
Mean motion_execution_prediction loss: 0.0406
Mean motion_execution_confidence loss: 1.4994
Mean embodiment_response_prediction loss: 0.0029
Mean embodiment_response_vx_abs loss: 0.0018
Mean embodiment_response_wz_abs loss: 0.0011
   Mean constraint_multiplier loss: 0.0099
Mean task_constraint_multiplier_mean loss: 0.1632
Mean skill_constraint_multiplier_mean loss: 0.1632
 Mean hierarchy_cbf_violation loss: 0.0339
Mean hierarchy_cbf_raw_violation loss: 0.0347
Mean hierarchy_cbf_transient_slack loss: 0.0048
 Mean hierarchy_clf_violation loss: 0.0026
Mean hierarchy_cbf_regression loss: 0.0043
Mean hierarchy_clf_regression loss: 0.0024
   Mean safe_task_achievement loss: -0.0025
  Mean safe_skill_achievement loss: -0.0027
Mean unsafe_positive_progress_rate loss: 0.0613
Mean motion_execution_confidence_mean loss: 0.1192
Mean grounded_effect_diversity loss: 0.0000
      Mean task_option_credit loss: -0.0541
     Mean skill_option_credit loss: -0.0321
    Mean event_hindsight_task loss: 0.0000
   Mean event_hindsight_skill loss: 7.6114
       Mean event_credit_mass loss: 0.0031
Mean task_option_advantage_abs loss: 0.2231
Mean skill_option_advantage_abs loss: 0.2811
         Mean task_transition loss: 2.3805
        Mean skill_transition loss: 1.6537
       Mean motion_transition loss: 1.8355
  Mean interaction_transition loss: 1.3811
Mean interaction_active_fraction loss: 0.9993
              Mean task_usage loss: 0.0000
  Mean task_frontier_coverage loss: 0.0000
Mean selected_frontier_probability loss: 0.8072
       Mean interaction_phase loss: 0.2321
Mean interaction_release_target loss: 0.0195
Mean interaction_release_frontier loss: 0.0057
Mean interaction_release_balance_weight loss: 1.1367
  Mean task_control_objective loss: 0.0088
        Mean task_clf_descent loss: 0.0014
  Mean task_barrier_authority loss: 0.0211
Mean skill_predictive_control loss: 0.0014
Mean relational_subgoal_grounding loss: 0.0000
  Mean task_subgoal_alignment loss: 1.0000
  Mean task_subgoal_authority loss: 0.4774
   Mean task_skill_projection loss: 0.0002
 Mean task_transient_capacity loss: 0.7848
   Mean task_posture_capacity loss: 0.9103
Mean task_projected_turn_demand loss: 0.3281
Mean task_semantic_turn_demand loss: 0.3281
Mean task_lateral_turn_demand loss: 0.0000
Mean task_target_yaw_residual loss: 0.5965
Mean task_interaction_authority loss: 0.0017
    Mean task_arm_scope_error loss: 0.0000
Mean counterfactual_task_selection loss: 0.0000
Mean counterfactual_task_target_entropy loss: 0.0000
Mean counterfactual_task_target_peak loss: 0.0000
Mean grounded_task_utility_span loss: 0.0000
      Mean task_outcome_blend loss: 0.0000
Mean grounded_task_target_agreement loss: 0.0000
Mean sampled_task_target_probability loss: 0.0000
Mean recovery_candidate_fraction loss: 0.0000
Mean recovery_task_probability loss: 0.0000
Mean recovery_target_probability loss: 0.0000
Mean counterfactual_termination loss: 0.4545
 Mean task_termination_target loss: 0.0000
Mean skill_termination_target loss: 0.4633
Mean payload_skill_barrier_pressure loss: 0.0000
Mean payload_transient_demand loss: 0.0122
Mean payload_skill_exit_target loss: 0.0000
Mean payload_survival_exit_target loss: 0.0000
Mean payload_survival_authority loss: 0.0000
        Mean task_switch_gain loss: 0.0000
       Mean skill_switch_gain loss: -0.1218
Mean counterfactual_skill_selection loss: 0.7829
Mean counterfactual_target_entropy loss: 0.5889
Mean counterfactual_target_peak loss: 0.8162
       Mean successor_decoder loss: 0.0810
  Mean successor_predicted_vx loss: -0.0020
  Mean successor_predicted_wz loss: -0.0068
 Mean successor_predicted_cbf loss: 0.5000
 Mean successor_predicted_clf loss: 0.5000
 Mean successor_cbf_violation loss: 0.0032
 Mean successor_clf_violation loss: 0.0003
             Mean skill_usage loss: 0.1869
        Mean skill_confidence loss: 0.6825
     Mean task_slot_diversity loss: 0.3945
Mean skill_embedding_diversity loss: 0.0621
   Mean motion_gain_diversity loss: 0.0000
Mean motion_objective_diversity loss: 0.0000
       Mean event_replay_size loss: 6918.0000
   Mean event_replay_priority loss: 0.0503
 Mean event_replay_task_valid loss: 0.6914
Mean event_replay_task_detail_valid loss: 0.6914
       Mean event_replay_task loss: 0.0000
      Mean event_replay_skill loss: 0.6797
     Mean event_replay_motion loss: 1.0471
Mean event_replay_interaction loss: 0.2307
Mean event_replay_task_subgoal loss: 0.0003
Mean event_replay_skill_parameter loss: 0.0216
  Mean event_replay_parameter loss: 0.0217
Mean event_replay_barrier_quality loss: 0.4981
Mean event_replay_unsafe_fraction loss: 0.0000
Mean event_replay_buffer_unsafe_fraction loss: 0.0000
Mean event_replay_buffer_delivery loss: 0.7495
Mean event_replay_buffer_recovery loss: 0.0000
Mean event_replay_sample_delivery loss: 0.6949
Mean event_replay_sample_recovery loss: 0.0000
Mean event_replay_sample_raw_delivery loss: 0.6914
Mean event_replay_sample_raw_recovery loss: 0.0000
Mean event_replay_recovery_pressure loss: 0.0000
Mean event_replay_recovery_adapter_gate loss: 0.0000
Mean event_replay_buffer_approach loss: 0.7659
Mean event_replay_sample_approach loss: 0.5798
Mean event_replay_sample_raw_approach loss: 0.5833
Mean event_replay_buffer_secure loss: 0.1254
Mean event_replay_sample_secure loss: 0.2653
Mean event_replay_sample_raw_secure loss: 0.2655
Mean event_replay_buffer_release loss: 0.1088
Mean event_replay_sample_release loss: 0.1549
Mean event_replay_sample_raw_release loss: 0.1511
Mean payload_survival_replay_size loss: 895.0000
Mean payload_survival_replay_support loss: 1.0000
Mean payload_survival_replay_drop_fraction loss: 0.4999
Mean payload_survival_replay_prediction loss: 0.5000
Mean payload_survival_replay_drop_prediction loss: 0.5000
Mean payload_survival_replay_retain_prediction loss: 0.5000
Mean payload_survival_replay_separation loss: 0.0000
Mean payload_survival_replay_accuracy loss: 0.5000
Mean payload_survival_replay_rank_loss loss: 0.7185
Mean payload_survival_replay_rank_gap loss: 0.0000
Mean payload_survival_replay_rank_accuracy loss: 0.0000
Mean payload_survival_replay_rank_pairs loss: 168.0000
      Mean event_replay_added loss: 233.0000
Mean event_replay_append_task_valid loss: 0.8755
Mean event_replay_task_relabel loss: 0.1245
Mean event_replay_interaction_relabel loss: 0.3262
Mean event_replay_append_delivery loss: 0.9313
Mean event_replay_append_recovery loss: 0.0000
Mean event_replay_append_payload_recovery loss: 0.0000
Mean payload_survival_replay_added loss: 36.0000
Mean payload_survival_replay_append_drop_fraction loss: 0.0000
      Mean hierarchy_cbf_dual loss: 0.4926
      Mean hierarchy_clf_dual loss: 0.2428
Mean hierarchy_cbf_violation_ema loss: 0.1298
Mean hierarchy_clf_violation_ema loss: 0.0149
Mean physical_adaptation_active loss: 0.0000
Mean physical_adaptation_stage loss: -10.0000
 Mean hierarchy_only_training loss: 0.0000
Mean decomposition_only_training loss: 0.0000
Mean motion_selector_only_training loss: 0.0000
Mean interaction_selector_only_training loss: 0.0000
Mean motion_skill_only_training loss: 0.0000
Mean payload_motion_only_training loss: 0.0000
Mean recovery_adapter_only_training loss: 0.0000
 Mean auxiliary_learning_rate loss: 0.0000
Mean payload_survival_learning_rate loss: 0.0003
Mean physical_core_learning_rate loss: 0.0000
Mean physical_adapter_learning_rate loss: 0.0000
Mean skill_information_reward loss: -0.0050
 Mean task_information_reward loss: 0.0000
                       Mean reward: -133.28
               Mean episode length: 106.35
   Episode_Reward/term_bad_contact: 0.0000
          Episode_Reward/term_tilt: -0.0139
    Episode_Reward/term_low_height: -0.0116
      Episode_Reward/leg_action_l2: -0.0016
   Episode_Reward/tracking_lin_vel: 0.0000
Episode_Reward/tracking_ang_vel_yaw_l1: 0.0000
Episode_Reward/tracking_ang_vel_yaw_exp: 0.0000
Episode_Reward/tracking_lin_vel_y_l2: 0.0000
Episode_Reward/tracking_lin_vel_z_l2: 0.0000
            Episode_Reward/survive: 0.0000
    Episode_Reward/foot_contacts_z: 0.0000
            Episode_Reward/torques: -0.0059
 Episode_Reward/tracking_lin_vel_y: 0.0000
          Episode_Reward/lin_vel_z: -0.0004
         Episode_Reward/ang_vel_xy: -0.0008
   Episode_Reward/tracking_ang_vel: 0.0015
               Episode_Reward/work: -0.0376
            Episode_Reward/dof_acc: -0.1260
        Episode_Reward/action_rate: -0.0002
     Episode_Reward/dof_pos_limits: -0.0000
      Episode_Reward/delta_torques: -0.0000
          Episode_Reward/collision: -0.1860
        Episode_Reward/walking_dof: 0.0007
            Episode_Reward/hip_pos: -0.0015
          Episode_Reward/feet_jerk: 0.0000
              Episode_Reward/alive: 0.0101
          Episode_Reward/feet_drag: -0.0005
Episode_Reward/feet_contact_forces: -0.0058
               Episode_Reward/roll: -0.0014
        Episode_Reward/base_height: -0.0058
Episode_Reward/tracking_lin_vel_max: 0.0140
Episode_Reward/flat_orientation_l2: -0.0004
  Episode_Reward/air_time_variance: -0.0003
        Episode_Reward/feet_height: 0.0000
      Episode_Reward/feet_air_time: 0.0000
Episode_Reward/update_last_buffers: 0.0000
   Episode_Reward/wheel_idle_speed: -0.5140
    Episode_Reward/wheel_action_l2: -0.0001
  Episode_Reward/wheel_action_rate: 0.0000
  Episode_Reward/wheel_forward_use: 0.0000
 Episode_Reward/wheel_turn_support: 0.0045
Episode_Reward/tactic_mission_completion: 0.0000
Episode_Reward/tactic_mission_success: 0.0000
Episode_Reward/tactic_task_progress: -0.0003
Episode_Reward/tactic_task_tracking: 0.0010
 Episode_Reward/tactic_ee_tracking: 0.0099
  Episode_Reward/tactic_valid_task: 0.0020
Episode_Reward/tactic_invalid_task: 0.0000
Episode_Reward/tactic_option_switch: -0.0000
Episode_Reward/tactic_control_progress: -0.0001
  Episode_Reward/tactic_cbf_margin: 0.0000
Episode_Reward/tactic_predicted_margin: 0.0000
Episode_Reward/tactic_clf_decrease: 0.0000
Episode_Reward/tactic_disturbance_rejection: 0.0000
Episode_Reward/tactic_safety_violation: -0.0018
Episode_Reward/tactic_unsafe_progress: -0.0000
Episode_Reward/tactic_object_contact: 0.0066
 Episode_Reward/tactic_object_lift: 0.0006
Episode_Reward/tactic_object_transport: 0.0008
Episode_Reward/tactic_object_place: 0.0000
Episode_Reward/tactic_object_completion: 0.0000
Episode_Reward/tactic_interaction_frontier: 0.0005
  Episode_Reward/tactic_grasp_hold: 0.0032
Episode_Reward/tactic_payload_progress: 0.0000
Episode_Reward/tactic_release_readiness: 0.0000
Episode_Reward/tactic_intended_release: 0.0000
Episode_Reward/tactic_payload_retention: 0.0000
Episode_Reward/tactic_payload_drop: 0.0000
Episode_Reward/tactic_release_quality: 0.0000
Episode_Reward/tactic_wrong_object_interaction: 0.0000
 Episode_Reward/tactic_all_objects: 0.0000
Metrics/locomotion/TACTIC/mission_completion: 0.0000
Metrics/locomotion/TACTIC/mission_completion_delta: 0.0000
Metrics/locomotion/TACTIC/mission_success: 0.0000
Metrics/locomotion/TACTIC/task_progress: 0.0639
Metrics/locomotion/TACTIC/task_progress_delta: -0.0000
Metrics/locomotion/TACTIC/task_error: 1.9034
Metrics/locomotion/TACTIC/ee_error: 0.4799
Metrics/locomotion/TACTIC/tcp_object_distance: 0.8116
Metrics/locomotion/TACTIC/goal_object_distance: 0.3946
Metrics/locomotion/TACTIC/finger_object_distance: 0.8282
Metrics/locomotion/TACTIC/object_target_distance: 0.2484
Metrics/locomotion/TACTIC/recovery_task_executed: 0.0000
Metrics/locomotion/TACTIC/recovery_task_probability: 0.0000
Metrics/locomotion/TACTIC/executed_task_probability: 1.0000
Metrics/locomotion/TACTIC/task_constraint_projection: 0.0000
Metrics/locomotion/TACTIC/recovery_latch_seen: 0.0000
Metrics/locomotion/TACTIC/recovery_valid_seen: 0.0000
Metrics/locomotion/TACTIC/recovery_pressure_seen: 0.0000
Metrics/locomotion/TACTIC/cbf_margin: 0.0000
Metrics/locomotion/TACTIC/predicted_margin: 0.0000
Metrics/locomotion/TACTIC/clf_decrease: 0.0369
Metrics/locomotion/TACTIC/disturbance_estimate: 0.6360
Metrics/locomotion/TACTIC/base_height: 0.2349
Metrics/locomotion/TACTIC/base_tilt: 0.5567
Metrics/locomotion/TACTIC/control_recovery_pressure: 1.0000
Metrics/locomotion/TACTIC/control_recovery_active: 1.0000
Metrics/locomotion/TACTIC/control_recovery_constraint_active: 1.0000
Metrics/locomotion/TACTIC/payload_posture_projection: 0.0000
Metrics/locomotion/TACTIC/payload_relation_violation: 0.0000
 Metrics/locomotion/TACTIC/base_vx: 0.0189
 Metrics/locomotion/TACTIC/base_vy: -0.0544
 Metrics/locomotion/TACTIC/base_wz: -0.2101
Metrics/locomotion/TACTIC/support_count: 3.0000
Metrics/locomotion/TACTIC/obstacle_margin: 1.1090
Metrics/locomotion/TACTIC/gripper_closure: 0.1720
Metrics/locomotion/TACTIC/manipulation_active: 1.0000
Metrics/locomotion/TACTIC/grasp_active: 1.0000
Metrics/locomotion/TACTIC/grasp_orientation_active: 0.0000
Metrics/locomotion/TACTIC/grasp_orientation_error: 0.0000
Metrics/locomotion/TACTIC/interaction_authority: 0.0000
Metrics/locomotion/TACTIC/workspace_handoff: 0.0000
Metrics/locomotion/TACTIC/grasp_projection_distance: 0.0000
Metrics/locomotion/TACTIC/grasp_center_error: 0.0000
Metrics/locomotion/TACTIC/capture_staging_distance: 1.3353
Metrics/locomotion/TACTIC/capture_heading_error: 2.2596
Metrics/locomotion/TACTIC/capture_initiation_margin: -4.2298
Metrics/locomotion/TACTIC/selected_delivery_side: 0.6667
Metrics/locomotion/TACTIC/capture_lift_active: 0.1667
Metrics/locomotion/TACTIC/command_vx: -0.0149
Metrics/locomotion/TACTIC/command_vy: 0.0002
Metrics/locomotion/TACTIC/command_wz: 0.3094
Metrics/locomotion/TACTIC/curriculum_level: 0.0000
Metrics/locomotion/TACTIC/curriculum_frontier: 0.0000
Metrics/locomotion/TACTIC/curriculum_probe: 0.0000
Metrics/locomotion/TACTIC/interaction_start_curriculum: 1.0000
Metrics/locomotion/TACTIC/interaction_start_probability: 1.0000
Metrics/locomotion/TACTIC/composition_probe_probability: 0.0284
Metrics/locomotion/TACTIC/curriculum_completion_ema: 0.0000
Metrics/locomotion/TACTIC/curriculum_progress_ema: 0.0794
Metrics/locomotion/TACTIC/curriculum_safety_ema: 0.6777
Metrics/locomotion/TACTIC/episode_safety_fraction: 0.9390
Metrics/locomotion/TACTIC/curriculum_contact_ema: 0.0359
Metrics/locomotion/TACTIC/curriculum_lift_ema: 0.0118
Metrics/locomotion/TACTIC/curriculum_transport_ema: 0.0139
Metrics/locomotion/TACTIC/curriculum_place_ema: 0.0000
Metrics/locomotion/TACTIC/curriculum_delivery_completion_ema: 0.0000
Metrics/locomotion/TACTIC/curriculum_regression_streak: 0.0000
Metrics/locomotion/TACTIC/required_task_count: 1.0000
Metrics/locomotion/TACTIC/object_completion_mean: 0.0000
Metrics/locomotion/TACTIC/object_contact_mean: 0.0000
Metrics/locomotion/TACTIC/object_lift_mean: 0.0007
Metrics/locomotion/TACTIC/object_transport_mean: 0.0009
Metrics/locomotion/TACTIC/object_place_mean: 0.0000
Metrics/locomotion/TACTIC/object_target_progress_mean: 0.0604
Metrics/locomotion/TACTIC/object_target_progress_delta_mean: 0.0000
Metrics/locomotion/TACTIC/object_release_readiness_mean: 0.0000
Metrics/locomotion/TACTIC/object_release_readiness_delta_mean: 0.0000
Metrics/locomotion/TACTIC/object_release_event_mean: 0.0000
Metrics/locomotion/TACTIC/object_drop_event_mean: 0.0000
Metrics/locomotion/TACTIC/object_gripper_distance_mean: 0.6935
Metrics/locomotion/TACTIC/object_carrying_mean: 0.0000
Metrics/locomotion/TACTIC/object_carry_memory_mean: 0.0000
Metrics/locomotion/TACTIC/interaction_frontier_mean: 0.0085
Metrics/locomotion/TACTIC/interaction_frontier_delta_mean: 0.0000
Metrics/locomotion/TACTIC/contact_symmetry_mean: 0.0000
 Metrics/locomotion/TACTIC/task_id: 9.0000
Metrics/locomotion/TACTIC/skill_id: 1.7500
Metrics/locomotion/TACTIC/object_id: 4.0000
Metrics/locomotion/TACTIC/effective_object_id: 4.0000
Metrics/locomotion/TACTIC/selected_object_contact: 0.0000
Metrics/locomotion/TACTIC/selected_object_lift: 0.0041
Metrics/locomotion/TACTIC/selected_object_transport: 0.0051
Metrics/locomotion/TACTIC/selected_object_place: 0.0000
Metrics/locomotion/TACTIC/selected_object_completion: 0.0000
Metrics/locomotion/TACTIC/selected_object_carrying: 0.0000
Metrics/locomotion/TACTIC/selected_object_carry_memory: 0.0000
Metrics/locomotion/TACTIC/selected_object_target_progress: 0.3626
Metrics/locomotion/TACTIC/selected_object_target_progress_delta: 0.0000
Metrics/locomotion/TACTIC/selected_object_release_readiness: 0.0000
Metrics/locomotion/TACTIC/selected_object_release_readiness_delta: 0.0000
Metrics/locomotion/TACTIC/selected_object_release_event: 0.0000
Metrics/locomotion/TACTIC/selected_object_drop_event: 0.0000
Metrics/locomotion/TACTIC/selected_object_gripper_distance: 0.8091
Metrics/locomotion/TACTIC/selected_object_place_error_xy: 0.1736
Metrics/locomotion/TACTIC/selected_object_place_error_z: 0.1300
Metrics/locomotion/TACTIC/selected_interaction_frontier: 0.0510
Metrics/locomotion/TACTIC/selected_interaction_frontier_delta: 0.0000
Metrics/locomotion/TACTIC/selected_reachability: 0.0000
Metrics/locomotion/TACTIC/task_switch: 0.0000
Metrics/locomotion/TACTIC/skill_switch: 0.0000
Metrics/locomotion/TACTIC/task_age: 0.0000
Metrics/locomotion/TACTIC/skill_age: 0.0000
Metrics/locomotion/TACTIC/task_hazard: 0.0000
Metrics/locomotion/TACTIC/skill_hazard: 0.0000
Metrics/locomotion/TACTIC/task_termination_probability: 0.0000
Metrics/locomotion/TACTIC/skill_termination_probability: 0.0000
Metrics/locomotion/TACTIC/task_entropy: 0.0000
Metrics/locomotion/TACTIC/skill_entropy: 0.5616
Metrics/locomotion/TACTIC/task_occupancy_entropy: 0.0000
Metrics/locomotion/TACTIC/skill_occupancy_entropy: 0.5616
Metrics/locomotion/TACTIC/skill_parameter_0: 0.0000
Metrics/locomotion/TACTIC/skill_parameter_1: 0.0000
Metrics/locomotion/TACTIC/skill_parameter_2: 0.0000
Metrics/locomotion/TACTIC/skill_parameter_3: 0.0000
Metrics/locomotion/TACTIC/skill_parameter_4: 0.0000
Metrics/locomotion/TACTIC/skill_parameter_5: 0.0000
Metrics/locomotion/TACTIC/object_0_complete: 0.0000
Metrics/locomotion/TACTIC/object_1_complete: 0.0000
Metrics/locomotion/TACTIC/object_2_complete: 0.0000
Metrics/locomotion/TACTIC/object_3_complete: 0.0000
Metrics/locomotion/TACTIC/object_4_complete: 0.0000
Metrics/locomotion/TACTIC/object_5_complete: 0.0000
      Episode_Termination/time_out: 0.0000
   Episode_Termination/bad_contact: 0.0000
          Episode_Termination/tilt: 0.3594
    Episode_Termination/low_height: 0.0156
Episode_Termination/mission_success: 0.0000
--------------------------------------------------------------------------------
                   Total timesteps: 86016
                    Iteration time: 6.46s
                      Time elapsed: 00:02:59
                               ETA: 00:00:19

################################################################################
                       [1m Learning iteration 28/30 [0m                       

                       Computation: 479 steps/s (collection: 5.571s, learning 0.831s)
             Mean action noise std: 0.02
          Mean value_function loss: 6.0576
               Mean surrogate loss: 0.0531
                 Mean entropy loss: -102.7153
 Mean next_control_prediction loss: 0.0208
       Mean skill_feasibility loss: 0.6931
 Mean task_outcome_prediction loss: 0.0320
 Mean task_outcome_confidence loss: 1.5356
Mean task_outcome_confidence_mean loss: 0.1192
Mean skill_outcome_prediction loss: 0.0016
        Mean payload_survival loss: 0.6931
Mean payload_survival_support loss: 0.0202
   Mean payload_drop_fraction loss: 0.0000
Mean payload_survival_prediction loss: 0.5000
 Mean skill_effect_prediction loss: 0.0289
 Mean skill_effect_confidence loss: 1.6444
Mean skill_effect_confidence_mean loss: 0.1192
Mean motion_execution_prediction loss: 0.0378
Mean motion_execution_confidence loss: 1.5083
Mean embodiment_response_prediction loss: 0.0005
Mean embodiment_response_vx_abs loss: 0.0018
Mean embodiment_response_wz_abs loss: 0.0011
   Mean constraint_multiplier loss: 0.0080
Mean task_constraint_multiplier_mean loss: 0.1632
Mean skill_constraint_multiplier_mean loss: 0.1632
 Mean hierarchy_cbf_violation loss: 0.0224
Mean hierarchy_cbf_raw_violation loss: 0.0224
Mean hierarchy_cbf_transient_slack loss: 0.0049
 Mean hierarchy_clf_violation loss: 0.0000
Mean hierarchy_cbf_regression loss: 0.0049
Mean hierarchy_clf_regression loss: 0.0000
   Mean safe_task_achievement loss: -0.0011
  Mean safe_skill_achievement loss: -0.0008
Mean unsafe_positive_progress_rate loss: 0.0490
Mean motion_execution_confidence_mean loss: 0.1192
Mean grounded_effect_diversity loss: 0.0000
      Mean task_option_credit loss: -0.0218
     Mean skill_option_credit loss: -0.0181
    Mean event_hindsight_task loss: 0.0000
   Mean event_hindsight_skill loss: 9.2835
       Mean event_credit_mass loss: 0.0025
Mean task_option_advantage_abs loss: 0.1618
Mean skill_option_advantage_abs loss: 0.2343
         Mean task_transition loss: 2.3782
        Mean skill_transition loss: 1.6794
       Mean motion_transition loss: 1.8671
  Mean interaction_transition loss: 1.3978
Mean interaction_active_fraction loss: 1.0000
              Mean task_usage loss: 0.0000
  Mean task_frontier_coverage loss: 0.0000
Mean selected_frontier_probability loss: 0.8086
       Mean interaction_phase loss: 0.2277
Mean interaction_release_target loss: 0.0198
Mean interaction_release_frontier loss: 0.0060
Mean interaction_release_balance_weight loss: 1.1383
  Mean task_control_objective loss: 0.0090
        Mean task_clf_descent loss: 0.0013
  Mean task_barrier_authority loss: 0.0220
Mean skill_predictive_control loss: 0.0011
Mean relational_subgoal_grounding loss: 0.0000
  Mean task_subgoal_alignment loss: 1.0000
  Mean task_subgoal_authority loss: 0.4834
   Mean task_skill_projection loss: 0.0000
 Mean task_transient_capacity loss: 0.7894
   Mean task_posture_capacity loss: 0.9191
Mean task_projected_turn_demand loss: 0.3284
Mean task_semantic_turn_demand loss: 0.3284
Mean task_lateral_turn_demand loss: 0.0000
Mean task_target_yaw_residual loss: 0.5969
Mean task_interaction_authority loss: 0.0018
    Mean task_arm_scope_error loss: 0.0000
Mean counterfactual_task_selection loss: 0.0000
Mean counterfactual_task_target_entropy loss: 0.0000
Mean counterfactual_task_target_peak loss: 0.0000
Mean grounded_task_utility_span loss: 0.0000
      Mean task_outcome_blend loss: 0.0000
Mean grounded_task_target_agreement loss: 0.0000
Mean sampled_task_target_probability loss: 0.0000
Mean recovery_candidate_fraction loss: 0.0000
Mean recovery_task_probability loss: 0.0000
Mean recovery_target_probability loss: 0.0000
Mean counterfactual_termination loss: 0.4486
 Mean task_termination_target loss: 0.0000
Mean skill_termination_target loss: 0.4406
Mean payload_skill_barrier_pressure loss: 0.0000
Mean payload_transient_demand loss: 0.0052
Mean payload_skill_exit_target loss: 0.0000
Mean payload_survival_exit_target loss: 0.0000
Mean payload_survival_authority loss: 0.0000
        Mean task_switch_gain loss: 0.0000
       Mean skill_switch_gain loss: -0.1387
Mean counterfactual_skill_selection loss: 0.7756
Mean counterfactual_target_entropy loss: 0.5797
Mean counterfactual_target_peak loss: 0.8205
       Mean successor_decoder loss: 0.0776
  Mean successor_predicted_vx loss: -0.0019
  Mean successor_predicted_wz loss: -0.0070
 Mean successor_predicted_cbf loss: 0.5000
 Mean successor_predicted_clf loss: 0.5000
 Mean successor_cbf_violation loss: 0.0030
 Mean successor_clf_violation loss: 0.0001
             Mean skill_usage loss: 0.2016
        Mean skill_confidence loss: 0.6807
     Mean task_slot_diversity loss: 0.3938
Mean skill_embedding_diversity loss: 0.0621
   Mean motion_gain_diversity loss: 0.0000
Mean motion_objective_diversity loss: 0.0000
       Mean event_replay_size loss: 7101.0000
   Mean event_replay_priority loss: 0.0510
 Mean event_replay_task_valid loss: 0.6982
Mean event_replay_task_detail_valid loss: 0.6982
       Mean event_replay_task loss: 0.0000
      Mean event_replay_skill loss: 0.6721
     Mean event_replay_motion loss: 1.0410
Mean event_replay_interaction loss: 0.2212
Mean event_replay_task_subgoal loss: 0.0003
Mean event_replay_skill_parameter loss: 0.0220
  Mean event_replay_parameter loss: 0.0221
Mean event_replay_barrier_quality loss: 0.4929
Mean event_replay_unsafe_fraction loss: 0.0000
Mean event_replay_buffer_unsafe_fraction loss: 0.0000
Mean event_replay_buffer_delivery loss: 0.7513
Mean event_replay_buffer_recovery loss: 0.0000
Mean event_replay_sample_delivery loss: 0.7023
Mean event_replay_sample_recovery loss: 0.0000
Mean event_replay_sample_raw_delivery loss: 0.6992
Mean event_replay_sample_raw_recovery loss: 0.0000
Mean event_replay_recovery_pressure loss: 0.0000
Mean event_replay_recovery_adapter_gate loss: 0.0000
Mean event_replay_buffer_approach loss: 0.7633
Mean event_replay_sample_approach loss: 0.5793
Mean event_replay_sample_raw_approach loss: 0.5824
Mean event_replay_buffer_secure loss: 0.1265
Mean event_replay_sample_secure loss: 0.2583
Mean event_replay_sample_raw_secure loss: 0.2584
Mean event_replay_buffer_release loss: 0.1102
Mean event_replay_sample_release loss: 0.1624
Mean event_replay_sample_raw_release loss: 0.1592
Mean payload_survival_replay_size loss: 931.0000
Mean payload_survival_replay_support loss: 1.0000
Mean payload_survival_replay_drop_fraction loss: 0.4999
Mean payload_survival_replay_prediction loss: 0.5000
Mean payload_survival_replay_drop_prediction loss: 0.5000
Mean payload_survival_replay_retain_prediction loss: 0.5000
Mean payload_survival_replay_separation loss: 0.0000
Mean payload_survival_replay_accuracy loss: 0.5000
Mean payload_survival_replay_rank_loss loss: 0.7185
Mean payload_survival_replay_rank_gap loss: 0.0000
Mean payload_survival_replay_rank_accuracy loss: 0.0000
Mean payload_survival_replay_rank_pairs loss: 183.0000
      Mean event_replay_added loss: 183.0000
Mean event_replay_append_task_valid loss: 0.7760
Mean event_replay_task_relabel loss: 0.2240
Mean event_replay_interaction_relabel loss: 0.4044
Mean event_replay_append_delivery loss: 0.8197
Mean event_replay_append_recovery loss: 0.0000
Mean event_replay_append_payload_recovery loss: 0.0000
Mean payload_survival_replay_added loss: 36.0000
Mean payload_survival_replay_append_drop_fraction loss: 0.0000
      Mean hierarchy_cbf_dual loss: 0.4912
      Mean hierarchy_clf_dual loss: 0.2388
Mean hierarchy_cbf_violation_ema loss: 0.1244
Mean hierarchy_clf_violation_ema loss: 0.0141
Mean physical_adaptation_active loss: 0.0000
Mean physical_adaptation_stage loss: -10.0000
 Mean hierarchy_only_training loss: 0.0000
Mean decomposition_only_training loss: 0.0000
Mean motion_selector_only_training loss: 0.0000
Mean interaction_selector_only_training loss: 0.0000
Mean motion_skill_only_training loss: 0.0000
Mean payload_motion_only_training loss: 0.0000
Mean recovery_adapter_only_training loss: 0.0000
 Mean auxiliary_learning_rate loss: 0.0000
Mean payload_survival_learning_rate loss: 0.0003
Mean physical_core_learning_rate loss: 0.0000
Mean physical_adapter_learning_rate loss: 0.0000
Mean skill_information_reward loss: -0.0051
 Mean task_information_reward loss: 0.0000
                       Mean reward: -134.67
               Mean episode length: 111.69
   Episode_Reward/term_bad_contact: 0.0000
          Episode_Reward/term_tilt: -0.0139
    Episode_Reward/term_low_height: -0.0492
      Episode_Reward/leg_action_l2: -0.0015
   Episode_Reward/tracking_lin_vel: 0.0000
Episode_Reward/tracking_ang_vel_yaw_l1: 0.0000
Episode_Reward/tracking_ang_vel_yaw_exp: 0.0000
Episode_Reward/tracking_lin_vel_y_l2: 0.0000
Episode_Reward/tracking_lin_vel_z_l2: 0.0000
            Episode_Reward/survive: 0.0000
    Episode_Reward/foot_contacts_z: 0.0000
            Episode_Reward/torques: -0.0066
 Episode_Reward/tracking_lin_vel_y: 0.0000
          Episode_Reward/lin_vel_z: -0.0008
         Episode_Reward/ang_vel_xy: -0.0012
   Episode_Reward/tracking_ang_vel: 0.0019
               Episode_Reward/work: -0.0329
            Episode_Reward/dof_acc: -0.1289
        Episode_Reward/action_rate: -0.0003
     Episode_Reward/dof_pos_limits: -0.0000
      Episode_Reward/delta_torques: -0.0000
          Episode_Reward/collision: -0.1795
        Episode_Reward/walking_dof: 0.0003
            Episode_Reward/hip_pos: -0.0013
          Episode_Reward/feet_jerk: 0.0000
              Episode_Reward/alive: 0.0096
          Episode_Reward/feet_drag: -0.0004
Episode_Reward/feet_contact_forces: -0.0054
               Episode_Reward/roll: -0.0018
        Episode_Reward/base_height: -0.0059
Episode_Reward/tracking_lin_vel_max: 0.0132
Episode_Reward/flat_orientation_l2: -0.0005
  Episode_Reward/air_time_variance: -0.0000
        Episode_Reward/feet_height: 0.0000
      Episode_Reward/feet_air_time: -0.0000
Episode_Reward/update_last_buffers: 0.0000
   Episode_Reward/wheel_idle_speed: -0.4458
    Episode_Reward/wheel_action_l2: -0.0001
  Episode_Reward/wheel_action_rate: 0.0000
  Episode_Reward/wheel_forward_use: 0.0001
 Episode_Reward/wheel_turn_support: 0.0031
Episode_Reward/tactic_mission_completion: 0.0000
Episode_Reward/tactic_mission_success: 0.0000
Episode_Reward/tactic_task_progress: -0.0003
Episode_Reward/tactic_task_tracking: 0.0018
 Episode_Reward/tactic_ee_tracking: 0.0109
  Episode_Reward/tactic_valid_task: 0.0019
Episode_Reward/tactic_invalid_task: 0.0000
Episode_Reward/tactic_option_switch: -0.0000
Episode_Reward/tactic_control_progress: -0.0001
  Episode_Reward/tactic_cbf_margin: 0.0000
Episode_Reward/tactic_predicted_margin: 0.0000
Episode_Reward/tactic_clf_decrease: 0.0000
Episode_Reward/tactic_disturbance_rejection: 0.0000
Episode_Reward/tactic_safety_violation: -0.0018
Episode_Reward/tactic_unsafe_progress: -0.0000
Episode_Reward/tactic_object_contact: 0.0099
 Episode_Reward/tactic_object_lift: 0.0000
Episode_Reward/tactic_object_transport: 0.0000
Episode_Reward/tactic_object_place: 0.0000
Episode_Reward/tactic_object_completion: 0.0000
Episode_Reward/tactic_interaction_frontier: 0.0012
  Episode_Reward/tactic_grasp_hold: 0.0048
Episode_Reward/tactic_payload_progress: 0.0000
Episode_Reward/tactic_release_readiness: 0.0000
Episode_Reward/tactic_intended_release: 0.0000
Episode_Reward/tactic_payload_retention: 0.0000
Episode_Reward/tactic_payload_drop: 0.0000
Episode_Reward/tactic_release_quality: 0.0000
Episode_Reward/tactic_wrong_object_interaction: 0.0000
 Episode_Reward/tactic_all_objects: 0.0000
Metrics/locomotion/TACTIC/mission_completion: 0.0000
Metrics/locomotion/TACTIC/mission_completion_delta: 0.0000
Metrics/locomotion/TACTIC/mission_success: 0.0000
Metrics/locomotion/TACTIC/task_progress: 0.1166
Metrics/locomotion/TACTIC/task_progress_delta: -0.0025
Metrics/locomotion/TACTIC/task_error: 1.4167
Metrics/locomotion/TACTIC/ee_error: 0.6931
Metrics/locomotion/TACTIC/tcp_object_distance: 0.6704
Metrics/locomotion/TACTIC/goal_object_distance: 0.0814
Metrics/locomotion/TACTIC/finger_object_distance: 0.7032
Metrics/locomotion/TACTIC/object_target_distance: 0.2181
Metrics/locomotion/TACTIC/recovery_task_executed: 0.0000
Metrics/locomotion/TACTIC/recovery_task_probability: 0.0000
Metrics/locomotion/TACTIC/executed_task_probability: 1.0000
Metrics/locomotion/TACTIC/task_constraint_projection: 0.0000
Metrics/locomotion/TACTIC/recovery_latch_seen: 0.0000
Metrics/locomotion/TACTIC/recovery_valid_seen: 0.0000
Metrics/locomotion/TACTIC/recovery_pressure_seen: 0.0000
Metrics/locomotion/TACTIC/cbf_margin: 0.0000
Metrics/locomotion/TACTIC/predicted_margin: 0.0000
Metrics/locomotion/TACTIC/clf_decrease: -0.1217
Metrics/locomotion/TACTIC/disturbance_estimate: 0.8972
Metrics/locomotion/TACTIC/base_height: 0.2318
Metrics/locomotion/TACTIC/base_tilt: 0.5415
Metrics/locomotion/TACTIC/control_recovery_pressure: 1.0000
Metrics/locomotion/TACTIC/control_recovery_active: 1.0000
Metrics/locomotion/TACTIC/control_recovery_constraint_active: 1.0000
Metrics/locomotion/TACTIC/payload_posture_projection: 0.0000
Metrics/locomotion/TACTIC/payload_relation_violation: 0.0000
 Metrics/locomotion/TACTIC/base_vx: 0.0732
 Metrics/locomotion/TACTIC/base_vy: 0.0818
 Metrics/locomotion/TACTIC/base_wz: -0.1347
Metrics/locomotion/TACTIC/support_count: 3.0000
Metrics/locomotion/TACTIC/obstacle_margin: 1.2106
Metrics/locomotion/TACTIC/gripper_closure: 0.6343
Metrics/locomotion/TACTIC/manipulation_active: 1.0000
Metrics/locomotion/TACTIC/grasp_active: 1.0000
Metrics/locomotion/TACTIC/grasp_orientation_active: 0.0000
Metrics/locomotion/TACTIC/grasp_orientation_error: 0.0000
Metrics/locomotion/TACTIC/interaction_authority: 0.0000
Metrics/locomotion/TACTIC/workspace_handoff: 0.0000
Metrics/locomotion/TACTIC/grasp_projection_distance: 0.0000
Metrics/locomotion/TACTIC/grasp_center_error: 0.0000
Metrics/locomotion/TACTIC/capture_staging_distance: 0.8662
Metrics/locomotion/TACTIC/capture_heading_error: 1.2116
Metrics/locomotion/TACTIC/capture_initiation_margin: -2.5788
Metrics/locomotion/TACTIC/selected_delivery_side: -0.4167
Metrics/locomotion/TACTIC/capture_lift_active: 0.7083
Metrics/locomotion/TACTIC/command_vx: -0.0343
Metrics/locomotion/TACTIC/command_vy: -0.0002
Metrics/locomotion/TACTIC/command_wz: 0.1298
Metrics/locomotion/TACTIC/curriculum_level: 0.0000
Metrics/locomotion/TACTIC/curriculum_frontier: 0.0000
Metrics/locomotion/TACTIC/curriculum_probe: 0.0000
Metrics/locomotion/TACTIC/interaction_start_curriculum: 1.0000
Metrics/locomotion/TACTIC/interaction_start_probability: 1.0000
Metrics/locomotion/TACTIC/composition_probe_probability: 0.0271
Metrics/locomotion/TACTIC/curriculum_completion_ema: 0.0000
Metrics/locomotion/TACTIC/curriculum_progress_ema: 0.0786
Metrics/locomotion/TACTIC/curriculum_safety_ema: 0.6935
Metrics/locomotion/TACTIC/episode_safety_fraction: 0.9228
Metrics/locomotion/TACTIC/curriculum_contact_ema: 0.0488
Metrics/locomotion/TACTIC/curriculum_lift_ema: 0.0113
Metrics/locomotion/TACTIC/curriculum_transport_ema: 0.0133
Metrics/locomotion/TACTIC/curriculum_place_ema: 0.0000
Metrics/locomotion/TACTIC/curriculum_delivery_completion_ema: 0.0000
Metrics/locomotion/TACTIC/curriculum_regression_streak: 0.0000
Metrics/locomotion/TACTIC/required_task_count: 1.0000
Metrics/locomotion/TACTIC/object_completion_mean: 0.0000
Metrics/locomotion/TACTIC/object_contact_mean: 0.0000
Metrics/locomotion/TACTIC/object_lift_mean: 0.0000
Metrics/locomotion/TACTIC/object_transport_mean: 0.0000
Metrics/locomotion/TACTIC/object_place_mean: 0.0000
Metrics/locomotion/TACTIC/object_target_progress_mean: 0.0357
Metrics/locomotion/TACTIC/object_target_progress_delta_mean: 0.0000
Metrics/locomotion/TACTIC/object_release_readiness_mean: 0.0000
Metrics/locomotion/TACTIC/object_release_readiness_delta_mean: 0.0000
Metrics/locomotion/TACTIC/object_release_event_mean: 0.0000
Metrics/locomotion/TACTIC/object_drop_event_mean: 0.0000
Metrics/locomotion/TACTIC/object_gripper_distance_mean: 0.7161
Metrics/locomotion/TACTIC/object_carrying_mean: 0.0000
Metrics/locomotion/TACTIC/object_carry_memory_mean: 0.0000
Metrics/locomotion/TACTIC/interaction_frontier_mean: 0.0189
Metrics/locomotion/TACTIC/interaction_frontier_delta_mean: 0.0000
Metrics/locomotion/TACTIC/contact_symmetry_mean: 0.0000
 Metrics/locomotion/TACTIC/task_id: 9.0000
Metrics/locomotion/TACTIC/skill_id: 5.1250
Metrics/locomotion/TACTIC/object_id: 4.0000
Metrics/locomotion/TACTIC/effective_object_id: 4.0000
Metrics/locomotion/TACTIC/selected_object_contact: 0.0000
Metrics/locomotion/TACTIC/selected_object_lift: 0.0000
Metrics/locomotion/TACTIC/selected_object_transport: 0.0000
Metrics/locomotion/TACTIC/selected_object_place: 0.0000
Metrics/locomotion/TACTIC/selected_object_completion: 0.0000
Metrics/locomotion/TACTIC/selected_object_carrying: 0.0000
Metrics/locomotion/TACTIC/selected_object_carry_memory: 0.0000
Metrics/locomotion/TACTIC/selected_object_target_progress: 0.2142
Metrics/locomotion/TACTIC/selected_object_target_progress_delta: 0.0000
Metrics/locomotion/TACTIC/selected_object_release_readiness: 0.0000
Metrics/locomotion/TACTIC/selected_object_release_readiness_delta: 0.0000
Metrics/locomotion/TACTIC/selected_object_release_event: 0.0000
Metrics/locomotion/TACTIC/selected_object_drop_event: 0.0000
Metrics/locomotion/TACTIC/selected_object_gripper_distance: 0.6696
Metrics/locomotion/TACTIC/selected_object_place_error_xy: 0.2133
Metrics/locomotion/TACTIC/selected_object_place_error_z: 0.0382
Metrics/locomotion/TACTIC/selected_interaction_frontier: 0.1133
Metrics/locomotion/TACTIC/selected_interaction_frontier_delta: 0.0000
Metrics/locomotion/TACTIC/selected_reachability: 0.0001
Metrics/locomotion/TACTIC/task_switch: 0.0000
Metrics/locomotion/TACTIC/skill_switch: 0.0000
Metrics/locomotion/TACTIC/task_age: 0.0000
Metrics/locomotion/TACTIC/skill_age: 0.0000
Metrics/locomotion/TACTIC/task_hazard: 0.0000
Metrics/locomotion/TACTIC/skill_hazard: 0.0000
Metrics/locomotion/TACTIC/task_termination_probability: 0.0000
Metrics/locomotion/TACTIC/skill_termination_probability: 0.0000
Metrics/locomotion/TACTIC/task_entropy: 0.0000
Metrics/locomotion/TACTIC/skill_entropy: 0.5200
Metrics/locomotion/TACTIC/task_occupancy_entropy: 0.0000
Metrics/locomotion/TACTIC/skill_occupancy_entropy: 0.5200
Metrics/locomotion/TACTIC/skill_parameter_0: 0.0000
Metrics/locomotion/TACTIC/skill_parameter_1: 0.0000
Metrics/locomotion/TACTIC/skill_parameter_2: 0.0000
Metrics/locomotion/TACTIC/skill_parameter_3: 0.0000
Metrics/locomotion/TACTIC/skill_parameter_4: 0.0000
Metrics/locomotion/TACTIC/skill_parameter_5: 0.0000
Metrics/locomotion/TACTIC/object_0_complete: 0.0000
Metrics/locomotion/TACTIC/object_1_complete: 0.0000
Metrics/locomotion/TACTIC/object_2_complete: 0.0000
Metrics/locomotion/TACTIC/object_3_complete: 0.0000
Metrics/locomotion/TACTIC/object_4_complete: 0.0000
Metrics/locomotion/TACTIC/object_5_complete: 0.0000
      Episode_Termination/time_out: 0.0000
   Episode_Termination/bad_contact: 0.0000
          Episode_Termination/tilt: 0.3594
    Episode_Termination/low_height: 0.0156
Episode_Termination/mission_success: 0.0000
--------------------------------------------------------------------------------
                   Total timesteps: 89088
                    Iteration time: 6.40s
                      Time elapsed: 00:03:06
                               ETA: 00:00:12

################################################################################
                       [1m Learning iteration 29/30 [0m                       

                       Computation: 483 steps/s (collection: 5.503s, learning 0.851s)
             Mean action noise std: 0.02
          Mean value_function loss: 5.7605
               Mean surrogate loss: 0.0700
                 Mean entropy loss: -102.7340
 Mean next_control_prediction loss: 0.0225
       Mean skill_feasibility loss: 0.6931
 Mean task_outcome_prediction loss: 0.0321
 Mean task_outcome_confidence loss: 1.5333
Mean task_outcome_confidence_mean loss: 0.1192
Mean skill_outcome_prediction loss: 0.0019
        Mean payload_survival loss: 0.6931
Mean payload_survival_support loss: 0.0215
   Mean payload_drop_fraction loss: 0.0000
Mean payload_survival_prediction loss: 0.5000
 Mean skill_effect_prediction loss: 0.0309
 Mean skill_effect_confidence loss: 1.6362
Mean skill_effect_confidence_mean loss: 0.1192
Mean motion_execution_prediction loss: 0.0397
Mean motion_execution_confidence loss: 1.5058
Mean embodiment_response_prediction loss: 0.0020
Mean embodiment_response_vx_abs loss: 0.0018
Mean embodiment_response_wz_abs loss: 0.0011
   Mean constraint_multiplier loss: 0.0088
Mean task_constraint_multiplier_mean loss: 0.1632
Mean skill_constraint_multiplier_mean loss: 0.1632
 Mean hierarchy_cbf_violation loss: 0.0298
Mean hierarchy_cbf_raw_violation loss: 0.0298
Mean hierarchy_cbf_transient_slack loss: 0.0042
 Mean hierarchy_clf_violation loss: 0.0018
Mean hierarchy_cbf_regression loss: 0.0097
Mean hierarchy_clf_regression loss: 0.0016
   Mean safe_task_achievement loss: -0.0026
  Mean safe_skill_achievement loss: -0.0018
Mean unsafe_positive_progress_rate loss: 0.0450
Mean motion_execution_confidence_mean loss: 0.1192
Mean grounded_effect_diversity loss: 0.0000
      Mean task_option_credit loss: -0.0356
     Mean skill_option_credit loss: -0.0295
    Mean event_hindsight_task loss: 0.0000
   Mean event_hindsight_skill loss: 5.1925
       Mean event_credit_mass loss: 0.0020
Mean task_option_advantage_abs loss: 0.2274
Mean skill_option_advantage_abs loss: 0.2459
         Mean task_transition loss: 2.3772
        Mean skill_transition loss: 1.6817
       Mean motion_transition loss: 1.8601
  Mean interaction_transition loss: 1.4140
Mean interaction_active_fraction loss: 1.0000
              Mean task_usage loss: 0.0000
  Mean task_frontier_coverage loss: 0.0000
Mean selected_frontier_probability loss: 0.8065
       Mean interaction_phase loss: 0.2269
Mean interaction_release_target loss: 0.0182
Mean interaction_release_frontier loss: 0.0041
Mean interaction_release_balance_weight loss: 1.1275
  Mean task_control_objective loss: 0.0087
        Mean task_clf_descent loss: 0.0013
  Mean task_barrier_authority loss: 0.0211
Mean skill_predictive_control loss: 0.0013
Mean relational_subgoal_grounding loss: 0.0000
  Mean task_subgoal_alignment loss: 1.0000
  Mean task_subgoal_authority loss: 0.4837
   Mean task_skill_projection loss: 0.0000
 Mean task_transient_capacity loss: 0.7922
   Mean task_posture_capacity loss: 0.9182
Mean task_projected_turn_demand loss: 0.3261
Mean task_semantic_turn_demand loss: 0.3261
Mean task_lateral_turn_demand loss: 0.0000
Mean task_target_yaw_residual loss: 0.5929
Mean task_interaction_authority loss: 0.0031
    Mean task_arm_scope_error loss: 0.0000
Mean counterfactual_task_selection loss: 0.0000
Mean counterfactual_task_target_entropy loss: 0.0000
Mean counterfactual_task_target_peak loss: 0.0000
Mean grounded_task_utility_span loss: 0.0000
      Mean task_outcome_blend loss: 0.0000
Mean grounded_task_target_agreement loss: 0.0000
Mean sampled_task_target_probability loss: 0.0000
Mean recovery_candidate_fraction loss: 0.0000
Mean recovery_task_probability loss: 0.0000
Mean recovery_target_probability loss: 0.0000
Mean counterfactual_termination loss: 0.4596
 Mean task_termination_target loss: 0.0000
Mean skill_termination_target loss: 0.4831
Mean payload_skill_barrier_pressure loss: 0.0000
Mean payload_transient_demand loss: 0.0038
Mean payload_skill_exit_target loss: 0.0000
Mean payload_survival_exit_target loss: 0.0000
Mean payload_survival_authority loss: 0.0000
        Mean task_switch_gain loss: 0.0000
       Mean skill_switch_gain loss: -0.0978
Mean counterfactual_skill_selection loss: 0.7750
Mean counterfactual_target_entropy loss: 0.5804
Mean counterfactual_target_peak loss: 0.8223
       Mean successor_decoder loss: 0.0771
  Mean successor_predicted_vx loss: -0.0021
  Mean successor_predicted_wz loss: -0.0062
 Mean successor_predicted_cbf loss: 0.5000
 Mean successor_predicted_clf loss: 0.5000
 Mean successor_cbf_violation loss: 0.0029
 Mean successor_clf_violation loss: 0.0002
             Mean skill_usage loss: 0.1972
        Mean skill_confidence loss: 0.6835
     Mean task_slot_diversity loss: 0.3942
Mean skill_embedding_diversity loss: 0.0621
   Mean motion_gain_diversity loss: 0.0000
Mean motion_objective_diversity loss: 0.0000
       Mean event_replay_size loss: 7284.0000
   Mean event_replay_priority loss: 0.0518
 Mean event_replay_task_valid loss: 0.6934
Mean event_replay_task_detail_valid loss: 0.6934
       Mean event_replay_task loss: 0.0000
      Mean event_replay_skill loss: 0.6967
     Mean event_replay_motion loss: 1.0745
Mean event_replay_interaction loss: 0.2350
Mean event_replay_task_subgoal loss: 0.0003
Mean event_replay_skill_parameter loss: 0.0233
  Mean event_replay_parameter loss: 0.0234
Mean event_replay_barrier_quality loss: 0.4950
Mean event_replay_unsafe_fraction loss: 0.0000
Mean event_replay_buffer_unsafe_fraction loss: 0.0000
Mean event_replay_buffer_delivery loss: 0.7551
Mean event_replay_buffer_recovery loss: 0.0000
Mean event_replay_sample_delivery loss: 0.6980
Mean event_replay_sample_recovery loss: 0.0000
Mean event_replay_sample_raw_delivery loss: 0.6943
Mean event_replay_sample_raw_recovery loss: 0.0000
Mean event_replay_recovery_pressure loss: 0.0000
Mean event_replay_recovery_adapter_gate loss: 0.0000
Mean event_replay_buffer_approach loss: 0.7629
Mean event_replay_sample_approach loss: 0.5756
Mean event_replay_sample_raw_approach loss: 0.5795
Mean event_replay_buffer_secure loss: 0.1260
Mean event_replay_sample_secure loss: 0.2595
Mean event_replay_sample_raw_secure loss: 0.2588
Mean event_replay_buffer_release loss: 0.1111
Mean event_replay_sample_release loss: 0.1649
Mean event_replay_sample_raw_release loss: 0.1617
Mean payload_survival_replay_size loss: 967.0000
Mean payload_survival_replay_support loss: 1.0000
Mean payload_survival_replay_drop_fraction loss: 0.4999
Mean payload_survival_replay_prediction loss: 0.5000
Mean payload_survival_replay_drop_prediction loss: 0.5000
Mean payload_survival_replay_retain_prediction loss: 0.5000
Mean payload_survival_replay_separation loss: 0.0000
Mean payload_survival_replay_accuracy loss: 0.5000
Mean payload_survival_replay_rank_loss loss: 0.7185
Mean payload_survival_replay_rank_gap loss: 0.0000
Mean payload_survival_replay_rank_accuracy loss: 0.0000
Mean payload_survival_replay_rank_pairs loss: 150.0000
      Mean event_replay_added loss: 183.0000
Mean event_replay_append_task_valid loss: 0.8962
Mean event_replay_task_relabel loss: 0.1038
Mean event_replay_interaction_relabel loss: 0.2404
Mean event_replay_append_delivery loss: 0.9016
Mean event_replay_append_recovery loss: 0.0000
Mean event_replay_append_payload_recovery loss: 0.0000
Mean payload_survival_replay_added loss: 36.0000
Mean payload_survival_replay_append_drop_fraction loss: 0.0000
      Mean hierarchy_cbf_dual loss: 0.4902
      Mean hierarchy_clf_dual loss: 0.2348
Mean hierarchy_cbf_violation_ema loss: 0.1197
Mean hierarchy_clf_violation_ema loss: 0.0135
Mean physical_adaptation_active loss: 0.0000
Mean physical_adaptation_stage loss: -10.0000
 Mean hierarchy_only_training loss: 0.0000
Mean decomposition_only_training loss: 0.0000
Mean motion_selector_only_training loss: 0.0000
Mean interaction_selector_only_training loss: 0.0000
Mean motion_skill_only_training loss: 0.0000
Mean payload_motion_only_training loss: 0.0000
Mean recovery_adapter_only_training loss: 0.0000
 Mean auxiliary_learning_rate loss: 0.0000
Mean payload_survival_learning_rate loss: 0.0003
Mean physical_core_learning_rate loss: 0.0000
Mean physical_adapter_learning_rate loss: 0.0000
Mean skill_information_reward loss: -0.0055
 Mean task_information_reward loss: 0.0000
                       Mean reward: -138.24
               Mean episode length: 121.98
   Episode_Reward/term_bad_contact: 0.0000
          Episode_Reward/term_tilt: -0.0127
    Episode_Reward/term_low_height: -0.0023
      Episode_Reward/leg_action_l2: -0.0028
   Episode_Reward/tracking_lin_vel: 0.0000
Episode_Reward/tracking_ang_vel_yaw_l1: 0.0000
Episode_Reward/tracking_ang_vel_yaw_exp: 0.0000
Episode_Reward/tracking_lin_vel_y_l2: 0.0000
Episode_Reward/tracking_lin_vel_z_l2: 0.0000
            Episode_Reward/survive: 0.0000
    Episode_Reward/foot_contacts_z: 0.0000
            Episode_Reward/torques: -0.0153
 Episode_Reward/tracking_lin_vel_y: 0.0000
          Episode_Reward/lin_vel_z: -0.0002
         Episode_Reward/ang_vel_xy: -0.0008
   Episode_Reward/tracking_ang_vel: 0.0024
               Episode_Reward/work: -0.0379
            Episode_Reward/dof_acc: -0.1369
        Episode_Reward/action_rate: -0.0007
     Episode_Reward/dof_pos_limits: -0.0000
      Episode_Reward/delta_torques: -0.0000
          Episode_Reward/collision: -0.3665
        Episode_Reward/walking_dof: 0.0011
            Episode_Reward/hip_pos: -0.0026
          Episode_Reward/feet_jerk: 0.0000
              Episode_Reward/alive: 0.0184
          Episode_Reward/feet_drag: -0.0008
Episode_Reward/feet_contact_forces: -0.0111
               Episode_Reward/roll: -0.0041
        Episode_Reward/base_height: -0.0133
Episode_Reward/tracking_lin_vel_max: 0.0261
Episode_Reward/flat_orientation_l2: -0.0010
  Episode_Reward/air_time_variance: -0.0001
        Episode_Reward/feet_height: 0.0000
      Episode_Reward/feet_air_time: -0.0000
Episode_Reward/update_last_buffers: 0.0000
   Episode_Reward/wheel_idle_speed: -0.4114
    Episode_Reward/wheel_action_l2: -0.0002
  Episode_Reward/wheel_action_rate: 0.0000
  Episode_Reward/wheel_forward_use: 0.0005
 Episode_Reward/wheel_turn_support: 0.0116
Episode_Reward/tactic_mission_completion: 0.0000
Episode_Reward/tactic_mission_success: 0.0000
Episode_Reward/tactic_task_progress: -0.0003
Episode_Reward/tactic_task_tracking: 0.0015
 Episode_Reward/tactic_ee_tracking: 0.0208
  Episode_Reward/tactic_valid_task: 0.0037
Episode_Reward/tactic_invalid_task: 0.0000
Episode_Reward/tactic_option_switch: -0.0000
Episode_Reward/tactic_control_progress: -0.0001
  Episode_Reward/tactic_cbf_margin: 0.0000
Episode_Reward/tactic_predicted_margin: 0.0000
Episode_Reward/tactic_clf_decrease: 0.0000
Episode_Reward/tactic_disturbance_rejection: 0.0000
Episode_Reward/tactic_safety_violation: -0.0020
Episode_Reward/tactic_unsafe_progress: -0.0000
Episode_Reward/tactic_object_contact: 0.0000
 Episode_Reward/tactic_object_lift: 0.0000
Episode_Reward/tactic_object_transport: 0.0000
Episode_Reward/tactic_object_place: 0.0000
Episode_Reward/tactic_object_completion: 0.0000
Episode_Reward/tactic_interaction_frontier: 0.0000
  Episode_Reward/tactic_grasp_hold: 0.0000
Episode_Reward/tactic_payload_progress: 0.0000
Episode_Reward/tactic_release_readiness: 0.0000
Episode_Reward/tactic_intended_release: 0.0000
Episode_Reward/tactic_payload_retention: 0.0000
Episode_Reward/tactic_payload_drop: 0.0000
Episode_Reward/tactic_release_quality: 0.0000
Episode_Reward/tactic_wrong_object_interaction: 0.0000
 Episode_Reward/tactic_all_objects: 0.0000
Metrics/locomotion/TACTIC/mission_completion: 0.0000
Metrics/locomotion/TACTIC/mission_completion_delta: 0.0000
Metrics/locomotion/TACTIC/mission_success: 0.0000
Metrics/locomotion/TACTIC/task_progress: 0.0726
Metrics/locomotion/TACTIC/task_progress_delta: -0.0078
Metrics/locomotion/TACTIC/task_error: 1.6442
Metrics/locomotion/TACTIC/ee_error: 0.2745
Metrics/locomotion/TACTIC/tcp_object_distance: 0.2544
Metrics/locomotion/TACTIC/goal_object_distance: 0.1935
Metrics/locomotion/TACTIC/finger_object_distance: 0.3123
Metrics/locomotion/TACTIC/object_target_distance: 0.3125
Metrics/locomotion/TACTIC/recovery_task_executed: 0.0000
Metrics/locomotion/TACTIC/recovery_task_probability: 0.0000
Metrics/locomotion/TACTIC/executed_task_probability: 1.0000
Metrics/locomotion/TACTIC/task_constraint_projection: 0.0000
Metrics/locomotion/TACTIC/recovery_latch_seen: 0.0000
Metrics/locomotion/TACTIC/recovery_valid_seen: 0.0000
Metrics/locomotion/TACTIC/recovery_pressure_seen: 0.0000
Metrics/locomotion/TACTIC/cbf_margin: 0.0000
Metrics/locomotion/TACTIC/predicted_margin: 0.0000
Metrics/locomotion/TACTIC/clf_decrease: -0.2767
Metrics/locomotion/TACTIC/disturbance_estimate: 0.6575
Metrics/locomotion/TACTIC/base_height: 0.2690
Metrics/locomotion/TACTIC/base_tilt: 0.4856
Metrics/locomotion/TACTIC/control_recovery_pressure: 1.0000
Metrics/locomotion/TACTIC/control_recovery_active: 1.0000
Metrics/locomotion/TACTIC/control_recovery_constraint_active: 1.0000
Metrics/locomotion/TACTIC/payload_posture_projection: 0.0000
Metrics/locomotion/TACTIC/payload_relation_violation: 0.0000
 Metrics/locomotion/TACTIC/base_vx: 0.3892
 Metrics/locomotion/TACTIC/base_vy: 0.0073
 Metrics/locomotion/TACTIC/base_wz: -0.1964
Metrics/locomotion/TACTIC/support_count: 3.0000
Metrics/locomotion/TACTIC/obstacle_margin: 1.0417
Metrics/locomotion/TACTIC/gripper_closure: 0.0226
Metrics/locomotion/TACTIC/manipulation_active: 1.0000
Metrics/locomotion/TACTIC/grasp_active: 1.0000
Metrics/locomotion/TACTIC/grasp_orientation_active: 0.0000
Metrics/locomotion/TACTIC/grasp_orientation_error: 0.0000
Metrics/locomotion/TACTIC/interaction_authority: 0.0000
Metrics/locomotion/TACTIC/workspace_handoff: 0.0000
Metrics/locomotion/TACTIC/grasp_projection_distance: 0.0000
Metrics/locomotion/TACTIC/grasp_center_error: 0.0000
Metrics/locomotion/TACTIC/capture_staging_distance: 1.1220
Metrics/locomotion/TACTIC/capture_heading_error: 2.4712
Metrics/locomotion/TACTIC/capture_initiation_margin: -4.5325
Metrics/locomotion/TACTIC/selected_delivery_side: 1.0000
Metrics/locomotion/TACTIC/capture_lift_active: 0.0000
Metrics/locomotion/TACTIC/command_vx: -0.0053
Metrics/locomotion/TACTIC/command_vy: -0.0014
Metrics/locomotion/TACTIC/command_wz: 0.3145
Metrics/locomotion/TACTIC/curriculum_level: 0.0000
Metrics/locomotion/TACTIC/curriculum_frontier: 0.0000
Metrics/locomotion/TACTIC/curriculum_probe: 0.0000
Metrics/locomotion/TACTIC/interaction_start_curriculum: 1.0000
Metrics/locomotion/TACTIC/interaction_start_probability: 1.0000
Metrics/locomotion/TACTIC/composition_probe_probability: 0.0260
Metrics/locomotion/TACTIC/curriculum_completion_ema: 0.0000
Metrics/locomotion/TACTIC/curriculum_progress_ema: 0.0805
Metrics/locomotion/TACTIC/curriculum_safety_ema: 0.7019
Metrics/locomotion/TACTIC/episode_safety_fraction: 0.9750
Metrics/locomotion/TACTIC/curriculum_contact_ema: 0.0787
Metrics/locomotion/TACTIC/curriculum_lift_ema: 0.0108
Metrics/locomotion/TACTIC/curriculum_transport_ema: 0.0128
Metrics/locomotion/TACTIC/curriculum_place_ema: 0.0000
Metrics/locomotion/TACTIC/curriculum_delivery_completion_ema: 0.0000
Metrics/locomotion/TACTIC/curriculum_regression_streak: 0.0000
Metrics/locomotion/TACTIC/required_task_count: 1.0000
Metrics/locomotion/TACTIC/object_completion_mean: 0.0000
Metrics/locomotion/TACTIC/object_contact_mean: 0.0000
Metrics/locomotion/TACTIC/object_lift_mean: 0.0000
Metrics/locomotion/TACTIC/object_transport_mean: 0.0000
Metrics/locomotion/TACTIC/object_place_mean: 0.0000
Metrics/locomotion/TACTIC/object_target_progress_mean: -0.0009
Metrics/locomotion/TACTIC/object_target_progress_delta_mean: 0.0000
Metrics/locomotion/TACTIC/object_release_readiness_mean: 0.0000
Metrics/locomotion/TACTIC/object_release_readiness_delta_mean: 0.0000
Metrics/locomotion/TACTIC/object_release_event_mean: 0.0000
Metrics/locomotion/TACTIC/object_drop_event_mean: 0.0000
Metrics/locomotion/TACTIC/object_gripper_distance_mean: 0.9217
Metrics/locomotion/TACTIC/object_carrying_mean: 0.0000
Metrics/locomotion/TACTIC/object_carry_memory_mean: 0.0000
Metrics/locomotion/TACTIC/interaction_frontier_mean: 0.0000
Metrics/locomotion/TACTIC/interaction_frontier_delta_mean: 0.0000
Metrics/locomotion/TACTIC/contact_symmetry_mean: 0.0000
 Metrics/locomotion/TACTIC/task_id: 9.0000
Metrics/locomotion/TACTIC/skill_id: 3.2500
Metrics/locomotion/TACTIC/object_id: 4.0000
Metrics/locomotion/TACTIC/effective_object_id: 4.0000
Metrics/locomotion/TACTIC/selected_object_contact: 0.0000
Metrics/locomotion/TACTIC/selected_object_lift: 0.0000
Metrics/locomotion/TACTIC/selected_object_transport: 0.0000
Metrics/locomotion/TACTIC/selected_object_place: 0.0000
Metrics/locomotion/TACTIC/selected_object_completion: 0.0000
Metrics/locomotion/TACTIC/selected_object_carrying: 0.0000
Metrics/locomotion/TACTIC/selected_object_carry_memory: 0.0000
Metrics/locomotion/TACTIC/selected_object_target_progress: -0.0056
Metrics/locomotion/TACTIC/selected_object_target_progress_delta: 0.0000
Metrics/locomotion/TACTIC/selected_object_release_readiness: 0.0000
Metrics/locomotion/TACTIC/selected_object_release_readiness_delta: 0.0000
Metrics/locomotion/TACTIC/selected_object_release_event: 0.0000
Metrics/locomotion/TACTIC/selected_object_drop_event: 0.0000
Metrics/locomotion/TACTIC/selected_object_gripper_distance: 0.2512
Metrics/locomotion/TACTIC/selected_object_place_error_xy: 0.2658
Metrics/locomotion/TACTIC/selected_object_place_error_z: 0.0715
Metrics/locomotion/TACTIC/selected_interaction_frontier: 0.0000
Metrics/locomotion/TACTIC/selected_interaction_frontier_delta: 0.0000
Metrics/locomotion/TACTIC/selected_reachability: 0.0000
Metrics/locomotion/TACTIC/task_switch: 0.0000
Metrics/locomotion/TACTIC/skill_switch: 0.0000
Metrics/locomotion/TACTIC/task_age: 0.0000
Metrics/locomotion/TACTIC/skill_age: 0.0000
Metrics/locomotion/TACTIC/task_hazard: 0.0000
Metrics/locomotion/TACTIC/skill_hazard: 0.0000
Metrics/locomotion/TACTIC/task_termination_probability: 0.0000
Metrics/locomotion/TACTIC/skill_termination_probability: 0.0000
Metrics/locomotion/TACTIC/task_entropy: 0.0000
Metrics/locomotion/TACTIC/skill_entropy: 0.5049
Metrics/locomotion/TACTIC/task_occupancy_entropy: 0.0000
Metrics/locomotion/TACTIC/skill_occupancy_entropy: 0.5049
Metrics/locomotion/TACTIC/skill_parameter_0: 0.0000
Metrics/locomotion/TACTIC/skill_parameter_1: 0.0000
Metrics/locomotion/TACTIC/skill_parameter_2: 0.0000
Metrics/locomotion/TACTIC/skill_parameter_3: 0.0000
Metrics/locomotion/TACTIC/skill_parameter_4: 0.0000
Metrics/locomotion/TACTIC/skill_parameter_5: 0.0000
Metrics/locomotion/TACTIC/object_0_complete: 0.0000
Metrics/locomotion/TACTIC/object_1_complete: 0.0000
Metrics/locomotion/TACTIC/object_2_complete: 0.0000
Metrics/locomotion/TACTIC/object_3_complete: 0.0000
Metrics/locomotion/TACTIC/object_4_complete: 0.0000
Metrics/locomotion/TACTIC/object_5_complete: 0.0000
      Episode_Termination/time_out: 0.0000
   Episode_Termination/bad_contact: 0.0000
          Episode_Termination/tilt: 0.3594
    Episode_Termination/low_height: 0.0163
Episode_Termination/mission_success: 0.0000
--------------------------------------------------------------------------------
                   Total timesteps: 92160
                    Iteration time: 6.35s
                      Time elapsed: 00:03:12
                               ETA: 00:00:06

Training time: 198.72 seconds
Loading user config located at: '/isaac-sim/kit/data/Kit/Isaac-Sim/5.1/user.config.json'
[Info] [carb] Logging to file: /isaac-sim/kit/logs/Kit/Isaac-Sim/5.1/kit_20260817_202757.log
2026-08-17T12:27:58Z [445ms] [Warning] [omni.usd_config.extension] Enable omni.materialx.libs extension to use MaterialX
2026-08-17T12:27:58Z [973ms] [Warning] [carb] Acquiring non optional plugin interface which is not listed as dependency: [omni::physx::IPhysxBenchmarks v1.0] (plugin: <default plugin>), by client: omni.physics.physx.plugin. Add it to CARB_PLUGIN_IMPL_DEPS() macro of a client.
2026-08-17T12:27:58Z [1,253ms] [Warning] [omni.isaac.dynamic_control] omni.isaac.dynamic_control is deprecated as of Isaac Sim 4.5. No action is needed from end-users.

|---------------------------------------------------------------------------------------------|
| Driver Version: 580.126.09    | Graphics API: Vulkan
|=============================================================================================|
| GPU | Name                             | Active | LDA | GPU Memory | Vendor-ID | LUID       |
|     |                                  |        |     |            | Device-ID | UUID       |
|     |                                  |        |     |            | Bus-ID    |            |
|---------------------------------------------------------------------------------------------|
| 0   | NVIDIA L40                       | Yes: 0 |     | 46068   MB | 10de      | 0          |
|     |                                  |        |     |            | 26b5      | c3c5dcf0.. |
|     |                                  |        |     |            | 37        |            |
|=============================================================================================|
| OS: 24.04.3 LTS (Noble Numbat) ubuntu, Version: 24.04.3, Kernel: 5.15.0-168-generic
| XServer Vendor: The X.Org Foundation, XServer Version: 12101011 (1.21.1.11)
| Processor: Intel(R) Xeon(R) Platinum 8358 CPU @ 2.60GHz
| Bare Metal Cores: 64 | Bare Metal Logical Cores: 128
| Core Usage Quota: 14
|---------------------------------------------------------------------------------------------|
| Total Memory (MB): 122880 | Free Memory: 120719
| Total Page/Swap (MB): 0 | Free Page/Swap: 0
|---------------------------------------------------------------------------------------------|
2026-08-17T12:28:02Z [4,801ms] [Warning] [gpu.foundation.plugin] ECC is enabled on physical device 0
2026-08-17T12:28:12Z [14,362ms] [Warning] [omni.physx.plugin] Detected a rigid at /World/envs/env_0/GraspObject with more than 4 velocity iterations being added to a TGS scene.The related behavior changed recently, please consult the changelog. This warning will only print once.
