[INFO][AppLauncher]: Using device: cuda:0
[INFO][AppLauncher]: Loading experience file: /workspace/isaaclab/apps/isaaclab.python.headless.kit
[INFO]: Parsing configuration from: quadruped_arm.tasks.manager_based.TACTIC_HRL.TACTIC_HRL_env_cfg:TACTICSingleObjectCurriculumEnvCfg
======Missing terms====== 
[]
 =======================
[INFO]: Parsing configuration from: quadruped_arm.tasks.manager_based.TACTIC_HRL.agents.rsl_rl_TACTIC_HRL_cfg:TACTICRunnerCfg
[INFO] Logging experiment in directory: /root/gpufree-data/tandem_hrl_620d798/logs/rsl_rl/TACTIC_HRL
Exact experiment name requested from command line: 2026-08-17_20-41-00

[36m======================================================================================[0m
[36m[1m[INFO][IsaacLab]: Logging to file: /tmp/isaaclab/logs/isaaclab_2026-08-17_20-41-00.log[0m
[36m======================================================================================[0m

[33m20:41:00 [simulation_context.py] WARNING: The `enable_external_forces_every_iteration` parameter in the PhysxCfg is set to False. If you are experiencing noisy velocities, consider enabling this flag. You may need to slightly increase the number of velocity iterations (setting it to 1 or 2 rather than 0), together with this flag, to improve the accuracy of velocity updates.[0m
[INFO]: Base environment:
	Environment device    : cuda:0
	Environment seed      : 271828
	Physics step-size     : 0.008333333333333333
	Rendering step-size   : 0.03333333333333333
	Environment step-size : 0.03333333333333333
[33m20:41:00 [terrain_importer.py] WARNING: Visual material specified for ground plane but no diffuse color found. Using default color: (0.0, 0.0, 0.0)[0m
[INFO]: Time taken for scene creation : 3.753044 seconds
[INFO]: Scene manager:  <class InteractiveScene>
	Number of environments: 128
	Environment spacing   : 6.0
	Source prim name      : /World/envs/env_0
	Global prim paths     : ['/World/ground']
	Replicate physics     : True
[INFO]: Starting the simulation. This may take a few seconds. Please wait...
[INFO]: Time taken for simulation start : 1.622638 seconds
[INFO] Command Manager:  <CommandManager> contains 2 active terms.
+-------------------------------------------+
|            Active Command Terms           |
+-------+------------+----------------------+
| Index | Name       |         Type         |
+-------+------------+----------------------+
|   0   | locomotion | TACTICMissionCommand |
|   1   | ee_goal    | TACTICEeGoalCommand  |
+-------+------------+----------------------+

[INFO] Event Manager:  <EventManager> contains 1 active terms.
+--------------------------------------+
| Active Event Terms in Mode: 'reset'  |
+--------+-----------------------------+
| Index  | Name                        |
+--------+-----------------------------+
|   0    | reset_root                  |
|   1    | reset_joints                |
|   2    | init_priv                   |
|   3    | reset_rewards               |
|   4    | reset_left_finger_open      |
|   5    | reset_right_finger_open     |
|   6    | reset_grasp_object          |
|   7    | reset_grasp_object_tall     |
|   8    | reset_grasp_object_flat     |
|   9    | reset_grasp_object_round    |
|   10   | reset_grasp_object_slim     |
|   11   | reset_grasp_object_wide     |
+--------+-----------------------------+

[INFO] Recorder Manager:  <RecorderManager> contains 0 active terms.
+---------------------+
| Active Recorder Terms |
+-----------+---------+
|   Index   | Name    |
+-----------+---------+
+-----------+---------+

[INFO] Action Manager:  <ActionManager> contains 5 active terms.
+------------------------------------+
|  Active Action Terms (shape: 63)   |
+--------+-------------+-------------+
| Index  | Name        |   Dimension |
+--------+-------------+-------------+
|   0    | leg_pos     |          12 |
|   1    | wheel_vel   |           4 |
|   2    | arm_ik      |           0 |
|   3    | gripper     |           1 |
|   4    | hierarchy   |          46 |
+--------+-------------+-------------+

[INFO] Observation Manager: <ObservationManager> contains 2 groups.
+-----------------------------------------------------------+
| Active Observation Terms in Group: 'policy' (shape: (1003,)) |
+-----------+---------------------------------+-------------+
|   Index   | Name                            |    Shape    |
+-----------+---------------------------------+-------------+
|     0     | obs                             |    (876,)   |
|     1     | tactic_tau_down                 |    (77,)    |
|     2     | tactic_tau_up                   |    (48,)    |
|     3     | tactic_task_skill               |     (2,)    |
+-----------+---------------------------------+-------------+
+-------------------------------------------------------------+
| Active Observation Terms in Group: 'hierarchy_context' (shape: (529,)) |
+-----------------+----------------------+--------------------+
|      Index      | Name                 |       Shape        |
+-----------------+----------------------+--------------------+
|        0        | context              |       (529,)       |
+-----------------+----------------------+--------------------+

[INFO] Termination Manager:  <TerminationManager> contains 5 active terms.
+------------------------------------+
|      Active Termination Terms      |
+-------+-----------------+----------+
| Index | Name            | Time Out |
+-------+-----------------+----------+
|   0   | time_out        |   True   |
|   1   | bad_contact     |  False   |
|   2   | tilt            |  False   |
|   3   | low_height      |  False   |
|   4   | mission_success |  False   |
+-------+-----------------+----------+

[INFO] Reward Manager:  <RewardManager> contains 71 active terms.
+----------------------------------------------------------------+
|                      Active Reward Terms                       |
+-------+---------------------------------+----------------------+
| Index | Name                            |               Weight |
+-------+---------------------------------+----------------------+
|   0   | term_bad_contact                |               -120.0 |
|   1   | term_tilt                       |               -100.0 |
|   2   | term_low_height                 |               -100.0 |
|   3   | leg_action_l2                   |               -0.003 |
|   4   | tracking_lin_vel                |                  0.0 |
|   5   | tracking_ang_vel_yaw_l1         |                  0.0 |
|   6   | tracking_ang_vel_yaw_exp        |                  0.0 |
|   7   | tracking_lin_vel_y_l2           |                  0.0 |
|   8   | tracking_lin_vel_z_l2           |                  0.0 |
|   9   | survive                         |                  0.0 |
|   10  | foot_contacts_z                 |                  0.0 |
|   11  | torques                         |             -7.5e-06 |
|   12  | tracking_lin_vel_y              |                  0.0 |
|   13  | lin_vel_z                       | -0.44999999999999996 |
|   14  | ang_vel_xy                      |                -0.06 |
|   15  | tracking_ang_vel                |                0.105 |
|   16  | work                            |              -0.0009 |
|   17  | dof_acc                         |            -2.25e-07 |
|   18  | action_rate                     |              -0.0045 |
|   19  | dof_pos_limits                  |                 -3.0 |
|   20  | delta_torques                   |               -3e-08 |
|   21  | collision                       |                 -3.0 |
|   22  | walking_dof                     |                 0.15 |
|   23  | hip_pos                         |                -0.06 |
|   24  | feet_jerk                       |               -6e-05 |
|   25  | alive                           |                  0.3 |
|   26  | feet_drag                       |               -0.024 |
|   27  | feet_contact_forces             |              -0.0003 |
|   28  | roll                            |                 -0.3 |
|   29  | base_height                     |                 -1.5 |
|   30  | tracking_lin_vel_max            |  0.44999999999999996 |
|   31  | flat_orientation_l2             |                -0.15 |
|   32  | air_time_variance               | -0.44999999999999996 |
|   33  | feet_height                     |                  0.0 |
|   34  | feet_air_time                   |                0.015 |
|   35  | update_last_buffers             |                  0.0 |
|   36  | wheel_idle_speed                |              -0.0009 |
|   37  | wheel_action_l2                 |              -0.0003 |
|   38  | wheel_action_rate               |              -0.0006 |
|   39  | wheel_forward_use               |                  1.1 |
|   40  | wheel_turn_support              |                  0.6 |
|   41  | tactic_mission_completion       |                  6.0 |
|   42  | tactic_mission_success          |                 36.0 |
|   43  | tactic_task_progress            |    7.199999999999999 |
|   44  | tactic_task_tracking            |                 0.24 |
|   45  | tactic_ee_tracking              |                 0.72 |
|   46  | tactic_valid_task               |                 0.06 |
|   47  | tactic_invalid_task             |                 -0.6 |
|   48  | tactic_option_switch            |                -0.03 |
|   49  | tactic_control_progress         |                  8.4 |
|   50  | tactic_cbf_margin               |                  0.0 |
|   51  | tactic_predicted_margin         |                  0.0 |
|   52  | tactic_clf_decrease             |                  0.0 |
|   53  | tactic_disturbance_rejection    |                  0.0 |
|   54  | tactic_safety_violation         |                -0.75 |
|   55  | tactic_unsafe_progress          |  -3.5999999999999996 |
|   56  | tactic_object_contact           |   1.7999999999999998 |
|   57  | tactic_object_lift              |                  3.0 |
|   58  | tactic_object_transport         |   3.5999999999999996 |
|   59  | tactic_object_place             |   5.3999999999999995 |
|   60  | tactic_object_completion        |                 12.0 |
|   61  | tactic_interaction_frontier     |                 96.0 |
|   62  | tactic_grasp_hold               |                  1.5 |
|   63  | tactic_payload_progress         |                  9.6 |
|   64  | tactic_release_readiness        |    7.199999999999999 |
|   65  | tactic_intended_release         |                  6.0 |
|   66  | tactic_payload_retention        |   1.7999999999999998 |
|   67  | tactic_payload_drop             |                -13.5 |
|   68  | tactic_release_quality          |   1.7999999999999998 |
|   69  | tactic_wrong_object_interaction |                 -2.4 |
|   70  | tactic_all_objects              |                  0.0 |
+-------+---------------------------------+----------------------+

[INFO] Curriculum Manager:  <CurriculumManager> contains 0 active terms.
+----------------------+
| Active Curriculum Terms |
+-----------+----------+
|   Index   | Name     |
+-----------+----------+
+-----------+----------+

[INFO]: Completed setting up the environment...
--------------------------------------------------------------------------------
Resolved observation sets: 
	 policy :  ['policy']
	 critic :  ['policy', 'hierarchy_context']
--------------------------------------------------------------------------------
Actor MLP: MLP(
  (0): Linear(in_features=1003, out_features=256, bias=True)
  (1): ELU(alpha=1.0)
  (2): Linear(in_features=256, out_features=128, bias=True)
  (3): ELU(alpha=1.0)
  (4): Linear(in_features=128, out_features=63, bias=True)
)
Critic MLP: MLP(
  (0): Linear(in_features=1532, out_features=512, bias=True)
  (1): ELU(alpha=1.0)
  (2): Linear(in_features=512, out_features=256, bias=True)
  (3): ELU(alpha=1.0)
  (4): Linear(in_features=256, out_features=128, bias=True)
  (5): ELU(alpha=1.0)
  (6): Linear(in_features=128, out_features=1, bias=True)
)
[INFO] TACTIC physical initialization from: /root/gpufree-data/zyb_v0_model_1023.pt
[INFO] Verified migrated tensors: ['actor.0.weight->actor.physical_backbone.0.weight', 'actor.0.bias->actor.physical_backbone.0.bias', 'actor.2.weight->actor.physical_backbone.2.weight', 'actor.2.bias->actor.physical_backbone.2.bias', 'actor.4.weight->actor.physical_head.weight[:16]', 'actor.4.bias->actor.physical_head.bias[:16]', 'actor_obs_normalizer._mean[:876]', 'actor_obs_normalizer._var[:876]', 'actor_obs_normalizer._std[:876]', 'actor_obs_normalizer.count']
[INFO] TACTIC stage=stability: trainable=1208850/2175778, frozen_physical_executor=158033
################################################################################
                       [1m Learning iteration 0/30 [0m                        

                       Computation: 418 steps/s (collection: 6.423s, learning 0.922s)
             Mean action noise std: 0.03
          Mean value_function loss: 1112.1408
               Mean surrogate loss: 0.1395
                 Mean entropy loss: -102.2545
  Mean stability_teacher_loss loss: 0.0000
 Mean next_control_prediction loss: 0.0887
       Mean skill_feasibility loss: 0.6931
 Mean task_outcome_prediction loss: 0.0440
 Mean task_outcome_confidence loss: 1.3076
Mean task_outcome_confidence_mean loss: 0.1192
Mean skill_outcome_prediction loss: 0.0367
        Mean payload_survival loss: 0.6931
Mean payload_survival_support loss: 0.0026
   Mean payload_drop_fraction loss: 0.0026
Mean payload_survival_prediction loss: 0.5000
 Mean skill_effect_prediction loss: 0.1048
 Mean skill_effect_confidence loss: 1.0259
Mean skill_effect_confidence_mean loss: 0.1192
Mean motion_execution_prediction loss: 0.1134
Mean motion_execution_confidence loss: 0.9442
Mean embodiment_response_prediction loss: 0.0353
Mean embodiment_response_vx_abs loss: 0.0016
Mean embodiment_response_wz_abs loss: 0.0012
   Mean constraint_multiplier loss: 0.1338
Mean task_constraint_multiplier_mean loss: 0.1632
Mean skill_constraint_multiplier_mean loss: 0.1632
 Mean hierarchy_cbf_violation loss: 0.4366
Mean hierarchy_cbf_raw_violation loss: 0.4396
Mean hierarchy_cbf_transient_slack loss: 0.0020
 Mean hierarchy_clf_violation loss: 0.0560
Mean hierarchy_cbf_regression loss: 0.0391
Mean hierarchy_clf_regression loss: 0.0359
   Mean safe_task_achievement loss: -0.1217
  Mean safe_skill_achievement loss: -0.0223
Mean unsafe_positive_progress_rate loss: 0.1336
Mean motion_execution_confidence_mean loss: 0.1192
Mean grounded_effect_diversity loss: 0.0000
      Mean task_option_credit loss: 0.0140
     Mean skill_option_credit loss: 0.0076
    Mean event_hindsight_task loss: 0.0000
   Mean event_hindsight_skill loss: 0.8097
       Mean event_credit_mass loss: 0.0006
Mean task_option_advantage_abs loss: 0.7781
Mean skill_option_advantage_abs loss: 0.7814
         Mean task_transition loss: 2.4235
        Mean skill_transition loss: 1.3852
       Mean motion_transition loss: 1.4486
  Mean interaction_transition loss: 1.2902
Mean interaction_active_fraction loss: 0.8732
              Mean task_usage loss: 0.0000
  Mean task_frontier_coverage loss: 0.0000
Mean selected_frontier_probability loss: 0.7240
       Mean interaction_phase loss: 0.3201
Mean interaction_release_target loss: 0.0156
Mean interaction_release_frontier loss: 0.0014
Mean interaction_release_balance_weight loss: 1.1095
  Mean task_control_objective loss: 0.0486
        Mean task_clf_descent loss: 0.0001
  Mean task_barrier_authority loss: 0.1384
Mean skill_predictive_control loss: 0.0149
Mean relational_subgoal_grounding loss: 0.0000
  Mean task_subgoal_alignment loss: 1.0000
  Mean task_subgoal_authority loss: 0.1877
   Mean task_skill_projection loss: 0.0026
 Mean task_transient_capacity loss: 0.5753
   Mean task_posture_capacity loss: 0.2627
Mean task_projected_turn_demand loss: 0.2259
Mean task_semantic_turn_demand loss: 0.2259
Mean task_lateral_turn_demand loss: 0.0000
Mean task_target_yaw_residual loss: 0.4107
Mean task_interaction_authority loss: 0.0059
    Mean task_arm_scope_error loss: 0.0000
Mean counterfactual_task_selection loss: 0.0000
Mean counterfactual_task_target_entropy loss: 0.0000
Mean counterfactual_task_target_peak loss: 0.0000
Mean grounded_task_utility_span loss: 0.0000
      Mean task_outcome_blend loss: 0.0000
Mean grounded_task_target_agreement loss: 0.0000
Mean sampled_task_target_probability loss: 0.0000
Mean recovery_candidate_fraction loss: 0.0000
Mean recovery_task_probability loss: 0.0065
Mean recovery_target_probability loss: 0.0065
Mean counterfactual_termination loss: 0.5009
 Mean task_termination_target loss: 0.0000
Mean skill_termination_target loss: 0.6444
Mean payload_skill_barrier_pressure loss: 0.0026
Mean payload_transient_demand loss: 0.3446
Mean payload_skill_exit_target loss: 0.0023
Mean payload_survival_exit_target loss: 0.0000
Mean payload_survival_authority loss: 0.0000
        Mean task_switch_gain loss: 0.0000
       Mean skill_switch_gain loss: 0.1118
Mean counterfactual_skill_selection loss: 1.1554
Mean counterfactual_target_entropy loss: 1.0447
Mean counterfactual_target_peak loss: 0.5399
       Mean successor_decoder loss: 0.2380
  Mean successor_predicted_vx loss: 0.0008
  Mean successor_predicted_wz loss: -0.0061
 Mean successor_predicted_cbf loss: 0.5000
 Mean successor_predicted_clf loss: 0.5000
 Mean successor_cbf_violation loss: 0.0010
 Mean successor_clf_violation loss: 0.0403
             Mean skill_usage loss: 0.0693
        Mean skill_confidence loss: 0.7832
     Mean task_slot_diversity loss: 0.4229
Mean skill_embedding_diversity loss: 0.0621
   Mean motion_gain_diversity loss: 0.0000
Mean motion_objective_diversity loss: 0.0000
       Mean event_replay_size loss: 76.0000
   Mean event_replay_priority loss: 0.0065
 Mean event_replay_task_valid loss: 0.6974
Mean event_replay_task_detail_valid loss: 0.6974
       Mean event_replay_task loss: 0.0000
      Mean event_replay_skill loss: 0.5990
     Mean event_replay_motion loss: 1.0325
Mean event_replay_interaction loss: 0.0692
Mean event_replay_task_subgoal loss: 0.0004
Mean event_replay_skill_parameter loss: 0.0083
  Mean event_replay_parameter loss: 0.0084
Mean event_replay_barrier_quality loss: 0.3327
Mean event_replay_unsafe_fraction loss: 0.0000
Mean event_replay_buffer_unsafe_fraction loss: 0.0000
Mean event_replay_buffer_delivery loss: 0.8816
Mean event_replay_buffer_recovery loss: 0.0000
Mean event_replay_sample_delivery loss: 0.6974
Mean event_replay_sample_recovery loss: 0.0000
Mean event_replay_sample_raw_delivery loss: 0.6974
Mean event_replay_sample_raw_recovery loss: 0.0000
Mean event_replay_recovery_pressure loss: 0.0000
Mean event_replay_recovery_adapter_gate loss: 0.0000
Mean event_replay_buffer_approach loss: 0.9851
Mean event_replay_sample_approach loss: 0.9245
Mean event_replay_sample_raw_approach loss: 0.9245
Mean event_replay_buffer_secure loss: 0.0149
Mean event_replay_sample_secure loss: 0.0755
Mean event_replay_sample_raw_secure loss: 0.0755
Mean event_replay_buffer_release loss: 0.0000
Mean event_replay_sample_release loss: 0.0000
Mean event_replay_sample_raw_release loss: 0.0000
Mean payload_survival_replay_size loss: 3.0000
Mean payload_survival_replay_support loss: 1.0000
Mean payload_survival_replay_drop_fraction loss: 0.9998
Mean payload_survival_replay_prediction loss: 0.5000
Mean payload_survival_replay_drop_prediction loss: 0.5000
Mean payload_survival_replay_retain_prediction loss: 0.0000
Mean payload_survival_replay_separation loss: -0.5000
Mean payload_survival_replay_accuracy loss: 0.0000
Mean payload_survival_replay_rank_loss loss: 0.0000
Mean payload_survival_replay_rank_gap loss: 0.0000
Mean payload_survival_replay_rank_accuracy loss: 0.0000
Mean payload_survival_replay_rank_pairs loss: 0.0000
      Mean event_replay_added loss: 76.0000
Mean event_replay_append_task_valid loss: 0.8684
Mean event_replay_task_relabel loss: 0.1316
Mean event_replay_interaction_relabel loss: 0.1184
Mean event_replay_append_delivery loss: 0.8816
Mean event_replay_append_recovery loss: 0.0000
Mean event_replay_append_payload_recovery loss: 0.0000
Mean payload_survival_replay_added loss: 3.0000
Mean payload_survival_replay_append_drop_fraction loss: 0.9998
      Mean hierarchy_cbf_dual loss: 0.5193
      Mean hierarchy_clf_dual loss: 0.3488
Mean hierarchy_cbf_violation_ema loss: 0.4366
Mean hierarchy_clf_violation_ema loss: 0.0560
Mean physical_adaptation_active loss: 0.0000
Mean physical_adaptation_stage loss: -10.0000
 Mean hierarchy_only_training loss: 0.0000
Mean decomposition_only_training loss: 0.0000
Mean motion_selector_only_training loss: 0.0000
Mean interaction_selector_only_training loss: 0.0000
Mean motion_skill_only_training loss: 0.0000
Mean payload_motion_only_training loss: 0.0000
Mean recovery_adapter_only_training loss: 0.0000
 Mean auxiliary_learning_rate loss: 0.0000
Mean payload_survival_learning_rate loss: 0.0003
Mean physical_core_learning_rate loss: 0.0000
Mean physical_adapter_learning_rate loss: 0.0000
Mean skill_information_reward loss: 0.0000
 Mean task_information_reward loss: 0.0000
                       Mean reward: -48.77
               Mean episode length: 9.32
   Episode_Reward/term_bad_contact: 0.0000
          Episode_Reward/term_tilt: -0.0122
    Episode_Reward/term_low_height: 0.0000
      Episode_Reward/leg_action_l2: -0.0002
   Episode_Reward/tracking_lin_vel: 0.0000
Episode_Reward/tracking_ang_vel_yaw_l1: 0.0000
Episode_Reward/tracking_ang_vel_yaw_exp: 0.0000
Episode_Reward/tracking_lin_vel_y_l2: 0.0000
Episode_Reward/tracking_lin_vel_z_l2: 0.0000
            Episode_Reward/survive: 0.0000
    Episode_Reward/foot_contacts_z: 0.0000
            Episode_Reward/torques: -0.0008
 Episode_Reward/tracking_lin_vel_y: 0.0000
          Episode_Reward/lin_vel_z: -0.0001
         Episode_Reward/ang_vel_xy: -0.0008
   Episode_Reward/tracking_ang_vel: 0.0000
               Episode_Reward/work: -0.0122
            Episode_Reward/dof_acc: -0.0259
        Episode_Reward/action_rate: -0.0004
     Episode_Reward/dof_pos_limits: -0.0000
      Episode_Reward/delta_torques: -0.0000
          Episode_Reward/collision: -0.0036
        Episode_Reward/walking_dof: 0.0000
            Episode_Reward/hip_pos: -0.0001
          Episode_Reward/feet_jerk: 0.0000
              Episode_Reward/alive: 0.0004
          Episode_Reward/feet_drag: -0.0001
Episode_Reward/feet_contact_forces: -0.0003
               Episode_Reward/roll: -0.0000
        Episode_Reward/base_height: -0.0001
Episode_Reward/tracking_lin_vel_max: 0.0005
Episode_Reward/flat_orientation_l2: -0.0000
  Episode_Reward/air_time_variance: -0.0000
        Episode_Reward/feet_height: 0.0000
      Episode_Reward/feet_air_time: 0.0000
Episode_Reward/update_last_buffers: 0.0000
   Episode_Reward/wheel_idle_speed: -0.1472
    Episode_Reward/wheel_action_l2: -0.0000
  Episode_Reward/wheel_action_rate: 0.0000
  Episode_Reward/wheel_forward_use: 0.0000
 Episode_Reward/wheel_turn_support: 0.0000
Episode_Reward/tactic_mission_completion: 0.0000
Episode_Reward/tactic_mission_success: 0.0000
Episode_Reward/tactic_task_progress: -0.0000
Episode_Reward/tactic_task_tracking: 0.0001
 Episode_Reward/tactic_ee_tracking: 0.0003
  Episode_Reward/tactic_valid_task: 0.0001
Episode_Reward/tactic_invalid_task: 0.0000
Episode_Reward/tactic_option_switch: -0.0000
Episode_Reward/tactic_control_progress: -0.0000
  Episode_Reward/tactic_cbf_margin: 0.0000
Episode_Reward/tactic_predicted_margin: 0.0000
Episode_Reward/tactic_clf_decrease: 0.0000
Episode_Reward/tactic_disturbance_rejection: 0.0000
Episode_Reward/tactic_safety_violation: -0.0007
Episode_Reward/tactic_unsafe_progress: -0.0000
Episode_Reward/tactic_object_contact: 0.0000
 Episode_Reward/tactic_object_lift: 0.0000
Episode_Reward/tactic_object_transport: 0.0000
Episode_Reward/tactic_object_place: 0.0000
Episode_Reward/tactic_object_completion: 0.0000
Episode_Reward/tactic_interaction_frontier: 0.0000
  Episode_Reward/tactic_grasp_hold: 0.0000
Episode_Reward/tactic_payload_progress: 0.0000
Episode_Reward/tactic_release_readiness: 0.0000
Episode_Reward/tactic_intended_release: 0.0000
Episode_Reward/tactic_payload_retention: 0.0000
Episode_Reward/tactic_payload_drop: 0.0000
Episode_Reward/tactic_release_quality: 0.0000
Episode_Reward/tactic_wrong_object_interaction: 0.0000
 Episode_Reward/tactic_all_objects: 0.0000
      Episode_Termination/time_out: 0.0000
   Episode_Termination/bad_contact: 0.0000
          Episode_Termination/tilt: 0.1276
    Episode_Termination/low_height: 0.0000
Episode_Termination/mission_success: 0.0000
--------------------------------------------------------------------------------
                   Total timesteps: 3072
                    Iteration time: 7.34s
                      Time elapsed: 00:00:07
                               ETA: 00:03:40

Could not find git repository in /workspace/isaaclab/_isaac_sim/kit/python/lib/python3.11/site-packages/rsl_rl/__init__.py. Skipping.
Could not find git repository in /root/gpufree-data/tandem_hrl_620d798/scripts/rsl_rl/train.py. Skipping.
################################################################################
                       [1m Learning iteration 1/30 [0m                        

                       Computation: 521 steps/s (collection: 5.132s, learning 0.756s)
             Mean action noise std: 0.03
          Mean value_function loss: 50.5486
               Mean surrogate loss: 0.0631
                 Mean entropy loss: -102.4291
  Mean stability_teacher_loss loss: 0.0000
 Mean next_control_prediction loss: 0.0418
       Mean skill_feasibility loss: 0.6931
 Mean task_outcome_prediction loss: 0.0339
 Mean task_outcome_confidence loss: 1.4740
Mean task_outcome_confidence_mean loss: 0.1192
Mean skill_outcome_prediction loss: 0.0143
        Mean payload_survival loss: 0.0000
Mean payload_survival_support loss: 0.0000
   Mean payload_drop_fraction loss: 0.0000
Mean payload_survival_prediction loss: 0.0000
 Mean skill_effect_prediction loss: 0.0466
 Mean skill_effect_confidence loss: 1.3716
Mean skill_effect_confidence_mean loss: 0.1192
Mean motion_execution_prediction loss: 0.0584
Mean motion_execution_confidence loss: 1.2381
Mean embodiment_response_prediction loss: 0.0074
Mean embodiment_response_vx_abs loss: 0.0027
Mean embodiment_response_wz_abs loss: 0.0006
   Mean constraint_multiplier loss: 0.0262
Mean task_constraint_multiplier_mean loss: 0.1632
Mean skill_constraint_multiplier_mean loss: 0.1632
 Mean hierarchy_cbf_violation loss: 0.1436
Mean hierarchy_cbf_raw_violation loss: 0.1488
Mean hierarchy_cbf_transient_slack loss: 0.0038
 Mean hierarchy_clf_violation loss: 0.0089
Mean hierarchy_cbf_regression loss: 0.0288
Mean hierarchy_clf_regression loss: 0.0086
   Mean safe_task_achievement loss: -0.0011
  Mean safe_skill_achievement loss: 0.0022
Mean unsafe_positive_progress_rate loss: 0.1836
Mean motion_execution_confidence_mean loss: 0.1192
Mean grounded_effect_diversity loss: 0.0000
      Mean task_option_credit loss: 0.0583
     Mean skill_option_credit loss: 0.0149
    Mean event_hindsight_task loss: 0.0000
   Mean event_hindsight_skill loss: 1.5620
       Mean event_credit_mass loss: 0.0096
Mean task_option_advantage_abs loss: 0.4776
Mean skill_option_advantage_abs loss: 0.5849
         Mean task_transition loss: 2.3425
        Mean skill_transition loss: 1.4753
       Mean motion_transition loss: 1.5370
  Mean interaction_transition loss: 1.3826
Mean interaction_active_fraction loss: 1.0000
              Mean task_usage loss: 0.0000
  Mean task_frontier_coverage loss: 0.0000
Mean selected_frontier_probability loss: 0.7999
       Mean interaction_phase loss: 0.2284
Mean interaction_release_target loss: 0.0144
Mean interaction_release_frontier loss: 0.0000
Mean interaction_release_balance_weight loss: 1.1007
  Mean task_control_objective loss: 0.0225
        Mean task_clf_descent loss: 0.0011
  Mean task_barrier_authority loss: 0.0612
Mean skill_predictive_control loss: 0.0055
Mean relational_subgoal_grounding loss: 0.0000
  Mean task_subgoal_alignment loss: 1.0000
  Mean task_subgoal_authority loss: 0.3881
   Mean task_skill_projection loss: 0.0000
 Mean task_transient_capacity loss: 0.7500
   Mean task_posture_capacity loss: 0.7278
Mean task_projected_turn_demand loss: 0.2857
Mean task_semantic_turn_demand loss: 0.2857
Mean task_lateral_turn_demand loss: 0.0000
Mean task_target_yaw_residual loss: 0.5194
Mean task_interaction_authority loss: 0.0112
    Mean task_arm_scope_error loss: 0.0000
Mean counterfactual_task_selection loss: 0.0000
Mean counterfactual_task_target_entropy loss: 0.0000
Mean counterfactual_task_target_peak loss: 0.0000
Mean grounded_task_utility_span loss: 0.0000
      Mean task_outcome_blend loss: 0.0000
Mean grounded_task_target_agreement loss: 0.0000
Mean sampled_task_target_probability loss: 0.0000
Mean recovery_candidate_fraction loss: 0.0000
Mean recovery_task_probability loss: 0.0000
Mean recovery_target_probability loss: 0.0000
Mean counterfactual_termination loss: 0.5154
 Mean task_termination_target loss: 0.0000
Mean skill_termination_target loss: 0.7005
Mean payload_skill_barrier_pressure loss: 0.0000
Mean payload_transient_demand loss: 0.1348
Mean payload_skill_exit_target loss: 0.0000
Mean payload_survival_exit_target loss: 0.0000
Mean payload_survival_authority loss: 0.0000
        Mean task_switch_gain loss: 0.0000
       Mean skill_switch_gain loss: 0.1834
Mean counterfactual_skill_selection loss: 0.9397
Mean counterfactual_target_entropy loss: 0.7652
Mean counterfactual_target_peak loss: 0.7252
       Mean successor_decoder loss: 0.1019
  Mean successor_predicted_vx loss: -0.0006
  Mean successor_predicted_wz loss: -0.0052
 Mean successor_predicted_cbf loss: 0.5000
 Mean successor_predicted_clf loss: 0.5000
 Mean successor_cbf_violation loss: 0.0006
 Mean successor_clf_violation loss: 0.0052
             Mean skill_usage loss: 0.0652
        Mean skill_confidence loss: 0.7477
     Mean task_slot_diversity loss: 0.3987
Mean skill_embedding_diversity loss: 0.0621
   Mean motion_gain_diversity loss: 0.0000
Mean motion_objective_diversity loss: 0.0000
       Mean event_replay_size loss: 332.0000
   Mean event_replay_priority loss: 0.0238
 Mean event_replay_task_valid loss: 0.6837
Mean event_replay_task_detail_valid loss: 0.6837
       Mean event_replay_task loss: 0.0000
      Mean event_replay_skill loss: 0.6403
     Mean event_replay_motion loss: 1.0976
Mean event_replay_interaction loss: 0.0814
Mean event_replay_task_subgoal loss: 0.0003
Mean event_replay_skill_parameter loss: 0.0058
  Mean event_replay_parameter loss: 0.0059
Mean event_replay_barrier_quality loss: 0.4690
Mean event_replay_unsafe_fraction loss: 0.0000
Mean event_replay_buffer_unsafe_fraction loss: 0.0000
Mean event_replay_buffer_delivery loss: 0.7410
Mean event_replay_buffer_recovery loss: 0.0000
Mean event_replay_sample_delivery loss: 0.6879
Mean event_replay_sample_recovery loss: 0.0000
Mean event_replay_sample_raw_delivery loss: 0.6867
Mean event_replay_sample_raw_recovery loss: 0.0000
Mean event_replay_recovery_pressure loss: 0.0000
Mean event_replay_recovery_adapter_gate loss: 0.0000
Mean event_replay_buffer_approach loss: 0.9878
Mean event_replay_sample_approach loss: 0.9476
Mean event_replay_sample_raw_approach loss: 0.9474
Mean event_replay_buffer_secure loss: 0.0122
Mean event_replay_sample_secure loss: 0.0524
Mean event_replay_sample_raw_secure loss: 0.0526
Mean event_replay_buffer_release loss: 0.0000
Mean event_replay_sample_release loss: 0.0000
Mean event_replay_sample_raw_release loss: 0.0000
Mean payload_survival_replay_size loss: 3.0000
Mean payload_survival_replay_support loss: 1.0000
Mean payload_survival_replay_drop_fraction loss: 0.9999
Mean payload_survival_replay_prediction loss: 0.5000
Mean payload_survival_replay_drop_prediction loss: 0.5000
Mean payload_survival_replay_retain_prediction loss: 0.0000
Mean payload_survival_replay_separation loss: -0.5000
Mean payload_survival_replay_accuracy loss: 0.0000
Mean payload_survival_replay_rank_loss loss: 0.0000
Mean payload_survival_replay_rank_gap loss: 0.0000
Mean payload_survival_replay_rank_accuracy loss: 0.0000
Mean payload_survival_replay_rank_pairs loss: 0.0000
      Mean event_replay_added loss: 256.0000
Mean event_replay_append_task_valid loss: 0.6992
Mean event_replay_task_relabel loss: 0.3008
Mean event_replay_interaction_relabel loss: 0.0625
Mean event_replay_append_delivery loss: 0.6992
Mean event_replay_append_recovery loss: 0.0000
Mean event_replay_append_payload_recovery loss: 0.0000
Mean payload_survival_replay_added loss: 0.0000
Mean payload_survival_replay_append_drop_fraction loss: 0.0000
      Mean hierarchy_cbf_dual loss: 0.5240
      Mean hierarchy_clf_dual loss: 0.3452
Mean hierarchy_cbf_violation_ema loss: 0.4219
Mean hierarchy_clf_violation_ema loss: 0.0536
Mean physical_adaptation_active loss: 0.0000
Mean physical_adaptation_stage loss: -10.0000
 Mean hierarchy_only_training loss: 0.0000
Mean decomposition_only_training loss: 0.0000
Mean motion_selector_only_training loss: 0.0000
Mean interaction_selector_only_training loss: 0.0000
Mean motion_skill_only_training loss: 0.0000
Mean payload_motion_only_training loss: 0.0000
Mean recovery_adapter_only_training loss: 0.0000
 Mean auxiliary_learning_rate loss: 0.0000
Mean payload_survival_learning_rate loss: 0.0003
Mean physical_core_learning_rate loss: 0.0000
Mean physical_adapter_learning_rate loss: 0.0000
Mean skill_information_reward loss: -0.0002
 Mean task_information_reward loss: 0.0000
                       Mean reward: -55.38
               Mean episode length: 12.54
   Episode_Reward/term_bad_contact: 0.0000
          Episode_Reward/term_tilt: -0.0139
    Episode_Reward/term_low_height: 0.0000
      Episode_Reward/leg_action_l2: -0.0004
   Episode_Reward/tracking_lin_vel: 0.0000
Episode_Reward/tracking_ang_vel_yaw_l1: 0.0000
Episode_Reward/tracking_ang_vel_yaw_exp: 0.0000
Episode_Reward/tracking_lin_vel_y_l2: 0.0000
Episode_Reward/tracking_lin_vel_z_l2: 0.0000
            Episode_Reward/survive: 0.0000
    Episode_Reward/foot_contacts_z: 0.0000
            Episode_Reward/torques: -0.0018
 Episode_Reward/tracking_lin_vel_y: 0.0000
          Episode_Reward/lin_vel_z: -0.0003
         Episode_Reward/ang_vel_xy: -0.0007
   Episode_Reward/tracking_ang_vel: 0.0001
               Episode_Reward/work: -0.0227
            Episode_Reward/dof_acc: -0.0621
        Episode_Reward/action_rate: -0.0006
     Episode_Reward/dof_pos_limits: -0.0000
      Episode_Reward/delta_torques: -0.0000
          Episode_Reward/collision: -0.0151
        Episode_Reward/walking_dof: 0.0000
            Episode_Reward/hip_pos: -0.0002
          Episode_Reward/feet_jerk: 0.0000
              Episode_Reward/alive: 0.0011
          Episode_Reward/feet_drag: -0.0001
Episode_Reward/feet_contact_forces: -0.0008
               Episode_Reward/roll: -0.0001
        Episode_Reward/base_height: -0.0005
Episode_Reward/tracking_lin_vel_max: 0.0013
Episode_Reward/flat_orientation_l2: -0.0001
  Episode_Reward/air_time_variance: -0.0000
        Episode_Reward/feet_height: 0.0000
      Episode_Reward/feet_air_time: 0.0000
Episode_Reward/update_last_buffers: 0.0000
   Episode_Reward/wheel_idle_speed: -0.2852
    Episode_Reward/wheel_action_l2: -0.0000
  Episode_Reward/wheel_action_rate: 0.0000
  Episode_Reward/wheel_forward_use: 0.0000
 Episode_Reward/wheel_turn_support: 0.0000
Episode_Reward/tactic_mission_completion: 0.0000
Episode_Reward/tactic_mission_success: 0.0000
Episode_Reward/tactic_task_progress: -0.0001
Episode_Reward/tactic_task_tracking: 0.0002
 Episode_Reward/tactic_ee_tracking: 0.0006
  Episode_Reward/tactic_valid_task: 0.0002
Episode_Reward/tactic_invalid_task: 0.0000
Episode_Reward/tactic_option_switch: -0.0000
Episode_Reward/tactic_control_progress: -0.0000
  Episode_Reward/tactic_cbf_margin: 0.0000
Episode_Reward/tactic_predicted_margin: 0.0000
Episode_Reward/tactic_clf_decrease: 0.0000
Episode_Reward/tactic_disturbance_rejection: 0.0000
Episode_Reward/tactic_safety_violation: -0.0018
Episode_Reward/tactic_unsafe_progress: -0.0000
Episode_Reward/tactic_object_contact: 0.0000
 Episode_Reward/tactic_object_lift: 0.0000
Episode_Reward/tactic_object_transport: 0.0000
Episode_Reward/tactic_object_place: 0.0000
Episode_Reward/tactic_object_completion: 0.0000
Episode_Reward/tactic_interaction_frontier: 0.0000
  Episode_Reward/tactic_grasp_hold: 0.0000
Episode_Reward/tactic_payload_progress: 0.0000
Episode_Reward/tactic_release_readiness: 0.0000
Episode_Reward/tactic_intended_release: 0.0000
Episode_Reward/tactic_payload_retention: 0.0000
Episode_Reward/tactic_payload_drop: 0.0000
Episode_Reward/tactic_release_quality: 0.0000
Episode_Reward/tactic_wrong_object_interaction: 0.0000
 Episode_Reward/tactic_all_objects: 0.0000
Metrics/locomotion/TACTIC/mission_completion: 0.0000
Metrics/locomotion/TACTIC/mission_completion_delta: 0.0000
Metrics/locomotion/TACTIC/mission_success: 0.0000
Metrics/locomotion/TACTIC/task_progress: 0.0701
Metrics/locomotion/TACTIC/task_progress_delta: -0.0034
Metrics/locomotion/TACTIC/task_error: 1.4675
Metrics/locomotion/TACTIC/ee_error: 0.2835
Metrics/locomotion/TACTIC/tcp_object_distance: 0.4261
Metrics/locomotion/TACTIC/goal_object_distance: 0.2386
Metrics/locomotion/TACTIC/finger_object_distance: 0.4555
Metrics/locomotion/TACTIC/object_target_distance: 0.2796
Metrics/locomotion/TACTIC/recovery_task_executed: 0.0000
Metrics/locomotion/TACTIC/recovery_task_probability: 0.0000
Metrics/locomotion/TACTIC/executed_task_probability: 1.0000
Metrics/locomotion/TACTIC/task_constraint_projection: 0.0000
Metrics/locomotion/TACTIC/recovery_latch_seen: 0.0000
Metrics/locomotion/TACTIC/recovery_valid_seen: 0.0000
Metrics/locomotion/TACTIC/recovery_pressure_seen: 0.0000
Metrics/locomotion/TACTIC/cbf_margin: 0.0000
Metrics/locomotion/TACTIC/predicted_margin: 0.0000
Metrics/locomotion/TACTIC/clf_decrease: -0.8204
Metrics/locomotion/TACTIC/disturbance_estimate: 0.6400
Metrics/locomotion/TACTIC/base_height: 0.4776
Metrics/locomotion/TACTIC/base_tilt: 0.5383
Metrics/locomotion/TACTIC/control_recovery_pressure: 1.0000
Metrics/locomotion/TACTIC/control_recovery_active: 1.0000
Metrics/locomotion/TACTIC/control_recovery_constraint_active: 1.0000
Metrics/locomotion/TACTIC/payload_posture_projection: 0.0000
Metrics/locomotion/TACTIC/payload_relation_violation: 0.0000
 Metrics/locomotion/TACTIC/base_vx: 0.4508
 Metrics/locomotion/TACTIC/base_vy: -0.1165
 Metrics/locomotion/TACTIC/base_wz: -0.6588
Metrics/locomotion/TACTIC/support_count: 2.0312
Metrics/locomotion/TACTIC/obstacle_margin: 0.9089
Metrics/locomotion/TACTIC/gripper_closure: 0.1026
Metrics/locomotion/TACTIC/manipulation_active: 1.0000
Metrics/locomotion/TACTIC/grasp_active: 1.0000
Metrics/locomotion/TACTIC/grasp_orientation_active: 0.0000
Metrics/locomotion/TACTIC/grasp_orientation_error: 0.0000
Metrics/locomotion/TACTIC/interaction_authority: 0.0000
Metrics/locomotion/TACTIC/workspace_handoff: 0.1146
Metrics/locomotion/TACTIC/grasp_projection_distance: 0.0337
Metrics/locomotion/TACTIC/grasp_center_error: 0.0437
Metrics/locomotion/TACTIC/capture_staging_distance: 0.9262
Metrics/locomotion/TACTIC/capture_heading_error: 2.0353
Metrics/locomotion/TACTIC/capture_initiation_margin: -4.0187
Metrics/locomotion/TACTIC/selected_delivery_side: 0.2083
Metrics/locomotion/TACTIC/capture_lift_active: 0.0000
Metrics/locomotion/TACTIC/command_vx: -0.0084
Metrics/locomotion/TACTIC/command_vy: -0.0002
Metrics/locomotion/TACTIC/command_wz: -0.0885
Metrics/locomotion/TACTIC/curriculum_level: 0.0000
Metrics/locomotion/TACTIC/curriculum_frontier: 0.0000
Metrics/locomotion/TACTIC/curriculum_probe: 0.0000
Metrics/locomotion/TACTIC/interaction_start_curriculum: 1.0000
Metrics/locomotion/TACTIC/interaction_start_probability: 1.0000
Metrics/locomotion/TACTIC/composition_probe_probability: 0.0000
Metrics/locomotion/TACTIC/curriculum_completion_ema: 0.0000
Metrics/locomotion/TACTIC/curriculum_progress_ema: 0.1217
Metrics/locomotion/TACTIC/curriculum_safety_ema: 0.0481
Metrics/locomotion/TACTIC/episode_safety_fraction: 0.2849
Metrics/locomotion/TACTIC/curriculum_contact_ema: 0.0000
Metrics/locomotion/TACTIC/curriculum_lift_ema: 0.0000
Metrics/locomotion/TACTIC/curriculum_transport_ema: 0.0000
Metrics/locomotion/TACTIC/curriculum_place_ema: 0.0000
Metrics/locomotion/TACTIC/curriculum_delivery_completion_ema: 0.0000
Metrics/locomotion/TACTIC/curriculum_regression_streak: 0.0000
Metrics/locomotion/TACTIC/required_task_count: 1.0000
Metrics/locomotion/TACTIC/object_completion_mean: 0.0000
Metrics/locomotion/TACTIC/object_contact_mean: 0.0000
Metrics/locomotion/TACTIC/object_lift_mean: 0.0000
Metrics/locomotion/TACTIC/object_transport_mean: 0.0000
Metrics/locomotion/TACTIC/object_place_mean: 0.0000
Metrics/locomotion/TACTIC/object_target_progress_mean: 0.0081
Metrics/locomotion/TACTIC/object_target_progress_delta_mean: 0.0000
Metrics/locomotion/TACTIC/object_release_readiness_mean: 0.0000
Metrics/locomotion/TACTIC/object_release_readiness_delta_mean: 0.0000
Metrics/locomotion/TACTIC/object_release_event_mean: 0.0000
Metrics/locomotion/TACTIC/object_drop_event_mean: 0.0000
Metrics/locomotion/TACTIC/object_gripper_distance_mean: 1.1089
Metrics/locomotion/TACTIC/object_carrying_mean: 0.0000
Metrics/locomotion/TACTIC/object_carry_memory_mean: 0.0000
Metrics/locomotion/TACTIC/interaction_frontier_mean: 0.0000
Metrics/locomotion/TACTIC/interaction_frontier_delta_mean: 0.0000
Metrics/locomotion/TACTIC/contact_symmetry_mean: 0.0000
 Metrics/locomotion/TACTIC/task_id: 9.0000
Metrics/locomotion/TACTIC/skill_id: 0.3438
Metrics/locomotion/TACTIC/object_id: 4.0000
Metrics/locomotion/TACTIC/effective_object_id: 4.0000
Metrics/locomotion/TACTIC/selected_object_contact: 0.0000
Metrics/locomotion/TACTIC/selected_object_lift: 0.0000
Metrics/locomotion/TACTIC/selected_object_transport: 0.0000
Metrics/locomotion/TACTIC/selected_object_place: 0.0000
Metrics/locomotion/TACTIC/selected_object_completion: 0.0000
Metrics/locomotion/TACTIC/selected_object_carrying: 0.0000
Metrics/locomotion/TACTIC/selected_object_carry_memory: 0.0000
Metrics/locomotion/TACTIC/selected_object_target_progress: 0.0489
Metrics/locomotion/TACTIC/selected_object_target_progress_delta: 0.0000
Metrics/locomotion/TACTIC/selected_object_release_readiness: 0.0000
Metrics/locomotion/TACTIC/selected_object_release_readiness_delta: 0.0000
Metrics/locomotion/TACTIC/selected_object_release_event: 0.0000
Metrics/locomotion/TACTIC/selected_object_drop_event: 0.0000
Metrics/locomotion/TACTIC/selected_object_gripper_distance: 0.4057
Metrics/locomotion/TACTIC/selected_object_place_error_xy: 0.2555
Metrics/locomotion/TACTIC/selected_object_place_error_z: 0.0461
Metrics/locomotion/TACTIC/selected_interaction_frontier: 0.0000
Metrics/locomotion/TACTIC/selected_interaction_frontier_delta: 0.0000
Metrics/locomotion/TACTIC/selected_reachability: 0.0003
Metrics/locomotion/TACTIC/task_switch: 0.0000
Metrics/locomotion/TACTIC/skill_switch: 0.0000
Metrics/locomotion/TACTIC/task_age: 0.0000
Metrics/locomotion/TACTIC/skill_age: 0.0000
Metrics/locomotion/TACTIC/task_hazard: 0.0000
Metrics/locomotion/TACTIC/skill_hazard: 0.0000
Metrics/locomotion/TACTIC/task_termination_probability: 0.0000
Metrics/locomotion/TACTIC/skill_termination_probability: 0.0000
Metrics/locomotion/TACTIC/task_entropy: 0.0148
Metrics/locomotion/TACTIC/skill_entropy: 0.6894
Metrics/locomotion/TACTIC/task_occupancy_entropy: 0.0148
Metrics/locomotion/TACTIC/skill_occupancy_entropy: 0.6894
Metrics/locomotion/TACTIC/skill_parameter_0: 0.0000
Metrics/locomotion/TACTIC/skill_parameter_1: 0.0000
Metrics/locomotion/TACTIC/skill_parameter_2: 0.0000
Metrics/locomotion/TACTIC/skill_parameter_3: 0.0000
Metrics/locomotion/TACTIC/skill_parameter_4: 0.0000
Metrics/locomotion/TACTIC/skill_parameter_5: 0.0000
Metrics/locomotion/TACTIC/object_0_complete: 0.0000
Metrics/locomotion/TACTIC/object_1_complete: 0.0000
Metrics/locomotion/TACTIC/object_2_complete: 0.0000
Metrics/locomotion/TACTIC/object_3_complete: 0.0000
Metrics/locomotion/TACTIC/object_4_complete: 0.0000
Metrics/locomotion/TACTIC/object_5_complete: 0.0000
      Episode_Termination/time_out: 0.0000
   Episode_Termination/bad_contact: 0.0000
          Episode_Termination/tilt: 0.2048
    Episode_Termination/low_height: 0.0000
Episode_Termination/mission_success: 0.0000
--------------------------------------------------------------------------------
                   Total timesteps: 6144
                    Iteration time: 5.89s
                      Time elapsed: 00:00:13
                               ETA: 00:03:11

################################################################################
                       [1m Learning iteration 2/30 [0m                        

                       Computation: 512 steps/s (collection: 5.242s, learning 0.755s)
             Mean action noise std: 0.02
          Mean value_function loss: 44.5513
               Mean surrogate loss: 0.0664
                 Mean entropy loss: -102.5509
  Mean stability_teacher_loss loss: 0.0000
 Mean next_control_prediction loss: 0.0305
       Mean skill_feasibility loss: 0.6931
 Mean task_outcome_prediction loss: 0.0332
 Mean task_outcome_confidence loss: 1.5009
Mean task_outcome_confidence_mean loss: 0.1192
Mean skill_outcome_prediction loss: 0.0079
        Mean payload_survival loss: 0.6931
Mean payload_survival_support loss: 0.0013
   Mean payload_drop_fraction loss: 0.0000
Mean payload_survival_prediction loss: 0.5000
 Mean skill_effect_prediction loss: 0.0383
 Mean skill_effect_confidence loss: 1.4631
Mean skill_effect_confidence_mean loss: 0.1192
Mean motion_execution_prediction loss: 0.0465
Mean motion_execution_confidence loss: 1.3377
Mean embodiment_response_prediction loss: 0.0042
Mean embodiment_response_vx_abs loss: 0.0023
Mean embodiment_response_wz_abs loss: 0.0008
   Mean constraint_multiplier loss: 0.0128
Mean task_constraint_multiplier_mean loss: 0.1632
Mean skill_constraint_multiplier_mean loss: 0.1632
 Mean hierarchy_cbf_violation loss: 0.0559
Mean hierarchy_cbf_raw_violation loss: 0.0587
Mean hierarchy_cbf_transient_slack loss: 0.0043
 Mean hierarchy_clf_violation loss: 0.0223
Mean hierarchy_cbf_regression loss: 0.0108
Mean hierarchy_clf_regression loss: 0.0205
   Mean safe_task_achievement loss: 0.0030
  Mean safe_skill_achievement loss: 0.0004
Mean unsafe_positive_progress_rate loss: 0.0529
Mean motion_execution_confidence_mean loss: 0.1192
Mean grounded_effect_diversity loss: 0.0000
      Mean task_option_credit loss: 0.0377
     Mean skill_option_credit loss: -0.0062
    Mean event_hindsight_task loss: 0.0000
   Mean event_hindsight_skill loss: 2.8881
       Mean event_credit_mass loss: 0.0230
Mean task_option_advantage_abs loss: 0.4089
Mean skill_option_advantage_abs loss: 0.4776
         Mean task_transition loss: 2.3434
        Mean skill_transition loss: 1.5485
       Mean motion_transition loss: 1.6496
  Mean interaction_transition loss: 1.3970
Mean interaction_active_fraction loss: 0.9993
              Mean task_usage loss: 0.0000
  Mean task_frontier_coverage loss: 0.0000
Mean selected_frontier_probability loss: 0.8003
       Mean interaction_phase loss: 0.2198
Mean interaction_release_target loss: 0.0145
Mean interaction_release_frontier loss: 0.0001
Mean interaction_release_balance_weight loss: 1.1017
  Mean task_control_objective loss: 0.0136
        Mean task_clf_descent loss: 0.0012
  Mean task_barrier_authority loss: 0.0354
Mean skill_predictive_control loss: 0.0038
Mean relational_subgoal_grounding loss: 0.0000
  Mean task_subgoal_alignment loss: 1.0000
  Mean task_subgoal_authority loss: 0.4483
   Mean task_skill_projection loss: 0.0000
 Mean task_transient_capacity loss: 0.7429
   Mean task_posture_capacity loss: 0.8394
Mean task_projected_turn_demand loss: 0.3171
Mean task_semantic_turn_demand loss: 0.3171
Mean task_lateral_turn_demand loss: 0.0000
Mean task_target_yaw_residual loss: 0.5764
Mean task_interaction_authority loss: 0.0136
    Mean task_arm_scope_error loss: 0.0000
Mean counterfactual_task_selection loss: 0.0000
Mean counterfactual_task_target_entropy loss: 0.0000
Mean counterfactual_task_target_peak loss: 0.0000
Mean grounded_task_utility_span loss: 0.0000
      Mean task_outcome_blend loss: 0.0000
Mean grounded_task_target_agreement loss: 0.0000
Mean sampled_task_target_probability loss: 0.0000
Mean recovery_candidate_fraction loss: 0.0000
Mean recovery_task_probability loss: 0.0000
Mean recovery_target_probability loss: 0.0000
Mean counterfactual_termination loss: 0.4856
 Mean task_termination_target loss: 0.0000
Mean skill_termination_target loss: 0.5857
Mean payload_skill_barrier_pressure loss: 0.0000
Mean payload_transient_demand loss: 0.0653
Mean payload_skill_exit_target loss: 0.0000
Mean payload_survival_exit_target loss: 0.0000
Mean payload_survival_authority loss: 0.0000
        Mean task_switch_gain loss: 0.0000
       Mean skill_switch_gain loss: 0.0742
Mean counterfactual_skill_selection loss: 0.9041
Mean counterfactual_target_entropy loss: 0.7247
Mean counterfactual_target_peak loss: 0.7498
       Mean successor_decoder loss: 0.0992
  Mean successor_predicted_vx loss: -0.0042
  Mean successor_predicted_wz loss: -0.0063
 Mean successor_predicted_cbf loss: 0.5000
 Mean successor_predicted_clf loss: 0.5000
 Mean successor_cbf_violation loss: 0.0024
 Mean successor_clf_violation loss: 0.0019
             Mean skill_usage loss: 0.1095
        Mean skill_confidence loss: 0.7354
     Mean task_slot_diversity loss: 0.3967
Mean skill_embedding_diversity loss: 0.0621
   Mean motion_gain_diversity loss: 0.0000
Mean motion_objective_diversity loss: 0.0000
       Mean event_replay_size loss: 588.0000
   Mean event_replay_priority loss: 0.0595
 Mean event_replay_task_valid loss: 0.6939
Mean event_replay_task_detail_valid loss: 0.6939
       Mean event_replay_task loss: 0.0000
      Mean event_replay_skill loss: 0.6639
     Mean event_replay_motion loss: 1.1542
Mean event_replay_interaction loss: 0.0645
Mean event_replay_task_subgoal loss: 0.0003
Mean event_replay_skill_parameter loss: 0.0054
  Mean event_replay_parameter loss: 0.0056
Mean event_replay_barrier_quality loss: 0.4851
Mean event_replay_unsafe_fraction loss: 0.0000
Mean event_replay_buffer_unsafe_fraction loss: 0.0000
Mean event_replay_buffer_delivery loss: 0.7228
Mean event_replay_buffer_recovery loss: 0.0000
Mean event_replay_sample_delivery loss: 0.6946
Mean event_replay_sample_recovery loss: 0.0000
Mean event_replay_sample_raw_delivery loss: 0.6939
Mean event_replay_sample_raw_recovery loss: 0.0000
Mean event_replay_recovery_pressure loss: 0.0000
Mean event_replay_recovery_adapter_gate loss: 0.0000
Mean event_replay_buffer_approach loss: 0.8824
Mean event_replay_sample_approach loss: 0.7014
Mean event_replay_sample_raw_approach loss: 0.7010
Mean event_replay_buffer_secure loss: 0.1176
Mean event_replay_sample_secure loss: 0.2986
Mean event_replay_sample_raw_secure loss: 0.2990
Mean event_replay_buffer_release loss: 0.0000
Mean event_replay_sample_release loss: 0.0000
Mean event_replay_sample_raw_release loss: 0.0000
Mean payload_survival_replay_size loss: 8.0000
Mean payload_survival_replay_support loss: 1.0000
Mean payload_survival_replay_drop_fraction loss: 0.5000
Mean payload_survival_replay_prediction loss: 0.5000
Mean payload_survival_replay_drop_prediction loss: 0.5000
Mean payload_survival_replay_retain_prediction loss: 0.5000
Mean payload_survival_replay_separation loss: 0.0000
Mean payload_survival_replay_accuracy loss: 0.5000
Mean payload_survival_replay_rank_loss loss: 0.0000
Mean payload_survival_replay_rank_gap loss: 0.0000
Mean payload_survival_replay_rank_accuracy loss: 0.0000
Mean payload_survival_replay_rank_pairs loss: 0.0000
      Mean event_replay_added loss: 256.0000
Mean event_replay_append_task_valid loss: 0.6992
Mean event_replay_task_relabel loss: 0.3008
Mean event_replay_interaction_relabel loss: 0.2227
Mean event_replay_append_delivery loss: 0.6992
Mean event_replay_append_recovery loss: 0.0000
Mean event_replay_append_payload_recovery loss: 0.0000
Mean payload_survival_replay_added loss: 5.0000
Mean payload_survival_replay_append_drop_fraction loss: 0.0000
      Mean hierarchy_cbf_dual loss: 0.5243
      Mean hierarchy_clf_dual loss: 0.3424
Mean hierarchy_cbf_violation_ema loss: 0.4036
Mean hierarchy_clf_violation_ema loss: 0.0520
Mean physical_adaptation_active loss: 0.0000
Mean physical_adaptation_stage loss: -10.0000
 Mean hierarchy_only_training loss: 0.0000
Mean decomposition_only_training loss: 0.0000
Mean motion_selector_only_training loss: 0.0000
Mean interaction_selector_only_training loss: 0.0000
Mean motion_skill_only_training loss: 0.0000
Mean payload_motion_only_training loss: 0.0000
Mean recovery_adapter_only_training loss: 0.0000
 Mean auxiliary_learning_rate loss: 0.0000
Mean payload_survival_learning_rate loss: 0.0003
Mean physical_core_learning_rate loss: 0.0000
Mean physical_adapter_learning_rate loss: 0.0000
Mean skill_information_reward loss: -0.0007
 Mean task_information_reward loss: 0.0000
                       Mean reward: -62.82
               Mean episode length: 18.64
   Episode_Reward/term_bad_contact: 0.0000
          Episode_Reward/term_tilt: -0.0139
    Episode_Reward/term_low_height: 0.0000
      Episode_Reward/leg_action_l2: -0.0005
   Episode_Reward/tracking_lin_vel: 0.0000
Episode_Reward/tracking_ang_vel_yaw_l1: 0.0000
Episode_Reward/tracking_ang_vel_yaw_exp: 0.0000
Episode_Reward/tracking_lin_vel_y_l2: 0.0000
Episode_Reward/tracking_lin_vel_z_l2: 0.0000
            Episode_Reward/survive: 0.0000
    Episode_Reward/foot_contacts_z: 0.0000
            Episode_Reward/torques: -0.0025
 Episode_Reward/tracking_lin_vel_y: 0.0000
          Episode_Reward/lin_vel_z: -0.0004
         Episode_Reward/ang_vel_xy: -0.0009
   Episode_Reward/tracking_ang_vel: 0.0003
               Episode_Reward/work: -0.0277
            Episode_Reward/dof_acc: -0.0752
        Episode_Reward/action_rate: -0.0006
     Episode_Reward/dof_pos_limits: -0.0000
      Episode_Reward/delta_torques: -0.0000
          Episode_Reward/collision: -0.0298
        Episode_Reward/walking_dof: 0.0000
            Episode_Reward/hip_pos: -0.0003
          Episode_Reward/feet_jerk: 0.0000
              Episode_Reward/alive: 0.0020
          Episode_Reward/feet_drag: -0.0002
Episode_Reward/feet_contact_forces: -0.0014
               Episode_Reward/roll: -0.0002
        Episode_Reward/base_height: -0.0012
Episode_Reward/tracking_lin_vel_max: 0.0024
Episode_Reward/flat_orientation_l2: -0.0001
  Episode_Reward/air_time_variance: -0.0000
        Episode_Reward/feet_height: 0.0000
      Episode_Reward/feet_air_time: -0.0000
Episode_Reward/update_last_buffers: 0.0000
   Episode_Reward/wheel_idle_speed: -0.3482
    Episode_Reward/wheel_action_l2: -0.0000
  Episode_Reward/wheel_action_rate: 0.0000
  Episode_Reward/wheel_forward_use: 0.0000
 Episode_Reward/wheel_turn_support: 0.0001
Episode_Reward/tactic_mission_completion: 0.0000
Episode_Reward/tactic_mission_success: 0.0000
Episode_Reward/tactic_task_progress: -0.0001
Episode_Reward/tactic_task_tracking: 0.0004
 Episode_Reward/tactic_ee_tracking: 0.0011
  Episode_Reward/tactic_valid_task: 0.0004
Episode_Reward/tactic_invalid_task: 0.0000
Episode_Reward/tactic_option_switch: -0.0000
Episode_Reward/tactic_control_progress: -0.0001
  Episode_Reward/tactic_cbf_margin: 0.0000
Episode_Reward/tactic_predicted_margin: 0.0000
Episode_Reward/tactic_clf_decrease: 0.0000
Episode_Reward/tactic_disturbance_rejection: 0.0000
Episode_Reward/tactic_safety_violation: -0.0023
Episode_Reward/tactic_unsafe_progress: -0.0000
Episode_Reward/tactic_object_contact: 0.0000
 Episode_Reward/tactic_object_lift: 0.0000
Episode_Reward/tactic_object_transport: 0.0000
Episode_Reward/tactic_object_place: 0.0000
Episode_Reward/tactic_object_completion: 0.0000
Episode_Reward/tactic_interaction_frontier: 0.0000
  Episode_Reward/tactic_grasp_hold: 0.0000
Episode_Reward/tactic_payload_progress: 0.0000
Episode_Reward/tactic_release_readiness: 0.0000
Episode_Reward/tactic_intended_release: 0.0000
Episode_Reward/tactic_payload_retention: 0.0000
Episode_Reward/tactic_payload_drop: 0.0000
Episode_Reward/tactic_release_quality: 0.0000
Episode_Reward/tactic_wrong_object_interaction: 0.0000
 Episode_Reward/tactic_all_objects: 0.0000
Metrics/locomotion/TACTIC/mission_completion: 0.0000
Metrics/locomotion/TACTIC/mission_completion_delta: 0.0000
Metrics/locomotion/TACTIC/mission_success: 0.0000
Metrics/locomotion/TACTIC/task_progress: 0.0577
Metrics/locomotion/TACTIC/task_progress_delta: -0.0012
Metrics/locomotion/TACTIC/task_error: 1.1948
Metrics/locomotion/TACTIC/ee_error: 0.5280
Metrics/locomotion/TACTIC/tcp_object_distance: 0.5548
Metrics/locomotion/TACTIC/goal_object_distance: 0.1769
Metrics/locomotion/TACTIC/finger_object_distance: 0.5970
Metrics/locomotion/TACTIC/object_target_distance: 0.2823
Metrics/locomotion/TACTIC/recovery_task_executed: 0.0000
Metrics/locomotion/TACTIC/recovery_task_probability: 0.0000
Metrics/locomotion/TACTIC/executed_task_probability: 1.0000
Metrics/locomotion/TACTIC/task_constraint_projection: 0.0000
Metrics/locomotion/TACTIC/recovery_latch_seen: 0.0000
Metrics/locomotion/TACTIC/recovery_valid_seen: 0.0000
Metrics/locomotion/TACTIC/recovery_pressure_seen: 0.0000
Metrics/locomotion/TACTIC/cbf_margin: 0.0000
Metrics/locomotion/TACTIC/predicted_margin: 0.0000
Metrics/locomotion/TACTIC/clf_decrease: -0.1954
Metrics/locomotion/TACTIC/disturbance_estimate: 0.7525
Metrics/locomotion/TACTIC/base_height: 0.3298
Metrics/locomotion/TACTIC/base_tilt: 0.5392
Metrics/locomotion/TACTIC/control_recovery_pressure: 1.0000
Metrics/locomotion/TACTIC/control_recovery_active: 1.0000
Metrics/locomotion/TACTIC/control_recovery_constraint_active: 1.0000
Metrics/locomotion/TACTIC/payload_posture_projection: 0.0000
Metrics/locomotion/TACTIC/payload_relation_violation: 0.0000
 Metrics/locomotion/TACTIC/base_vx: 0.2204
 Metrics/locomotion/TACTIC/base_vy: -0.0277
 Metrics/locomotion/TACTIC/base_wz: -0.2604
Metrics/locomotion/TACTIC/support_count: 2.5000
Metrics/locomotion/TACTIC/obstacle_margin: 1.0091
Metrics/locomotion/TACTIC/gripper_closure: 0.0115
Metrics/locomotion/TACTIC/manipulation_active: 1.0000
Metrics/locomotion/TACTIC/grasp_active: 1.0000
Metrics/locomotion/TACTIC/grasp_orientation_active: 0.0000
Metrics/locomotion/TACTIC/grasp_orientation_error: 0.0000
Metrics/locomotion/TACTIC/interaction_authority: 0.0000
Metrics/locomotion/TACTIC/workspace_handoff: 0.2917
Metrics/locomotion/TACTIC/grasp_projection_distance: 0.0728
Metrics/locomotion/TACTIC/grasp_center_error: 0.1591
Metrics/locomotion/TACTIC/capture_staging_distance: 0.6469
Metrics/locomotion/TACTIC/capture_heading_error: 1.4990
Metrics/locomotion/TACTIC/capture_initiation_margin: -2.7787
Metrics/locomotion/TACTIC/selected_delivery_side: -0.0833
Metrics/locomotion/TACTIC/capture_lift_active: 0.0000
Metrics/locomotion/TACTIC/command_vx: -0.0133
Metrics/locomotion/TACTIC/command_vy: 0.0006
Metrics/locomotion/TACTIC/command_wz: -0.1127
Metrics/locomotion/TACTIC/curriculum_level: 0.0000
Metrics/locomotion/TACTIC/curriculum_frontier: 0.0000
Metrics/locomotion/TACTIC/curriculum_probe: 0.0000
Metrics/locomotion/TACTIC/interaction_start_curriculum: 1.0000
Metrics/locomotion/TACTIC/interaction_start_probability: 1.0000
Metrics/locomotion/TACTIC/composition_probe_probability: 0.0000
Metrics/locomotion/TACTIC/curriculum_completion_ema: 0.0000
Metrics/locomotion/TACTIC/curriculum_progress_ema: 0.1114
Metrics/locomotion/TACTIC/curriculum_safety_ema: 0.1438
Metrics/locomotion/TACTIC/episode_safety_fraction: 0.5842
Metrics/locomotion/TACTIC/curriculum_contact_ema: 0.0000
Metrics/locomotion/TACTIC/curriculum_lift_ema: 0.0000
Metrics/locomotion/TACTIC/curriculum_transport_ema: 0.0000
Metrics/locomotion/TACTIC/curriculum_place_ema: 0.0000
Metrics/locomotion/TACTIC/curriculum_delivery_completion_ema: 0.0000
Metrics/locomotion/TACTIC/curriculum_regression_streak: 0.0000
Metrics/locomotion/TACTIC/required_task_count: 1.0000
Metrics/locomotion/TACTIC/object_completion_mean: 0.0000
Metrics/locomotion/TACTIC/object_contact_mean: 0.0000
Metrics/locomotion/TACTIC/object_lift_mean: 0.0000
Metrics/locomotion/TACTIC/object_transport_mean: 0.0000
Metrics/locomotion/TACTIC/object_place_mean: 0.0000
Metrics/locomotion/TACTIC/object_target_progress_mean: 0.0053
Metrics/locomotion/TACTIC/object_target_progress_delta_mean: 0.0000
Metrics/locomotion/TACTIC/object_release_readiness_mean: 0.0000
Metrics/locomotion/TACTIC/object_release_readiness_delta_mean: 0.0000
Metrics/locomotion/TACTIC/object_release_event_mean: 0.0000
Metrics/locomotion/TACTIC/object_drop_event_mean: 0.0000
Metrics/locomotion/TACTIC/object_gripper_distance_mean: 0.9431
Metrics/locomotion/TACTIC/object_carrying_mean: 0.0000
Metrics/locomotion/TACTIC/object_carry_memory_mean: 0.0000
Metrics/locomotion/TACTIC/interaction_frontier_mean: 0.0000
Metrics/locomotion/TACTIC/interaction_frontier_delta_mean: 0.0000
Metrics/locomotion/TACTIC/contact_symmetry_mean: 0.0000
 Metrics/locomotion/TACTIC/task_id: 9.0000
Metrics/locomotion/TACTIC/skill_id: 5.1250
Metrics/locomotion/TACTIC/object_id: 4.0000
Metrics/locomotion/TACTIC/effective_object_id: 4.0000
Metrics/locomotion/TACTIC/selected_object_contact: 0.0000
Metrics/locomotion/TACTIC/selected_object_lift: 0.0000
Metrics/locomotion/TACTIC/selected_object_transport: 0.0000
Metrics/locomotion/TACTIC/selected_object_place: 0.0000
Metrics/locomotion/TACTIC/selected_object_completion: 0.0000
Metrics/locomotion/TACTIC/selected_object_carrying: 0.0000
Metrics/locomotion/TACTIC/selected_object_carry_memory: 0.0000
Metrics/locomotion/TACTIC/selected_object_target_progress: 0.0320
Metrics/locomotion/TACTIC/selected_object_target_progress_delta: 0.0000
Metrics/locomotion/TACTIC/selected_object_release_readiness: 0.0000
Metrics/locomotion/TACTIC/selected_object_release_readiness_delta: 0.0000
Metrics/locomotion/TACTIC/selected_object_release_event: 0.0000
Metrics/locomotion/TACTIC/selected_object_drop_event: 0.0000
Metrics/locomotion/TACTIC/selected_object_gripper_distance: 0.5532
Metrics/locomotion/TACTIC/selected_object_place_error_xy: 0.2769
Metrics/locomotion/TACTIC/selected_object_place_error_z: 0.0288
Metrics/locomotion/TACTIC/selected_interaction_frontier: 0.0000
Metrics/locomotion/TACTIC/selected_interaction_frontier_delta: 0.0000
Metrics/locomotion/TACTIC/selected_reachability: 0.0994
Metrics/locomotion/TACTIC/task_switch: 0.0000
Metrics/locomotion/TACTIC/skill_switch: 0.0000
Metrics/locomotion/TACTIC/task_age: 0.0000
Metrics/locomotion/TACTIC/skill_age: 0.0000
Metrics/locomotion/TACTIC/task_hazard: 0.0000
Metrics/locomotion/TACTIC/skill_hazard: 0.0000
Metrics/locomotion/TACTIC/task_termination_probability: 0.0000
Metrics/locomotion/TACTIC/skill_termination_probability: 0.0000
Metrics/locomotion/TACTIC/task_entropy: 0.0015
Metrics/locomotion/TACTIC/skill_entropy: 0.6862
Metrics/locomotion/TACTIC/task_occupancy_entropy: 0.0015
Metrics/locomotion/TACTIC/skill_occupancy_entropy: 0.6862
Metrics/locomotion/TACTIC/skill_parameter_0: 0.0000
Metrics/locomotion/TACTIC/skill_parameter_1: 0.0000
Metrics/locomotion/TACTIC/skill_parameter_2: 0.0000
Metrics/locomotion/TACTIC/skill_parameter_3: 0.0000
Metrics/locomotion/TACTIC/skill_parameter_4: 0.0000
Metrics/locomotion/TACTIC/skill_parameter_5: 0.0000
Metrics/locomotion/TACTIC/object_0_complete: 0.0000
Metrics/locomotion/TACTIC/object_1_complete: 0.0000
Metrics/locomotion/TACTIC/object_2_complete: 0.0000
Metrics/locomotion/TACTIC/object_3_complete: 0.0000
Metrics/locomotion/TACTIC/object_4_complete: 0.0000
Metrics/locomotion/TACTIC/object_5_complete: 0.0000
      Episode_Termination/time_out: 0.0000
   Episode_Termination/bad_contact: 0.0000
          Episode_Termination/tilt: 0.2331
    Episode_Termination/low_height: 0.0000
Episode_Termination/mission_success: 0.0000
--------------------------------------------------------------------------------
                   Total timesteps: 9216
                    Iteration time: 6.00s
                      Time elapsed: 00:00:19
                               ETA: 00:02:59

################################################################################
                       [1m Learning iteration 3/30 [0m                        

                       Computation: 525 steps/s (collection: 5.072s, learning 0.771s)
             Mean action noise std: 0.02
          Mean value_function loss: 27.6433
               Mean surrogate loss: 0.0492
                 Mean entropy loss: -102.6421
  Mean stability_teacher_loss loss: 0.0000
 Mean next_control_prediction loss: 0.0247
       Mean skill_feasibility loss: 0.6931
 Mean task_outcome_prediction loss: 0.0326
 Mean task_outcome_confidence loss: 1.5162
Mean task_outcome_confidence_mean loss: 0.1192
Mean skill_outcome_prediction loss: 0.0064
        Mean payload_survival loss: 0.6931
Mean payload_survival_support loss: 0.0156
   Mean payload_drop_fraction loss: 0.0000
Mean payload_survival_prediction loss: 0.5000
 Mean skill_effect_prediction loss: 0.0356
 Mean skill_effect_confidence loss: 1.5030
Mean skill_effect_confidence_mean loss: 0.1192
Mean motion_execution_prediction loss: 0.0447
Mean motion_execution_confidence loss: 1.3718
Mean embodiment_response_prediction loss: 0.0043
Mean embodiment_response_vx_abs loss: 0.0022
Mean embodiment_response_wz_abs loss: 0.0009
   Mean constraint_multiplier loss: 0.0104
Mean task_constraint_multiplier_mean loss: 0.1632
Mean skill_constraint_multiplier_mean loss: 0.1632
 Mean hierarchy_cbf_violation loss: 0.0413
Mean hierarchy_cbf_raw_violation loss: 0.0426
Mean hierarchy_cbf_transient_slack loss: 0.0060
 Mean hierarchy_clf_violation loss: 0.0001
Mean hierarchy_cbf_regression loss: 0.0122
Mean hierarchy_clf_regression loss: 0.0001
   Mean safe_task_achievement loss: -0.0087
  Mean safe_skill_achievement loss: -0.0076
Mean unsafe_positive_progress_rate loss: 0.0312
Mean motion_execution_confidence_mean loss: 0.1192
Mean grounded_effect_diversity loss: 0.0000
      Mean task_option_credit loss: 0.0191
     Mean skill_option_credit loss: -0.0060
    Mean event_hindsight_task loss: 0.0000
   Mean event_hindsight_skill loss: 3.0741
       Mean event_credit_mass loss: 0.0145
Mean task_option_advantage_abs loss: 0.3716
Mean skill_option_advantage_abs loss: 0.3976
         Mean task_transition loss: 2.3597
        Mean skill_transition loss: 1.5745
       Mean motion_transition loss: 1.7005
  Mean interaction_transition loss: 1.3857
Mean interaction_active_fraction loss: 1.0000
              Mean task_usage loss: 0.0000
  Mean task_frontier_coverage loss: 0.0000
Mean selected_frontier_probability loss: 0.7992
       Mean interaction_phase loss: 0.2523
Mean interaction_release_target loss: 0.0187
Mean interaction_release_frontier loss: 0.0047
Mean interaction_release_balance_weight loss: 1.1308
  Mean task_control_objective loss: 0.0126
        Mean task_clf_descent loss: 0.0012
  Mean task_barrier_authority loss: 0.0325
Mean skill_predictive_control loss: 0.0031
Mean relational_subgoal_grounding loss: 0.0000
  Mean task_subgoal_alignment loss: 1.0000
  Mean task_subgoal_authority loss: 0.4649
   Mean task_skill_projection loss: 0.0000
 Mean task_transient_capacity loss: 0.7595
   Mean task_posture_capacity loss: 0.8714
Mean task_projected_turn_demand loss: 0.3163
Mean task_semantic_turn_demand loss: 0.3163
Mean task_lateral_turn_demand loss: 0.0000
Mean task_target_yaw_residual loss: 0.5751
Mean task_interaction_authority loss: 0.0083
    Mean task_arm_scope_error loss: 0.0000
Mean counterfactual_task_selection loss: 0.0000
Mean counterfactual_task_target_entropy loss: 0.0000
Mean counterfactual_task_target_peak loss: 0.0000
Mean grounded_task_utility_span loss: 0.0000
      Mean task_outcome_blend loss: 0.0000
Mean grounded_task_target_agreement loss: 0.0000
Mean sampled_task_target_probability loss: 0.0000
Mean recovery_candidate_fraction loss: 0.0000
Mean recovery_task_probability loss: 0.0000
Mean recovery_target_probability loss: 0.0000
Mean counterfactual_termination loss: 0.4841
 Mean task_termination_target loss: 0.0000
Mean skill_termination_target loss: 0.5787
Mean payload_skill_barrier_pressure loss: 0.0000
Mean payload_transient_demand loss: 0.0346
Mean payload_skill_exit_target loss: 0.0000
Mean payload_survival_exit_target loss: 0.0000
Mean payload_survival_authority loss: 0.0000
        Mean task_switch_gain loss: 0.0000
       Mean skill_switch_gain loss: 0.0598
Mean counterfactual_skill_selection loss: 0.9313
Mean counterfactual_target_entropy loss: 0.7531
Mean counterfactual_target_peak loss: 0.7339
       Mean successor_decoder loss: 0.0954
  Mean successor_predicted_vx loss: -0.0037
  Mean successor_predicted_wz loss: -0.0063
 Mean successor_predicted_cbf loss: 0.5000
 Mean successor_predicted_clf loss: 0.5000
 Mean successor_cbf_violation loss: 0.0020
 Mean successor_clf_violation loss: 0.0006
             Mean skill_usage loss: 0.1318
        Mean skill_confidence loss: 0.7404
     Mean task_slot_diversity loss: 0.3959
Mean skill_embedding_diversity loss: 0.0621
   Mean motion_gain_diversity loss: 0.0000
Mean motion_objective_diversity loss: 0.0000
       Mean event_replay_size loss: 844.0000
   Mean event_replay_priority loss: 0.0643
 Mean event_replay_task_valid loss: 0.6943
Mean event_replay_task_detail_valid loss: 0.6943
       Mean event_replay_task loss: 0.0000
      Mean event_replay_skill loss: 0.6681
     Mean event_replay_motion loss: 1.1293
Mean event_replay_interaction loss: 0.1043
Mean event_replay_task_subgoal loss: 0.0003
Mean event_replay_skill_parameter loss: 0.0146
  Mean event_replay_parameter loss: 0.0147
Mean event_replay_barrier_quality loss: 0.4788
Mean event_replay_unsafe_fraction loss: 0.0000
Mean event_replay_buffer_unsafe_fraction loss: 0.0000
Mean event_replay_buffer_delivery loss: 0.7156
Mean event_replay_buffer_recovery loss: 0.0000
Mean event_replay_sample_delivery loss: 0.6951
Mean event_replay_sample_recovery loss: 0.0000
Mean event_replay_sample_raw_delivery loss: 0.6943
Mean event_replay_sample_raw_recovery loss: 0.0000
Mean event_replay_recovery_pressure loss: 0.0000
Mean event_replay_recovery_adapter_gate loss: 0.0000
Mean event_replay_buffer_approach loss: 0.8642
Mean event_replay_sample_approach loss: 0.6553
Mean event_replay_sample_raw_approach loss: 0.6553
Mean event_replay_buffer_secure loss: 0.1159
Mean event_replay_sample_secure loss: 0.2614
Mean event_replay_sample_raw_secure loss: 0.2611
Mean event_replay_buffer_release loss: 0.0199
Mean event_replay_sample_release loss: 0.0833
Mean event_replay_sample_raw_release loss: 0.0836
Mean payload_survival_replay_size loss: 32.0000
Mean payload_survival_replay_support loss: 1.0000
Mean payload_survival_replay_drop_fraction loss: 0.4999
Mean payload_survival_replay_prediction loss: 0.5000
Mean payload_survival_replay_drop_prediction loss: 0.5000
Mean payload_survival_replay_retain_prediction loss: 0.5000
Mean payload_survival_replay_separation loss: 0.0000
Mean payload_survival_replay_accuracy loss: 0.5000
Mean payload_survival_replay_rank_loss loss: 0.7185
Mean payload_survival_replay_rank_gap loss: 0.0000
Mean payload_survival_replay_rank_accuracy loss: 0.0000
Mean payload_survival_replay_rank_pairs loss: 8.0000
      Mean event_replay_added loss: 256.0000
Mean event_replay_append_task_valid loss: 0.6992
Mean event_replay_task_relabel loss: 0.3008
Mean event_replay_interaction_relabel loss: 0.2461
Mean event_replay_append_delivery loss: 0.6992
Mean event_replay_append_recovery loss: 0.0000
Mean event_replay_append_payload_recovery loss: 0.0000
Mean payload_survival_replay_added loss: 24.0000
Mean payload_survival_replay_append_drop_fraction loss: 0.0000
      Mean hierarchy_cbf_dual loss: 0.5239
      Mean hierarchy_clf_dual loss: 0.3384
Mean hierarchy_cbf_violation_ema loss: 0.3855
Mean hierarchy_clf_violation_ema loss: 0.0494
Mean physical_adaptation_active loss: 0.0000
Mean physical_adaptation_stage loss: -10.0000
 Mean hierarchy_only_training loss: 0.0000
Mean decomposition_only_training loss: 0.0000
Mean motion_selector_only_training loss: 0.0000
Mean interaction_selector_only_training loss: 0.0000
Mean motion_skill_only_training loss: 0.0000
Mean payload_motion_only_training loss: 0.0000
Mean recovery_adapter_only_training loss: 0.0000
 Mean auxiliary_learning_rate loss: 0.0000
Mean payload_survival_learning_rate loss: 0.0003
Mean physical_core_learning_rate loss: 0.0000
Mean physical_adapter_learning_rate loss: 0.0000
Mean skill_information_reward loss: -0.0014
 Mean task_information_reward loss: 0.0000
                       Mean reward: -62.82
               Mean episode length: 18.64
   Episode_Reward/term_bad_contact: 0.0000
          Episode_Reward/term_tilt: -0.0139
    Episode_Reward/term_low_height: 0.0000
      Episode_Reward/leg_action_l2: -0.0005
   Episode_Reward/tracking_lin_vel: 0.0000
Episode_Reward/tracking_ang_vel_yaw_l1: 0.0000
Episode_Reward/tracking_ang_vel_yaw_exp: 0.0000
Episode_Reward/tracking_lin_vel_y_l2: 0.0000
Episode_Reward/tracking_lin_vel_z_l2: 0.0000
            Episode_Reward/survive: 0.0000
    Episode_Reward/foot_contacts_z: 0.0000
            Episode_Reward/torques: -0.0020
 Episode_Reward/tracking_lin_vel_y: 0.0000
          Episode_Reward/lin_vel_z: -0.0004
         Episode_Reward/ang_vel_xy: -0.0008
   Episode_Reward/tracking_ang_vel: 0.0006
               Episode_Reward/work: -0.0260
            Episode_Reward/dof_acc: -0.0639
        Episode_Reward/action_rate: -0.0006
     Episode_Reward/dof_pos_limits: -0.0000
      Episode_Reward/delta_torques: -0.0000
          Episode_Reward/collision: -0.0400
        Episode_Reward/walking_dof: 0.0000
            Episode_Reward/hip_pos: -0.0004
          Episode_Reward/feet_jerk: 0.0000
              Episode_Reward/alive: 0.0027
          Episode_Reward/feet_drag: -0.0003
Episode_Reward/feet_contact_forces: -0.0016
               Episode_Reward/roll: -0.0005
        Episode_Reward/base_height: -0.0014
Episode_Reward/tracking_lin_vel_max: 0.0033
Episode_Reward/flat_orientation_l2: -0.0001
  Episode_Reward/air_time_variance: -0.0000
        Episode_Reward/feet_height: 0.0000
      Episode_Reward/feet_air_time: 0.0000
Episode_Reward/update_last_buffers: 0.0000
   Episode_Reward/wheel_idle_speed: -0.3343
    Episode_Reward/wheel_action_l2: -0.0001
  Episode_Reward/wheel_action_rate: 0.0000
  Episode_Reward/wheel_forward_use: 0.0000
 Episode_Reward/wheel_turn_support: 0.0000
Episode_Reward/tactic_mission_completion: 0.0000
Episode_Reward/tactic_mission_success: 0.0000
Episode_Reward/tactic_task_progress: -0.0003
Episode_Reward/tactic_task_tracking: 0.0008
 Episode_Reward/tactic_ee_tracking: 0.0016
  Episode_Reward/tactic_valid_task: 0.0005
Episode_Reward/tactic_invalid_task: 0.0000
Episode_Reward/tactic_option_switch: -0.0000
Episode_Reward/tactic_control_progress: -0.0002
  Episode_Reward/tactic_cbf_margin: 0.0000
Episode_Reward/tactic_predicted_margin: 0.0000
Episode_Reward/tactic_clf_decrease: 0.0000
Episode_Reward/tactic_disturbance_rejection: 0.0000
Episode_Reward/tactic_safety_violation: -0.0017
Episode_Reward/tactic_unsafe_progress: -0.0000
Episode_Reward/tactic_object_contact: 0.0000
 Episode_Reward/tactic_object_lift: 0.0000
Episode_Reward/tactic_object_transport: 0.0000
Episode_Reward/tactic_object_place: 0.0000
Episode_Reward/tactic_object_completion: 0.0000
Episode_Reward/tactic_interaction_frontier: 0.0000
  Episode_Reward/tactic_grasp_hold: 0.0000
Episode_Reward/tactic_payload_progress: 0.0000
Episode_Reward/tactic_release_readiness: 0.0000
Episode_Reward/tactic_intended_release: 0.0000
Episode_Reward/tactic_payload_retention: 0.0000
Episode_Reward/tactic_payload_drop: 0.0000
Episode_Reward/tactic_release_quality: 0.0000
Episode_Reward/tactic_wrong_object_interaction: 0.0000
 Episode_Reward/tactic_all_objects: 0.0000
Metrics/locomotion/TACTIC/mission_completion: 0.0000
Metrics/locomotion/TACTIC/mission_completion_delta: 0.0000
Metrics/locomotion/TACTIC/mission_success: 0.0000
Metrics/locomotion/TACTIC/task_progress: 0.0342
Metrics/locomotion/TACTIC/task_progress_delta: -0.0017
Metrics/locomotion/TACTIC/task_error: 1.1942
Metrics/locomotion/TACTIC/ee_error: 0.7812
Metrics/locomotion/TACTIC/tcp_object_distance: 0.6623
Metrics/locomotion/TACTIC/goal_object_distance: 0.0626
Metrics/locomotion/TACTIC/finger_object_distance: 0.7512
Metrics/locomotion/TACTIC/object_target_distance: 0.1334
Metrics/locomotion/TACTIC/recovery_task_executed: 0.0000
Metrics/locomotion/TACTIC/recovery_task_probability: 0.0000
Metrics/locomotion/TACTIC/executed_task_probability: 1.0000
Metrics/locomotion/TACTIC/task_constraint_projection: 0.0000
Metrics/locomotion/TACTIC/recovery_latch_seen: 0.0000
Metrics/locomotion/TACTIC/recovery_valid_seen: 0.0000
Metrics/locomotion/TACTIC/recovery_pressure_seen: 0.0000
Metrics/locomotion/TACTIC/cbf_margin: 0.0000
Metrics/locomotion/TACTIC/predicted_margin: 0.0000
Metrics/locomotion/TACTIC/clf_decrease: -0.4840
Metrics/locomotion/TACTIC/disturbance_estimate: 1.1054
Metrics/locomotion/TACTIC/base_height: 0.2297
Metrics/locomotion/TACTIC/base_tilt: 0.5551
Metrics/locomotion/TACTIC/control_recovery_pressure: 1.0000
Metrics/locomotion/TACTIC/control_recovery_active: 1.0000
Metrics/locomotion/TACTIC/control_recovery_constraint_active: 1.0000
Metrics/locomotion/TACTIC/payload_posture_projection: 0.0000
Metrics/locomotion/TACTIC/payload_relation_violation: 0.0000
 Metrics/locomotion/TACTIC/base_vx: 0.2097
 Metrics/locomotion/TACTIC/base_vy: -0.3064
 Metrics/locomotion/TACTIC/base_wz: 0.4392
Metrics/locomotion/TACTIC/support_count: 2.0000
Metrics/locomotion/TACTIC/obstacle_margin: 1.1733
Metrics/locomotion/TACTIC/gripper_closure: 0.0089
Metrics/locomotion/TACTIC/manipulation_active: 1.0000
Metrics/locomotion/TACTIC/grasp_active: 1.0000
Metrics/locomotion/TACTIC/grasp_orientation_active: 0.0000
Metrics/locomotion/TACTIC/grasp_orientation_error: 0.0000
Metrics/locomotion/TACTIC/interaction_authority: 0.0000
Metrics/locomotion/TACTIC/workspace_handoff: 1.0000
Metrics/locomotion/TACTIC/grasp_projection_distance: 0.4549
Metrics/locomotion/TACTIC/grasp_center_error: 0.7335
Metrics/locomotion/TACTIC/capture_staging_distance: 0.5811
Metrics/locomotion/TACTIC/capture_heading_error: 0.9317
Metrics/locomotion/TACTIC/capture_initiation_margin: -1.0755
Metrics/locomotion/TACTIC/selected_delivery_side: -1.0000
Metrics/locomotion/TACTIC/capture_lift_active: 0.0000
Metrics/locomotion/TACTIC/command_vx: 0.0000
Metrics/locomotion/TACTIC/command_vy: 0.0000
Metrics/locomotion/TACTIC/command_wz: 0.0000
Metrics/locomotion/TACTIC/curriculum_level: 0.0000
Metrics/locomotion/TACTIC/curriculum_frontier: 0.0000
Metrics/locomotion/TACTIC/curriculum_probe: 0.0000
Metrics/locomotion/TACTIC/interaction_start_curriculum: 1.0000
Metrics/locomotion/TACTIC/interaction_start_probability: 1.0000
Metrics/locomotion/TACTIC/composition_probe_probability: 0.0000
Metrics/locomotion/TACTIC/curriculum_completion_ema: 0.0000
Metrics/locomotion/TACTIC/curriculum_progress_ema: 0.1039
Metrics/locomotion/TACTIC/curriculum_safety_ema: 0.2170
Metrics/locomotion/TACTIC/episode_safety_fraction: 0.7188
Metrics/locomotion/TACTIC/curriculum_contact_ema: 0.0000
Metrics/locomotion/TACTIC/curriculum_lift_ema: 0.0000
Metrics/locomotion/TACTIC/curriculum_transport_ema: 0.0000
Metrics/locomotion/TACTIC/curriculum_place_ema: 0.0000
Metrics/locomotion/TACTIC/curriculum_delivery_completion_ema: 0.0000
Metrics/locomotion/TACTIC/curriculum_regression_streak: 0.0000
Metrics/locomotion/TACTIC/required_task_count: 1.0000
Metrics/locomotion/TACTIC/object_completion_mean: 0.0000
Metrics/locomotion/TACTIC/object_contact_mean: 0.0000
Metrics/locomotion/TACTIC/object_lift_mean: 0.0000
Metrics/locomotion/TACTIC/object_transport_mean: 0.0000
Metrics/locomotion/TACTIC/object_place_mean: 0.0000
Metrics/locomotion/TACTIC/object_target_progress_mean: 0.0814
Metrics/locomotion/TACTIC/object_target_progress_delta_mean: 0.0000
Metrics/locomotion/TACTIC/object_release_readiness_mean: 0.0000
Metrics/locomotion/TACTIC/object_release_readiness_delta_mean: 0.0000
Metrics/locomotion/TACTIC/object_release_event_mean: 0.0000
Metrics/locomotion/TACTIC/object_drop_event_mean: 0.0000
Metrics/locomotion/TACTIC/object_gripper_distance_mean: 0.7455
Metrics/locomotion/TACTIC/object_carrying_mean: 0.0000
Metrics/locomotion/TACTIC/object_carry_memory_mean: 0.0000
Metrics/locomotion/TACTIC/interaction_frontier_mean: 0.0000
Metrics/locomotion/TACTIC/interaction_frontier_delta_mean: 0.0000
Metrics/locomotion/TACTIC/contact_symmetry_mean: 0.0000
 Metrics/locomotion/TACTIC/task_id: 9.0000
Metrics/locomotion/TACTIC/skill_id: 9.0000
Metrics/locomotion/TACTIC/object_id: 4.0000
Metrics/locomotion/TACTIC/effective_object_id: 4.0000
Metrics/locomotion/TACTIC/selected_object_contact: 0.0000
Metrics/locomotion/TACTIC/selected_object_lift: 0.0000
Metrics/locomotion/TACTIC/selected_object_transport: 0.0000
Metrics/locomotion/TACTIC/selected_object_place: 0.0000
Metrics/locomotion/TACTIC/selected_object_completion: 0.0000
Metrics/locomotion/TACTIC/selected_object_carrying: 0.0000
Metrics/locomotion/TACTIC/selected_object_carry_memory: 0.0000
Metrics/locomotion/TACTIC/selected_object_target_progress: 0.4885
Metrics/locomotion/TACTIC/selected_object_target_progress_delta: 0.0000
Metrics/locomotion/TACTIC/selected_object_release_readiness: 0.0000
Metrics/locomotion/TACTIC/selected_object_release_readiness_delta: 0.0000
Metrics/locomotion/TACTIC/selected_object_release_event: 0.0000
Metrics/locomotion/TACTIC/selected_object_drop_event: 0.0000
Metrics/locomotion/TACTIC/selected_object_gripper_distance: 0.6610
Metrics/locomotion/TACTIC/selected_object_place_error_xy: 0.1263
Metrics/locomotion/TACTIC/selected_object_place_error_z: 0.0430
Metrics/locomotion/TACTIC/selected_interaction_frontier: 0.0000
Metrics/locomotion/TACTIC/selected_interaction_frontier_delta: 0.0000
Metrics/locomotion/TACTIC/selected_reachability: 0.0062
Metrics/locomotion/TACTIC/task_switch: 0.0000
Metrics/locomotion/TACTIC/skill_switch: 0.0000
Metrics/locomotion/TACTIC/task_age: 0.0000
Metrics/locomotion/TACTIC/skill_age: 0.0000
Metrics/locomotion/TACTIC/task_hazard: 0.0000
Metrics/locomotion/TACTIC/skill_hazard: 0.0000
Metrics/locomotion/TACTIC/task_termination_probability: 0.0000
Metrics/locomotion/TACTIC/skill_termination_probability: 0.0000
Metrics/locomotion/TACTIC/task_entropy: 0.0000
Metrics/locomotion/TACTIC/skill_entropy: 0.6714
Metrics/locomotion/TACTIC/task_occupancy_entropy: 0.0000
Metrics/locomotion/TACTIC/skill_occupancy_entropy: 0.6714
Metrics/locomotion/TACTIC/skill_parameter_0: 0.0000
Metrics/locomotion/TACTIC/skill_parameter_1: 0.0000
Metrics/locomotion/TACTIC/skill_parameter_2: 0.0000
Metrics/locomotion/TACTIC/skill_parameter_3: 0.0000
Metrics/locomotion/TACTIC/skill_parameter_4: 0.0000
Metrics/locomotion/TACTIC/skill_parameter_5: 0.0000
Metrics/locomotion/TACTIC/object_0_complete: 0.0000
Metrics/locomotion/TACTIC/object_1_complete: 0.0000
Metrics/locomotion/TACTIC/object_2_complete: 0.0000
Metrics/locomotion/TACTIC/object_3_complete: 0.0000
Metrics/locomotion/TACTIC/object_4_complete: 0.0000
Metrics/locomotion/TACTIC/object_5_complete: 0.0000
      Episode_Termination/time_out: 0.0000
   Episode_Termination/bad_contact: 0.0000
          Episode_Termination/tilt: 0.2422
    Episode_Termination/low_height: 0.0000
Episode_Termination/mission_success: 0.0000
--------------------------------------------------------------------------------
                   Total timesteps: 12288
                    Iteration time: 5.84s
                      Time elapsed: 00:00:25
                               ETA: 00:02:49

################################################################################
                       [1m Learning iteration 4/30 [0m                        

                       Computation: 509 steps/s (collection: 5.281s, learning 0.752s)
             Mean action noise std: 0.02
          Mean value_function loss: 39.0965
               Mean surrogate loss: 0.0688
                 Mean entropy loss: -102.6931
  Mean stability_teacher_loss loss: 0.0000
 Mean next_control_prediction loss: 0.0238
       Mean skill_feasibility loss: 0.6931
 Mean task_outcome_prediction loss: 0.0321
 Mean task_outcome_confidence loss: 1.5310
Mean task_outcome_confidence_mean loss: 0.1192
Mean skill_outcome_prediction loss: 0.0042
        Mean payload_survival loss: 0.6931
Mean payload_survival_support loss: 0.0150
   Mean payload_drop_fraction loss: 0.0000
Mean payload_survival_prediction loss: 0.5000
 Mean skill_effect_prediction loss: 0.0310
 Mean skill_effect_confidence loss: 1.5700
Mean skill_effect_confidence_mean loss: 0.1192
Mean motion_execution_prediction loss: 0.0411
Mean motion_execution_confidence loss: 1.4311
Mean embodiment_response_prediction loss: 0.0026
Mean embodiment_response_vx_abs loss: 0.0021
Mean embodiment_response_wz_abs loss: 0.0010
   Mean constraint_multiplier loss: 0.0101
Mean task_constraint_multiplier_mean loss: 0.1632
Mean skill_constraint_multiplier_mean loss: 0.1632
 Mean hierarchy_cbf_violation loss: 0.0372
Mean hierarchy_cbf_raw_violation loss: 0.0387
Mean hierarchy_cbf_transient_slack loss: 0.0051
 Mean hierarchy_clf_violation loss: 0.0003
Mean hierarchy_cbf_regression loss: 0.0137
Mean hierarchy_clf_regression loss: 0.0000
   Mean safe_task_achievement loss: -0.0020
  Mean safe_skill_achievement loss: -0.0001
Mean unsafe_positive_progress_rate loss: 0.0455
Mean motion_execution_confidence_mean loss: 0.1192
Mean grounded_effect_diversity loss: 0.0000
      Mean task_option_credit loss: -0.0219
     Mean skill_option_credit loss: -0.0218
    Mean event_hindsight_task loss: 0.0000
   Mean event_hindsight_skill loss: 1.9004
       Mean event_credit_mass loss: 0.0105
Mean task_option_advantage_abs loss: 0.3604
Mean skill_option_advantage_abs loss: 0.4397
         Mean task_transition loss: 2.3806
        Mean skill_transition loss: 1.5943
       Mean motion_transition loss: 1.7266
  Mean interaction_transition loss: 1.3958
Mean interaction_active_fraction loss: 1.0000
              Mean task_usage loss: 0.0000
  Mean task_frontier_coverage loss: 0.0000
Mean selected_frontier_probability loss: 0.8013
       Mean interaction_phase loss: 0.2739
Mean interaction_release_target loss: 0.0188
Mean interaction_release_frontier loss: 0.0049
Mean interaction_release_balance_weight loss: 1.1316
  Mean task_control_objective loss: 0.0108
        Mean task_clf_descent loss: 0.0011
  Mean task_barrier_authority loss: 0.0275
Mean skill_predictive_control loss: 0.0022
Mean relational_subgoal_grounding loss: 0.0000
  Mean task_subgoal_alignment loss: 1.0000
  Mean task_subgoal_authority loss: 0.4707
   Mean task_skill_projection loss: 0.0000
 Mean task_transient_capacity loss: 0.7610
   Mean task_posture_capacity loss: 0.8773
Mean task_projected_turn_demand loss: 0.3174
Mean task_semantic_turn_demand loss: 0.3174
Mean task_lateral_turn_demand loss: 0.0000
Mean task_target_yaw_residual loss: 0.5770
Mean task_interaction_authority loss: 0.0061
    Mean task_arm_scope_error loss: 0.0000
Mean counterfactual_task_selection loss: 0.0000
Mean counterfactual_task_target_entropy loss: 0.0000
Mean counterfactual_task_target_peak loss: 0.0000
Mean grounded_task_utility_span loss: 0.0000
      Mean task_outcome_blend loss: 0.0000
Mean grounded_task_target_agreement loss: 0.0000
Mean sampled_task_target_probability loss: 0.0000
Mean recovery_candidate_fraction loss: 0.0000
Mean recovery_task_probability loss: 0.0000
Mean recovery_target_probability loss: 0.0000
Mean counterfactual_termination loss: 0.4732
 Mean task_termination_target loss: 0.0000
Mean skill_termination_target loss: 0.5365
Mean payload_skill_barrier_pressure loss: 0.0000
Mean payload_transient_demand loss: 0.0498
Mean payload_skill_exit_target loss: 0.0000
Mean payload_survival_exit_target loss: 0.0000
Mean payload_survival_authority loss: 0.0000
        Mean task_switch_gain loss: 0.0000
       Mean skill_switch_gain loss: 0.0176
Mean counterfactual_skill_selection loss: 0.8947
Mean counterfactual_target_entropy loss: 0.7178
Mean counterfactual_target_peak loss: 0.7522
       Mean successor_decoder loss: 0.0919
  Mean successor_predicted_vx loss: -0.0033
  Mean successor_predicted_wz loss: -0.0059
 Mean successor_predicted_cbf loss: 0.5000
 Mean successor_predicted_clf loss: 0.5000
 Mean successor_cbf_violation loss: 0.0042
 Mean successor_clf_violation loss: 0.0011
             Mean skill_usage loss: 0.1466
        Mean skill_confidence loss: 0.7339
     Mean task_slot_diversity loss: 0.3956
Mean skill_embedding_diversity loss: 0.0621
   Mean motion_gain_diversity loss: 0.0000
Mean motion_objective_diversity loss: 0.0000
       Mean event_replay_size loss: 1100.0000
   Mean event_replay_priority loss: 0.0648
 Mean event_replay_task_valid loss: 0.6992
Mean event_replay_task_detail_valid loss: 0.6992
       Mean event_replay_task loss: 0.0000
      Mean event_replay_skill loss: 0.6979
     Mean event_replay_motion loss: 1.1724
Mean event_replay_interaction loss: 0.1179
Mean event_replay_task_subgoal loss: 0.0003
Mean event_replay_skill_parameter loss: 0.0181
  Mean event_replay_parameter loss: 0.0182
Mean event_replay_barrier_quality loss: 0.4847
Mean event_replay_unsafe_fraction loss: 0.0000
Mean event_replay_buffer_unsafe_fraction loss: 0.0000
Mean event_replay_buffer_delivery loss: 0.7118
Mean event_replay_buffer_recovery loss: 0.0000
Mean event_replay_sample_delivery loss: 0.7003
Mean event_replay_sample_recovery loss: 0.0000
Mean event_replay_sample_raw_delivery loss: 0.6992
Mean event_replay_sample_raw_recovery loss: 0.0000
Mean event_replay_recovery_pressure loss: 0.0000
Mean event_replay_recovery_adapter_gate loss: 0.0000
Mean event_replay_buffer_approach loss: 0.8570
Mean event_replay_sample_approach loss: 0.6146
Mean event_replay_sample_raw_approach loss: 0.6159
Mean event_replay_buffer_secure loss: 0.1124
Mean event_replay_sample_secure loss: 0.2657
Mean event_replay_sample_raw_secure loss: 0.2640
Mean event_replay_buffer_release loss: 0.0307
Mean event_replay_sample_release loss: 0.1197
Mean event_replay_sample_raw_release loss: 0.1201
Mean payload_survival_replay_size loss: 56.0000
Mean payload_survival_replay_support loss: 1.0000
Mean payload_survival_replay_drop_fraction loss: 0.4999
Mean payload_survival_replay_prediction loss: 0.5000
Mean payload_survival_replay_drop_prediction loss: 0.5000
Mean payload_survival_replay_retain_prediction loss: 0.5000
Mean payload_survival_replay_separation loss: 0.0000
Mean payload_survival_replay_accuracy loss: 0.5000
Mean payload_survival_replay_rank_loss loss: 0.7185
Mean payload_survival_replay_rank_gap loss: 0.0000
Mean payload_survival_replay_rank_accuracy loss: 0.0000
Mean payload_survival_replay_rank_pairs loss: 11.0000
      Mean event_replay_added loss: 256.0000
Mean event_replay_append_task_valid loss: 0.6992
Mean event_replay_task_relabel loss: 0.3008
Mean event_replay_interaction_relabel loss: 0.1016
Mean event_replay_append_delivery loss: 0.6992
Mean event_replay_append_recovery loss: 0.0000
Mean event_replay_append_payload_recovery loss: 0.0000
Mean payload_survival_replay_added loss: 24.0000
Mean payload_survival_replay_append_drop_fraction loss: 0.0000
      Mean hierarchy_cbf_dual loss: 0.5232
      Mean hierarchy_clf_dual loss: 0.3344
Mean hierarchy_cbf_violation_ema loss: 0.3681
Mean hierarchy_clf_violation_ema loss: 0.0470
Mean physical_adaptation_active loss: 0.0000
Mean physical_adaptation_stage loss: -10.0000
 Mean hierarchy_only_training loss: 0.0000
Mean decomposition_only_training loss: 0.0000
Mean motion_selector_only_training loss: 0.0000
Mean interaction_selector_only_training loss: 0.0000
Mean motion_skill_only_training loss: 0.0000
Mean payload_motion_only_training loss: 0.0000
Mean recovery_adapter_only_training loss: 0.0000
 Mean auxiliary_learning_rate loss: 0.0000
Mean payload_survival_learning_rate loss: 0.0003
Mean physical_core_learning_rate loss: 0.0000
Mean physical_adapter_learning_rate loss: 0.0000
Mean skill_information_reward loss: -0.0021
 Mean task_information_reward loss: 0.0000
                       Mean reward: -67.72
               Mean episode length: 24.42
   Episode_Reward/term_bad_contact: 0.0000
          Episode_Reward/term_tilt: -0.0139
    Episode_Reward/term_low_height: 0.0000
      Episode_Reward/leg_action_l2: -0.0007
   Episode_Reward/tracking_lin_vel: 0.0000
Episode_Reward/tracking_ang_vel_yaw_l1: 0.0000
Episode_Reward/tracking_ang_vel_yaw_exp: 0.0000
Episode_Reward/tracking_lin_vel_y_l2: 0.0000
Episode_Reward/tracking_lin_vel_z_l2: 0.0000
            Episode_Reward/survive: 0.0000
    Episode_Reward/foot_contacts_z: 0.0000
            Episode_Reward/torques: -0.0032
 Episode_Reward/tracking_lin_vel_y: 0.0000
          Episode_Reward/lin_vel_z: -0.0005
         Episode_Reward/ang_vel_xy: -0.0010
   Episode_Reward/tracking_ang_vel: 0.0007
               Episode_Reward/work: -0.0275
            Episode_Reward/dof_acc: -0.0670
        Episode_Reward/action_rate: -0.0007
     Episode_Reward/dof_pos_limits: -0.0000
      Episode_Reward/delta_torques: -0.0000
          Episode_Reward/collision: -0.0704
        Episode_Reward/walking_dof: 0.0000
            Episode_Reward/hip_pos: -0.0005
          Episode_Reward/feet_jerk: 0.0000
              Episode_Reward/alive: 0.0036
          Episode_Reward/feet_drag: -0.0003
Episode_Reward/feet_contact_forces: -0.0023
               Episode_Reward/roll: -0.0007
        Episode_Reward/base_height: -0.0020
Episode_Reward/tracking_lin_vel_max: 0.0046
Episode_Reward/flat_orientation_l2: -0.0002
  Episode_Reward/air_time_variance: -0.0001
        Episode_Reward/feet_height: 0.0000
      Episode_Reward/feet_air_time: 0.0000
Episode_Reward/update_last_buffers: 0.0000
   Episode_Reward/wheel_idle_speed: -0.3305
    Episode_Reward/wheel_action_l2: -0.0001
  Episode_Reward/wheel_action_rate: 0.0000
  Episode_Reward/wheel_forward_use: 0.0000
 Episode_Reward/wheel_turn_support: 0.0024
Episode_Reward/tactic_mission_completion: 0.0000
Episode_Reward/tactic_mission_success: 0.0000
Episode_Reward/tactic_task_progress: -0.0002
Episode_Reward/tactic_task_tracking: 0.0003
 Episode_Reward/tactic_ee_tracking: 0.0029
  Episode_Reward/tactic_valid_task: 0.0007
Episode_Reward/tactic_invalid_task: 0.0000
Episode_Reward/tactic_option_switch: -0.0000
Episode_Reward/tactic_control_progress: -0.0001
  Episode_Reward/tactic_cbf_margin: 0.0000
Episode_Reward/tactic_predicted_margin: 0.0000
Episode_Reward/tactic_clf_decrease: 0.0000
Episode_Reward/tactic_disturbance_rejection: 0.0000
Episode_Reward/tactic_safety_violation: -0.0017
Episode_Reward/tactic_unsafe_progress: -0.0000
Episode_Reward/tactic_object_contact: 0.0000
 Episode_Reward/tactic_object_lift: 0.0000
Episode_Reward/tactic_object_transport: 0.0000
Episode_Reward/tactic_object_place: 0.0000
Episode_Reward/tactic_object_completion: 0.0000
Episode_Reward/tactic_interaction_frontier: 0.0000
  Episode_Reward/tactic_grasp_hold: 0.0000
Episode_Reward/tactic_payload_progress: 0.0000
Episode_Reward/tactic_release_readiness: 0.0000
Episode_Reward/tactic_intended_release: 0.0000
Episode_Reward/tactic_payload_retention: 0.0000
Episode_Reward/tactic_payload_drop: 0.0000
Episode_Reward/tactic_release_quality: 0.0000
Episode_Reward/tactic_wrong_object_interaction: 0.0000
 Episode_Reward/tactic_all_objects: 0.0000
Metrics/locomotion/TACTIC/mission_completion: 0.0000
Metrics/locomotion/TACTIC/mission_completion_delta: 0.0000
Metrics/locomotion/TACTIC/mission_success: 0.0000
Metrics/locomotion/TACTIC/task_progress: 0.0340
Metrics/locomotion/TACTIC/task_progress_delta: -0.0008
Metrics/locomotion/TACTIC/task_error: 1.9623
Metrics/locomotion/TACTIC/ee_error: 0.5560
Metrics/locomotion/TACTIC/tcp_object_distance: 0.7387
Metrics/locomotion/TACTIC/goal_object_distance: 0.3208
Metrics/locomotion/TACTIC/finger_object_distance: 0.7830
Metrics/locomotion/TACTIC/object_target_distance: 0.3510
Metrics/locomotion/TACTIC/recovery_task_executed: 0.0000
Metrics/locomotion/TACTIC/recovery_task_probability: 0.0000
Metrics/locomotion/TACTIC/executed_task_probability: 1.0000
Metrics/locomotion/TACTIC/task_constraint_projection: 0.0000
Metrics/locomotion/TACTIC/recovery_latch_seen: 0.0000
Metrics/locomotion/TACTIC/recovery_valid_seen: 0.0000
Metrics/locomotion/TACTIC/recovery_pressure_seen: 0.0000
Metrics/locomotion/TACTIC/cbf_margin: 0.0000
Metrics/locomotion/TACTIC/predicted_margin: 0.0000
Metrics/locomotion/TACTIC/clf_decrease: -0.3502
Metrics/locomotion/TACTIC/disturbance_estimate: 0.8904
Metrics/locomotion/TACTIC/base_height: 0.2457
Metrics/locomotion/TACTIC/base_tilt: 0.5440
Metrics/locomotion/TACTIC/control_recovery_pressure: 1.0000
Metrics/locomotion/TACTIC/control_recovery_active: 1.0000
Metrics/locomotion/TACTIC/control_recovery_constraint_active: 1.0000
Metrics/locomotion/TACTIC/payload_posture_projection: 0.0000
Metrics/locomotion/TACTIC/payload_relation_violation: 0.0000
 Metrics/locomotion/TACTIC/base_vx: 0.2880
 Metrics/locomotion/TACTIC/base_vy: 0.0529
 Metrics/locomotion/TACTIC/base_wz: -0.2657
Metrics/locomotion/TACTIC/support_count: 2.2083
Metrics/locomotion/TACTIC/obstacle_margin: 1.2640
Metrics/locomotion/TACTIC/gripper_closure: 0.0234
Metrics/locomotion/TACTIC/manipulation_active: 1.0000
Metrics/locomotion/TACTIC/grasp_active: 1.0000
Metrics/locomotion/TACTIC/grasp_orientation_active: 0.0000
Metrics/locomotion/TACTIC/grasp_orientation_error: 0.0000
Metrics/locomotion/TACTIC/interaction_authority: 0.0000
Metrics/locomotion/TACTIC/workspace_handoff: 0.0417
Metrics/locomotion/TACTIC/grasp_projection_distance: 0.0190
Metrics/locomotion/TACTIC/grasp_center_error: 0.0306
Metrics/locomotion/TACTIC/capture_staging_distance: 1.3755
Metrics/locomotion/TACTIC/capture_heading_error: 2.7403
Metrics/locomotion/TACTIC/capture_initiation_margin: -5.0899
Metrics/locomotion/TACTIC/selected_delivery_side: 0.9167
Metrics/locomotion/TACTIC/capture_lift_active: 0.0000
Metrics/locomotion/TACTIC/command_vx: -0.0063
Metrics/locomotion/TACTIC/command_vy: -0.0003
Metrics/locomotion/TACTIC/command_wz: 0.1768
Metrics/locomotion/TACTIC/curriculum_level: 0.0000
Metrics/locomotion/TACTIC/curriculum_frontier: 0.0000
Metrics/locomotion/TACTIC/curriculum_probe: 0.0000
Metrics/locomotion/TACTIC/interaction_start_curriculum: 1.0000
Metrics/locomotion/TACTIC/interaction_start_probability: 1.0000
Metrics/locomotion/TACTIC/composition_probe_probability: 0.0000
Metrics/locomotion/TACTIC/curriculum_completion_ema: 0.0000
Metrics/locomotion/TACTIC/curriculum_progress_ema: 0.0978
Metrics/locomotion/TACTIC/curriculum_safety_ema: 0.2636
Metrics/locomotion/TACTIC/episode_safety_fraction: 0.8159
Metrics/locomotion/TACTIC/curriculum_contact_ema: 0.0000
Metrics/locomotion/TACTIC/curriculum_lift_ema: 0.0000
Metrics/locomotion/TACTIC/curriculum_transport_ema: 0.0000
Metrics/locomotion/TACTIC/curriculum_place_ema: 0.0000
Metrics/locomotion/TACTIC/curriculum_delivery_completion_ema: 0.0000
Metrics/locomotion/TACTIC/curriculum_regression_streak: 0.0000
Metrics/locomotion/TACTIC/required_task_count: 1.0000
Metrics/locomotion/TACTIC/object_completion_mean: 0.0000
Metrics/locomotion/TACTIC/object_contact_mean: 0.0000
Metrics/locomotion/TACTIC/object_lift_mean: 0.0000
Metrics/locomotion/TACTIC/object_transport_mean: 0.0000
Metrics/locomotion/TACTIC/object_place_mean: 0.0000
Metrics/locomotion/TACTIC/object_target_progress_mean: 0.0190
Metrics/locomotion/TACTIC/object_target_progress_delta_mean: 0.0000
Metrics/locomotion/TACTIC/object_release_readiness_mean: 0.0000
Metrics/locomotion/TACTIC/object_release_readiness_delta_mean: 0.0000
Metrics/locomotion/TACTIC/object_release_event_mean: 0.0000
Metrics/locomotion/TACTIC/object_drop_event_mean: 0.0000
Metrics/locomotion/TACTIC/object_gripper_distance_mean: 0.7664
Metrics/locomotion/TACTIC/object_carrying_mean: 0.0000
Metrics/locomotion/TACTIC/object_carry_memory_mean: 0.0000
Metrics/locomotion/TACTIC/interaction_frontier_mean: 0.0000
Metrics/locomotion/TACTIC/interaction_frontier_delta_mean: 0.0000
Metrics/locomotion/TACTIC/contact_symmetry_mean: 0.0000
 Metrics/locomotion/TACTIC/task_id: 9.0000
Metrics/locomotion/TACTIC/skill_id: 4.3750
Metrics/locomotion/TACTIC/object_id: 4.0000
Metrics/locomotion/TACTIC/effective_object_id: 4.0000
Metrics/locomotion/TACTIC/selected_object_contact: 0.0000
Metrics/locomotion/TACTIC/selected_object_lift: 0.0000
Metrics/locomotion/TACTIC/selected_object_transport: 0.0000
Metrics/locomotion/TACTIC/selected_object_place: 0.0000
Metrics/locomotion/TACTIC/selected_object_completion: 0.0000
Metrics/locomotion/TACTIC/selected_object_carrying: 0.0000
Metrics/locomotion/TACTIC/selected_object_carry_memory: 0.0000
Metrics/locomotion/TACTIC/selected_object_target_progress: 0.1141
Metrics/locomotion/TACTIC/selected_object_target_progress_delta: 0.0000
Metrics/locomotion/TACTIC/selected_object_release_readiness: 0.0000
Metrics/locomotion/TACTIC/selected_object_release_readiness_delta: 0.0000
Metrics/locomotion/TACTIC/selected_object_release_event: 0.0000
Metrics/locomotion/TACTIC/selected_object_drop_event: 0.0000
Metrics/locomotion/TACTIC/selected_object_gripper_distance: 0.7384
Metrics/locomotion/TACTIC/selected_object_place_error_xy: 0.2292
Metrics/locomotion/TACTIC/selected_object_place_error_z: 0.1802
Metrics/locomotion/TACTIC/selected_interaction_frontier: 0.0000
Metrics/locomotion/TACTIC/selected_interaction_frontier_delta: 0.0000
Metrics/locomotion/TACTIC/selected_reachability: 0.0003
Metrics/locomotion/TACTIC/task_switch: 0.0000
Metrics/locomotion/TACTIC/skill_switch: 0.0000
Metrics/locomotion/TACTIC/task_age: 0.0000
Metrics/locomotion/TACTIC/skill_age: 0.0000
Metrics/locomotion/TACTIC/task_hazard: 0.0000
Metrics/locomotion/TACTIC/skill_hazard: 0.0000
Metrics/locomotion/TACTIC/task_termination_probability: 0.0000
Metrics/locomotion/TACTIC/skill_termination_probability: 0.0000
Metrics/locomotion/TACTIC/task_entropy: 0.0000
Metrics/locomotion/TACTIC/skill_entropy: 0.6246
Metrics/locomotion/TACTIC/task_occupancy_entropy: 0.0000
Metrics/locomotion/TACTIC/skill_occupancy_entropy: 0.6246
Metrics/locomotion/TACTIC/skill_parameter_0: 0.0000
Metrics/locomotion/TACTIC/skill_parameter_1: 0.0000
Metrics/locomotion/TACTIC/skill_parameter_2: 0.0000
Metrics/locomotion/TACTIC/skill_parameter_3: 0.0000
Metrics/locomotion/TACTIC/skill_parameter_4: 0.0000
Metrics/locomotion/TACTIC/skill_parameter_5: 0.0000
Metrics/locomotion/TACTIC/object_0_complete: 0.0000
Metrics/locomotion/TACTIC/object_1_complete: 0.0000
Metrics/locomotion/TACTIC/object_2_complete: 0.0000
Metrics/locomotion/TACTIC/object_3_complete: 0.0000
Metrics/locomotion/TACTIC/object_4_complete: 0.0000
Metrics/locomotion/TACTIC/object_5_complete: 0.0000
      Episode_Termination/time_out: 0.0000
   Episode_Termination/bad_contact: 0.0000
          Episode_Termination/tilt: 0.2536
    Episode_Termination/low_height: 0.0000
Episode_Termination/mission_success: 0.0000
--------------------------------------------------------------------------------
                   Total timesteps: 15360
                    Iteration time: 6.03s
                      Time elapsed: 00:00:31
                               ETA: 00:02:41

################################################################################
                       [1m Learning iteration 5/30 [0m                        

                       Computation: 521 steps/s (collection: 5.128s, learning 0.758s)
             Mean action noise std: 0.02
          Mean value_function loss: 51.6922
               Mean surrogate loss: 0.0819
                 Mean entropy loss: -102.6831
  Mean stability_teacher_loss loss: 0.0000
 Mean next_control_prediction loss: 0.0255
       Mean skill_feasibility loss: 0.6931
 Mean task_outcome_prediction loss: 0.0321
 Mean task_outcome_confidence loss: 1.5271
Mean task_outcome_confidence_mean loss: 0.1192
Mean skill_outcome_prediction loss: 0.0041
        Mean payload_survival loss: 0.6931
Mean payload_survival_support loss: 0.0208
   Mean payload_drop_fraction loss: 0.0000
Mean payload_survival_prediction loss: 0.5000
 Mean skill_effect_prediction loss: 0.0333
 Mean skill_effect_confidence loss: 1.5729
Mean skill_effect_confidence_mean loss: 0.1192
Mean motion_execution_prediction loss: 0.0437
Mean motion_execution_confidence loss: 1.4349
Mean embodiment_response_prediction loss: 0.0045
Mean embodiment_response_vx_abs loss: 0.0021
Mean embodiment_response_wz_abs loss: 0.0010
   Mean constraint_multiplier loss: 0.0107
Mean task_constraint_multiplier_mean loss: 0.1632
Mean skill_constraint_multiplier_mean loss: 0.1632
 Mean hierarchy_cbf_violation loss: 0.0432
Mean hierarchy_cbf_raw_violation loss: 0.0452
Mean hierarchy_cbf_transient_slack loss: 0.0063
 Mean hierarchy_clf_violation loss: 0.0029
Mean hierarchy_cbf_regression loss: 0.0180
Mean hierarchy_clf_regression loss: 0.0029
   Mean safe_task_achievement loss: -0.0043
  Mean safe_skill_achievement loss: -0.0011
Mean unsafe_positive_progress_rate loss: 0.0605
Mean motion_execution_confidence_mean loss: 0.1192
Mean grounded_effect_diversity loss: 0.0000
      Mean task_option_credit loss: -0.0243
     Mean skill_option_credit loss: -0.0438
    Mean event_hindsight_task loss: 0.0000
   Mean event_hindsight_skill loss: 1.1988
       Mean event_credit_mass loss: 0.0076
Mean task_option_advantage_abs loss: 0.3594
Mean skill_option_advantage_abs loss: 0.3687
         Mean task_transition loss: 2.3856
        Mean skill_transition loss: 1.5881
       Mean motion_transition loss: 1.7217
  Mean interaction_transition loss: 1.3876
Mean interaction_active_fraction loss: 0.9974
              Mean task_usage loss: 0.0000
  Mean task_frontier_coverage loss: 0.0000
Mean selected_frontier_probability loss: 0.7980
       Mean interaction_phase loss: 0.2965
Mean interaction_release_target loss: 0.0213
Mean interaction_release_frontier loss: 0.0076
Mean interaction_release_balance_weight loss: 1.1490
  Mean task_control_objective loss: 0.0118
        Mean task_clf_descent loss: 0.0014
  Mean task_barrier_authority loss: 0.0298
Mean skill_predictive_control loss: 0.0022
Mean relational_subgoal_grounding loss: 0.0000
  Mean task_subgoal_alignment loss: 1.0000
  Mean task_subgoal_authority loss: 0.4641
   Mean task_skill_projection loss: 0.0000
 Mean task_transient_capacity loss: 0.7776
   Mean task_posture_capacity loss: 0.8650
Mean task_projected_turn_demand loss: 0.3057
Mean task_semantic_turn_demand loss: 0.3057
Mean task_lateral_turn_demand loss: 0.0000
Mean task_target_yaw_residual loss: 0.5557
Mean task_interaction_authority loss: 0.0105
    Mean task_arm_scope_error loss: 0.0000
Mean counterfactual_task_selection loss: 0.0000
Mean counterfactual_task_target_entropy loss: 0.0000
Mean counterfactual_task_target_peak loss: 0.0000
Mean grounded_task_utility_span loss: 0.0000
      Mean task_outcome_blend loss: 0.0000
Mean grounded_task_target_agreement loss: 0.0000
Mean sampled_task_target_probability loss: 0.0000
Mean recovery_candidate_fraction loss: 0.0000
Mean recovery_task_probability loss: 0.0000
Mean recovery_target_probability loss: 0.0000
Mean counterfactual_termination loss: 0.4888
 Mean task_termination_target loss: 0.0000
Mean skill_termination_target loss: 0.5959
Mean payload_skill_barrier_pressure loss: 0.0000
Mean payload_transient_demand loss: 0.0258
Mean payload_skill_exit_target loss: 0.0000
Mean payload_survival_exit_target loss: 0.0000
Mean payload_survival_authority loss: 0.0000
        Mean task_switch_gain loss: 0.0000
       Mean skill_switch_gain loss: 0.0368
Mean counterfactual_skill_selection loss: 0.8697
Mean counterfactual_target_entropy loss: 0.6824
Mean counterfactual_target_peak loss: 0.7732
       Mean successor_decoder loss: 0.0838
  Mean successor_predicted_vx loss: -0.0026
  Mean successor_predicted_wz loss: -0.0065
 Mean successor_predicted_cbf loss: 0.5000
 Mean successor_predicted_clf loss: 0.5000
 Mean successor_cbf_violation loss: 0.0022
 Mean successor_clf_violation loss: 0.0012
             Mean skill_usage loss: 0.1519
        Mean skill_confidence loss: 0.7366
     Mean task_slot_diversity loss: 0.3959
Mean skill_embedding_diversity loss: 0.0621
   Mean motion_gain_diversity loss: 0.0000
Mean motion_objective_diversity loss: 0.0000
       Mean event_replay_size loss: 1356.0000
   Mean event_replay_priority loss: 0.0608
 Mean event_replay_task_valid loss: 0.6992
Mean event_replay_task_detail_valid loss: 0.6992
       Mean event_replay_task loss: 0.0000
      Mean event_replay_skill loss: 0.6885
     Mean event_replay_motion loss: 1.1543
Mean event_replay_interaction loss: 0.1192
Mean event_replay_task_subgoal loss: 0.0003
Mean event_replay_skill_parameter loss: 0.0179
  Mean event_replay_parameter loss: 0.0180
Mean event_replay_barrier_quality loss: 0.4880
Mean event_replay_unsafe_fraction loss: 0.0000
Mean event_replay_buffer_unsafe_fraction loss: 0.0000
Mean event_replay_buffer_delivery loss: 0.7094
Mean event_replay_buffer_recovery loss: 0.0000
Mean event_replay_sample_delivery loss: 0.7005
Mean event_replay_sample_recovery loss: 0.0000
Mean event_replay_sample_raw_delivery loss: 0.6992
Mean event_replay_sample_raw_recovery loss: 0.0000
Mean event_replay_recovery_pressure loss: 0.0000
Mean event_replay_recovery_adapter_gate loss: 0.0000
Mean event_replay_buffer_approach loss: 0.8545
Mean event_replay_sample_approach loss: 0.6213
Mean event_replay_sample_raw_approach loss: 0.6243
Mean event_replay_buffer_secure loss: 0.1081
Mean event_replay_sample_secure loss: 0.2594
Mean event_replay_sample_raw_secure loss: 0.2570
Mean event_replay_buffer_release loss: 0.0374
Mean event_replay_sample_release loss: 0.1193
Mean event_replay_sample_raw_release loss: 0.1187
Mean payload_survival_replay_size loss: 80.0000
Mean payload_survival_replay_support loss: 1.0000
Mean payload_survival_replay_drop_fraction loss: 0.4999
Mean payload_survival_replay_prediction loss: 0.5000
Mean payload_survival_replay_drop_prediction loss: 0.5000
Mean payload_survival_replay_retain_prediction loss: 0.5000
Mean payload_survival_replay_separation loss: 0.0000
Mean payload_survival_replay_accuracy loss: 0.5000
Mean payload_survival_replay_rank_loss loss: 0.7185
Mean payload_survival_replay_rank_gap loss: 0.0000
Mean payload_survival_replay_rank_accuracy loss: 0.0000
Mean payload_survival_replay_rank_pairs loss: 13.0000
      Mean event_replay_added loss: 256.0000
Mean event_replay_append_task_valid loss: 0.6992
Mean event_replay_task_relabel loss: 0.3008
Mean event_replay_interaction_relabel loss: 0.1016
Mean event_replay_append_delivery loss: 0.6992
Mean event_replay_append_recovery loss: 0.0000
Mean event_replay_append_payload_recovery loss: 0.0000
Mean payload_survival_replay_added loss: 24.0000
Mean payload_survival_replay_append_drop_fraction loss: 0.0000
      Mean hierarchy_cbf_dual loss: 0.5229
      Mean hierarchy_clf_dual loss: 0.3305
Mean hierarchy_cbf_violation_ema loss: 0.3518
Mean hierarchy_clf_violation_ema loss: 0.0448
Mean physical_adaptation_active loss: 0.0000
Mean physical_adaptation_stage loss: -10.0000
 Mean hierarchy_only_training loss: 0.0000
Mean decomposition_only_training loss: 0.0000
Mean motion_selector_only_training loss: 0.0000
Mean interaction_selector_only_training loss: 0.0000
Mean motion_skill_only_training loss: 0.0000
Mean payload_motion_only_training loss: 0.0000
Mean recovery_adapter_only_training loss: 0.0000
 Mean auxiliary_learning_rate loss: 0.0000
Mean payload_survival_learning_rate loss: 0.0003
Mean physical_core_learning_rate loss: 0.0000
Mean physical_adapter_learning_rate loss: 0.0000
Mean skill_information_reward loss: -0.0024
 Mean task_information_reward loss: 0.0000
                       Mean reward: -71.13
               Mean episode length: 29.47
   Episode_Reward/term_bad_contact: 0.0000
          Episode_Reward/term_tilt: -0.0139
    Episode_Reward/term_low_height: 0.0000
      Episode_Reward/leg_action_l2: -0.0008
   Episode_Reward/tracking_lin_vel: 0.0000
Episode_Reward/tracking_ang_vel_yaw_l1: 0.0000
Episode_Reward/tracking_ang_vel_yaw_exp: 0.0000
Episode_Reward/tracking_lin_vel_y_l2: 0.0000
Episode_Reward/tracking_lin_vel_z_l2: 0.0000
            Episode_Reward/survive: 0.0000
    Episode_Reward/foot_contacts_z: 0.0000
            Episode_Reward/torques: -0.0033
 Episode_Reward/tracking_lin_vel_y: 0.0000
          Episode_Reward/lin_vel_z: -0.0002
         Episode_Reward/ang_vel_xy: -0.0007
   Episode_Reward/tracking_ang_vel: 0.0009
               Episode_Reward/work: -0.0258
            Episode_Reward/dof_acc: -0.0724
        Episode_Reward/action_rate: -0.0007
     Episode_Reward/dof_pos_limits: -0.0000
      Episode_Reward/delta_torques: -0.0000
          Episode_Reward/collision: -0.0783
        Episode_Reward/walking_dof: 0.0004
            Episode_Reward/hip_pos: -0.0008
          Episode_Reward/feet_jerk: 0.0000
              Episode_Reward/alive: 0.0044
          Episode_Reward/feet_drag: -0.0003
Episode_Reward/feet_contact_forces: -0.0027
               Episode_Reward/roll: -0.0005
        Episode_Reward/base_height: -0.0026
Episode_Reward/tracking_lin_vel_max: 0.0059
Episode_Reward/flat_orientation_l2: -0.0002
  Episode_Reward/air_time_variance: -0.0001
        Episode_Reward/feet_height: 0.0000
      Episode_Reward/feet_air_time: -0.0000
Episode_Reward/update_last_buffers: 0.0000
   Episode_Reward/wheel_idle_speed: -0.3272
    Episode_Reward/wheel_action_l2: -0.0001
  Episode_Reward/wheel_action_rate: 0.0000
  Episode_Reward/wheel_forward_use: 0.0000
 Episode_Reward/wheel_turn_support: 0.0016
Episode_Reward/tactic_mission_completion: 0.0000
Episode_Reward/tactic_mission_success: 0.0000
Episode_Reward/tactic_task_progress: -0.0002
Episode_Reward/tactic_task_tracking: 0.0009
 Episode_Reward/tactic_ee_tracking: 0.0026
  Episode_Reward/tactic_valid_task: 0.0009
Episode_Reward/tactic_invalid_task: 0.0000
Episode_Reward/tactic_option_switch: -0.0000
Episode_Reward/tactic_control_progress: -0.0001
  Episode_Reward/tactic_cbf_margin: 0.0000
Episode_Reward/tactic_predicted_margin: 0.0000
Episode_Reward/tactic_clf_decrease: 0.0000
Episode_Reward/tactic_disturbance_rejection: 0.0000
Episode_Reward/tactic_safety_violation: -0.0013
Episode_Reward/tactic_unsafe_progress: -0.0000
Episode_Reward/tactic_object_contact: 0.0000
 Episode_Reward/tactic_object_lift: 0.0000
Episode_Reward/tactic_object_transport: 0.0000
Episode_Reward/tactic_object_place: 0.0000
Episode_Reward/tactic_object_completion: 0.0000
Episode_Reward/tactic_interaction_frontier: 0.0000
  Episode_Reward/tactic_grasp_hold: 0.0000
Episode_Reward/tactic_payload_progress: 0.0000
Episode_Reward/tactic_release_readiness: 0.0000
Episode_Reward/tactic_intended_release: 0.0000
Episode_Reward/tactic_payload_retention: 0.0000
Episode_Reward/tactic_payload_drop: 0.0000
Episode_Reward/tactic_release_quality: 0.0000
Episode_Reward/tactic_wrong_object_interaction: 0.0000
 Episode_Reward/tactic_all_objects: 0.0000
Metrics/locomotion/TACTIC/mission_completion: 0.0000
Metrics/locomotion/TACTIC/mission_completion_delta: 0.0000
Metrics/locomotion/TACTIC/mission_success: 0.0000
Metrics/locomotion/TACTIC/task_progress: 0.0664
Metrics/locomotion/TACTIC/task_progress_delta: -0.0002
Metrics/locomotion/TACTIC/task_error: 1.2147
Metrics/locomotion/TACTIC/ee_error: 0.3477
Metrics/locomotion/TACTIC/tcp_object_distance: 0.3760
Metrics/locomotion/TACTIC/goal_object_distance: 0.1343
Metrics/locomotion/TACTIC/finger_object_distance: 0.3976
Metrics/locomotion/TACTIC/object_target_distance: 0.1925
Metrics/locomotion/TACTIC/recovery_task_executed: 0.0000
Metrics/locomotion/TACTIC/recovery_task_probability: 0.0000
Metrics/locomotion/TACTIC/executed_task_probability: 1.0000
Metrics/locomotion/TACTIC/task_constraint_projection: 0.0000
Metrics/locomotion/TACTIC/recovery_latch_seen: 0.0000
Metrics/locomotion/TACTIC/recovery_valid_seen: 0.0000
Metrics/locomotion/TACTIC/recovery_pressure_seen: 0.0000
Metrics/locomotion/TACTIC/cbf_margin: 0.0000
Metrics/locomotion/TACTIC/predicted_margin: 0.0000
Metrics/locomotion/TACTIC/clf_decrease: 0.0767
Metrics/locomotion/TACTIC/disturbance_estimate: 0.7571
Metrics/locomotion/TACTIC/base_height: 0.2780
Metrics/locomotion/TACTIC/base_tilt: 0.5292
Metrics/locomotion/TACTIC/control_recovery_pressure: 1.0000
Metrics/locomotion/TACTIC/control_recovery_active: 1.0000
Metrics/locomotion/TACTIC/control_recovery_constraint_active: 1.0000
Metrics/locomotion/TACTIC/payload_posture_projection: 0.0000
Metrics/locomotion/TACTIC/payload_relation_violation: 0.0000
 Metrics/locomotion/TACTIC/base_vx: 0.2289
 Metrics/locomotion/TACTIC/base_vy: -0.2174
 Metrics/locomotion/TACTIC/base_wz: -0.8079
Metrics/locomotion/TACTIC/support_count: 2.7500
Metrics/locomotion/TACTIC/obstacle_margin: 0.9662
Metrics/locomotion/TACTIC/gripper_closure: 0.0169
Metrics/locomotion/TACTIC/manipulation_active: 1.0000
Metrics/locomotion/TACTIC/grasp_active: 1.0000
Metrics/locomotion/TACTIC/grasp_orientation_active: 0.0000
Metrics/locomotion/TACTIC/grasp_orientation_error: 0.0000
Metrics/locomotion/TACTIC/interaction_authority: 0.0000
Metrics/locomotion/TACTIC/workspace_handoff: 0.3750
Metrics/locomotion/TACTIC/grasp_projection_distance: 0.1387
Metrics/locomotion/TACTIC/grasp_center_error: 0.1111
Metrics/locomotion/TACTIC/capture_staging_distance: 0.8287
Metrics/locomotion/TACTIC/capture_heading_error: 1.7553
Metrics/locomotion/TACTIC/capture_initiation_margin: -2.9155
Metrics/locomotion/TACTIC/selected_delivery_side: 0.2500
Metrics/locomotion/TACTIC/capture_lift_active: 0.0000
Metrics/locomotion/TACTIC/command_vx: -0.0027
Metrics/locomotion/TACTIC/command_vy: -0.0003
Metrics/locomotion/TACTIC/command_wz: 0.2032
Metrics/locomotion/TACTIC/curriculum_level: 0.0000
Metrics/locomotion/TACTIC/curriculum_frontier: 0.0000
Metrics/locomotion/TACTIC/curriculum_probe: 0.0000
Metrics/locomotion/TACTIC/interaction_start_curriculum: 1.0000
Metrics/locomotion/TACTIC/interaction_start_probability: 1.0000
Metrics/locomotion/TACTIC/composition_probe_probability: 0.0000
Metrics/locomotion/TACTIC/curriculum_completion_ema: 0.0000
Metrics/locomotion/TACTIC/curriculum_progress_ema: 0.0916
Metrics/locomotion/TACTIC/curriculum_safety_ema: 0.3164
Metrics/locomotion/TACTIC/episode_safety_fraction: 0.8712
Metrics/locomotion/TACTIC/curriculum_contact_ema: 0.0000
Metrics/locomotion/TACTIC/curriculum_lift_ema: 0.0000
Metrics/locomotion/TACTIC/curriculum_transport_ema: 0.0000
Metrics/locomotion/TACTIC/curriculum_place_ema: 0.0000
Metrics/locomotion/TACTIC/curriculum_delivery_completion_ema: 0.0000
Metrics/locomotion/TACTIC/curriculum_regression_streak: 0.0000
Metrics/locomotion/TACTIC/required_task_count: 1.0000
Metrics/locomotion/TACTIC/object_completion_mean: 0.0000
Metrics/locomotion/TACTIC/object_contact_mean: 0.0000
Metrics/locomotion/TACTIC/object_lift_mean: 0.0000
Metrics/locomotion/TACTIC/object_transport_mean: 0.0000
Metrics/locomotion/TACTIC/object_place_mean: 0.0000
Metrics/locomotion/TACTIC/object_target_progress_mean: 0.0525
Metrics/locomotion/TACTIC/object_target_progress_delta_mean: 0.0000
Metrics/locomotion/TACTIC/object_release_readiness_mean: 0.0000
Metrics/locomotion/TACTIC/object_release_readiness_delta_mean: 0.0000
Metrics/locomotion/TACTIC/object_release_event_mean: 0.0000
Metrics/locomotion/TACTIC/object_drop_event_mean: 0.0000
Metrics/locomotion/TACTIC/object_gripper_distance_mean: 0.9706
Metrics/locomotion/TACTIC/object_carrying_mean: 0.0000
Metrics/locomotion/TACTIC/object_carry_memory_mean: 0.0000
Metrics/locomotion/TACTIC/interaction_frontier_mean: 0.0000
Metrics/locomotion/TACTIC/interaction_frontier_delta_mean: 0.0000
Metrics/locomotion/TACTIC/contact_symmetry_mean: 0.0000
 Metrics/locomotion/TACTIC/task_id: 9.0000
Metrics/locomotion/TACTIC/skill_id: 3.3750
Metrics/locomotion/TACTIC/object_id: 4.0000
Metrics/locomotion/TACTIC/effective_object_id: 4.0000
Metrics/locomotion/TACTIC/selected_object_contact: 0.0000
Metrics/locomotion/TACTIC/selected_object_lift: 0.0000
Metrics/locomotion/TACTIC/selected_object_transport: 0.0000
Metrics/locomotion/TACTIC/selected_object_place: 0.0000
Metrics/locomotion/TACTIC/selected_object_completion: 0.0000
Metrics/locomotion/TACTIC/selected_object_carrying: 0.0000
Metrics/locomotion/TACTIC/selected_object_carry_memory: 0.0000
Metrics/locomotion/TACTIC/selected_object_target_progress: 0.3150
Metrics/locomotion/TACTIC/selected_object_target_progress_delta: 0.0000
Metrics/locomotion/TACTIC/selected_object_release_readiness: 0.0000
Metrics/locomotion/TACTIC/selected_object_release_readiness_delta: 0.0000
Metrics/locomotion/TACTIC/selected_object_release_event: 0.0000
Metrics/locomotion/TACTIC/selected_object_drop_event: 0.0000
Metrics/locomotion/TACTIC/selected_object_gripper_distance: 0.3776
Metrics/locomotion/TACTIC/selected_object_place_error_xy: 0.1876
Metrics/locomotion/TACTIC/selected_object_place_error_z: 0.0430
Metrics/locomotion/TACTIC/selected_interaction_frontier: 0.0000
Metrics/locomotion/TACTIC/selected_interaction_frontier_delta: 0.0000
Metrics/locomotion/TACTIC/selected_reachability: 0.3104
Metrics/locomotion/TACTIC/task_switch: 0.0000
Metrics/locomotion/TACTIC/skill_switch: 0.0000
Metrics/locomotion/TACTIC/task_age: 0.0000
Metrics/locomotion/TACTIC/skill_age: 0.0000
Metrics/locomotion/TACTIC/task_hazard: 0.0000
Metrics/locomotion/TACTIC/skill_hazard: 0.0000
Metrics/locomotion/TACTIC/task_termination_probability: 0.0000
Metrics/locomotion/TACTIC/skill_termination_probability: 0.0000
Metrics/locomotion/TACTIC/task_entropy: 0.0000
Metrics/locomotion/TACTIC/skill_entropy: 0.6113
Metrics/locomotion/TACTIC/task_occupancy_entropy: 0.0000
Metrics/locomotion/TACTIC/skill_occupancy_entropy: 0.6113
Metrics/locomotion/TACTIC/skill_parameter_0: 0.0000
Metrics/locomotion/TACTIC/skill_parameter_1: 0.0000
Metrics/locomotion/TACTIC/skill_parameter_2: 0.0000
Metrics/locomotion/TACTIC/skill_parameter_3: 0.0000
Metrics/locomotion/TACTIC/skill_parameter_4: 0.0000
Metrics/locomotion/TACTIC/skill_parameter_5: 0.0000
Metrics/locomotion/TACTIC/object_0_complete: 0.0000
Metrics/locomotion/TACTIC/object_1_complete: 0.0000
Metrics/locomotion/TACTIC/object_2_complete: 0.0000
Metrics/locomotion/TACTIC/object_3_complete: 0.0000
Metrics/locomotion/TACTIC/object_4_complete: 0.0000
Metrics/locomotion/TACTIC/object_5_complete: 0.0000
      Episode_Termination/time_out: 0.0000
   Episode_Termination/bad_contact: 0.0000
          Episode_Termination/tilt: 0.2637
    Episode_Termination/low_height: 0.0000
Episode_Termination/mission_success: 0.0000
--------------------------------------------------------------------------------
                   Total timesteps: 18432
                    Iteration time: 5.89s
                      Time elapsed: 00:00:36
                               ETA: 00:02:34

################################################################################
                       [1m Learning iteration 6/30 [0m                        

                       Computation: 514 steps/s (collection: 5.222s, learning 0.752s)
             Mean action noise std: 0.02
          Mean value_function loss: 55.2755
               Mean surrogate loss: 0.0684
                 Mean entropy loss: -102.6804
  Mean stability_teacher_loss loss: 0.0000
 Mean next_control_prediction loss: 0.0237
       Mean skill_feasibility loss: 0.6931
 Mean task_outcome_prediction loss: 0.0322
 Mean task_outcome_confidence loss: 1.5292
Mean task_outcome_confidence_mean loss: 0.1192
Mean skill_outcome_prediction loss: 0.0033
        Mean payload_survival loss: 0.6931
Mean payload_survival_support loss: 0.0182
   Mean payload_drop_fraction loss: 0.0000
Mean payload_survival_prediction loss: 0.5000
 Mean skill_effect_prediction loss: 0.0313
 Mean skill_effect_confidence loss: 1.5914
Mean skill_effect_confidence_mean loss: 0.1192
Mean motion_execution_prediction loss: 0.0405
Mean motion_execution_confidence loss: 1.4562
Mean embodiment_response_prediction loss: 0.0024
Mean embodiment_response_vx_abs loss: 0.0020
Mean embodiment_response_wz_abs loss: 0.0011
   Mean constraint_multiplier loss: 0.0093
Mean task_constraint_multiplier_mean loss: 0.1632
Mean skill_constraint_multiplier_mean loss: 0.1632
 Mean hierarchy_cbf_violation loss: 0.0372
Mean hierarchy_cbf_raw_violation loss: 0.0379
Mean hierarchy_cbf_transient_slack loss: 0.0051
 Mean hierarchy_clf_violation loss: 0.0002
Mean hierarchy_cbf_regression loss: 0.0159
Mean hierarchy_clf_regression loss: 0.0002
   Mean safe_task_achievement loss: -0.0047
  Mean safe_skill_achievement loss: -0.0042
Mean unsafe_positive_progress_rate loss: 0.0454
Mean motion_execution_confidence_mean loss: 0.1192
Mean grounded_effect_diversity loss: 0.0000
      Mean task_option_credit loss: -0.0225
     Mean skill_option_credit loss: -0.0401
    Mean event_hindsight_task loss: 0.0000
   Mean event_hindsight_skill loss: 2.4753
       Mean event_credit_mass loss: 0.0076
Mean task_option_advantage_abs loss: 0.3321
Mean skill_option_advantage_abs loss: 0.3955
         Mean task_transition loss: 2.3682
        Mean skill_transition loss: 1.6085
       Mean motion_transition loss: 1.7558
  Mean interaction_transition loss: 1.3875
Mean interaction_active_fraction loss: 0.9987
              Mean task_usage loss: 0.0000
  Mean task_frontier_coverage loss: 0.0000
Mean selected_frontier_probability loss: 0.8008
       Mean interaction_phase loss: 0.3004
Mean interaction_release_target loss: 0.0194
Mean interaction_release_frontier loss: 0.0055
Mean interaction_release_balance_weight loss: 1.1360
  Mean task_control_objective loss: 0.0110
        Mean task_clf_descent loss: 0.0010
  Mean task_barrier_authority loss: 0.0284
Mean skill_predictive_control loss: 0.0019
Mean relational_subgoal_grounding loss: 0.0000
  Mean task_subgoal_alignment loss: 1.0000
  Mean task_subgoal_authority loss: 0.4696
   Mean task_skill_projection loss: 0.0001
 Mean task_transient_capacity loss: 0.7783
   Mean task_posture_capacity loss: 0.8696
Mean task_projected_turn_demand loss: 0.3192
Mean task_semantic_turn_demand loss: 0.3192
Mean task_lateral_turn_demand loss: 0.0000
Mean task_target_yaw_residual loss: 0.5803
Mean task_interaction_authority loss: 0.0068
    Mean task_arm_scope_error loss: 0.0000
Mean counterfactual_task_selection loss: 0.0000
Mean counterfactual_task_target_entropy loss: 0.0000
Mean counterfactual_task_target_peak loss: 0.0000
Mean grounded_task_utility_span loss: 0.0000
      Mean task_outcome_blend loss: 0.0000
Mean grounded_task_target_agreement loss: 0.0000
Mean sampled_task_target_probability loss: 0.0000
Mean recovery_candidate_fraction loss: 0.0000
Mean recovery_task_probability loss: 0.0000
Mean recovery_target_probability loss: 0.0000
Mean counterfactual_termination loss: 0.4847
 Mean task_termination_target loss: 0.0000
Mean skill_termination_target loss: 0.5808
Mean payload_skill_barrier_pressure loss: 0.0000
Mean payload_transient_demand loss: 0.0154
Mean payload_skill_exit_target loss: 0.0000
Mean payload_survival_exit_target loss: 0.0000
Mean payload_survival_authority loss: 0.0000
        Mean task_switch_gain loss: 0.0000
       Mean skill_switch_gain loss: 0.0327
Mean counterfactual_skill_selection loss: 0.8577
Mean counterfactual_target_entropy loss: 0.6714
Mean counterfactual_target_peak loss: 0.7743
       Mean successor_decoder loss: 0.0839
  Mean successor_predicted_vx loss: -0.0023
  Mean successor_predicted_wz loss: -0.0084
 Mean successor_predicted_cbf loss: 0.5000
 Mean successor_predicted_clf loss: 0.5000
 Mean successor_cbf_violation loss: 0.0022
 Mean successor_clf_violation loss: 0.0011
             Mean skill_usage loss: 0.1750
        Mean skill_confidence loss: 0.7306
     Mean task_slot_diversity loss: 0.3954
Mean skill_embedding_diversity loss: 0.0621
   Mean motion_gain_diversity loss: 0.0000
Mean motion_objective_diversity loss: 0.0000
       Mean event_replay_size loss: 1612.0000
   Mean event_replay_priority loss: 0.0582
 Mean event_replay_task_valid loss: 0.6943
Mean event_replay_task_detail_valid loss: 0.6943
       Mean event_replay_task loss: 0.0000
      Mean event_replay_skill loss: 0.6764
     Mean event_replay_motion loss: 1.1286
Mean event_replay_interaction loss: 0.1236
Mean event_replay_task_subgoal loss: 0.0003
Mean event_replay_skill_parameter loss: 0.0196
  Mean event_replay_parameter loss: 0.0197
Mean event_replay_barrier_quality loss: 0.4949
Mean event_replay_unsafe_fraction loss: 0.0000
Mean event_replay_buffer_unsafe_fraction loss: 0.0000
Mean event_replay_buffer_delivery loss: 0.7078
Mean event_replay_buffer_recovery loss: 0.0000
Mean event_replay_sample_delivery loss: 0.6955
Mean event_replay_sample_recovery loss: 0.0000
Mean event_replay_sample_raw_delivery loss: 0.6943
Mean event_replay_sample_raw_recovery loss: 0.0000
Mean event_replay_recovery_pressure loss: 0.0000
Mean event_replay_recovery_adapter_gate loss: 0.0000
Mean event_replay_buffer_approach loss: 0.8563
Mean event_replay_sample_approach loss: 0.6154
Mean event_replay_sample_raw_approach loss: 0.6174
Mean event_replay_buffer_secure loss: 0.1017
Mean event_replay_sample_secure loss: 0.2562
Mean event_replay_sample_raw_secure loss: 0.2546
Mean event_replay_buffer_release loss: 0.0421
Mean event_replay_sample_release loss: 0.1285
Mean event_replay_sample_raw_release loss: 0.1280
Mean payload_survival_replay_size loss: 104.0000
Mean payload_survival_replay_support loss: 1.0000
Mean payload_survival_replay_drop_fraction loss: 0.4999
Mean payload_survival_replay_prediction loss: 0.5000
Mean payload_survival_replay_drop_prediction loss: 0.5000
Mean payload_survival_replay_retain_prediction loss: 0.5000
Mean payload_survival_replay_separation loss: 0.0000
Mean payload_survival_replay_accuracy loss: 0.5000
Mean payload_survival_replay_rank_loss loss: 0.7185
Mean payload_survival_replay_rank_gap loss: 0.0000
Mean payload_survival_replay_rank_accuracy loss: 0.0000
Mean payload_survival_replay_rank_pairs loss: 17.0000
      Mean event_replay_added loss: 256.0000
Mean event_replay_append_task_valid loss: 0.6992
Mean event_replay_task_relabel loss: 0.3008
Mean event_replay_interaction_relabel loss: 0.1680
Mean event_replay_append_delivery loss: 0.6992
Mean event_replay_append_recovery loss: 0.0000
Mean event_replay_append_payload_recovery loss: 0.0000
Mean payload_survival_replay_added loss: 24.0000
Mean payload_survival_replay_append_drop_fraction loss: 0.0000
      Mean hierarchy_cbf_dual loss: 0.5222
      Mean hierarchy_clf_dual loss: 0.3265
Mean hierarchy_cbf_violation_ema loss: 0.3361
Mean hierarchy_clf_violation_ema loss: 0.0426
Mean physical_adaptation_active loss: 0.0000
Mean physical_adaptation_stage loss: -10.0000
 Mean hierarchy_only_training loss: 0.0000
Mean decomposition_only_training loss: 0.0000
Mean motion_selector_only_training loss: 0.0000
Mean interaction_selector_only_training loss: 0.0000
Mean motion_skill_only_training loss: 0.0000
Mean payload_motion_only_training loss: 0.0000
Mean recovery_adapter_only_training loss: 0.0000
 Mean auxiliary_learning_rate loss: 0.0000
Mean payload_survival_learning_rate loss: 0.0003
Mean physical_core_learning_rate loss: 0.0000
Mean physical_adapter_learning_rate loss: 0.0000
Mean skill_information_reward loss: -0.0032
 Mean task_information_reward loss: 0.0000
                       Mean reward: -86.32
               Mean episode length: 37.05
   Episode_Reward/term_bad_contact: 0.0000
          Episode_Reward/term_tilt: -0.0098
    Episode_Reward/term_low_height: -0.0041
      Episode_Reward/leg_action_l2: -0.0014
   Episode_Reward/tracking_lin_vel: 0.0000
Episode_Reward/tracking_ang_vel_yaw_l1: 0.0000
Episode_Reward/tracking_ang_vel_yaw_exp: 0.0000
Episode_Reward/tracking_lin_vel_y_l2: 0.0000
Episode_Reward/tracking_lin_vel_z_l2: 0.0000
            Episode_Reward/survive: 0.0000
    Episode_Reward/foot_contacts_z: 0.0000
            Episode_Reward/torques: -0.0042
 Episode_Reward/tracking_lin_vel_y: 0.0000
          Episode_Reward/lin_vel_z: -0.0012
         Episode_Reward/ang_vel_xy: -0.0020
   Episode_Reward/tracking_ang_vel: 0.0010
               Episode_Reward/work: -0.0914
            Episode_Reward/dof_acc: -0.1174
        Episode_Reward/action_rate: -0.0011
     Episode_Reward/dof_pos_limits: -0.0000
      Episode_Reward/delta_torques: -0.0000
          Episode_Reward/collision: -0.0810
        Episode_Reward/walking_dof: 0.0000
            Episode_Reward/hip_pos: -0.0010
          Episode_Reward/feet_jerk: 0.0000
              Episode_Reward/alive: 0.0056
          Episode_Reward/feet_drag: -0.0003
Episode_Reward/feet_contact_forces: -0.0026
               Episode_Reward/roll: -0.0005
        Episode_Reward/base_height: -0.0019
Episode_Reward/tracking_lin_vel_max: 0.0076
Episode_Reward/flat_orientation_l2: -0.0005
  Episode_Reward/air_time_variance: -0.0001
        Episode_Reward/feet_height: 0.0000
      Episode_Reward/feet_air_time: 0.0000
Episode_Reward/update_last_buffers: 0.0000
   Episode_Reward/wheel_idle_speed: -1.1875
    Episode_Reward/wheel_action_l2: -0.0001
  Episode_Reward/wheel_action_rate: 0.0000
  Episode_Reward/wheel_forward_use: 0.0023
 Episode_Reward/wheel_turn_support: 0.0021
Episode_Reward/tactic_mission_completion: 0.0000
Episode_Reward/tactic_mission_success: 0.0000
Episode_Reward/tactic_task_progress: -0.0000
Episode_Reward/tactic_task_tracking: 0.0007
 Episode_Reward/tactic_ee_tracking: 0.0060
  Episode_Reward/tactic_valid_task: 0.0011
Episode_Reward/tactic_invalid_task: 0.0000
Episode_Reward/tactic_option_switch: -0.0000
Episode_Reward/tactic_control_progress: -0.0000
  Episode_Reward/tactic_cbf_margin: 0.0000
Episode_Reward/tactic_predicted_margin: 0.0000
Episode_Reward/tactic_clf_decrease: 0.0000
Episode_Reward/tactic_disturbance_rejection: 0.0000
Episode_Reward/tactic_safety_violation: -0.0081
Episode_Reward/tactic_unsafe_progress: -0.0000
Episode_Reward/tactic_object_contact: 0.0081
 Episode_Reward/tactic_object_lift: 0.0129
Episode_Reward/tactic_object_transport: 0.0165
Episode_Reward/tactic_object_place: 0.0002
Episode_Reward/tactic_object_completion: 0.0000
Episode_Reward/tactic_interaction_frontier: 0.0017
  Episode_Reward/tactic_grasp_hold: 0.0048
Episode_Reward/tactic_payload_progress: 0.0009
Episode_Reward/tactic_release_readiness: 0.0004
Episode_Reward/tactic_intended_release: 0.0000
Episode_Reward/tactic_payload_retention: 0.0003
Episode_Reward/tactic_payload_drop: -0.0005
Episode_Reward/tactic_release_quality: 0.0000
Episode_Reward/tactic_wrong_object_interaction: 0.0000
 Episode_Reward/tactic_all_objects: 0.0000
Metrics/locomotion/TACTIC/mission_completion: 0.0000
Metrics/locomotion/TACTIC/mission_completion_delta: 0.0000
Metrics/locomotion/TACTIC/mission_success: 0.0000
Metrics/locomotion/TACTIC/task_progress: 0.1679
Metrics/locomotion/TACTIC/task_progress_delta: -0.0005
Metrics/locomotion/TACTIC/task_error: 1.3690
Metrics/locomotion/TACTIC/ee_error: 0.2590
Metrics/locomotion/TACTIC/tcp_object_distance: 1.1561
Metrics/locomotion/TACTIC/goal_object_distance: 0.9818
Metrics/locomotion/TACTIC/finger_object_distance: 1.1942
Metrics/locomotion/TACTIC/object_target_distance: 1.0517
Metrics/locomotion/TACTIC/recovery_task_executed: 0.0000
Metrics/locomotion/TACTIC/recovery_task_probability: 0.0000
Metrics/locomotion/TACTIC/executed_task_probability: 1.0000
Metrics/locomotion/TACTIC/task_constraint_projection: 0.0000
Metrics/locomotion/TACTIC/recovery_latch_seen: 0.0000
Metrics/locomotion/TACTIC/recovery_valid_seen: 0.0000
Metrics/locomotion/TACTIC/recovery_pressure_seen: 0.0000
Metrics/locomotion/TACTIC/cbf_margin: 0.0059
Metrics/locomotion/TACTIC/predicted_margin: 0.0000
Metrics/locomotion/TACTIC/clf_decrease: 0.0855
Metrics/locomotion/TACTIC/disturbance_estimate: 0.5651
Metrics/locomotion/TACTIC/base_height: 0.4482
Metrics/locomotion/TACTIC/base_tilt: 0.4183
Metrics/locomotion/TACTIC/control_recovery_pressure: 1.0000
Metrics/locomotion/TACTIC/control_recovery_active: 1.0000
Metrics/locomotion/TACTIC/control_recovery_constraint_active: 1.0000
Metrics/locomotion/TACTIC/payload_posture_projection: 0.0000
Metrics/locomotion/TACTIC/payload_relation_violation: 0.0000
 Metrics/locomotion/TACTIC/base_vx: 0.2183
 Metrics/locomotion/TACTIC/base_vy: -0.1620
 Metrics/locomotion/TACTIC/base_wz: -0.3555
Metrics/locomotion/TACTIC/support_count: 1.6667
Metrics/locomotion/TACTIC/obstacle_margin: 1.0032
Metrics/locomotion/TACTIC/gripper_closure: 0.1890
Metrics/locomotion/TACTIC/manipulation_active: 1.0000
Metrics/locomotion/TACTIC/grasp_active: 1.0000
Metrics/locomotion/TACTIC/grasp_orientation_active: 0.0000
Metrics/locomotion/TACTIC/grasp_orientation_error: 0.0000
Metrics/locomotion/TACTIC/interaction_authority: 0.0000
Metrics/locomotion/TACTIC/workspace_handoff: 0.1250
Metrics/locomotion/TACTIC/grasp_projection_distance: 0.0087
Metrics/locomotion/TACTIC/grasp_center_error: 0.0201
Metrics/locomotion/TACTIC/capture_staging_distance: 0.8895
Metrics/locomotion/TACTIC/capture_heading_error: 1.8528
Metrics/locomotion/TACTIC/capture_initiation_margin: -3.2622
Metrics/locomotion/TACTIC/selected_delivery_side: 0.7500
Metrics/locomotion/TACTIC/capture_lift_active: 0.0000
Metrics/locomotion/TACTIC/command_vx: -0.0086
Metrics/locomotion/TACTIC/command_vy: -0.0006
Metrics/locomotion/TACTIC/command_wz: -0.2064
Metrics/locomotion/TACTIC/curriculum_level: 0.0000
Metrics/locomotion/TACTIC/curriculum_frontier: 0.0000
Metrics/locomotion/TACTIC/curriculum_probe: 0.0000
Metrics/locomotion/TACTIC/interaction_start_curriculum: 1.0000
Metrics/locomotion/TACTIC/interaction_start_probability: 1.0000
Metrics/locomotion/TACTIC/composition_probe_probability: 0.0000
Metrics/locomotion/TACTIC/curriculum_completion_ema: 0.0000
Metrics/locomotion/TACTIC/curriculum_progress_ema: 0.0875
Metrics/locomotion/TACTIC/curriculum_safety_ema: 0.3827
Metrics/locomotion/TACTIC/episode_safety_fraction: 0.4322
Metrics/locomotion/TACTIC/curriculum_contact_ema: 0.0000
Metrics/locomotion/TACTIC/curriculum_lift_ema: 0.0000
Metrics/locomotion/TACTIC/curriculum_transport_ema: 0.0000
Metrics/locomotion/TACTIC/curriculum_place_ema: 0.0000
Metrics/locomotion/TACTIC/curriculum_delivery_completion_ema: 0.0000
Metrics/locomotion/TACTIC/curriculum_regression_streak: 0.0000
Metrics/locomotion/TACTIC/required_task_count: 1.0000
Metrics/locomotion/TACTIC/object_completion_mean: 0.0000
Metrics/locomotion/TACTIC/object_contact_mean: 0.0000
Metrics/locomotion/TACTIC/object_lift_mean: 0.0247
Metrics/locomotion/TACTIC/object_transport_mean: 0.0287
Metrics/locomotion/TACTIC/object_place_mean: 0.0000
Metrics/locomotion/TACTIC/object_target_progress_mean: -0.1080
Metrics/locomotion/TACTIC/object_target_progress_delta_mean: 0.0000
Metrics/locomotion/TACTIC/object_release_readiness_mean: 0.0000
Metrics/locomotion/TACTIC/object_release_readiness_delta_mean: 0.0000
Metrics/locomotion/TACTIC/object_release_event_mean: 0.0000
Metrics/locomotion/TACTIC/object_drop_event_mean: 0.0000
Metrics/locomotion/TACTIC/object_gripper_distance_mean: 1.1147
Metrics/locomotion/TACTIC/object_carrying_mean: 0.0000
Metrics/locomotion/TACTIC/object_carry_memory_mean: 0.0486
Metrics/locomotion/TACTIC/interaction_frontier_mean: 0.0322
Metrics/locomotion/TACTIC/interaction_frontier_delta_mean: 0.0000
Metrics/locomotion/TACTIC/contact_symmetry_mean: 0.0000
 Metrics/locomotion/TACTIC/task_id: 9.0000
Metrics/locomotion/TACTIC/skill_id: 3.1250
Metrics/locomotion/TACTIC/object_id: 4.0000
Metrics/locomotion/TACTIC/effective_object_id: 4.0000
Metrics/locomotion/TACTIC/selected_object_contact: 0.0000
Metrics/locomotion/TACTIC/selected_object_lift: 0.1482
Metrics/locomotion/TACTIC/selected_object_transport: 0.1721
Metrics/locomotion/TACTIC/selected_object_place: 0.0000
Metrics/locomotion/TACTIC/selected_object_completion: 0.0000
Metrics/locomotion/TACTIC/selected_object_carrying: 0.0000
Metrics/locomotion/TACTIC/selected_object_carry_memory: 0.2917
Metrics/locomotion/TACTIC/selected_object_target_progress: -0.6422
Metrics/locomotion/TACTIC/selected_object_target_progress_delta: 0.0000
Metrics/locomotion/TACTIC/selected_object_release_readiness: 0.0000
Metrics/locomotion/TACTIC/selected_object_release_readiness_delta: 0.0000
Metrics/locomotion/TACTIC/selected_object_release_event: 0.0000
Metrics/locomotion/TACTIC/selected_object_drop_event: 0.0000
Metrics/locomotion/TACTIC/selected_object_gripper_distance: 1.1539
Metrics/locomotion/TACTIC/selected_object_place_error_xy: 0.8101
Metrics/locomotion/TACTIC/selected_object_place_error_z: 0.6279
Metrics/locomotion/TACTIC/selected_interaction_frontier: 0.1931
Metrics/locomotion/TACTIC/selected_interaction_frontier_delta: 0.0000
Metrics/locomotion/TACTIC/selected_reachability: 0.1002
Metrics/locomotion/TACTIC/task_switch: 0.0000
Metrics/locomotion/TACTIC/skill_switch: 0.0000
Metrics/locomotion/TACTIC/task_age: 0.0000
Metrics/locomotion/TACTIC/skill_age: 0.0000
Metrics/locomotion/TACTIC/task_hazard: 0.0000
Metrics/locomotion/TACTIC/skill_hazard: 0.0000
Metrics/locomotion/TACTIC/task_termination_probability: 0.0000
Metrics/locomotion/TACTIC/skill_termination_probability: 0.0000
Metrics/locomotion/TACTIC/task_entropy: 0.0000
Metrics/locomotion/TACTIC/skill_entropy: 0.6119
Metrics/locomotion/TACTIC/task_occupancy_entropy: 0.0000
Metrics/locomotion/TACTIC/skill_occupancy_entropy: 0.6119
Metrics/locomotion/TACTIC/skill_parameter_0: 0.0000
Metrics/locomotion/TACTIC/skill_parameter_1: 0.0000
Metrics/locomotion/TACTIC/skill_parameter_2: 0.0000
Metrics/locomotion/TACTIC/skill_parameter_3: 0.0000
Metrics/locomotion/TACTIC/skill_parameter_4: 0.0000
Metrics/locomotion/TACTIC/skill_parameter_5: 0.0000
Metrics/locomotion/TACTIC/object_0_complete: 0.0000
Metrics/locomotion/TACTIC/object_1_complete: 0.0000
Metrics/locomotion/TACTIC/object_2_complete: 0.0000
Metrics/locomotion/TACTIC/object_3_complete: 0.0000
Metrics/locomotion/TACTIC/object_4_complete: 0.0000
Metrics/locomotion/TACTIC/object_5_complete: 0.0000
      Episode_Termination/time_out: 0.0000
   Episode_Termination/bad_contact: 0.0000
          Episode_Termination/tilt: 0.2718
    Episode_Termination/low_height: 0.0023
Episode_Termination/mission_success: 0.0000
--------------------------------------------------------------------------------
                   Total timesteps: 21504
                    Iteration time: 5.97s
                      Time elapsed: 00:00:42
                               ETA: 00:02:27

################################################################################
                       [1m Learning iteration 7/30 [0m                        

                       Computation: 526 steps/s (collection: 5.076s, learning 0.757s)
             Mean action noise std: 0.02
          Mean value_function loss: 45.4046
               Mean surrogate loss: 0.0775
                 Mean entropy loss: -102.7295
  Mean stability_teacher_loss loss: 0.0000
 Mean next_control_prediction loss: 0.0239
       Mean skill_feasibility loss: 0.6931
 Mean task_outcome_prediction loss: 0.0322
 Mean task_outcome_confidence loss: 1.5260
Mean task_outcome_confidence_mean loss: 0.1192
Mean skill_outcome_prediction loss: 0.0035
        Mean payload_survival loss: 0.6931
Mean payload_survival_support loss: 0.0124
   Mean payload_drop_fraction loss: 0.0000
Mean payload_survival_prediction loss: 0.5000
 Mean skill_effect_prediction loss: 0.0311
 Mean skill_effect_confidence loss: 1.5904
Mean skill_effect_confidence_mean loss: 0.1192
Mean motion_execution_prediction loss: 0.0400
Mean motion_execution_confidence loss: 1.4573
Mean embodiment_response_prediction loss: 0.0022
Mean embodiment_response_vx_abs loss: 0.0020
Mean embodiment_response_wz_abs loss: 0.0010
   Mean constraint_multiplier loss: 0.0086
Mean task_constraint_multiplier_mean loss: 0.1632
Mean skill_constraint_multiplier_mean loss: 0.1632
 Mean hierarchy_cbf_violation loss: 0.0356
Mean hierarchy_cbf_raw_violation loss: 0.0367
Mean hierarchy_cbf_transient_slack loss: 0.0062
 Mean hierarchy_clf_violation loss: 0.0010
Mean hierarchy_cbf_regression loss: 0.0174
Mean hierarchy_clf_regression loss: 0.0010
   Mean safe_task_achievement loss: -0.0033
  Mean safe_skill_achievement loss: -0.0036
Mean unsafe_positive_progress_rate loss: 0.0404
Mean motion_execution_confidence_mean loss: 0.1192
Mean grounded_effect_diversity loss: 0.0000
      Mean task_option_credit loss: -0.0353
     Mean skill_option_credit loss: -0.0268
    Mean event_hindsight_task loss: 0.0000
   Mean event_hindsight_skill loss: 4.8471
       Mean event_credit_mass loss: 0.0080
Mean task_option_advantage_abs loss: 0.3350
Mean skill_option_advantage_abs loss: 0.3981
         Mean task_transition loss: 2.3540
        Mean skill_transition loss: 1.6089
       Mean motion_transition loss: 1.7810
  Mean interaction_transition loss: 1.3507
Mean interaction_active_fraction loss: 1.0000
              Mean task_usage loss: 0.0000
  Mean task_frontier_coverage loss: 0.0000
Mean selected_frontier_probability loss: 0.8028
       Mean interaction_phase loss: 0.2974
Mean interaction_release_target loss: 0.0179
Mean interaction_release_frontier loss: 0.0038
Mean interaction_release_balance_weight loss: 1.1253
  Mean task_control_objective loss: 0.0109
        Mean task_clf_descent loss: 0.0011
  Mean task_barrier_authority loss: 0.0279
Mean skill_predictive_control loss: 0.0018
Mean relational_subgoal_grounding loss: 0.0000
  Mean task_subgoal_alignment loss: 1.0000
  Mean task_subgoal_authority loss: 0.4739
   Mean task_skill_projection loss: 0.0000
 Mean task_transient_capacity loss: 0.7844
   Mean task_posture_capacity loss: 0.8828
Mean task_projected_turn_demand loss: 0.3193
Mean task_semantic_turn_demand loss: 0.3193
Mean task_lateral_turn_demand loss: 0.0000
Mean task_target_yaw_residual loss: 0.5805
Mean task_interaction_authority loss: 0.0110
    Mean task_arm_scope_error loss: 0.0000
Mean counterfactual_task_selection loss: 0.0000
Mean counterfactual_task_target_entropy loss: 0.0000
Mean counterfactual_task_target_peak loss: 0.0000
Mean grounded_task_utility_span loss: 0.0000
      Mean task_outcome_blend loss: 0.0000
Mean grounded_task_target_agreement loss: 0.0000
Mean sampled_task_target_probability loss: 0.0000
Mean recovery_candidate_fraction loss: 0.0000
Mean recovery_task_probability loss: 0.0000
Mean recovery_target_probability loss: 0.0000
Mean counterfactual_termination loss: 0.4827
 Mean task_termination_target loss: 0.0000
Mean skill_termination_target loss: 0.5720
Mean payload_skill_barrier_pressure loss: 0.0000
Mean payload_transient_demand loss: 0.0140
Mean payload_skill_exit_target loss: 0.0000
Mean payload_survival_exit_target loss: 0.0000
Mean payload_survival_authority loss: 0.0000
        Mean task_switch_gain loss: 0.0000
       Mean skill_switch_gain loss: 0.0099
Mean counterfactual_skill_selection loss: 0.8342
Mean counterfactual_target_entropy loss: 0.6422
Mean counterfactual_target_peak loss: 0.7912
       Mean successor_decoder loss: 0.0823
  Mean successor_predicted_vx loss: -0.0024
  Mean successor_predicted_wz loss: -0.0059
 Mean successor_predicted_cbf loss: 0.5000
 Mean successor_predicted_clf loss: 0.5000
 Mean successor_cbf_violation loss: 0.0026
 Mean successor_clf_violation loss: 0.0009
             Mean skill_usage loss: 0.1665
        Mean skill_confidence loss: 0.7297
     Mean task_slot_diversity loss: 0.3957
Mean skill_embedding_diversity loss: 0.0621
   Mean motion_gain_diversity loss: 0.0000
Mean motion_objective_diversity loss: 0.0000
       Mean event_replay_size loss: 1868.0000
   Mean event_replay_priority loss: 0.0562
 Mean event_replay_task_valid loss: 0.6973
Mean event_replay_task_detail_valid loss: 0.6973
       Mean event_replay_task loss: 0.0000
      Mean event_replay_skill loss: 0.6909
     Mean event_replay_motion loss: 1.1517
Mean event_replay_interaction loss: 0.1276
Mean event_replay_task_subgoal loss: 0.0003
Mean event_replay_skill_parameter loss: 0.0198
  Mean event_replay_parameter loss: 0.0199
Mean event_replay_barrier_quality loss: 0.4976
Mean event_replay_unsafe_fraction loss: 0.0000
Mean event_replay_buffer_unsafe_fraction loss: 0.0000
Mean event_replay_buffer_delivery loss: 0.7066
Mean event_replay_buffer_recovery loss: 0.0000
Mean event_replay_sample_delivery loss: 0.6986
Mean event_replay_sample_recovery loss: 0.0000
Mean event_replay_sample_raw_delivery loss: 0.6973
Mean event_replay_sample_raw_recovery loss: 0.0000
Mean event_replay_recovery_pressure loss: 0.0000
Mean event_replay_recovery_adapter_gate loss: 0.0000
Mean event_replay_buffer_approach loss: 0.8508
Mean event_replay_sample_approach loss: 0.6166
Mean event_replay_sample_raw_approach loss: 0.6190
Mean event_replay_buffer_secure loss: 0.1038
Mean event_replay_sample_secure loss: 0.2598
Mean event_replay_sample_raw_secure loss: 0.2577
Mean event_replay_buffer_release loss: 0.0455
Mean event_replay_sample_release loss: 0.1236
Mean event_replay_sample_raw_release loss: 0.1232
Mean payload_survival_replay_size loss: 128.0000
Mean payload_survival_replay_support loss: 1.0000
Mean payload_survival_replay_drop_fraction loss: 0.4999
Mean payload_survival_replay_prediction loss: 0.5000
Mean payload_survival_replay_drop_prediction loss: 0.5000
Mean payload_survival_replay_retain_prediction loss: 0.5000
Mean payload_survival_replay_separation loss: 0.0000
Mean payload_survival_replay_accuracy loss: 0.5000
Mean payload_survival_replay_rank_loss loss: 0.7185
Mean payload_survival_replay_rank_gap loss: 0.0000
Mean payload_survival_replay_rank_accuracy loss: 0.0000
Mean payload_survival_replay_rank_pairs loss: 21.0000
      Mean event_replay_added loss: 256.0000
Mean event_replay_append_task_valid loss: 0.6992
Mean event_replay_task_relabel loss: 0.3008
Mean event_replay_interaction_relabel loss: 0.2812
Mean event_replay_append_delivery loss: 0.6992
Mean event_replay_append_recovery loss: 0.0000
Mean event_replay_append_payload_recovery loss: 0.0000
Mean payload_survival_replay_added loss: 24.0000
Mean payload_survival_replay_append_drop_fraction loss: 0.0000
      Mean hierarchy_cbf_dual loss: 0.5215
      Mean hierarchy_clf_dual loss: 0.3226
Mean hierarchy_cbf_violation_ema loss: 0.3211
Mean hierarchy_clf_violation_ema loss: 0.0405
Mean physical_adaptation_active loss: 0.0000
Mean physical_adaptation_stage loss: -10.0000
 Mean hierarchy_only_training loss: 0.0000
Mean decomposition_only_training loss: 0.0000
Mean motion_selector_only_training loss: 0.0000
Mean interaction_selector_only_training loss: 0.0000
Mean motion_skill_only_training loss: 0.0000
Mean payload_motion_only_training loss: 0.0000
Mean recovery_adapter_only_training loss: 0.0000
 Mean auxiliary_learning_rate loss: 0.0000
Mean payload_survival_learning_rate loss: 0.0003
Mean physical_core_learning_rate loss: 0.0000
Mean physical_adapter_learning_rate loss: 0.0000
Mean skill_information_reward loss: -0.0038
 Mean task_information_reward loss: 0.0000
                       Mean reward: -86.32
               Mean episode length: 37.05
   Episode_Reward/term_bad_contact: 0.0000
          Episode_Reward/term_tilt: 0.0000
    Episode_Reward/term_low_height: -0.0139
      Episode_Reward/leg_action_l2: -0.0015
   Episode_Reward/tracking_lin_vel: 0.0000
Episode_Reward/tracking_ang_vel_yaw_l1: 0.0000
Episode_Reward/tracking_ang_vel_yaw_exp: 0.0000
Episode_Reward/tracking_lin_vel_y_l2: 0.0000
Episode_Reward/tracking_lin_vel_z_l2: 0.0000
            Episode_Reward/survive: 0.0000
    Episode_Reward/foot_contacts_z: 0.0000
            Episode_Reward/torques: -0.0045
 Episode_Reward/tracking_lin_vel_y: 0.0000
          Episode_Reward/lin_vel_z: -0.0006
         Episode_Reward/ang_vel_xy: -0.0010
   Episode_Reward/tracking_ang_vel: 0.0011
               Episode_Reward/work: -0.0419
            Episode_Reward/dof_acc: -0.0832
        Episode_Reward/action_rate: -0.0010
     Episode_Reward/dof_pos_limits: -0.0000
      Episode_Reward/delta_torques: -0.0000
          Episode_Reward/collision: -0.1313
        Episode_Reward/walking_dof: 0.0000
            Episode_Reward/hip_pos: -0.0012
          Episode_Reward/feet_jerk: 0.0000
              Episode_Reward/alive: 0.0067
          Episode_Reward/feet_drag: -0.0004
Episode_Reward/feet_contact_forces: -0.0036
               Episode_Reward/roll: -0.0006
        Episode_Reward/base_height: -0.0035
Episode_Reward/tracking_lin_vel_max: 0.0093
Episode_Reward/flat_orientation_l2: -0.0003
  Episode_Reward/air_time_variance: -0.0000
        Episode_Reward/feet_height: 0.0000
      Episode_Reward/feet_air_time: 0.0000
Episode_Reward/update_last_buffers: 0.0000
   Episode_Reward/wheel_idle_speed: -0.5410
    Episode_Reward/wheel_action_l2: -0.0001
  Episode_Reward/wheel_action_rate: 0.0000
  Episode_Reward/wheel_forward_use: 0.0079
 Episode_Reward/wheel_turn_support: 0.0039
Episode_Reward/tactic_mission_completion: 0.0000
Episode_Reward/tactic_mission_success: 0.0000
Episode_Reward/tactic_task_progress: 0.0003
Episode_Reward/tactic_task_tracking: 0.0008
 Episode_Reward/tactic_ee_tracking: 0.0032
  Episode_Reward/tactic_valid_task: 0.0014
Episode_Reward/tactic_invalid_task: 0.0000
Episode_Reward/tactic_option_switch: -0.0000
Episode_Reward/tactic_control_progress: 0.0001
  Episode_Reward/tactic_cbf_margin: 0.0000
Episode_Reward/tactic_predicted_margin: 0.0000
Episode_Reward/tactic_clf_decrease: 0.0000
Episode_Reward/tactic_disturbance_rejection: 0.0000
Episode_Reward/tactic_safety_violation: -0.0024
Episode_Reward/tactic_unsafe_progress: -0.0001
Episode_Reward/tactic_object_contact: 0.0279
 Episode_Reward/tactic_object_lift: 0.0442
Episode_Reward/tactic_object_transport: 0.0566
Episode_Reward/tactic_object_place: 0.0006
Episode_Reward/tactic_object_completion: 0.0000
Episode_Reward/tactic_interaction_frontier: 0.0057
  Episode_Reward/tactic_grasp_hold: 0.0165
Episode_Reward/tactic_payload_progress: 0.0030
Episode_Reward/tactic_release_readiness: 0.0015
Episode_Reward/tactic_intended_release: 0.0000
Episode_Reward/tactic_payload_retention: 0.0009
Episode_Reward/tactic_payload_drop: -0.0019
Episode_Reward/tactic_release_quality: 0.0000
Episode_Reward/tactic_wrong_object_interaction: 0.0000
 Episode_Reward/tactic_all_objects: 0.0000
Metrics/locomotion/TACTIC/mission_completion: 0.0000
Metrics/locomotion/TACTIC/mission_completion_delta: 0.0000
Metrics/locomotion/TACTIC/mission_success: 0.0000
Metrics/locomotion/TACTIC/task_progress: 0.4799
Metrics/locomotion/TACTIC/task_progress_delta: -0.0002
Metrics/locomotion/TACTIC/task_error: 1.6072
Metrics/locomotion/TACTIC/ee_error: 0.6071
Metrics/locomotion/TACTIC/tcp_object_distance: 1.0931
Metrics/locomotion/TACTIC/goal_object_distance: 0.6617
Metrics/locomotion/TACTIC/finger_object_distance: 1.1464
Metrics/locomotion/TACTIC/object_target_distance: 0.9071
Metrics/locomotion/TACTIC/recovery_task_executed: 0.0000
Metrics/locomotion/TACTIC/recovery_task_probability: 0.0000
Metrics/locomotion/TACTIC/executed_task_probability: 1.0000
Metrics/locomotion/TACTIC/task_constraint_projection: 0.0000
Metrics/locomotion/TACTIC/recovery_latch_seen: 0.0000
Metrics/locomotion/TACTIC/recovery_valid_seen: 0.0000
Metrics/locomotion/TACTIC/recovery_pressure_seen: 0.0000
Metrics/locomotion/TACTIC/cbf_margin: 0.0000
Metrics/locomotion/TACTIC/predicted_margin: 0.0000
Metrics/locomotion/TACTIC/clf_decrease: -0.1073
Metrics/locomotion/TACTIC/disturbance_estimate: 0.5708
Metrics/locomotion/TACTIC/base_height: 0.2243
Metrics/locomotion/TACTIC/base_tilt: 0.2240
Metrics/locomotion/TACTIC/control_recovery_pressure: 1.0000
Metrics/locomotion/TACTIC/control_recovery_active: 1.0000
Metrics/locomotion/TACTIC/control_recovery_constraint_active: 1.0000
Metrics/locomotion/TACTIC/payload_posture_projection: 0.0000
Metrics/locomotion/TACTIC/payload_relation_violation: 0.0000
 Metrics/locomotion/TACTIC/base_vx: 0.3396
 Metrics/locomotion/TACTIC/base_vy: 0.0314
 Metrics/locomotion/TACTIC/base_wz: -0.8588
Metrics/locomotion/TACTIC/support_count: 2.0000
Metrics/locomotion/TACTIC/obstacle_margin: 0.9904
Metrics/locomotion/TACTIC/gripper_closure: 0.3704
Metrics/locomotion/TACTIC/manipulation_active: 1.0000
Metrics/locomotion/TACTIC/grasp_active: 1.0000
Metrics/locomotion/TACTIC/grasp_orientation_active: 0.0000
Metrics/locomotion/TACTIC/grasp_orientation_error: 0.0000
Metrics/locomotion/TACTIC/interaction_authority: 0.0000
Metrics/locomotion/TACTIC/workspace_handoff: 0.0000
Metrics/locomotion/TACTIC/grasp_projection_distance: 0.0000
Metrics/locomotion/TACTIC/grasp_center_error: 0.0000
Metrics/locomotion/TACTIC/capture_staging_distance: 1.0131
Metrics/locomotion/TACTIC/capture_heading_error: 1.4146
Metrics/locomotion/TACTIC/capture_initiation_margin: -2.6181
Metrics/locomotion/TACTIC/selected_delivery_side: 1.0000
Metrics/locomotion/TACTIC/capture_lift_active: 0.0000
Metrics/locomotion/TACTIC/command_vx: -0.0184
Metrics/locomotion/TACTIC/command_vy: -0.0005
Metrics/locomotion/TACTIC/command_wz: -0.1873
Metrics/locomotion/TACTIC/curriculum_level: 0.0000
Metrics/locomotion/TACTIC/curriculum_frontier: 0.0000
Metrics/locomotion/TACTIC/curriculum_probe: 0.0000
Metrics/locomotion/TACTIC/interaction_start_curriculum: 1.0000
Metrics/locomotion/TACTIC/interaction_start_probability: 1.0000
Metrics/locomotion/TACTIC/composition_probe_probability: 0.0000
Metrics/locomotion/TACTIC/curriculum_completion_ema: 0.0000
Metrics/locomotion/TACTIC/curriculum_progress_ema: 0.0852
Metrics/locomotion/TACTIC/curriculum_safety_ema: 0.3765
Metrics/locomotion/TACTIC/episode_safety_fraction: 0.8313
Metrics/locomotion/TACTIC/curriculum_contact_ema: 0.0000
Metrics/locomotion/TACTIC/curriculum_lift_ema: 0.0000
Metrics/locomotion/TACTIC/curriculum_transport_ema: 0.0000
Metrics/locomotion/TACTIC/curriculum_place_ema: 0.0000
Metrics/locomotion/TACTIC/curriculum_delivery_completion_ema: 0.0000
Metrics/locomotion/TACTIC/curriculum_regression_streak: 0.0000
Metrics/locomotion/TACTIC/required_task_count: 1.0000
Metrics/locomotion/TACTIC/object_completion_mean: 0.0000
Metrics/locomotion/TACTIC/object_contact_mean: 0.0000
Metrics/locomotion/TACTIC/object_lift_mean: 0.0847
Metrics/locomotion/TACTIC/object_transport_mean: 0.0983
Metrics/locomotion/TACTIC/object_place_mean: 0.0000
Metrics/locomotion/TACTIC/object_target_progress_mean: -0.1224
Metrics/locomotion/TACTIC/object_target_progress_delta_mean: 0.0000
Metrics/locomotion/TACTIC/object_release_readiness_mean: 0.0000
Metrics/locomotion/TACTIC/object_release_readiness_delta_mean: 0.0000
Metrics/locomotion/TACTIC/object_release_event_mean: 0.0000
Metrics/locomotion/TACTIC/object_drop_event_mean: 0.0000
Metrics/locomotion/TACTIC/object_gripper_distance_mean: 1.1364
Metrics/locomotion/TACTIC/object_carrying_mean: 0.0000
Metrics/locomotion/TACTIC/object_carry_memory_mean: 0.1667
Metrics/locomotion/TACTIC/interaction_frontier_mean: 0.1103
Metrics/locomotion/TACTIC/interaction_frontier_delta_mean: 0.0000
Metrics/locomotion/TACTIC/contact_symmetry_mean: 0.0000
 Metrics/locomotion/TACTIC/task_id: 9.0000
Metrics/locomotion/TACTIC/skill_id: 6.0000
Metrics/locomotion/TACTIC/object_id: 4.0000
Metrics/locomotion/TACTIC/effective_object_id: 4.0000
Metrics/locomotion/TACTIC/selected_object_contact: 0.0000
Metrics/locomotion/TACTIC/selected_object_lift: 0.5080
Metrics/locomotion/TACTIC/selected_object_transport: 0.5899
Metrics/locomotion/TACTIC/selected_object_place: 0.0000
Metrics/locomotion/TACTIC/selected_object_completion: 0.0000
Metrics/locomotion/TACTIC/selected_object_carrying: 0.0000
Metrics/locomotion/TACTIC/selected_object_carry_memory: 1.0000
Metrics/locomotion/TACTIC/selected_object_target_progress: -0.7343
Metrics/locomotion/TACTIC/selected_object_target_progress_delta: 0.0000
Metrics/locomotion/TACTIC/selected_object_release_readiness: 0.0000
Metrics/locomotion/TACTIC/selected_object_release_readiness_delta: 0.0000
Metrics/locomotion/TACTIC/selected_object_release_event: 0.0000
Metrics/locomotion/TACTIC/selected_object_drop_event: 0.0000
Metrics/locomotion/TACTIC/selected_object_gripper_distance: 1.0942
Metrics/locomotion/TACTIC/selected_object_place_error_xy: 0.4615
Metrics/locomotion/TACTIC/selected_object_place_error_z: 0.7810
Metrics/locomotion/TACTIC/selected_interaction_frontier: 0.6619
Metrics/locomotion/TACTIC/selected_interaction_frontier_delta: 0.0000
Metrics/locomotion/TACTIC/selected_reachability: 0.0000
Metrics/locomotion/TACTIC/task_switch: 0.0000
Metrics/locomotion/TACTIC/skill_switch: 0.0000
Metrics/locomotion/TACTIC/task_age: 0.0000
Metrics/locomotion/TACTIC/skill_age: 0.0000
Metrics/locomotion/TACTIC/task_hazard: 0.0000
Metrics/locomotion/TACTIC/skill_hazard: 0.0000
Metrics/locomotion/TACTIC/task_termination_probability: 0.0000
Metrics/locomotion/TACTIC/skill_termination_probability: 0.0000
Metrics/locomotion/TACTIC/task_entropy: 0.0000
Metrics/locomotion/TACTIC/skill_entropy: 0.6332
Metrics/locomotion/TACTIC/task_occupancy_entropy: 0.0000
Metrics/locomotion/TACTIC/skill_occupancy_entropy: 0.6332
Metrics/locomotion/TACTIC/skill_parameter_0: 0.0000
Metrics/locomotion/TACTIC/skill_parameter_1: 0.0000
Metrics/locomotion/TACTIC/skill_parameter_2: 0.0000
Metrics/locomotion/TACTIC/skill_parameter_3: 0.0000
Metrics/locomotion/TACTIC/skill_parameter_4: 0.0000
Metrics/locomotion/TACTIC/skill_parameter_5: 0.0000
Metrics/locomotion/TACTIC/object_0_complete: 0.0000
Metrics/locomotion/TACTIC/object_1_complete: 0.0000
Metrics/locomotion/TACTIC/object_2_complete: 0.0000
Metrics/locomotion/TACTIC/object_3_complete: 0.0000
Metrics/locomotion/TACTIC/object_4_complete: 0.0000
Metrics/locomotion/TACTIC/object_5_complete: 0.0000
      Episode_Termination/time_out: 0.0000
   Episode_Termination/bad_contact: 0.0000
          Episode_Termination/tilt: 0.2734
    Episode_Termination/low_height: 0.0078
Episode_Termination/mission_success: 0.0000
--------------------------------------------------------------------------------
                   Total timesteps: 24576
                    Iteration time: 5.83s
                      Time elapsed: 00:00:48
                               ETA: 00:02:20

################################################################################
                       [1m Learning iteration 8/30 [0m                        

                       Computation: 514 steps/s (collection: 5.216s, learning 0.755s)
             Mean action noise std: 0.02
          Mean value_function loss: 38.6481
               Mean surrogate loss: 0.0650
                 Mean entropy loss: -102.7005
  Mean stability_teacher_loss loss: 0.0000
 Mean next_control_prediction loss: 0.0267
       Mean skill_feasibility loss: 0.6931
 Mean task_outcome_prediction loss: 0.0324
 Mean task_outcome_confidence loss: 1.5205
Mean task_outcome_confidence_mean loss: 0.1192
Mean skill_outcome_prediction loss: 0.0034
        Mean payload_survival loss: 0.6931
Mean payload_survival_support loss: 0.0202
   Mean payload_drop_fraction loss: 0.0000
Mean payload_survival_prediction loss: 0.5000
 Mean skill_effect_prediction loss: 0.0339
 Mean skill_effect_confidence loss: 1.5893
Mean skill_effect_confidence_mean loss: 0.1192
Mean motion_execution_prediction loss: 0.0433
Mean motion_execution_confidence loss: 1.4571
Mean embodiment_response_prediction loss: 0.0023
Mean embodiment_response_vx_abs loss: 0.0020
Mean embodiment_response_wz_abs loss: 0.0011
   Mean constraint_multiplier loss: 0.0114
Mean task_constraint_multiplier_mean loss: 0.1632
Mean skill_constraint_multiplier_mean loss: 0.1632
 Mean hierarchy_cbf_violation loss: 0.0494
Mean hierarchy_cbf_raw_violation loss: 0.0508
Mean hierarchy_cbf_transient_slack loss: 0.0075
 Mean hierarchy_clf_violation loss: 0.0002
Mean hierarchy_cbf_regression loss: 0.0156
Mean hierarchy_clf_regression loss: 0.0002
   Mean safe_task_achievement loss: 0.0026
  Mean safe_skill_achievement loss: 0.0032
Mean unsafe_positive_progress_rate loss: 0.0501
Mean motion_execution_confidence_mean loss: 0.1192
Mean grounded_effect_diversity loss: 0.0000
      Mean task_option_credit loss: 0.0467
     Mean skill_option_credit loss: -0.0006
    Mean event_hindsight_task loss: 0.0000
   Mean event_hindsight_skill loss: 4.7523
       Mean event_credit_mass loss: 0.0079
Mean task_option_advantage_abs loss: 0.2618
Mean skill_option_advantage_abs loss: 0.3246
         Mean task_transition loss: 2.3707
        Mean skill_transition loss: 1.6057
       Mean motion_transition loss: 1.7785
  Mean interaction_transition loss: 1.3464
Mean interaction_active_fraction loss: 0.9987
              Mean task_usage loss: 0.0000
  Mean task_frontier_coverage loss: 0.0000
Mean selected_frontier_probability loss: 0.8015
       Mean interaction_phase loss: 0.3064
Mean interaction_release_target loss: 0.0201
Mean interaction_release_frontier loss: 0.0062
Mean interaction_release_balance_weight loss: 1.1404
  Mean task_control_objective loss: 0.0114
        Mean task_clf_descent loss: 0.0014
  Mean task_barrier_authority loss: 0.0287
Mean skill_predictive_control loss: 0.0016
Mean relational_subgoal_grounding loss: 0.0000
  Mean task_subgoal_alignment loss: 1.0000
  Mean task_subgoal_authority loss: 0.4632
   Mean task_skill_projection loss: 0.0000
 Mean task_transient_capacity loss: 0.7845
   Mean task_posture_capacity loss: 0.8612
Mean task_projected_turn_demand loss: 0.3116
Mean task_semantic_turn_demand loss: 0.3116
Mean task_lateral_turn_demand loss: 0.0000
Mean task_target_yaw_residual loss: 0.5665
Mean task_interaction_authority loss: 0.0078
    Mean task_arm_scope_error loss: 0.0000
Mean counterfactual_task_selection loss: 0.0000
Mean counterfactual_task_target_entropy loss: 0.0000
Mean counterfactual_task_target_peak loss: 0.0000
Mean grounded_task_utility_span loss: 0.0000
      Mean task_outcome_blend loss: 0.0000
Mean grounded_task_target_agreement loss: 0.0000
Mean sampled_task_target_probability loss: 0.0000
Mean recovery_candidate_fraction loss: 0.0000
Mean recovery_task_probability loss: 0.0000
Mean recovery_target_probability loss: 0.0000
Mean counterfactual_termination loss: 0.4712
 Mean task_termination_target loss: 0.0000
Mean skill_termination_target loss: 0.5279
Mean payload_skill_barrier_pressure loss: 0.0000
Mean payload_transient_demand loss: 0.0246
Mean payload_skill_exit_target loss: 0.0000
Mean payload_survival_exit_target loss: 0.0000
Mean payload_survival_authority loss: 0.0000
        Mean task_switch_gain loss: 0.0000
       Mean skill_switch_gain loss: -0.0492
Mean counterfactual_skill_selection loss: 0.8253
Mean counterfactual_target_entropy loss: 0.6347
Mean counterfactual_target_peak loss: 0.7977
       Mean successor_decoder loss: 0.0799
  Mean successor_predicted_vx loss: -0.0026
  Mean successor_predicted_wz loss: -0.0066
 Mean successor_predicted_cbf loss: 0.5000
 Mean successor_predicted_clf loss: 0.5000
 Mean successor_cbf_violation loss: 0.0033
 Mean successor_clf_violation loss: 0.0006
             Mean skill_usage loss: 0.1564
        Mean skill_confidence loss: 0.7290
     Mean task_slot_diversity loss: 0.3945
Mean skill_embedding_diversity loss: 0.0621
   Mean motion_gain_diversity loss: 0.0000
Mean motion_objective_diversity loss: 0.0000
       Mean event_replay_size loss: 2124.0000
   Mean event_replay_priority loss: 0.0597
 Mean event_replay_task_valid loss: 0.6943
Mean event_replay_task_detail_valid loss: 0.6943
       Mean event_replay_task loss: 0.0000
      Mean event_replay_skill loss: 0.6546
     Mean event_replay_motion loss: 1.0847
Mean event_replay_interaction loss: 0.1290
Mean event_replay_task_subgoal loss: 0.0003
Mean event_replay_skill_parameter loss: 0.0203
  Mean event_replay_parameter loss: 0.0205
Mean event_replay_barrier_quality loss: 0.5057
Mean event_replay_unsafe_fraction loss: 0.0000
Mean event_replay_buffer_unsafe_fraction loss: 0.0000
Mean event_replay_buffer_delivery loss: 0.7057
Mean event_replay_buffer_recovery loss: 0.0000
Mean event_replay_sample_delivery loss: 0.6959
Mean event_replay_sample_recovery loss: 0.0000
Mean event_replay_sample_raw_delivery loss: 0.6943
Mean event_replay_sample_raw_recovery loss: 0.0000
Mean event_replay_recovery_pressure loss: 0.0000
Mean event_replay_recovery_adapter_gate loss: 0.0000
Mean event_replay_buffer_approach loss: 0.8412
Mean event_replay_sample_approach loss: 0.6114
Mean event_replay_sample_raw_approach loss: 0.6146
Mean event_replay_buffer_secure loss: 0.1107
Mean event_replay_sample_secure loss: 0.2616
Mean event_replay_sample_raw_secure loss: 0.2602
Mean event_replay_buffer_release loss: 0.0480
Mean event_replay_sample_release loss: 0.1270
Mean event_replay_sample_raw_release loss: 0.1252
Mean payload_survival_replay_size loss: 154.0000
Mean payload_survival_replay_support loss: 1.0000
Mean payload_survival_replay_drop_fraction loss: 0.4999
Mean payload_survival_replay_prediction loss: 0.5000
Mean payload_survival_replay_drop_prediction loss: 0.5000
Mean payload_survival_replay_retain_prediction loss: 0.5000
Mean payload_survival_replay_separation loss: 0.0000
Mean payload_survival_replay_accuracy loss: 0.5000
Mean payload_survival_replay_rank_loss loss: 0.7185
Mean payload_survival_replay_rank_gap loss: 0.0000
Mean payload_survival_replay_rank_accuracy loss: 0.0000
Mean payload_survival_replay_rank_pairs loss: 27.0000
      Mean event_replay_added loss: 256.0000
Mean event_replay_append_task_valid loss: 0.6992
Mean event_replay_task_relabel loss: 0.3008
Mean event_replay_interaction_relabel loss: 0.2734
Mean event_replay_append_delivery loss: 0.6992
Mean event_replay_append_recovery loss: 0.0000
Mean event_replay_append_payload_recovery loss: 0.0000
Mean payload_survival_replay_added loss: 26.0000
Mean payload_survival_replay_append_drop_fraction loss: 0.0000
      Mean hierarchy_cbf_dual loss: 0.5215
      Mean hierarchy_clf_dual loss: 0.3186
Mean hierarchy_cbf_violation_ema loss: 0.3075
Mean hierarchy_clf_violation_ema loss: 0.0385
Mean physical_adaptation_active loss: 0.0000
Mean physical_adaptation_stage loss: -10.0000
 Mean hierarchy_only_training loss: 0.0000
Mean decomposition_only_training loss: 0.0000
Mean motion_selector_only_training loss: 0.0000
Mean interaction_selector_only_training loss: 0.0000
Mean motion_skill_only_training loss: 0.0000
Mean payload_motion_only_training loss: 0.0000
Mean recovery_adapter_only_training loss: 0.0000
 Mean auxiliary_learning_rate loss: 0.0000
Mean payload_survival_learning_rate loss: 0.0003
Mean physical_core_learning_rate loss: 0.0000
Mean physical_adapter_learning_rate loss: 0.0000
Mean skill_information_reward loss: -0.0043
 Mean task_information_reward loss: 0.0000
                       Mean reward: -101.28
               Mean episode length: 54.47
   Episode_Reward/term_bad_contact: 0.0000
          Episode_Reward/term_tilt: -0.0087
    Episode_Reward/term_low_height: -0.0069
      Episode_Reward/leg_action_l2: -0.0014
   Episode_Reward/tracking_lin_vel: 0.0000
Episode_Reward/tracking_ang_vel_yaw_l1: 0.0000
Episode_Reward/tracking_ang_vel_yaw_exp: 0.0000
Episode_Reward/tracking_lin_vel_y_l2: 0.0000
Episode_Reward/tracking_lin_vel_z_l2: 0.0000
            Episode_Reward/survive: 0.0000
    Episode_Reward/foot_contacts_z: 0.0000
            Episode_Reward/torques: -0.0055
 Episode_Reward/tracking_lin_vel_y: 0.0000
          Episode_Reward/lin_vel_z: -0.0004
         Episode_Reward/ang_vel_xy: -0.0009
   Episode_Reward/tracking_ang_vel: 0.0014
               Episode_Reward/work: -0.0400
            Episode_Reward/dof_acc: -0.0863
        Episode_Reward/action_rate: -0.0011
     Episode_Reward/dof_pos_limits: -0.0000
      Episode_Reward/delta_torques: -0.0000
          Episode_Reward/collision: -0.1711
        Episode_Reward/walking_dof: 0.0000
            Episode_Reward/hip_pos: -0.0012
          Episode_Reward/feet_jerk: 0.0000
              Episode_Reward/alive: 0.0079
          Episode_Reward/feet_drag: -0.0005
Episode_Reward/feet_contact_forces: -0.0043
               Episode_Reward/roll: -0.0008
        Episode_Reward/base_height: -0.0052
Episode_Reward/tracking_lin_vel_max: 0.0109
Episode_Reward/flat_orientation_l2: -0.0002
  Episode_Reward/air_time_variance: -0.0002
        Episode_Reward/feet_height: 0.0000
      Episode_Reward/feet_air_time: 0.0000
Episode_Reward/update_last_buffers: 0.0000
   Episode_Reward/wheel_idle_speed: -0.5175
    Episode_Reward/wheel_action_l2: -0.0001
  Episode_Reward/wheel_action_rate: 0.0000
  Episode_Reward/wheel_forward_use: 0.0047
 Episode_Reward/wheel_turn_support: 0.0045
Episode_Reward/tactic_mission_completion: 0.0000
Episode_Reward/tactic_mission_success: 0.0000
Episode_Reward/tactic_task_progress: 0.0001
Episode_Reward/tactic_task_tracking: 0.0012
 Episode_Reward/tactic_ee_tracking: 0.0076
  Episode_Reward/tactic_valid_task: 0.0016
Episode_Reward/tactic_invalid_task: 0.0000
Episode_Reward/tactic_option_switch: -0.0000
Episode_Reward/tactic_control_progress: 0.0000
  Episode_Reward/tactic_cbf_margin: 0.0000
Episode_Reward/tactic_predicted_margin: 0.0000
Episode_Reward/tactic_clf_decrease: 0.0000
Episode_Reward/tactic_disturbance_rejection: 0.0000
Episode_Reward/tactic_safety_violation: -0.0022
Episode_Reward/tactic_unsafe_progress: -0.0001
Episode_Reward/tactic_object_contact: 0.0105
 Episode_Reward/tactic_object_lift: 0.0166
Episode_Reward/tactic_object_transport: 0.0212
Episode_Reward/tactic_object_place: 0.0002
Episode_Reward/tactic_object_completion: 0.0000
Episode_Reward/tactic_interaction_frontier: 0.0021
  Episode_Reward/tactic_grasp_hold: 0.0062
Episode_Reward/tactic_payload_progress: 0.0011
Episode_Reward/tactic_release_readiness: 0.0006
Episode_Reward/tactic_intended_release: 0.0000
Episode_Reward/tactic_payload_retention: 0.0003
Episode_Reward/tactic_payload_drop: -0.0007
Episode_Reward/tactic_release_quality: 0.0000
Episode_Reward/tactic_wrong_object_interaction: 0.0000
 Episode_Reward/tactic_all_objects: 0.0000
Metrics/locomotion/TACTIC/mission_completion: 0.0000
Metrics/locomotion/TACTIC/mission_completion_delta: 0.0000
Metrics/locomotion/TACTIC/mission_success: 0.0000
Metrics/locomotion/TACTIC/task_progress: 0.2146
Metrics/locomotion/TACTIC/task_progress_delta: -0.0005
Metrics/locomotion/TACTIC/task_error: 1.4237
Metrics/locomotion/TACTIC/ee_error: 0.3591
Metrics/locomotion/TACTIC/tcp_object_distance: 0.9869
Metrics/locomotion/TACTIC/goal_object_distance: 0.7423
Metrics/locomotion/TACTIC/finger_object_distance: 1.0167
Metrics/locomotion/TACTIC/object_target_distance: 0.8688
Metrics/locomotion/TACTIC/recovery_task_executed: 0.0000
Metrics/locomotion/TACTIC/recovery_task_probability: 0.0000
Metrics/locomotion/TACTIC/executed_task_probability: 1.0000
Metrics/locomotion/TACTIC/task_constraint_projection: 0.0000
Metrics/locomotion/TACTIC/recovery_latch_seen: 0.0000
Metrics/locomotion/TACTIC/recovery_valid_seen: 0.0000
Metrics/locomotion/TACTIC/recovery_pressure_seen: 0.0000
Metrics/locomotion/TACTIC/cbf_margin: 0.0000
Metrics/locomotion/TACTIC/predicted_margin: 0.0000
Metrics/locomotion/TACTIC/clf_decrease: -0.2147
Metrics/locomotion/TACTIC/disturbance_estimate: 0.5007
Metrics/locomotion/TACTIC/base_height: 0.2839
Metrics/locomotion/TACTIC/base_tilt: 0.4347
Metrics/locomotion/TACTIC/control_recovery_pressure: 1.0000
Metrics/locomotion/TACTIC/control_recovery_active: 1.0000
Metrics/locomotion/TACTIC/control_recovery_constraint_active: 1.0000
Metrics/locomotion/TACTIC/payload_posture_projection: 0.0000
Metrics/locomotion/TACTIC/payload_relation_violation: 0.0000
 Metrics/locomotion/TACTIC/base_vx: 0.1934
 Metrics/locomotion/TACTIC/base_vy: -0.1275
 Metrics/locomotion/TACTIC/base_wz: -0.6286
Metrics/locomotion/TACTIC/support_count: 2.7500
Metrics/locomotion/TACTIC/obstacle_margin: 0.8664
Metrics/locomotion/TACTIC/gripper_closure: 0.1540
Metrics/locomotion/TACTIC/manipulation_active: 1.0000
Metrics/locomotion/TACTIC/grasp_active: 1.0000
Metrics/locomotion/TACTIC/grasp_orientation_active: 0.0000
Metrics/locomotion/TACTIC/grasp_orientation_error: 0.0000
Metrics/locomotion/TACTIC/interaction_authority: 0.0000
Metrics/locomotion/TACTIC/workspace_handoff: 0.0000
Metrics/locomotion/TACTIC/grasp_projection_distance: 0.0000
Metrics/locomotion/TACTIC/grasp_center_error: 0.0000
Metrics/locomotion/TACTIC/capture_staging_distance: 0.8635
Metrics/locomotion/TACTIC/capture_heading_error: 2.0449
Metrics/locomotion/TACTIC/capture_initiation_margin: -3.7335
Metrics/locomotion/TACTIC/selected_delivery_side: 1.0000
Metrics/locomotion/TACTIC/capture_lift_active: 0.0000
Metrics/locomotion/TACTIC/command_vx: -0.0130
Metrics/locomotion/TACTIC/command_vy: 0.0001
Metrics/locomotion/TACTIC/command_wz: -0.1276
Metrics/locomotion/TACTIC/curriculum_level: 0.0000
Metrics/locomotion/TACTIC/curriculum_frontier: 0.0000
Metrics/locomotion/TACTIC/curriculum_probe: 0.0000
Metrics/locomotion/TACTIC/interaction_start_curriculum: 1.0000
Metrics/locomotion/TACTIC/interaction_start_probability: 1.0000
Metrics/locomotion/TACTIC/composition_probe_probability: 0.0000
Metrics/locomotion/TACTIC/curriculum_completion_ema: 0.0000
Metrics/locomotion/TACTIC/curriculum_progress_ema: 0.0960
Metrics/locomotion/TACTIC/curriculum_safety_ema: 0.4124
Metrics/locomotion/TACTIC/episode_safety_fraction: 0.8846
Metrics/locomotion/TACTIC/curriculum_contact_ema: 0.0134
Metrics/locomotion/TACTIC/curriculum_lift_ema: 0.0146
Metrics/locomotion/TACTIC/curriculum_transport_ema: 0.0170
Metrics/locomotion/TACTIC/curriculum_place_ema: 0.0000
Metrics/locomotion/TACTIC/curriculum_delivery_completion_ema: 0.0000
Metrics/locomotion/TACTIC/curriculum_regression_streak: 0.0000
Metrics/locomotion/TACTIC/required_task_count: 1.0000
Metrics/locomotion/TACTIC/object_completion_mean: 0.0000
Metrics/locomotion/TACTIC/object_contact_mean: 0.0000
Metrics/locomotion/TACTIC/object_lift_mean: 0.0317
Metrics/locomotion/TACTIC/object_transport_mean: 0.0369
Metrics/locomotion/TACTIC/object_place_mean: 0.0000
Metrics/locomotion/TACTIC/object_target_progress_mean: -0.0695
Metrics/locomotion/TACTIC/object_target_progress_delta_mean: 0.0000
Metrics/locomotion/TACTIC/object_release_readiness_mean: 0.0000
Metrics/locomotion/TACTIC/object_release_readiness_delta_mean: 0.0000
Metrics/locomotion/TACTIC/object_release_event_mean: 0.0000
Metrics/locomotion/TACTIC/object_drop_event_mean: 0.0000
Metrics/locomotion/TACTIC/object_gripper_distance_mean: 1.1840
Metrics/locomotion/TACTIC/object_carrying_mean: 0.0000
Metrics/locomotion/TACTIC/object_carry_memory_mean: 0.0625
Metrics/locomotion/TACTIC/interaction_frontier_mean: 0.0414
Metrics/locomotion/TACTIC/interaction_frontier_delta_mean: 0.0000
Metrics/locomotion/TACTIC/contact_symmetry_mean: 0.0000
 Metrics/locomotion/TACTIC/task_id: 9.0000
Metrics/locomotion/TACTIC/skill_id: 4.7500
Metrics/locomotion/TACTIC/object_id: 4.0000
Metrics/locomotion/TACTIC/effective_object_id: 4.0000
Metrics/locomotion/TACTIC/selected_object_contact: 0.0000
Metrics/locomotion/TACTIC/selected_object_lift: 0.1905
Metrics/locomotion/TACTIC/selected_object_transport: 0.2212
Metrics/locomotion/TACTIC/selected_object_place: 0.0000
Metrics/locomotion/TACTIC/selected_object_completion: 0.0000
Metrics/locomotion/TACTIC/selected_object_carrying: 0.0000
Metrics/locomotion/TACTIC/selected_object_carry_memory: 0.3750
Metrics/locomotion/TACTIC/selected_object_target_progress: -0.4169
Metrics/locomotion/TACTIC/selected_object_target_progress_delta: 0.0000
Metrics/locomotion/TACTIC/selected_object_release_readiness: 0.0000
Metrics/locomotion/TACTIC/selected_object_release_readiness_delta: 0.0000
Metrics/locomotion/TACTIC/selected_object_release_event: 0.0000
Metrics/locomotion/TACTIC/selected_object_drop_event: 0.0000
Metrics/locomotion/TACTIC/selected_object_gripper_distance: 0.9895
Metrics/locomotion/TACTIC/selected_object_place_error_xy: 0.3988
Metrics/locomotion/TACTIC/selected_object_place_error_z: 0.7487
Metrics/locomotion/TACTIC/selected_interaction_frontier: 0.2482
Metrics/locomotion/TACTIC/selected_interaction_frontier_delta: 0.0000
Metrics/locomotion/TACTIC/selected_reachability: 0.0000
Metrics/locomotion/TACTIC/task_switch: 0.0000
Metrics/locomotion/TACTIC/skill_switch: 0.0000
Metrics/locomotion/TACTIC/task_age: 0.0000
Metrics/locomotion/TACTIC/skill_age: 0.0000
Metrics/locomotion/TACTIC/task_hazard: 0.0000
Metrics/locomotion/TACTIC/skill_hazard: 0.0000
Metrics/locomotion/TACTIC/task_termination_probability: 0.0000
Metrics/locomotion/TACTIC/skill_termination_probability: 0.0000
Metrics/locomotion/TACTIC/task_entropy: 0.0061
Metrics/locomotion/TACTIC/skill_entropy: 0.6396
Metrics/locomotion/TACTIC/task_occupancy_entropy: 0.0061
Metrics/locomotion/TACTIC/skill_occupancy_entropy: 0.6396
Metrics/locomotion/TACTIC/skill_parameter_0: 0.0000
Metrics/locomotion/TACTIC/skill_parameter_1: 0.0000
Metrics/locomotion/TACTIC/skill_parameter_2: 0.0000
Metrics/locomotion/TACTIC/skill_parameter_3: 0.0000
Metrics/locomotion/TACTIC/skill_parameter_4: 0.0000
Metrics/locomotion/TACTIC/skill_parameter_5: 0.0000
Metrics/locomotion/TACTIC/object_0_complete: 0.0000
Metrics/locomotion/TACTIC/object_1_complete: 0.0000
Metrics/locomotion/TACTIC/object_2_complete: 0.0000
Metrics/locomotion/TACTIC/object_3_complete: 0.0000
Metrics/locomotion/TACTIC/object_4_complete: 0.0000
Metrics/locomotion/TACTIC/object_5_complete: 0.0000
      Episode_Termination/time_out: 0.0000
   Episode_Termination/bad_contact: 0.0000
          Episode_Termination/tilt: 0.2861
    Episode_Termination/low_height: 0.0078
Episode_Termination/mission_success: 0.0000
--------------------------------------------------------------------------------
                   Total timesteps: 27648
                    Iteration time: 5.97s
                      Time elapsed: 00:00:54
                               ETA: 00:02:13

################################################################################
                       [1m Learning iteration 9/30 [0m                        

                       Computation: 519 steps/s (collection: 5.154s, learning 0.757s)
             Mean action noise std: 0.02
          Mean value_function loss: 33.8621
               Mean surrogate loss: 0.0615
                 Mean entropy loss: -102.7124
  Mean stability_teacher_loss loss: 0.0000
 Mean next_control_prediction loss: 0.0293
       Mean skill_feasibility loss: 0.6931
 Mean task_outcome_prediction loss: 0.0323
 Mean task_outcome_confidence loss: 1.5219
Mean task_outcome_confidence_mean loss: 0.1192
Mean skill_outcome_prediction loss: 0.0037
        Mean payload_survival loss: 0.6931
Mean payload_survival_support loss: 0.0286
   Mean payload_drop_fraction loss: 0.0000
Mean payload_survival_prediction loss: 0.5000
 Mean skill_effect_prediction loss: 0.0356
 Mean skill_effect_confidence loss: 1.5759
Mean skill_effect_confidence_mean loss: 0.1192
Mean motion_execution_prediction loss: 0.0462
Mean motion_execution_confidence loss: 1.4385
Mean embodiment_response_prediction loss: 0.0049
Mean embodiment_response_vx_abs loss: 0.0020
Mean embodiment_response_wz_abs loss: 0.0010
   Mean constraint_multiplier loss: 0.0108
Mean task_constraint_multiplier_mean loss: 0.1632
Mean skill_constraint_multiplier_mean loss: 0.1632
 Mean hierarchy_cbf_violation loss: 0.0541
Mean hierarchy_cbf_raw_violation loss: 0.0581
Mean hierarchy_cbf_transient_slack loss: 0.0094
 Mean hierarchy_clf_violation loss: 0.0087
Mean hierarchy_cbf_regression loss: 0.0221
Mean hierarchy_clf_regression loss: 0.0024
   Mean safe_task_achievement loss: -0.0072
  Mean safe_skill_achievement loss: -0.0082
Mean unsafe_positive_progress_rate loss: 0.0475
Mean motion_execution_confidence_mean loss: 0.1192
Mean grounded_effect_diversity loss: 0.0000
      Mean task_option_credit loss: -0.0564
     Mean skill_option_credit loss: -0.0398
    Mean event_hindsight_task loss: 0.0000
   Mean event_hindsight_skill loss: 5.4767
       Mean event_credit_mass loss: 0.0054
Mean task_option_advantage_abs loss: 0.3630
Mean skill_option_advantage_abs loss: 0.3935
         Mean task_transition loss: 2.3758
        Mean skill_transition loss: 1.6030
       Mean motion_transition loss: 1.8005
  Mean interaction_transition loss: 1.3068
Mean interaction_active_fraction loss: 1.0000
              Mean task_usage loss: 0.0000
  Mean task_frontier_coverage loss: 0.0000
Mean selected_frontier_probability loss: 0.8008
       Mean interaction_phase loss: 0.2996
Mean interaction_release_target loss: 0.0193
Mean interaction_release_frontier loss: 0.0053
Mean interaction_release_balance_weight loss: 1.1353
  Mean task_control_objective loss: 0.0119
        Mean task_clf_descent loss: 0.0011
  Mean task_barrier_authority loss: 0.0308
Mean skill_predictive_control loss: 0.0015
Mean relational_subgoal_grounding loss: 0.0000
  Mean task_subgoal_alignment loss: 1.0000
  Mean task_subgoal_authority loss: 0.4664
   Mean task_skill_projection loss: 0.0000
 Mean task_transient_capacity loss: 0.7892
   Mean task_posture_capacity loss: 0.8730
Mean task_projected_turn_demand loss: 0.3162
Mean task_semantic_turn_demand loss: 0.3162
Mean task_lateral_turn_demand loss: 0.0000
Mean task_target_yaw_residual loss: 0.5749
Mean task_interaction_authority loss: 0.0069
    Mean task_arm_scope_error loss: 0.0000
Mean counterfactual_task_selection loss: 0.0000
Mean counterfactual_task_target_entropy loss: 0.0000
Mean counterfactual_task_target_peak loss: 0.0000
Mean grounded_task_utility_span loss: 0.0000
      Mean task_outcome_blend loss: 0.0000
Mean grounded_task_target_agreement loss: 0.0000
Mean sampled_task_target_probability loss: 0.0000
Mean recovery_candidate_fraction loss: 0.0000
Mean recovery_task_probability loss: 0.0000
Mean recovery_target_probability loss: 0.0000
Mean counterfactual_termination loss: 0.4595
 Mean task_termination_target loss: 0.0000
Mean skill_termination_target loss: 0.4820
Mean payload_skill_barrier_pressure loss: 0.0000
Mean payload_transient_demand loss: 0.0218
Mean payload_skill_exit_target loss: 0.0000
Mean payload_survival_exit_target loss: 0.0000
Mean payload_survival_authority loss: 0.0000
        Mean task_switch_gain loss: 0.0000
       Mean skill_switch_gain loss: -0.0803
Mean counterfactual_skill_selection loss: 0.8328
Mean counterfactual_target_entropy loss: 0.6442
Mean counterfactual_target_peak loss: 0.7898
       Mean successor_decoder loss: 0.0788
  Mean successor_predicted_vx loss: -0.0020
  Mean successor_predicted_wz loss: -0.0089
 Mean successor_predicted_cbf loss: 0.5000
 Mean successor_predicted_clf loss: 0.5000
 Mean successor_cbf_violation loss: 0.0025
 Mean successor_clf_violation loss: 0.0003
             Mean skill_usage loss: 0.1674
        Mean skill_confidence loss: 0.7265
     Mean task_slot_diversity loss: 0.3952
Mean skill_embedding_diversity loss: 0.0621
   Mean motion_gain_diversity loss: 0.0000
Mean motion_objective_diversity loss: 0.0000
       Mean event_replay_size loss: 2380.0000
   Mean event_replay_priority loss: 0.0365
 Mean event_replay_task_valid loss: 0.6943
Mean event_replay_task_detail_valid loss: 0.6943
       Mean event_replay_task loss: 0.0000
      Mean event_replay_skill loss: 0.6772
     Mean event_replay_motion loss: 1.1059
Mean event_replay_interaction loss: 0.1533
Mean event_replay_task_subgoal loss: 0.0003
Mean event_replay_skill_parameter loss: 0.0215
  Mean event_replay_parameter loss: 0.0216
Mean event_replay_barrier_quality loss: 0.5080
Mean event_replay_unsafe_fraction loss: 0.0000
Mean event_replay_buffer_unsafe_fraction loss: 0.0000
Mean event_replay_buffer_delivery loss: 0.7050
Mean event_replay_buffer_recovery loss: 0.0000
Mean event_replay_sample_delivery loss: 0.6945
Mean event_replay_sample_recovery loss: 0.0000
Mean event_replay_sample_raw_delivery loss: 0.6943
Mean event_replay_sample_raw_recovery loss: 0.0000
Mean event_replay_recovery_pressure loss: 0.0000
Mean event_replay_recovery_adapter_gate loss: 0.0000
Mean event_replay_buffer_approach loss: 0.8313
Mean event_replay_sample_approach loss: 0.6439
Mean event_replay_sample_raw_approach loss: 0.6428
Mean event_replay_buffer_secure loss: 0.1186
Mean event_replay_sample_secure loss: 0.2397
Mean event_replay_sample_raw_secure loss: 0.2391
Mean event_replay_buffer_release loss: 0.0501
Mean event_replay_sample_release loss: 0.1164
Mean event_replay_sample_raw_release loss: 0.1181
Mean payload_survival_replay_size loss: 190.0000
Mean payload_survival_replay_support loss: 1.0000
Mean payload_survival_replay_drop_fraction loss: 0.4999
Mean payload_survival_replay_prediction loss: 0.5000
Mean payload_survival_replay_drop_prediction loss: 0.5000
Mean payload_survival_replay_retain_prediction loss: 0.5000
Mean payload_survival_replay_separation loss: 0.0000
Mean payload_survival_replay_accuracy loss: 0.5000
Mean payload_survival_replay_rank_loss loss: 0.7185
Mean payload_survival_replay_rank_gap loss: 0.0000
Mean payload_survival_replay_rank_accuracy loss: 0.0000
Mean payload_survival_replay_rank_pairs loss: 40.0000
      Mean event_replay_added loss: 256.0000
Mean event_replay_append_task_valid loss: 0.6992
Mean event_replay_task_relabel loss: 0.3008
Mean event_replay_interaction_relabel loss: 0.4844
Mean event_replay_append_delivery loss: 0.6992
Mean event_replay_append_recovery loss: 0.0000
Mean event_replay_append_payload_recovery loss: 0.0000
Mean payload_survival_replay_added loss: 36.0000
Mean payload_survival_replay_append_drop_fraction loss: 0.0000
      Mean hierarchy_cbf_dual loss: 0.5217
      Mean hierarchy_clf_dual loss: 0.3150
Mean hierarchy_cbf_violation_ema loss: 0.2948
Mean hierarchy_clf_violation_ema loss: 0.0370
Mean physical_adaptation_active loss: 0.0000
Mean physical_adaptation_stage loss: -10.0000
 Mean hierarchy_only_training loss: 0.0000
Mean decomposition_only_training loss: 0.0000
Mean motion_selector_only_training loss: 0.0000
Mean interaction_selector_only_training loss: 0.0000
Mean motion_skill_only_training loss: 0.0000
Mean payload_motion_only_training loss: 0.0000
Mean recovery_adapter_only_training loss: 0.0000
 Mean auxiliary_learning_rate loss: 0.0000
Mean payload_survival_learning_rate loss: 0.0003
Mean physical_core_learning_rate loss: 0.0000
Mean physical_adapter_learning_rate loss: 0.0000
Mean skill_information_reward loss: -0.0040
 Mean task_information_reward loss: 0.0000
                       Mean reward: -107.90
               Mean episode length: 65.06
   Episode_Reward/term_bad_contact: 0.0000
          Episode_Reward/term_tilt: -0.0139
    Episode_Reward/term_low_height: -0.0029
      Episode_Reward/leg_action_l2: -0.0016
   Episode_Reward/tracking_lin_vel: 0.0000
Episode_Reward/tracking_ang_vel_yaw_l1: 0.0000
Episode_Reward/tracking_ang_vel_yaw_exp: 0.0000
Episode_Reward/tracking_lin_vel_y_l2: 0.0000
Episode_Reward/tracking_lin_vel_z_l2: 0.0000
            Episode_Reward/survive: 0.0000
    Episode_Reward/foot_contacts_z: 0.0000
            Episode_Reward/torques: -0.0051
 Episode_Reward/tracking_lin_vel_y: 0.0000
          Episode_Reward/lin_vel_z: -0.0003
         Episode_Reward/ang_vel_xy: -0.0008
   Episode_Reward/tracking_ang_vel: 0.0022
               Episode_Reward/work: -0.0539
            Episode_Reward/dof_acc: -0.1074
        Episode_Reward/action_rate: -0.0012
     Episode_Reward/dof_pos_limits: -0.0000
      Episode_Reward/delta_torques: -0.0000
          Episode_Reward/collision: -0.1722
        Episode_Reward/walking_dof: 0.0000
            Episode_Reward/hip_pos: -0.0010
          Episode_Reward/feet_jerk: 0.0000
              Episode_Reward/alive: 0.0093
          Episode_Reward/feet_drag: -0.0004
Episode_Reward/feet_contact_forces: -0.0044
               Episode_Reward/roll: -0.0010
        Episode_Reward/base_height: -0.0032
Episode_Reward/tracking_lin_vel_max: 0.0131
Episode_Reward/flat_orientation_l2: -0.0003
  Episode_Reward/air_time_variance: -0.0002
        Episode_Reward/feet_height: 0.0000
      Episode_Reward/feet_air_time: 0.0000
Episode_Reward/update_last_buffers: 0.0000
   Episode_Reward/wheel_idle_speed: -0.6657
    Episode_Reward/wheel_action_l2: -0.0002
  Episode_Reward/wheel_action_rate: 0.0000
  Episode_Reward/wheel_forward_use: 0.0069
 Episode_Reward/wheel_turn_support: 0.0051
Episode_Reward/tactic_mission_completion: 0.0000
Episode_Reward/tactic_mission_success: 0.0000
Episode_Reward/tactic_task_progress: -0.0001
Episode_Reward/tactic_task_tracking: 0.0015
 Episode_Reward/tactic_ee_tracking: 0.0127
  Episode_Reward/tactic_valid_task: 0.0019
Episode_Reward/tactic_invalid_task: 0.0000
Episode_Reward/tactic_option_switch: -0.0000
Episode_Reward/tactic_control_progress: -0.0000
  Episode_Reward/tactic_cbf_margin: 0.0000
Episode_Reward/tactic_predicted_margin: 0.0000
Episode_Reward/tactic_clf_decrease: 0.0000
Episode_Reward/tactic_disturbance_rejection: 0.0000
Episode_Reward/tactic_safety_violation: -0.0013
Episode_Reward/tactic_unsafe_progress: -0.0000
Episode_Reward/tactic_object_contact: 0.0000
 Episode_Reward/tactic_object_lift: 0.0000
Episode_Reward/tactic_object_transport: 0.0000
Episode_Reward/tactic_object_place: 0.0000
Episode_Reward/tactic_object_completion: 0.0000
Episode_Reward/tactic_interaction_frontier: 0.0000
  Episode_Reward/tactic_grasp_hold: 0.0000
Episode_Reward/tactic_payload_progress: 0.0000
Episode_Reward/tactic_release_readiness: 0.0000
Episode_Reward/tactic_intended_release: 0.0000
Episode_Reward/tactic_payload_retention: 0.0000
Episode_Reward/tactic_payload_drop: 0.0000
Episode_Reward/tactic_release_quality: 0.0000
Episode_Reward/tactic_wrong_object_interaction: 0.0000
 Episode_Reward/tactic_all_objects: 0.0000
Metrics/locomotion/TACTIC/mission_completion: 0.0000
Metrics/locomotion/TACTIC/mission_completion_delta: 0.0000
Metrics/locomotion/TACTIC/mission_success: 0.0000
Metrics/locomotion/TACTIC/task_progress: 0.0429
Metrics/locomotion/TACTIC/task_progress_delta: -0.0004
Metrics/locomotion/TACTIC/task_error: 1.4400
Metrics/locomotion/TACTIC/ee_error: 0.3925
Metrics/locomotion/TACTIC/tcp_object_distance: 0.9922
Metrics/locomotion/TACTIC/goal_object_distance: 0.7502
Metrics/locomotion/TACTIC/finger_object_distance: 1.0286
Metrics/locomotion/TACTIC/object_target_distance: 0.8240
Metrics/locomotion/TACTIC/recovery_task_executed: 0.0000
Metrics/locomotion/TACTIC/recovery_task_probability: 0.0000
Metrics/locomotion/TACTIC/executed_task_probability: 1.0000
Metrics/locomotion/TACTIC/task_constraint_projection: 0.0000
Metrics/locomotion/TACTIC/recovery_latch_seen: 0.0000
Metrics/locomotion/TACTIC/recovery_valid_seen: 0.0000
Metrics/locomotion/TACTIC/recovery_pressure_seen: 0.0000
Metrics/locomotion/TACTIC/cbf_margin: 0.0000
Metrics/locomotion/TACTIC/predicted_margin: 0.0000
Metrics/locomotion/TACTIC/clf_decrease: -0.1292
Metrics/locomotion/TACTIC/disturbance_estimate: 0.5930
Metrics/locomotion/TACTIC/base_height: 0.2436
Metrics/locomotion/TACTIC/base_tilt: 0.5419
Metrics/locomotion/TACTIC/control_recovery_pressure: 1.0000
Metrics/locomotion/TACTIC/control_recovery_active: 1.0000
Metrics/locomotion/TACTIC/control_recovery_constraint_active: 1.0000
Metrics/locomotion/TACTIC/payload_posture_projection: 0.0000
Metrics/locomotion/TACTIC/payload_relation_violation: 0.0000
 Metrics/locomotion/TACTIC/base_vx: 0.2505
 Metrics/locomotion/TACTIC/base_vy: 0.0135
 Metrics/locomotion/TACTIC/base_wz: -0.2461
Metrics/locomotion/TACTIC/support_count: 3.5000
Metrics/locomotion/TACTIC/obstacle_margin: 0.9324
Metrics/locomotion/TACTIC/gripper_closure: 0.0093
Metrics/locomotion/TACTIC/manipulation_active: 1.0000
Metrics/locomotion/TACTIC/grasp_active: 1.0000
Metrics/locomotion/TACTIC/grasp_orientation_active: 0.0000
Metrics/locomotion/TACTIC/grasp_orientation_error: 0.0000
Metrics/locomotion/TACTIC/interaction_authority: 0.0000
Metrics/locomotion/TACTIC/workspace_handoff: 0.0000
Metrics/locomotion/TACTIC/grasp_projection_distance: 0.0000
Metrics/locomotion/TACTIC/grasp_center_error: 0.0000
Metrics/locomotion/TACTIC/capture_staging_distance: 0.8673
Metrics/locomotion/TACTIC/capture_heading_error: 1.8675
Metrics/locomotion/TACTIC/capture_initiation_margin: -3.3676
Metrics/locomotion/TACTIC/selected_delivery_side: 0.5000
Metrics/locomotion/TACTIC/capture_lift_active: 0.0000
Metrics/locomotion/TACTIC/command_vx: -0.0217
Metrics/locomotion/TACTIC/command_vy: -0.0004
Metrics/locomotion/TACTIC/command_wz: -0.1429
Metrics/locomotion/TACTIC/curriculum_level: 0.0000
Metrics/locomotion/TACTIC/curriculum_frontier: 0.0000
Metrics/locomotion/TACTIC/curriculum_probe: 0.0000
Metrics/locomotion/TACTIC/interaction_start_curriculum: 1.0000
Metrics/locomotion/TACTIC/interaction_start_probability: 1.0000
Metrics/locomotion/TACTIC/composition_probe_probability: 0.0016
Metrics/locomotion/TACTIC/curriculum_completion_ema: 0.0000
Metrics/locomotion/TACTIC/curriculum_progress_ema: 0.0948
Metrics/locomotion/TACTIC/curriculum_safety_ema: 0.4944
Metrics/locomotion/TACTIC/episode_safety_fraction: 0.9433
Metrics/locomotion/TACTIC/curriculum_contact_ema: 0.0187
Metrics/locomotion/TACTIC/curriculum_lift_ema: 0.0204
Metrics/locomotion/TACTIC/curriculum_transport_ema: 0.0237
Metrics/locomotion/TACTIC/curriculum_place_ema: 0.0000
Metrics/locomotion/TACTIC/curriculum_delivery_completion_ema: 0.0000
Metrics/locomotion/TACTIC/curriculum_regression_streak: 0.0000
Metrics/locomotion/TACTIC/required_task_count: 1.0000
Metrics/locomotion/TACTIC/object_completion_mean: 0.0000
Metrics/locomotion/TACTIC/object_contact_mean: 0.0000
Metrics/locomotion/TACTIC/object_lift_mean: 0.0000
Metrics/locomotion/TACTIC/object_transport_mean: 0.0000
Metrics/locomotion/TACTIC/object_place_mean: 0.0000
Metrics/locomotion/TACTIC/object_target_progress_mean: 0.0219
Metrics/locomotion/TACTIC/object_target_progress_delta_mean: 0.0000
Metrics/locomotion/TACTIC/object_release_readiness_mean: 0.0000
Metrics/locomotion/TACTIC/object_release_readiness_delta_mean: 0.0000
Metrics/locomotion/TACTIC/object_release_event_mean: 0.0000
Metrics/locomotion/TACTIC/object_drop_event_mean: 0.0000
Metrics/locomotion/TACTIC/object_gripper_distance_mean: 1.0222
Metrics/locomotion/TACTIC/object_carrying_mean: 0.0000
Metrics/locomotion/TACTIC/object_carry_memory_mean: 0.0000
Metrics/locomotion/TACTIC/interaction_frontier_mean: 0.0000
Metrics/locomotion/TACTIC/interaction_frontier_delta_mean: 0.0000
Metrics/locomotion/TACTIC/contact_symmetry_mean: 0.0000
 Metrics/locomotion/TACTIC/task_id: 9.0000
Metrics/locomotion/TACTIC/skill_id: 2.7500
Metrics/locomotion/TACTIC/object_id: 4.0000
Metrics/locomotion/TACTIC/effective_object_id: 4.0000
Metrics/locomotion/TACTIC/selected_object_contact: 0.0000
Metrics/locomotion/TACTIC/selected_object_lift: 0.0000
Metrics/locomotion/TACTIC/selected_object_transport: 0.0000
Metrics/locomotion/TACTIC/selected_object_place: 0.0000
Metrics/locomotion/TACTIC/selected_object_completion: 0.0000
Metrics/locomotion/TACTIC/selected_object_carrying: 0.0000
Metrics/locomotion/TACTIC/selected_object_carry_memory: 0.0000
Metrics/locomotion/TACTIC/selected_object_target_progress: 0.1316
Metrics/locomotion/TACTIC/selected_object_target_progress_delta: 0.0000
Metrics/locomotion/TACTIC/selected_object_release_readiness: 0.0000
Metrics/locomotion/TACTIC/selected_object_release_readiness_delta: 0.0000
Metrics/locomotion/TACTIC/selected_object_release_event: 0.0000
Metrics/locomotion/TACTIC/selected_object_drop_event: 0.0000
Metrics/locomotion/TACTIC/selected_object_gripper_distance: 0.9941
Metrics/locomotion/TACTIC/selected_object_place_error_xy: 0.2406
Metrics/locomotion/TACTIC/selected_object_place_error_z: 0.7770
Metrics/locomotion/TACTIC/selected_interaction_frontier: 0.0000
Metrics/locomotion/TACTIC/selected_interaction_frontier_delta: 0.0000
Metrics/locomotion/TACTIC/selected_reachability: 0.0000
Metrics/locomotion/TACTIC/task_switch: 0.0000
Metrics/locomotion/TACTIC/skill_switch: 0.0000
Metrics/locomotion/TACTIC/task_age: 0.0000
Metrics/locomotion/TACTIC/skill_age: 0.0000
Metrics/locomotion/TACTIC/task_hazard: 0.0000
Metrics/locomotion/TACTIC/skill_hazard: 0.0000
Metrics/locomotion/TACTIC/task_termination_probability: 0.0000
Metrics/locomotion/TACTIC/skill_termination_probability: 0.0000
Metrics/locomotion/TACTIC/task_entropy: 0.0000
Metrics/locomotion/TACTIC/skill_entropy: 0.6629
Metrics/locomotion/TACTIC/task_occupancy_entropy: 0.0000
Metrics/locomotion/TACTIC/skill_occupancy_entropy: 0.6629
Metrics/locomotion/TACTIC/skill_parameter_0: 0.0000
Metrics/locomotion/TACTIC/skill_parameter_1: 0.0000
Metrics/locomotion/TACTIC/skill_parameter_2: 0.0000
Metrics/locomotion/TACTIC/skill_parameter_3: 0.0000
Metrics/locomotion/TACTIC/skill_parameter_4: 0.0000
Metrics/locomotion/TACTIC/skill_parameter_5: 0.0000
Metrics/locomotion/TACTIC/object_0_complete: 0.0000
Metrics/locomotion/TACTIC/object_1_complete: 0.0000
Metrics/locomotion/TACTIC/object_2_complete: 0.0000
Metrics/locomotion/TACTIC/object_3_complete: 0.0000
Metrics/locomotion/TACTIC/object_4_complete: 0.0000
Metrics/locomotion/TACTIC/object_5_complete: 0.0000
      Episode_Termination/time_out: 0.0000
   Episode_Termination/bad_contact: 0.0000
          Episode_Termination/tilt: 0.3145
    Episode_Termination/low_height: 0.0133
Episode_Termination/mission_success: 0.0000
--------------------------------------------------------------------------------
                   Total timesteps: 30720
                    Iteration time: 5.91s
                      Time elapsed: 00:01:00
                               ETA: 00:02:07

################################################################################
                       [1m Learning iteration 10/30 [0m                       

                       Computation: 528 steps/s (collection: 5.056s, learning 0.756s)
             Mean action noise std: 0.02
          Mean value_function loss: 32.5295
               Mean surrogate loss: 0.0771
                 Mean entropy loss: -102.7243
  Mean stability_teacher_loss loss: 0.0000
 Mean next_control_prediction loss: 0.0249
       Mean skill_feasibility loss: 0.6931
 Mean task_outcome_prediction loss: 0.0322
 Mean task_outcome_confidence loss: 1.5259
Mean task_outcome_confidence_mean loss: 0.1192
Mean skill_outcome_prediction loss: 0.0028
        Mean payload_survival loss: 0.6931
Mean payload_survival_support loss: 0.0228
   Mean payload_drop_fraction loss: 0.0000
Mean payload_survival_prediction loss: 0.5000
 Mean skill_effect_prediction loss: 0.0315
 Mean skill_effect_confidence loss: 1.5999
Mean skill_effect_confidence_mean loss: 0.1192
Mean motion_execution_prediction loss: 0.0407
Mean motion_execution_confidence loss: 1.4697
Mean embodiment_response_prediction loss: 0.0025
Mean embodiment_response_vx_abs loss: 0.0020
Mean embodiment_response_wz_abs loss: 0.0010
   Mean constraint_multiplier loss: 0.0095
Mean task_constraint_multiplier_mean loss: 0.1632
Mean skill_constraint_multiplier_mean loss: 0.1632
 Mean hierarchy_cbf_violation loss: 0.0381
Mean hierarchy_cbf_raw_violation loss: 0.0400
Mean hierarchy_cbf_transient_slack loss: 0.0082
 Mean hierarchy_clf_violation loss: 0.0026
Mean hierarchy_cbf_regression loss: 0.0127
Mean hierarchy_clf_regression loss: 0.0026
   Mean safe_task_achievement loss: -0.0072
  Mean safe_skill_achievement loss: -0.0065
Mean unsafe_positive_progress_rate loss: 0.0280
Mean motion_execution_confidence_mean loss: 0.1192
Mean grounded_effect_diversity loss: 0.0000
      Mean task_option_credit loss: -0.0400
     Mean skill_option_credit loss: -0.0318
    Mean event_hindsight_task loss: 0.0000
   Mean event_hindsight_skill loss: 7.3259
       Mean event_credit_mass loss: 0.0043
Mean task_option_advantage_abs loss: 0.3333
Mean skill_option_advantage_abs loss: 0.3651
         Mean task_transition loss: 2.3677
        Mean skill_transition loss: 1.6153
       Mean motion_transition loss: 1.8140
  Mean interaction_transition loss: 1.3173
Mean interaction_active_fraction loss: 1.0000
              Mean task_usage loss: 0.0000
  Mean task_frontier_coverage loss: 0.0000
Mean selected_frontier_probability loss: 0.8033
       Mean interaction_phase loss: 0.2904
Mean interaction_release_target loss: 0.0188
Mean interaction_release_frontier loss: 0.0048
Mean interaction_release_balance_weight loss: 1.1318
  Mean task_control_objective loss: 0.0121
        Mean task_clf_descent loss: 0.0013
  Mean task_barrier_authority loss: 0.0310
Mean skill_predictive_control loss: 0.0017
Mean relational_subgoal_grounding loss: 0.0000
  Mean task_subgoal_alignment loss: 1.0000
  Mean task_subgoal_authority loss: 0.4734
   Mean task_skill_projection loss: 0.0000
 Mean task_transient_capacity loss: 0.7917
   Mean task_posture_capacity loss: 0.8911
Mean task_projected_turn_demand loss: 0.3307
Mean task_semantic_turn_demand loss: 0.3307
Mean task_lateral_turn_demand loss: 0.0000
Mean task_target_yaw_residual loss: 0.6012
Mean task_interaction_authority loss: 0.0057
    Mean task_arm_scope_error loss: 0.0000
Mean counterfactual_task_selection loss: 0.0000
Mean counterfactual_task_target_entropy loss: 0.0000
Mean counterfactual_task_target_peak loss: 0.0000
Mean grounded_task_utility_span loss: 0.0000
      Mean task_outcome_blend loss: 0.0000
Mean grounded_task_target_agreement loss: 0.0000
Mean sampled_task_target_probability loss: 0.0000
Mean recovery_candidate_fraction loss: 0.0000
Mean recovery_task_probability loss: 0.0000
Mean recovery_target_probability loss: 0.0000
Mean counterfactual_termination loss: 0.4667
 Mean task_termination_target loss: 0.0000
Mean skill_termination_target loss: 0.5100
Mean payload_skill_barrier_pressure loss: 0.0000
Mean payload_transient_demand loss: 0.0166
Mean payload_skill_exit_target loss: 0.0000
Mean payload_survival_exit_target loss: 0.0000
Mean payload_survival_authority loss: 0.0000
        Mean task_switch_gain loss: 0.0000
       Mean skill_switch_gain loss: -0.1247
Mean counterfactual_skill_selection loss: 0.8224
Mean counterfactual_target_entropy loss: 0.6324
Mean counterfactual_target_peak loss: 0.7956
       Mean successor_decoder loss: 0.0796
  Mean successor_predicted_vx loss: -0.0019
  Mean successor_predicted_wz loss: -0.0063
 Mean successor_predicted_cbf loss: 0.5000
 Mean successor_predicted_clf loss: 0.5000
 Mean successor_cbf_violation loss: 0.0024
 Mean successor_clf_violation loss: 0.0002
             Mean skill_usage loss: 0.1731
        Mean skill_confidence loss: 0.7241
     Mean task_slot_diversity loss: 0.3955
Mean skill_embedding_diversity loss: 0.0621
   Mean motion_gain_diversity loss: 0.0000
Mean motion_objective_diversity loss: 0.0000
       Mean event_replay_size loss: 2636.0000
   Mean event_replay_priority loss: 0.0364
 Mean event_replay_task_valid loss: 0.6963
Mean event_replay_task_detail_valid loss: 0.6963
       Mean event_replay_task loss: 0.0000
      Mean event_replay_skill loss: 0.6637
     Mean event_replay_motion loss: 1.0623
Mean event_replay_interaction loss: 0.1766
Mean event_replay_task_subgoal loss: 0.0003
Mean event_replay_skill_parameter loss: 0.0226
  Mean event_replay_parameter loss: 0.0227
Mean event_replay_barrier_quality loss: 0.5086
Mean event_replay_unsafe_fraction loss: 0.0000
Mean event_replay_buffer_unsafe_fraction loss: 0.0000
Mean event_replay_buffer_delivery loss: 0.7045
Mean event_replay_buffer_recovery loss: 0.0000
Mean event_replay_sample_delivery loss: 0.6967
Mean event_replay_sample_recovery loss: 0.0000
Mean event_replay_sample_raw_delivery loss: 0.6963
Mean event_replay_sample_raw_recovery loss: 0.0000
Mean event_replay_recovery_pressure loss: 0.0000
Mean event_replay_recovery_adapter_gate loss: 0.0000
Mean event_replay_buffer_approach loss: 0.8218
Mean event_replay_sample_approach loss: 0.6412
Mean event_replay_sample_raw_approach loss: 0.6396
Mean event_replay_buffer_secure loss: 0.1265
Mean event_replay_sample_secure loss: 0.2402
Mean event_replay_sample_raw_secure loss: 0.2398
Mean event_replay_buffer_release loss: 0.0517
Mean event_replay_sample_release loss: 0.1186
Mean event_replay_sample_raw_release loss: 0.1206
Mean payload_survival_replay_size loss: 226.0000
Mean payload_survival_replay_support loss: 1.0000
Mean payload_survival_replay_drop_fraction loss: 0.4999
Mean payload_survival_replay_prediction loss: 0.5000
Mean payload_survival_replay_drop_prediction loss: 0.5000
Mean payload_survival_replay_retain_prediction loss: 0.5000
Mean payload_survival_replay_separation loss: 0.0000
Mean payload_survival_replay_accuracy loss: 0.5000
Mean payload_survival_replay_rank_loss loss: 0.7185
Mean payload_survival_replay_rank_gap loss: 0.0000
Mean payload_survival_replay_rank_accuracy loss: 0.0000
Mean payload_survival_replay_rank_pairs loss: 43.0000
      Mean event_replay_added loss: 256.0000
Mean event_replay_append_task_valid loss: 0.6992
Mean event_replay_task_relabel loss: 0.3008
Mean event_replay_interaction_relabel loss: 0.4180
Mean event_replay_append_delivery loss: 0.6992
Mean event_replay_append_recovery loss: 0.0000
Mean event_replay_append_payload_recovery loss: 0.0000
Mean payload_survival_replay_added loss: 36.0000
Mean payload_survival_replay_append_drop_fraction loss: 0.0000
      Mean hierarchy_cbf_dual loss: 0.5211
      Mean hierarchy_clf_dual loss: 0.3112
Mean hierarchy_cbf_violation_ema loss: 0.2820
Mean hierarchy_clf_violation_ema loss: 0.0353
Mean physical_adaptation_active loss: 0.0000
Mean physical_adaptation_stage loss: -10.0000
 Mean hierarchy_only_training loss: 0.0000
Mean decomposition_only_training loss: 0.0000
Mean motion_selector_only_training loss: 0.0000
Mean interaction_selector_only_training loss: 0.0000
Mean motion_skill_only_training loss: 0.0000
Mean payload_motion_only_training loss: 0.0000
Mean recovery_adapter_only_training loss: 0.0000
 Mean auxiliary_learning_rate loss: 0.0000
Mean payload_survival_learning_rate loss: 0.0003
Mean physical_core_learning_rate loss: 0.0000
Mean physical_adapter_learning_rate loss: 0.0000
Mean skill_information_reward loss: -0.0044
 Mean task_information_reward loss: 0.0000
                       Mean reward: -107.90
               Mean episode length: 65.06
   Episode_Reward/term_bad_contact: 0.0000
          Episode_Reward/term_tilt: -0.0139
    Episode_Reward/term_low_height: 0.0000
      Episode_Reward/leg_action_l2: -0.0020
   Episode_Reward/tracking_lin_vel: 0.0000
Episode_Reward/tracking_ang_vel_yaw_l1: 0.0000
Episode_Reward/tracking_ang_vel_yaw_exp: 0.0000
Episode_Reward/tracking_lin_vel_y_l2: 0.0000
Episode_Reward/tracking_lin_vel_z_l2: 0.0000
            Episode_Reward/survive: 0.0000
    Episode_Reward/foot_contacts_z: 0.0000
            Episode_Reward/torques: -0.0073
 Episode_Reward/tracking_lin_vel_y: 0.0000
          Episode_Reward/lin_vel_z: -0.0006
         Episode_Reward/ang_vel_xy: -0.0010
   Episode_Reward/tracking_ang_vel: 0.0027
               Episode_Reward/work: -0.0309
            Episode_Reward/dof_acc: -0.0641
        Episode_Reward/action_rate: -0.0014
     Episode_Reward/dof_pos_limits: -0.0000
      Episode_Reward/delta_torques: -0.0000
          Episode_Reward/collision: -0.1908
        Episode_Reward/walking_dof: 0.0000
            Episode_Reward/hip_pos: -0.0014
          Episode_Reward/feet_jerk: 0.0000
              Episode_Reward/alive: 0.0100
          Episode_Reward/feet_drag: -0.0004
Episode_Reward/feet_contact_forces: -0.0063
               Episode_Reward/roll: -0.0019
        Episode_Reward/base_height: -0.0040
Episode_Reward/tracking_lin_vel_max: 0.0141
Episode_Reward/flat_orientation_l2: -0.0005
  Episode_Reward/air_time_variance: -0.0005
        Episode_Reward/feet_height: 0.0000
      Episode_Reward/feet_air_time: 0.0000
Episode_Reward/update_last_buffers: 0.0000
   Episode_Reward/wheel_idle_speed: -0.3847
    Episode_Reward/wheel_action_l2: -0.0003
  Episode_Reward/wheel_action_rate: 0.0000
  Episode_Reward/wheel_forward_use: 0.0155
 Episode_Reward/wheel_turn_support: 0.0089
Episode_Reward/tactic_mission_completion: 0.0000
Episode_Reward/tactic_mission_success: 0.0000
Episode_Reward/tactic_task_progress: -0.0001
Episode_Reward/tactic_task_tracking: 0.0018
 Episode_Reward/tactic_ee_tracking: 0.0149
  Episode_Reward/tactic_valid_task: 0.0020
Episode_Reward/tactic_invalid_task: 0.0000
Episode_Reward/tactic_option_switch: -0.0000
Episode_Reward/tactic_control_progress: -0.0000
  Episode_Reward/tactic_cbf_margin: 0.0000
Episode_Reward/tactic_predicted_margin: 0.0000
Episode_Reward/tactic_clf_decrease: 0.0000
Episode_Reward/tactic_disturbance_rejection: 0.0000
Episode_Reward/tactic_safety_violation: -0.0020
Episode_Reward/tactic_unsafe_progress: -0.0000
Episode_Reward/tactic_object_contact: 0.0000
 Episode_Reward/tactic_object_lift: 0.0000
Episode_Reward/tactic_object_transport: 0.0000
Episode_Reward/tactic_object_place: 0.0000
Episode_Reward/tactic_object_completion: 0.0000
Episode_Reward/tactic_interaction_frontier: 0.0000
  Episode_Reward/tactic_grasp_hold: 0.0000
Episode_Reward/tactic_payload_progress: 0.0000
Episode_Reward/tactic_release_readiness: 0.0000
Episode_Reward/tactic_intended_release: 0.0000
Episode_Reward/tactic_payload_retention: 0.0000
Episode_Reward/tactic_payload_drop: 0.0000
Episode_Reward/tactic_release_quality: 0.0000
Episode_Reward/tactic_wrong_object_interaction: 0.0000
 Episode_Reward/tactic_all_objects: 0.0000
Metrics/locomotion/TACTIC/mission_completion: 0.0000
Metrics/locomotion/TACTIC/mission_completion_delta: 0.0000
Metrics/locomotion/TACTIC/mission_success: 0.0000
Metrics/locomotion/TACTIC/task_progress: 0.0332
Metrics/locomotion/TACTIC/task_progress_delta: -0.0006
Metrics/locomotion/TACTIC/task_error: 1.3432
Metrics/locomotion/TACTIC/ee_error: 0.4604
Metrics/locomotion/TACTIC/tcp_object_distance: 1.0773
Metrics/locomotion/TACTIC/goal_object_distance: 0.7476
Metrics/locomotion/TACTIC/finger_object_distance: 1.1489
Metrics/locomotion/TACTIC/object_target_distance: 0.8973
Metrics/locomotion/TACTIC/recovery_task_executed: 0.0000
Metrics/locomotion/TACTIC/recovery_task_probability: 0.0000
Metrics/locomotion/TACTIC/executed_task_probability: 1.0000
Metrics/locomotion/TACTIC/task_constraint_projection: 0.0000
Metrics/locomotion/TACTIC/recovery_latch_seen: 0.0000
Metrics/locomotion/TACTIC/recovery_valid_seen: 0.0000
Metrics/locomotion/TACTIC/recovery_pressure_seen: 0.0000
Metrics/locomotion/TACTIC/cbf_margin: 0.0000
Metrics/locomotion/TACTIC/predicted_margin: 0.0000
Metrics/locomotion/TACTIC/clf_decrease: -0.3182
Metrics/locomotion/TACTIC/disturbance_estimate: 0.6929
Metrics/locomotion/TACTIC/base_height: 0.2462
Metrics/locomotion/TACTIC/base_tilt: 0.5523
Metrics/locomotion/TACTIC/control_recovery_pressure: 1.0000
Metrics/locomotion/TACTIC/control_recovery_active: 1.0000
Metrics/locomotion/TACTIC/control_recovery_constraint_active: 1.0000
Metrics/locomotion/TACTIC/payload_posture_projection: 0.0000
Metrics/locomotion/TACTIC/payload_relation_violation: 0.0000
 Metrics/locomotion/TACTIC/base_vx: 0.2144
 Metrics/locomotion/TACTIC/base_vy: 0.3061
 Metrics/locomotion/TACTIC/base_wz: -0.5968
Metrics/locomotion/TACTIC/support_count: 2.0000
Metrics/locomotion/TACTIC/obstacle_margin: 1.2358
Metrics/locomotion/TACTIC/gripper_closure: 0.0071
Metrics/locomotion/TACTIC/manipulation_active: 1.0000
Metrics/locomotion/TACTIC/grasp_active: 1.0000
Metrics/locomotion/TACTIC/grasp_orientation_active: 0.0000
Metrics/locomotion/TACTIC/grasp_orientation_error: 0.0000
Metrics/locomotion/TACTIC/interaction_authority: 0.0000
Metrics/locomotion/TACTIC/workspace_handoff: 0.0000
Metrics/locomotion/TACTIC/grasp_projection_distance: 0.0000
Metrics/locomotion/TACTIC/grasp_center_error: 0.0000
Metrics/locomotion/TACTIC/capture_staging_distance: 0.8976
Metrics/locomotion/TACTIC/capture_heading_error: 0.8407
Metrics/locomotion/TACTIC/capture_initiation_margin: -2.2056
Metrics/locomotion/TACTIC/selected_delivery_side: -1.0000
Metrics/locomotion/TACTIC/capture_lift_active: 0.0000
Metrics/locomotion/TACTIC/command_vx: -0.0570
Metrics/locomotion/TACTIC/command_vy: 0.0002
Metrics/locomotion/TACTIC/command_wz: -0.1534
Metrics/locomotion/TACTIC/curriculum_level: 0.0000
Metrics/locomotion/TACTIC/curriculum_frontier: 0.0000
Metrics/locomotion/TACTIC/curriculum_probe: 0.0000
Metrics/locomotion/TACTIC/interaction_start_curriculum: 1.0000
Metrics/locomotion/TACTIC/interaction_start_probability: 1.0000
Metrics/locomotion/TACTIC/composition_probe_probability: 0.0080
Metrics/locomotion/TACTIC/curriculum_completion_ema: 0.0000
Metrics/locomotion/TACTIC/curriculum_progress_ema: 0.0904
Metrics/locomotion/TACTIC/curriculum_safety_ema: 0.5332
Metrics/locomotion/TACTIC/episode_safety_fraction: 0.9496
Metrics/locomotion/TACTIC/curriculum_contact_ema: 0.0171
Metrics/locomotion/TACTIC/curriculum_lift_ema: 0.0186
Metrics/locomotion/TACTIC/curriculum_transport_ema: 0.0216
Metrics/locomotion/TACTIC/curriculum_place_ema: 0.0000
Metrics/locomotion/TACTIC/curriculum_delivery_completion_ema: 0.0000
Metrics/locomotion/TACTIC/curriculum_regression_streak: 0.0000
Metrics/locomotion/TACTIC/required_task_count: 1.0000
Metrics/locomotion/TACTIC/object_completion_mean: 0.0000
Metrics/locomotion/TACTIC/object_contact_mean: 0.0000
Metrics/locomotion/TACTIC/object_lift_mean: 0.0000
Metrics/locomotion/TACTIC/object_transport_mean: 0.0000
Metrics/locomotion/TACTIC/object_place_mean: 0.0000
Metrics/locomotion/TACTIC/object_target_progress_mean: -0.1107
Metrics/locomotion/TACTIC/object_target_progress_delta_mean: 0.0000
Metrics/locomotion/TACTIC/object_release_readiness_mean: 0.0000
Metrics/locomotion/TACTIC/object_release_readiness_delta_mean: 0.0000
Metrics/locomotion/TACTIC/object_release_event_mean: 0.0000
Metrics/locomotion/TACTIC/object_drop_event_mean: 0.0000
Metrics/locomotion/TACTIC/object_gripper_distance_mean: 0.7888
Metrics/locomotion/TACTIC/object_carrying_mean: 0.0000
Metrics/locomotion/TACTIC/object_carry_memory_mean: 0.0000
Metrics/locomotion/TACTIC/interaction_frontier_mean: 0.0000
Metrics/locomotion/TACTIC/interaction_frontier_delta_mean: 0.0000
Metrics/locomotion/TACTIC/contact_symmetry_mean: 0.0000
 Metrics/locomotion/TACTIC/task_id: 9.0000
Metrics/locomotion/TACTIC/skill_id: 0.0000
Metrics/locomotion/TACTIC/object_id: 4.0000
Metrics/locomotion/TACTIC/effective_object_id: 4.0000
Metrics/locomotion/TACTIC/selected_object_contact: 0.0000
Metrics/locomotion/TACTIC/selected_object_lift: 0.0000
Metrics/locomotion/TACTIC/selected_object_transport: 0.0000
Metrics/locomotion/TACTIC/selected_object_place: 0.0000
Metrics/locomotion/TACTIC/selected_object_completion: 0.0000
Metrics/locomotion/TACTIC/selected_object_carrying: 0.0000
Metrics/locomotion/TACTIC/selected_object_carry_memory: 0.0000
Metrics/locomotion/TACTIC/selected_object_target_progress: -0.6641
Metrics/locomotion/TACTIC/selected_object_target_progress_delta: 0.0000
Metrics/locomotion/TACTIC/selected_object_release_readiness: 0.0000
Metrics/locomotion/TACTIC/selected_object_release_readiness_delta: 0.0000
Metrics/locomotion/TACTIC/selected_object_release_event: 0.0000
Metrics/locomotion/TACTIC/selected_object_drop_event: 0.0000
Metrics/locomotion/TACTIC/selected_object_gripper_distance: 1.0770
Metrics/locomotion/TACTIC/selected_object_place_error_xy: 0.4556
Metrics/locomotion/TACTIC/selected_object_place_error_z: 0.7730
Metrics/locomotion/TACTIC/selected_interaction_frontier: 0.0000
Metrics/locomotion/TACTIC/selected_interaction_frontier_delta: 0.0000
Metrics/locomotion/TACTIC/selected_reachability: 0.0000
Metrics/locomotion/TACTIC/task_switch: 0.0000
Metrics/locomotion/TACTIC/skill_switch: 0.0000
Metrics/locomotion/TACTIC/task_age: 0.0000
Metrics/locomotion/TACTIC/skill_age: 0.0000
Metrics/locomotion/TACTIC/task_hazard: 0.0000
Metrics/locomotion/TACTIC/skill_hazard: 0.0000
Metrics/locomotion/TACTIC/task_termination_probability: 0.0000
Metrics/locomotion/TACTIC/skill_termination_probability: 0.0000
Metrics/locomotion/TACTIC/task_entropy: 0.0000
Metrics/locomotion/TACTIC/skill_entropy: 0.6590
Metrics/locomotion/TACTIC/task_occupancy_entropy: 0.0000
Metrics/locomotion/TACTIC/skill_occupancy_entropy: 0.6590
Metrics/locomotion/TACTIC/skill_parameter_0: 0.0000
Metrics/locomotion/TACTIC/skill_parameter_1: 0.0000
Metrics/locomotion/TACTIC/skill_parameter_2: 0.0000
Metrics/locomotion/TACTIC/skill_parameter_3: 0.0000
Metrics/locomotion/TACTIC/skill_parameter_4: 0.0000
Metrics/locomotion/TACTIC/skill_parameter_5: 0.0000
Metrics/locomotion/TACTIC/object_0_complete: 0.0000
Metrics/locomotion/TACTIC/object_1_complete: 0.0000
Metrics/locomotion/TACTIC/object_2_complete: 0.0000
Metrics/locomotion/TACTIC/object_3_complete: 0.0000
Metrics/locomotion/TACTIC/object_4_complete: 0.0000
Metrics/locomotion/TACTIC/object_5_complete: 0.0000
      Episode_Termination/time_out: 0.0000
   Episode_Termination/bad_contact: 0.0000
          Episode_Termination/tilt: 0.3281
    Episode_Termination/low_height: 0.0156
Episode_Termination/mission_success: 0.0000
--------------------------------------------------------------------------------
                   Total timesteps: 33792
                    Iteration time: 5.81s
                      Time elapsed: 00:01:06
                               ETA: 00:02:00

################################################################################
                       [1m Learning iteration 11/30 [0m                       

                       Computation: 522 steps/s (collection: 5.117s, learning 0.757s)
             Mean action noise std: 0.02
          Mean value_function loss: 60.9410
               Mean surrogate loss: 0.0386
                 Mean entropy loss: -102.7176
  Mean stability_teacher_loss loss: 0.0000
 Mean next_control_prediction loss: 0.0250
       Mean skill_feasibility loss: 0.6931
 Mean task_outcome_prediction loss: 0.0321
 Mean task_outcome_confidence loss: 1.5294
Mean task_outcome_confidence_mean loss: 0.1192
Mean skill_outcome_prediction loss: 0.0032
        Mean payload_survival loss: 0.6931
Mean payload_survival_support loss: 0.0260
   Mean payload_drop_fraction loss: 0.0000
Mean payload_survival_prediction loss: 0.5000
 Mean skill_effect_prediction loss: 0.0322
 Mean skill_effect_confidence loss: 1.5992
Mean skill_effect_confidence_mean loss: 0.1192
Mean motion_execution_prediction loss: 0.0419
Mean motion_execution_confidence loss: 1.4640
Mean embodiment_response_prediction loss: 0.0044
Mean embodiment_response_vx_abs loss: 0.0019
Mean embodiment_response_wz_abs loss: 0.0011
   Mean constraint_multiplier loss: 0.0097
Mean task_constraint_multiplier_mean loss: 0.1632
Mean skill_constraint_multiplier_mean loss: 0.1632
 Mean hierarchy_cbf_violation loss: 0.0419
Mean hierarchy_cbf_raw_violation loss: 0.0427
Mean hierarchy_cbf_transient_slack loss: 0.0079
 Mean hierarchy_clf_violation loss: 0.0029
Mean hierarchy_cbf_regression loss: 0.0202
Mean hierarchy_clf_regression loss: 0.0029
   Mean safe_task_achievement loss: -0.0065
  Mean safe_skill_achievement loss: -0.0073
Mean unsafe_positive_progress_rate loss: 0.0373
Mean motion_execution_confidence_mean loss: 0.1192
Mean grounded_effect_diversity loss: 0.0000
      Mean task_option_credit loss: -0.0533
     Mean skill_option_credit loss: -0.0475
    Mean event_hindsight_task loss: 0.0000
   Mean event_hindsight_skill loss: 5.0586
       Mean event_credit_mass loss: 0.0032
Mean task_option_advantage_abs loss: 0.3222
Mean skill_option_advantage_abs loss: 0.3390
         Mean task_transition loss: 2.3598
        Mean skill_transition loss: 1.6274
       Mean motion_transition loss: 1.8270
  Mean interaction_transition loss: 1.3279
Mean interaction_active_fraction loss: 0.9993
              Mean task_usage loss: 0.0000
  Mean task_frontier_coverage loss: 0.0000
Mean selected_frontier_probability loss: 0.8049
       Mean interaction_phase loss: 0.2680
Mean interaction_release_target loss: 0.0184
Mean interaction_release_frontier loss: 0.0043
Mean interaction_release_balance_weight loss: 1.1285
  Mean task_control_objective loss: 0.0113
        Mean task_clf_descent loss: 0.0014
  Mean task_barrier_authority loss: 0.0284
Mean skill_predictive_control loss: 0.0016
Mean relational_subgoal_grounding loss: 0.0000
  Mean task_subgoal_alignment loss: 1.0000
  Mean task_subgoal_authority loss: 0.4738
   Mean task_skill_projection loss: 0.0000
 Mean task_transient_capacity loss: 0.7897
   Mean task_posture_capacity loss: 0.8885
Mean task_projected_turn_demand loss: 0.3265
Mean task_semantic_turn_demand loss: 0.3265
Mean task_lateral_turn_demand loss: 0.0000
Mean task_target_yaw_residual loss: 0.5935
Mean task_interaction_authority loss: 0.0054
    Mean task_arm_scope_error loss: 0.0000
Mean counterfactual_task_selection loss: 0.0000
Mean counterfactual_task_target_entropy loss: 0.0000
Mean counterfactual_task_target_peak loss: 0.0000
Mean grounded_task_utility_span loss: 0.0000
      Mean task_outcome_blend loss: 0.0000
Mean grounded_task_target_agreement loss: 0.0000
Mean sampled_task_target_probability loss: 0.0000
Mean recovery_candidate_fraction loss: 0.0000
Mean recovery_task_probability loss: 0.0000
Mean recovery_target_probability loss: 0.0000
Mean counterfactual_termination loss: 0.4549
 Mean task_termination_target loss: 0.0000
Mean skill_termination_target loss: 0.4641
Mean payload_skill_barrier_pressure loss: 0.0000
Mean payload_transient_demand loss: 0.0190
Mean payload_skill_exit_target loss: 0.0000
Mean payload_survival_exit_target loss: 0.0000
Mean payload_survival_authority loss: 0.0000
        Mean task_switch_gain loss: 0.0000
       Mean skill_switch_gain loss: -0.1533
Mean counterfactual_skill_selection loss: 0.8169
Mean counterfactual_target_entropy loss: 0.6244
Mean counterfactual_target_peak loss: 0.7999
       Mean successor_decoder loss: 0.0800
  Mean successor_predicted_vx loss: -0.0020
  Mean successor_predicted_wz loss: -0.0045
 Mean successor_predicted_cbf loss: 0.5000
 Mean successor_predicted_clf loss: 0.5000
 Mean successor_cbf_violation loss: 0.0023
 Mean successor_clf_violation loss: 0.0002
             Mean skill_usage loss: 0.1783
        Mean skill_confidence loss: 0.7114
     Mean task_slot_diversity loss: 0.3962
Mean skill_embedding_diversity loss: 0.0621
   Mean motion_gain_diversity loss: 0.0000
Mean motion_objective_diversity loss: 0.0000
       Mean event_replay_size loss: 2892.0000
   Mean event_replay_priority loss: 0.0357
 Mean event_replay_task_valid loss: 0.6914
Mean event_replay_task_detail_valid loss: 0.6914
       Mean event_replay_task loss: 0.0000
      Mean event_replay_skill loss: 0.6719
     Mean event_replay_motion loss: 1.0760
Mean event_replay_interaction loss: 0.1779
Mean event_replay_task_subgoal loss: 0.0003
Mean event_replay_skill_parameter loss: 0.0225
  Mean event_replay_parameter loss: 0.0226
Mean event_replay_barrier_quality loss: 0.5074
Mean event_replay_unsafe_fraction loss: 0.0000
Mean event_replay_buffer_unsafe_fraction loss: 0.0000
Mean event_replay_buffer_delivery loss: 0.7040
Mean event_replay_buffer_recovery loss: 0.0000
Mean event_replay_sample_delivery loss: 0.6922
Mean event_replay_sample_recovery loss: 0.0000
Mean event_replay_sample_raw_delivery loss: 0.6914
Mean event_replay_sample_raw_recovery loss: 0.0000
Mean event_replay_recovery_pressure loss: 0.0000
Mean event_replay_recovery_adapter_gate loss: 0.0000
Mean event_replay_buffer_approach loss: 0.8266
Mean event_replay_sample_approach loss: 0.6336
Mean event_replay_sample_raw_approach loss: 0.6328
Mean event_replay_buffer_secure loss: 0.1243
Mean event_replay_sample_secure loss: 0.2450
Mean event_replay_sample_raw_secure loss: 0.2444
Mean event_replay_buffer_release loss: 0.0491
Mean event_replay_sample_release loss: 0.1214
Mean event_replay_sample_raw_release loss: 0.1229
Mean payload_survival_replay_size loss: 262.0000
Mean payload_survival_replay_support loss: 1.0000
Mean payload_survival_replay_drop_fraction loss: 0.4999
Mean payload_survival_replay_prediction loss: 0.5000
Mean payload_survival_replay_drop_prediction loss: 0.5000
Mean payload_survival_replay_retain_prediction loss: 0.5000
Mean payload_survival_replay_separation loss: 0.0000
Mean payload_survival_replay_accuracy loss: 0.5000
Mean payload_survival_replay_rank_loss loss: 0.7185
Mean payload_survival_replay_rank_gap loss: 0.0000
Mean payload_survival_replay_rank_accuracy loss: 0.0000
Mean payload_survival_replay_rank_pairs loss: 60.0000
      Mean event_replay_added loss: 256.0000
Mean event_replay_append_task_valid loss: 0.6992
Mean event_replay_task_relabel loss: 0.3008
Mean event_replay_interaction_relabel loss: 0.2656
Mean event_replay_append_delivery loss: 0.6992
Mean event_replay_append_recovery loss: 0.0000
Mean event_replay_append_payload_recovery loss: 0.0000
Mean payload_survival_replay_added loss: 36.0000
Mean payload_survival_replay_append_drop_fraction loss: 0.0000
      Mean hierarchy_cbf_dual loss: 0.5207
      Mean hierarchy_clf_dual loss: 0.3073
Mean hierarchy_cbf_violation_ema loss: 0.2700
Mean hierarchy_clf_violation_ema loss: 0.0336
Mean physical_adaptation_active loss: 0.0000
Mean physical_adaptation_stage loss: -10.0000
 Mean hierarchy_only_training loss: 0.0000
Mean decomposition_only_training loss: 0.0000
Mean motion_selector_only_training loss: 0.0000
Mean interaction_selector_only_training loss: 0.0000
Mean motion_skill_only_training loss: 0.0000
Mean payload_motion_only_training loss: 0.0000
Mean recovery_adapter_only_training loss: 0.0000
 Mean auxiliary_learning_rate loss: 0.0000
Mean payload_survival_learning_rate loss: 0.0003
Mean physical_core_learning_rate loss: 0.0000
Mean physical_adapter_learning_rate loss: 0.0000
Mean skill_information_reward loss: -0.0045
 Mean task_information_reward loss: 0.0000
                       Mean reward: -108.98
               Mean episode length: 65.13
   Episode_Reward/term_bad_contact: 0.0000
          Episode_Reward/term_tilt: -0.0098
    Episode_Reward/term_low_height: -0.0376
      Episode_Reward/leg_action_l2: -0.0006
   Episode_Reward/tracking_lin_vel: 0.0000
Episode_Reward/tracking_ang_vel_yaw_l1: 0.0000
Episode_Reward/tracking_ang_vel_yaw_exp: 0.0000
Episode_Reward/tracking_lin_vel_y_l2: 0.0000
Episode_Reward/tracking_lin_vel_z_l2: 0.0000
            Episode_Reward/survive: 0.0000
    Episode_Reward/foot_contacts_z: 0.0000
            Episode_Reward/torques: -0.0020
 Episode_Reward/tracking_lin_vel_y: 0.0000
          Episode_Reward/lin_vel_z: -0.0006
         Episode_Reward/ang_vel_xy: -0.0007
   Episode_Reward/tracking_ang_vel: 0.0006
               Episode_Reward/work: -0.0271
            Episode_Reward/dof_acc: -0.0692
        Episode_Reward/action_rate: -0.0004
     Episode_Reward/dof_pos_limits: -0.0000
      Episode_Reward/delta_torques: -0.0000
          Episode_Reward/collision: -0.0400
        Episode_Reward/walking_dof: 0.0000
            Episode_Reward/hip_pos: -0.0004
          Episode_Reward/feet_jerk: 0.0000
              Episode_Reward/alive: 0.0027
          Episode_Reward/feet_drag: -0.0002
Episode_Reward/feet_contact_forces: -0.0015
               Episode_Reward/roll: -0.0003
        Episode_Reward/base_height: -0.0015
Episode_Reward/tracking_lin_vel_max: 0.0033
Episode_Reward/flat_orientation_l2: -0.0001
  Episode_Reward/air_time_variance: -0.0000
        Episode_Reward/feet_height: 0.0000
      Episode_Reward/feet_air_time: 0.0000
Episode_Reward/update_last_buffers: 0.0000
   Episode_Reward/wheel_idle_speed: -0.3690
    Episode_Reward/wheel_action_l2: -0.0001
  Episode_Reward/wheel_action_rate: 0.0000
  Episode_Reward/wheel_forward_use: 0.0000
 Episode_Reward/wheel_turn_support: 0.0007
Episode_Reward/tactic_mission_completion: 0.0000
Episode_Reward/tactic_mission_success: 0.0000
Episode_Reward/tactic_task_progress: -0.0003
Episode_Reward/tactic_task_tracking: 0.0002
 Episode_Reward/tactic_ee_tracking: 0.0016
  Episode_Reward/tactic_valid_task: 0.0005
Episode_Reward/tactic_invalid_task: 0.0000
Episode_Reward/tactic_option_switch: -0.0000
Episode_Reward/tactic_control_progress: -0.0001
  Episode_Reward/tactic_cbf_margin: 0.0000
Episode_Reward/tactic_predicted_margin: 0.0000
Episode_Reward/tactic_clf_decrease: 0.0000
Episode_Reward/tactic_disturbance_rejection: 0.0000
Episode_Reward/tactic_safety_violation: -0.0017
Episode_Reward/tactic_unsafe_progress: -0.0000
Episode_Reward/tactic_object_contact: 0.0000
 Episode_Reward/tactic_object_lift: 0.0000
Episode_Reward/tactic_object_transport: 0.0000
Episode_Reward/tactic_object_place: 0.0000
Episode_Reward/tactic_object_completion: 0.0000
Episode_Reward/tactic_interaction_frontier: 0.0000
  Episode_Reward/tactic_grasp_hold: 0.0000
Episode_Reward/tactic_payload_progress: 0.0000
Episode_Reward/tactic_release_readiness: 0.0000
Episode_Reward/tactic_intended_release: 0.0000
Episode_Reward/tactic_payload_retention: 0.0000
Episode_Reward/tactic_payload_drop: 0.0000
Episode_Reward/tactic_release_quality: 0.0000
Episode_Reward/tactic_wrong_object_interaction: 0.0000
 Episode_Reward/tactic_all_objects: 0.0000
Metrics/locomotion/TACTIC/mission_completion: 0.0000
Metrics/locomotion/TACTIC/mission_completion_delta: 0.0000
Metrics/locomotion/TACTIC/mission_success: 0.0000
Metrics/locomotion/TACTIC/task_progress: 0.0400
Metrics/locomotion/TACTIC/task_progress_delta: 0.0001
Metrics/locomotion/TACTIC/task_error: 1.9602
Metrics/locomotion/TACTIC/ee_error: 0.5370
Metrics/locomotion/TACTIC/tcp_object_distance: 0.6428
Metrics/locomotion/TACTIC/goal_object_distance: 0.1441
Metrics/locomotion/TACTIC/finger_object_distance: 0.6560
Metrics/locomotion/TACTIC/object_target_distance: 0.1769
Metrics/locomotion/TACTIC/recovery_task_executed: 0.0000
Metrics/locomotion/TACTIC/recovery_task_probability: 0.0000
Metrics/locomotion/TACTIC/executed_task_probability: 1.0000
Metrics/locomotion/TACTIC/task_constraint_projection: 0.0000
Metrics/locomotion/TACTIC/recovery_latch_seen: 0.0000
Metrics/locomotion/TACTIC/recovery_valid_seen: 0.0000
Metrics/locomotion/TACTIC/recovery_pressure_seen: 0.0000
Metrics/locomotion/TACTIC/cbf_margin: 0.0000
Metrics/locomotion/TACTIC/predicted_margin: 0.0000
Metrics/locomotion/TACTIC/clf_decrease: 0.3050
Metrics/locomotion/TACTIC/disturbance_estimate: 0.7462
Metrics/locomotion/TACTIC/base_height: 0.2263
Metrics/locomotion/TACTIC/base_tilt: 0.4538
Metrics/locomotion/TACTIC/control_recovery_pressure: 1.0000
Metrics/locomotion/TACTIC/control_recovery_active: 1.0000
Metrics/locomotion/TACTIC/control_recovery_constraint_active: 1.0000
Metrics/locomotion/TACTIC/payload_posture_projection: 0.0000
Metrics/locomotion/TACTIC/payload_relation_violation: 0.0000
 Metrics/locomotion/TACTIC/base_vx: -0.1697
 Metrics/locomotion/TACTIC/base_vy: 0.1532
 Metrics/locomotion/TACTIC/base_wz: -0.4415
Metrics/locomotion/TACTIC/support_count: 1.7083
Metrics/locomotion/TACTIC/obstacle_margin: 1.1609
Metrics/locomotion/TACTIC/gripper_closure: 0.1427
Metrics/locomotion/TACTIC/manipulation_active: 1.0000
Metrics/locomotion/TACTIC/grasp_active: 1.0000
Metrics/locomotion/TACTIC/grasp_orientation_active: 0.0000
Metrics/locomotion/TACTIC/grasp_orientation_error: 0.0000
Metrics/locomotion/TACTIC/interaction_authority: 0.0000
Metrics/locomotion/TACTIC/workspace_handoff: 0.0000
Metrics/locomotion/TACTIC/grasp_projection_distance: 0.0000
Metrics/locomotion/TACTIC/grasp_center_error: 0.0000
Metrics/locomotion/TACTIC/capture_staging_distance: 1.3755
Metrics/locomotion/TACTIC/capture_heading_error: 2.9625
Metrics/locomotion/TACTIC/capture_initiation_margin: -5.5834
Metrics/locomotion/TACTIC/selected_delivery_side: 1.0000
Metrics/locomotion/TACTIC/capture_lift_active: 0.0000
Metrics/locomotion/TACTIC/command_vx: -0.0033
Metrics/locomotion/TACTIC/command_vy: 0.0005
Metrics/locomotion/TACTIC/command_wz: -0.0182
Metrics/locomotion/TACTIC/curriculum_level: 0.0000
Metrics/locomotion/TACTIC/curriculum_frontier: 0.0000
Metrics/locomotion/TACTIC/curriculum_probe: 0.0000
Metrics/locomotion/TACTIC/interaction_start_curriculum: 1.0000
Metrics/locomotion/TACTIC/interaction_start_probability: 1.0000
Metrics/locomotion/TACTIC/composition_probe_probability: 0.0135
Metrics/locomotion/TACTIC/curriculum_completion_ema: 0.0000
Metrics/locomotion/TACTIC/curriculum_progress_ema: 0.0867
Metrics/locomotion/TACTIC/curriculum_safety_ema: 0.5564
Metrics/locomotion/TACTIC/episode_safety_fraction: 0.7589
Metrics/locomotion/TACTIC/curriculum_contact_ema: 0.0160
Metrics/locomotion/TACTIC/curriculum_lift_ema: 0.0174
Metrics/locomotion/TACTIC/curriculum_transport_ema: 0.0202
Metrics/locomotion/TACTIC/curriculum_place_ema: 0.0000
Metrics/locomotion/TACTIC/curriculum_delivery_completion_ema: 0.0000
Metrics/locomotion/TACTIC/curriculum_regression_streak: 0.0000
Metrics/locomotion/TACTIC/required_task_count: 1.0000
Metrics/locomotion/TACTIC/object_completion_mean: 0.0000
Metrics/locomotion/TACTIC/object_contact_mean: 0.0000
Metrics/locomotion/TACTIC/object_lift_mean: 0.0000
Metrics/locomotion/TACTIC/object_transport_mean: 0.0000
Metrics/locomotion/TACTIC/object_place_mean: 0.0000
Metrics/locomotion/TACTIC/object_target_progress_mean: 0.0574
Metrics/locomotion/TACTIC/object_target_progress_delta_mean: 0.0000
Metrics/locomotion/TACTIC/object_release_readiness_mean: 0.0000
Metrics/locomotion/TACTIC/object_release_readiness_delta_mean: 0.0000
Metrics/locomotion/TACTIC/object_release_event_mean: 0.0000
Metrics/locomotion/TACTIC/object_drop_event_mean: 0.0000
Metrics/locomotion/TACTIC/object_gripper_distance_mean: 0.7823
Metrics/locomotion/TACTIC/object_carrying_mean: 0.0000
Metrics/locomotion/TACTIC/object_carry_memory_mean: 0.0000
Metrics/locomotion/TACTIC/interaction_frontier_mean: 0.0000
Metrics/locomotion/TACTIC/interaction_frontier_delta_mean: 0.0000
Metrics/locomotion/TACTIC/contact_symmetry_mean: 0.0000
 Metrics/locomotion/TACTIC/task_id: 9.0000
Metrics/locomotion/TACTIC/skill_id: 6.2917
Metrics/locomotion/TACTIC/object_id: 4.0000
Metrics/locomotion/TACTIC/effective_object_id: 4.0000
Metrics/locomotion/TACTIC/selected_object_contact: 0.0000
Metrics/locomotion/TACTIC/selected_object_lift: 0.0000
Metrics/locomotion/TACTIC/selected_object_transport: 0.0000
Metrics/locomotion/TACTIC/selected_object_place: 0.0000
Metrics/locomotion/TACTIC/selected_object_completion: 0.0000
Metrics/locomotion/TACTIC/selected_object_carrying: 0.0000
Metrics/locomotion/TACTIC/selected_object_carry_memory: 0.0000
Metrics/locomotion/TACTIC/selected_object_target_progress: 0.3445
Metrics/locomotion/TACTIC/selected_object_target_progress_delta: 0.0000
Metrics/locomotion/TACTIC/selected_object_release_readiness: 0.0000
Metrics/locomotion/TACTIC/selected_object_release_readiness_delta: 0.0000
Metrics/locomotion/TACTIC/selected_object_release_event: 0.0000
Metrics/locomotion/TACTIC/selected_object_drop_event: 0.0000
Metrics/locomotion/TACTIC/selected_object_gripper_distance: 0.6402
Metrics/locomotion/TACTIC/selected_object_place_error_xy: 0.1716
Metrics/locomotion/TACTIC/selected_object_place_error_z: 0.0430
Metrics/locomotion/TACTIC/selected_interaction_frontier: 0.0000
Metrics/locomotion/TACTIC/selected_interaction_frontier_delta: 0.0000
Metrics/locomotion/TACTIC/selected_reachability: 0.0000
Metrics/locomotion/TACTIC/task_switch: 0.0000
Metrics/locomotion/TACTIC/skill_switch: 0.0000
Metrics/locomotion/TACTIC/task_age: 0.0000
Metrics/locomotion/TACTIC/skill_age: 0.0000
Metrics/locomotion/TACTIC/task_hazard: 0.0000
Metrics/locomotion/TACTIC/skill_hazard: 0.0000
Metrics/locomotion/TACTIC/task_termination_probability: 0.0000
Metrics/locomotion/TACTIC/skill_termination_probability: 0.0000
Metrics/locomotion/TACTIC/task_entropy: 0.0000
Metrics/locomotion/TACTIC/skill_entropy: 0.6324
Metrics/locomotion/TACTIC/task_occupancy_entropy: 0.0000
Metrics/locomotion/TACTIC/skill_occupancy_entropy: 0.6324
Metrics/locomotion/TACTIC/skill_parameter_0: 0.0000
Metrics/locomotion/TACTIC/skill_parameter_1: 0.0000
Metrics/locomotion/TACTIC/skill_parameter_2: 0.0000
Metrics/locomotion/TACTIC/skill_parameter_3: 0.0000
Metrics/locomotion/TACTIC/skill_parameter_4: 0.0000
Metrics/locomotion/TACTIC/skill_parameter_5: 0.0000
Metrics/locomotion/TACTIC/object_0_complete: 0.0000
Metrics/locomotion/TACTIC/object_1_complete: 0.0000
Metrics/locomotion/TACTIC/object_2_complete: 0.0000
Metrics/locomotion/TACTIC/object_3_complete: 0.0000
Metrics/locomotion/TACTIC/object_4_complete: 0.0000
Metrics/locomotion/TACTIC/object_5_complete: 0.0000
      Episode_Termination/time_out: 0.0000
   Episode_Termination/bad_contact: 0.0000
          Episode_Termination/tilt: 0.3258
    Episode_Termination/low_height: 0.0179
Episode_Termination/mission_success: 0.0000
--------------------------------------------------------------------------------
                   Total timesteps: 36864
                    Iteration time: 5.87s
                      Time elapsed: 00:01:12
                               ETA: 00:01:54

################################################################################
                       [1m Learning iteration 12/30 [0m                       

                       Computation: 511 steps/s (collection: 5.247s, learning 0.759s)
             Mean action noise std: 0.02
          Mean value_function loss: 49.2721
               Mean surrogate loss: 0.0372
                 Mean entropy loss: -102.6922
  Mean stability_teacher_loss loss: 0.0000
 Mean next_control_prediction loss: 0.0293
       Mean skill_feasibility loss: 0.6931
 Mean task_outcome_prediction loss: 0.0323
 Mean task_outcome_confidence loss: 1.5245
Mean task_outcome_confidence_mean loss: 0.1192
Mean skill_outcome_prediction loss: 0.0032
        Mean payload_survival loss: 0.6931
Mean payload_survival_support loss: 0.0202
   Mean payload_drop_fraction loss: 0.0000
Mean payload_survival_prediction loss: 0.5000
 Mean skill_effect_prediction loss: 0.0350
 Mean skill_effect_confidence loss: 1.5928
Mean skill_effect_confidence_mean loss: 0.1192
Mean motion_execution_prediction loss: 0.0464
Mean motion_execution_confidence loss: 1.4561
Mean embodiment_response_prediction loss: 0.0055
Mean embodiment_response_vx_abs loss: 0.0019
Mean embodiment_response_wz_abs loss: 0.0012
   Mean constraint_multiplier loss: 0.0123
Mean task_constraint_multiplier_mean loss: 0.1632
Mean skill_constraint_multiplier_mean loss: 0.1632
 Mean hierarchy_cbf_violation loss: 0.0521
Mean hierarchy_cbf_raw_violation loss: 0.0528
Mean hierarchy_cbf_transient_slack loss: 0.0067
 Mean hierarchy_clf_violation loss: 0.0094
Mean hierarchy_cbf_regression loss: 0.0208
Mean hierarchy_clf_regression loss: 0.0090
   Mean safe_task_achievement loss: -0.0032
  Mean safe_skill_achievement loss: -0.0041
Mean unsafe_positive_progress_rate loss: 0.0652
Mean motion_execution_confidence_mean loss: 0.1192
Mean grounded_effect_diversity loss: 0.0000
      Mean task_option_credit loss: -0.0501
     Mean skill_option_credit loss: -0.0469
    Mean event_hindsight_task loss: 0.0000
   Mean event_hindsight_skill loss: 6.1239
       Mean event_credit_mass loss: 0.0056
Mean task_option_advantage_abs loss: 0.3356
Mean skill_option_advantage_abs loss: 0.3577
         Mean task_transition loss: 2.3578
        Mean skill_transition loss: 1.6209
       Mean motion_transition loss: 1.7926
  Mean interaction_transition loss: 1.3633
Mean interaction_active_fraction loss: 0.9980
              Mean task_usage loss: 0.0000
  Mean task_frontier_coverage loss: 0.0000
Mean selected_frontier_probability loss: 0.8048
       Mean interaction_phase loss: 0.2733
Mean interaction_release_target loss: 0.0172
Mean interaction_release_frontier loss: 0.0030
Mean interaction_release_balance_weight loss: 1.1207
  Mean task_control_objective loss: 0.0119
        Mean task_clf_descent loss: 0.0015
  Mean task_barrier_authority loss: 0.0298
Mean skill_predictive_control loss: 0.0015
Mean relational_subgoal_grounding loss: 0.0000
  Mean task_subgoal_alignment loss: 1.0000
  Mean task_subgoal_authority loss: 0.4677
   Mean task_skill_projection loss: 0.0000
 Mean task_transient_capacity loss: 0.7845
   Mean task_posture_capacity loss: 0.8780
Mean task_projected_turn_demand loss: 0.3237
Mean task_semantic_turn_demand loss: 0.3237
Mean task_lateral_turn_demand loss: 0.0000
Mean task_target_yaw_residual loss: 0.5885
Mean task_interaction_authority loss: 0.0040
    Mean task_arm_scope_error loss: 0.0000
Mean counterfactual_task_selection loss: 0.0000
Mean counterfactual_task_target_entropy loss: 0.0000
Mean counterfactual_task_target_peak loss: 0.0000
Mean grounded_task_utility_span loss: 0.0000
      Mean task_outcome_blend loss: 0.0000
Mean grounded_task_target_agreement loss: 0.0000
Mean sampled_task_target_probability loss: 0.0000
Mean recovery_candidate_fraction loss: 0.0000
Mean recovery_task_probability loss: 0.0000
Mean recovery_target_probability loss: 0.0000
Mean counterfactual_termination loss: 0.4482
 Mean task_termination_target loss: 0.0000
Mean skill_termination_target loss: 0.4384
Mean payload_skill_barrier_pressure loss: 0.0000
Mean payload_transient_demand loss: 0.0224
Mean payload_skill_exit_target loss: 0.0000
Mean payload_survival_exit_target loss: 0.0000
Mean payload_survival_authority loss: 0.0000
        Mean task_switch_gain loss: 0.0000
       Mean skill_switch_gain loss: -0.1661
Mean counterfactual_skill_selection loss: 0.8231
Mean counterfactual_target_entropy loss: 0.6350
Mean counterfactual_target_peak loss: 0.7939
       Mean successor_decoder loss: 0.0802
  Mean successor_predicted_vx loss: -0.0023
  Mean successor_predicted_wz loss: -0.0047
 Mean successor_predicted_cbf loss: 0.5000
 Mean successor_predicted_clf loss: 0.5000
 Mean successor_cbf_violation loss: 0.0020
 Mean successor_clf_violation loss: 0.0004
             Mean skill_usage loss: 0.1783
        Mean skill_confidence loss: 0.7160
     Mean task_slot_diversity loss: 0.3953
Mean skill_embedding_diversity loss: 0.0621
   Mean motion_gain_diversity loss: 0.0000
Mean motion_objective_diversity loss: 0.0000
       Mean event_replay_size loss: 3148.0000
   Mean event_replay_priority loss: 0.0361
 Mean event_replay_task_valid loss: 0.6943
Mean event_replay_task_detail_valid loss: 0.6943
       Mean event_replay_task loss: 0.0000
      Mean event_replay_skill loss: 0.6594
     Mean event_replay_motion loss: 1.0594
Mean event_replay_interaction loss: 0.1706
Mean event_replay_task_subgoal loss: 0.0003
Mean event_replay_skill_parameter loss: 0.0218
  Mean event_replay_parameter loss: 0.0219
Mean event_replay_barrier_quality loss: 0.5070
Mean event_replay_unsafe_fraction loss: 0.0000
Mean event_replay_buffer_unsafe_fraction loss: 0.0000
Mean event_replay_buffer_delivery loss: 0.7074
Mean event_replay_buffer_recovery loss: 0.0000
Mean event_replay_sample_delivery loss: 0.6950
Mean event_replay_sample_recovery loss: 0.0000
Mean event_replay_sample_raw_delivery loss: 0.6943
Mean event_replay_sample_raw_recovery loss: 0.0000
Mean event_replay_recovery_pressure loss: 0.0000
Mean event_replay_recovery_adapter_gate loss: 0.0000
Mean event_replay_buffer_approach loss: 0.8190
Mean event_replay_sample_approach loss: 0.6299
Mean event_replay_sample_raw_approach loss: 0.6287
Mean event_replay_buffer_secure loss: 0.1307
Mean event_replay_sample_secure loss: 0.2489
Mean event_replay_sample_raw_secure loss: 0.2489
Mean event_replay_buffer_release loss: 0.0503
Mean event_replay_sample_release loss: 0.1212
Mean event_replay_sample_raw_release loss: 0.1224
Mean payload_survival_replay_size loss: 298.0000
Mean payload_survival_replay_support loss: 1.0000
Mean payload_survival_replay_drop_fraction loss: 0.4999
Mean payload_survival_replay_prediction loss: 0.5000
Mean payload_survival_replay_drop_prediction loss: 0.5000
Mean payload_survival_replay_retain_prediction loss: 0.5000
Mean payload_survival_replay_separation loss: 0.0000
Mean payload_survival_replay_accuracy loss: 0.5000
Mean payload_survival_replay_rank_loss loss: 0.7185
Mean payload_survival_replay_rank_gap loss: 0.0000
Mean payload_survival_replay_rank_accuracy loss: 0.0000
Mean payload_survival_replay_rank_pairs loss: 57.0000
      Mean event_replay_added loss: 256.0000
Mean event_replay_append_task_valid loss: 0.7461
Mean event_replay_task_relabel loss: 0.2539
Mean event_replay_interaction_relabel loss: 0.2852
Mean event_replay_append_delivery loss: 0.7461
Mean event_replay_append_recovery loss: 0.0000
Mean event_replay_append_payload_recovery loss: 0.0000
Mean payload_survival_replay_added loss: 36.0000
Mean payload_survival_replay_append_drop_fraction loss: 0.0000
      Mean hierarchy_cbf_dual loss: 0.5208
      Mean hierarchy_clf_dual loss: 0.3038
Mean hierarchy_cbf_violation_ema loss: 0.2591
Mean hierarchy_clf_violation_ema loss: 0.0324
Mean physical_adaptation_active loss: 0.0000
Mean physical_adaptation_stage loss: -10.0000
 Mean hierarchy_only_training loss: 0.0000
Mean decomposition_only_training loss: 0.0000
Mean motion_selector_only_training loss: 0.0000
Mean interaction_selector_only_training loss: 0.0000
Mean motion_skill_only_training loss: 0.0000
Mean payload_motion_only_training loss: 0.0000
Mean recovery_adapter_only_training loss: 0.0000
 Mean auxiliary_learning_rate loss: 0.0000
Mean payload_survival_learning_rate loss: 0.0003
Mean physical_core_learning_rate loss: 0.0000
Mean physical_adapter_learning_rate loss: 0.0000
Mean skill_information_reward loss: -0.0043
 Mean task_information_reward loss: 0.0000
                       Mean reward: -118.68
               Mean episode length: 76.57
   Episode_Reward/term_bad_contact: 0.0000
          Episode_Reward/term_tilt: -0.0133
    Episode_Reward/term_low_height: -0.0012
      Episode_Reward/leg_action_l2: -0.0015
   Episode_Reward/tracking_lin_vel: 0.0000
Episode_Reward/tracking_ang_vel_yaw_l1: 0.0000
Episode_Reward/tracking_ang_vel_yaw_exp: 0.0000
Episode_Reward/tracking_lin_vel_y_l2: 0.0000
Episode_Reward/tracking_lin_vel_z_l2: 0.0000
            Episode_Reward/survive: 0.0000
    Episode_Reward/foot_contacts_z: 0.0000
            Episode_Reward/torques: -0.0052
 Episode_Reward/tracking_lin_vel_y: 0.0000
          Episode_Reward/lin_vel_z: -0.0004
         Episode_Reward/ang_vel_xy: -0.0010
   Episode_Reward/tracking_ang_vel: 0.0017
               Episode_Reward/work: -0.0499
            Episode_Reward/dof_acc: -0.1206
        Episode_Reward/action_rate: -0.0011
     Episode_Reward/dof_pos_limits: -0.0000
      Episode_Reward/delta_torques: -0.0000
          Episode_Reward/collision: -0.1530
        Episode_Reward/walking_dof: 0.0002
            Episode_Reward/hip_pos: -0.0011
          Episode_Reward/feet_jerk: 0.0000
              Episode_Reward/alive: 0.0084
          Episode_Reward/feet_drag: -0.0004
Episode_Reward/feet_contact_forces: -0.0047
               Episode_Reward/roll: -0.0015
        Episode_Reward/base_height: -0.0035
Episode_Reward/tracking_lin_vel_max: 0.0117
Episode_Reward/flat_orientation_l2: -0.0004
  Episode_Reward/air_time_variance: -0.0003
        Episode_Reward/feet_height: 0.0000
      Episode_Reward/feet_air_time: -0.0000
Episode_Reward/update_last_buffers: 0.0000
   Episode_Reward/wheel_idle_speed: -0.6198
    Episode_Reward/wheel_action_l2: -0.0002
  Episode_Reward/wheel_action_rate: 0.0000
  Episode_Reward/wheel_forward_use: 0.0016
 Episode_Reward/wheel_turn_support: 0.0046
Episode_Reward/tactic_mission_completion: 0.0000
Episode_Reward/tactic_mission_success: 0.0000
Episode_Reward/tactic_task_progress: -0.0002
Episode_Reward/tactic_task_tracking: 0.0009
 Episode_Reward/tactic_ee_tracking: 0.0107
  Episode_Reward/tactic_valid_task: 0.0017
Episode_Reward/tactic_invalid_task: 0.0000
Episode_Reward/tactic_option_switch: -0.0000
Episode_Reward/tactic_control_progress: -0.0001
  Episode_Reward/tactic_cbf_margin: 0.0000
Episode_Reward/tactic_predicted_margin: 0.0000
Episode_Reward/tactic_clf_decrease: 0.0000
Episode_Reward/tactic_disturbance_rejection: 0.0000
Episode_Reward/tactic_safety_violation: -0.0024
Episode_Reward/tactic_unsafe_progress: -0.0000
Episode_Reward/tactic_object_contact: 0.0000
 Episode_Reward/tactic_object_lift: 0.0000
Episode_Reward/tactic_object_transport: 0.0000
Episode_Reward/tactic_object_place: 0.0000
Episode_Reward/tactic_object_completion: 0.0000
Episode_Reward/tactic_interaction_frontier: 0.0000
  Episode_Reward/tactic_grasp_hold: 0.0000
Episode_Reward/tactic_payload_progress: 0.0000
Episode_Reward/tactic_release_readiness: 0.0000
Episode_Reward/tactic_intended_release: 0.0000
Episode_Reward/tactic_payload_retention: 0.0000
Episode_Reward/tactic_payload_drop: 0.0000
Episode_Reward/tactic_release_quality: 0.0000
Episode_Reward/tactic_wrong_object_interaction: 0.0000
 Episode_Reward/tactic_all_objects: 0.0000
Metrics/locomotion/TACTIC/mission_completion: 0.0000
Metrics/locomotion/TACTIC/mission_completion_delta: 0.0000
Metrics/locomotion/TACTIC/mission_success: 0.0000
Metrics/locomotion/TACTIC/task_progress: 0.0418
Metrics/locomotion/TACTIC/task_progress_delta: -0.0025
Metrics/locomotion/TACTIC/task_error: 1.7827
Metrics/locomotion/TACTIC/ee_error: 0.4200
Metrics/locomotion/TACTIC/tcp_object_distance: 0.6822
Metrics/locomotion/TACTIC/goal_object_distance: 0.4164
Metrics/locomotion/TACTIC/finger_object_distance: 0.7394
Metrics/locomotion/TACTIC/object_target_distance: 0.4446
Metrics/locomotion/TACTIC/recovery_task_executed: 0.0000
Metrics/locomotion/TACTIC/recovery_task_probability: 0.0000
Metrics/locomotion/TACTIC/executed_task_probability: 1.0000
Metrics/locomotion/TACTIC/task_constraint_projection: 0.0000
Metrics/locomotion/TACTIC/recovery_latch_seen: 0.0000
Metrics/locomotion/TACTIC/recovery_valid_seen: 0.0000
Metrics/locomotion/TACTIC/recovery_pressure_seen: 0.0000
Metrics/locomotion/TACTIC/cbf_margin: 0.0000
Metrics/locomotion/TACTIC/predicted_margin: 0.0000
Metrics/locomotion/TACTIC/clf_decrease: -0.2978
Metrics/locomotion/TACTIC/disturbance_estimate: 0.7174
Metrics/locomotion/TACTIC/base_height: 0.2756
Metrics/locomotion/TACTIC/base_tilt: 0.5337
Metrics/locomotion/TACTIC/control_recovery_pressure: 1.0000
Metrics/locomotion/TACTIC/control_recovery_active: 0.9583
Metrics/locomotion/TACTIC/control_recovery_constraint_active: 0.9583
Metrics/locomotion/TACTIC/payload_posture_projection: 0.0000
Metrics/locomotion/TACTIC/payload_relation_violation: 0.0000
 Metrics/locomotion/TACTIC/base_vx: 0.0737
 Metrics/locomotion/TACTIC/base_vy: 0.1059
 Metrics/locomotion/TACTIC/base_wz: -0.2010
Metrics/locomotion/TACTIC/support_count: 2.6250
Metrics/locomotion/TACTIC/obstacle_margin: 1.0993
Metrics/locomotion/TACTIC/gripper_closure: 0.0571
Metrics/locomotion/TACTIC/manipulation_active: 1.0000
Metrics/locomotion/TACTIC/grasp_active: 1.0000
Metrics/locomotion/TACTIC/grasp_orientation_active: 0.0000
Metrics/locomotion/TACTIC/grasp_orientation_error: 0.0000
Metrics/locomotion/TACTIC/interaction_authority: 0.0000
Metrics/locomotion/TACTIC/workspace_handoff: 0.0417
Metrics/locomotion/TACTIC/grasp_projection_distance: 0.0108
Metrics/locomotion/TACTIC/grasp_center_error: 0.0146
Metrics/locomotion/TACTIC/capture_staging_distance: 1.2146
Metrics/locomotion/TACTIC/capture_heading_error: 2.6206
Metrics/locomotion/TACTIC/capture_initiation_margin: -4.8273
Metrics/locomotion/TACTIC/selected_delivery_side: 0.9167
Metrics/locomotion/TACTIC/capture_lift_active: 0.0000
Metrics/locomotion/TACTIC/command_vx: -0.0057
Metrics/locomotion/TACTIC/command_vy: 0.0002
Metrics/locomotion/TACTIC/command_wz: -0.0606
Metrics/locomotion/TACTIC/curriculum_level: 0.0000
Metrics/locomotion/TACTIC/curriculum_frontier: 0.0000
Metrics/locomotion/TACTIC/curriculum_probe: 0.0000
Metrics/locomotion/TACTIC/interaction_start_curriculum: 1.0000
Metrics/locomotion/TACTIC/interaction_start_probability: 1.0000
Metrics/locomotion/TACTIC/composition_probe_probability: 0.0180
Metrics/locomotion/TACTIC/curriculum_completion_ema: 0.0000
Metrics/locomotion/TACTIC/curriculum_progress_ema: 0.0794
Metrics/locomotion/TACTIC/curriculum_safety_ema: 0.5928
Metrics/locomotion/TACTIC/episode_safety_fraction: 0.8553
Metrics/locomotion/TACTIC/curriculum_contact_ema: 0.0128
Metrics/locomotion/TACTIC/curriculum_lift_ema: 0.0140
Metrics/locomotion/TACTIC/curriculum_transport_ema: 0.0162
Metrics/locomotion/TACTIC/curriculum_place_ema: 0.0000
Metrics/locomotion/TACTIC/curriculum_delivery_completion_ema: 0.0000
Metrics/locomotion/TACTIC/curriculum_regression_streak: 0.0000
Metrics/locomotion/TACTIC/required_task_count: 1.0000
Metrics/locomotion/TACTIC/object_completion_mean: 0.0000
Metrics/locomotion/TACTIC/object_contact_mean: 0.0000
Metrics/locomotion/TACTIC/object_lift_mean: 0.0000
Metrics/locomotion/TACTIC/object_transport_mean: 0.0000
Metrics/locomotion/TACTIC/object_place_mean: 0.0000
Metrics/locomotion/TACTIC/object_target_progress_mean: 0.0272
Metrics/locomotion/TACTIC/object_target_progress_delta_mean: 0.0000
Metrics/locomotion/TACTIC/object_release_readiness_mean: 0.0000
Metrics/locomotion/TACTIC/object_release_readiness_delta_mean: 0.0000
Metrics/locomotion/TACTIC/object_release_event_mean: 0.0000
Metrics/locomotion/TACTIC/object_drop_event_mean: 0.0000
Metrics/locomotion/TACTIC/object_gripper_distance_mean: 0.8743
Metrics/locomotion/TACTIC/object_carrying_mean: 0.0000
Metrics/locomotion/TACTIC/object_carry_memory_mean: 0.0000
Metrics/locomotion/TACTIC/interaction_frontier_mean: 0.0000
Metrics/locomotion/TACTIC/interaction_frontier_delta_mean: 0.0000
Metrics/locomotion/TACTIC/contact_symmetry_mean: 0.0000
 Metrics/locomotion/TACTIC/task_id: 9.0000
Metrics/locomotion/TACTIC/skill_id: 5.4583
Metrics/locomotion/TACTIC/object_id: 4.0000
Metrics/locomotion/TACTIC/effective_object_id: 4.0000
Metrics/locomotion/TACTIC/selected_object_contact: 0.0000
Metrics/locomotion/TACTIC/selected_object_lift: 0.0000
Metrics/locomotion/TACTIC/selected_object_transport: 0.0000
Metrics/locomotion/TACTIC/selected_object_place: 0.0000
Metrics/locomotion/TACTIC/selected_object_completion: 0.0000
Metrics/locomotion/TACTIC/selected_object_carrying: 0.0000
Metrics/locomotion/TACTIC/selected_object_carry_memory: 0.0000
Metrics/locomotion/TACTIC/selected_object_target_progress: 0.1630
Metrics/locomotion/TACTIC/selected_object_target_progress_delta: 0.0000
Metrics/locomotion/TACTIC/selected_object_release_readiness: 0.0000
Metrics/locomotion/TACTIC/selected_object_release_readiness_delta: 0.0000
Metrics/locomotion/TACTIC/selected_object_release_event: 0.0000
Metrics/locomotion/TACTIC/selected_object_drop_event: 0.0000
Metrics/locomotion/TACTIC/selected_object_gripper_distance: 0.6809
Metrics/locomotion/TACTIC/selected_object_place_error_xy: 0.2458
Metrics/locomotion/TACTIC/selected_object_place_error_z: 0.3186
Metrics/locomotion/TACTIC/selected_interaction_frontier: 0.0000
Metrics/locomotion/TACTIC/selected_interaction_frontier_delta: 0.0000
Metrics/locomotion/TACTIC/selected_reachability: 0.0405
Metrics/locomotion/TACTIC/task_switch: 0.0000
Metrics/locomotion/TACTIC/skill_switch: 0.0000
Metrics/locomotion/TACTIC/task_age: 0.0000
Metrics/locomotion/TACTIC/skill_age: 0.0000
Metrics/locomotion/TACTIC/task_hazard: 0.0000
Metrics/locomotion/TACTIC/skill_hazard: 0.0000
Metrics/locomotion/TACTIC/task_termination_probability: 0.0000
Metrics/locomotion/TACTIC/skill_termination_probability: 0.0000
Metrics/locomotion/TACTIC/task_entropy: 0.0031
Metrics/locomotion/TACTIC/skill_entropy: 0.5874
Metrics/locomotion/TACTIC/task_occupancy_entropy: 0.0031
Metrics/locomotion/TACTIC/skill_occupancy_entropy: 0.5874
Metrics/locomotion/TACTIC/skill_parameter_0: 0.0000
Metrics/locomotion/TACTIC/skill_parameter_1: 0.0000
Metrics/locomotion/TACTIC/skill_parameter_2: 0.0000
Metrics/locomotion/TACTIC/skill_parameter_3: 0.0000
Metrics/locomotion/TACTIC/skill_parameter_4: 0.0000
Metrics/locomotion/TACTIC/skill_parameter_5: 0.0000
Metrics/locomotion/TACTIC/object_0_complete: 0.0000
Metrics/locomotion/TACTIC/object_1_complete: 0.0000
Metrics/locomotion/TACTIC/object_2_complete: 0.0000
Metrics/locomotion/TACTIC/object_3_complete: 0.0000
Metrics/locomotion/TACTIC/object_4_complete: 0.0000
Metrics/locomotion/TACTIC/object_5_complete: 0.0000
      Episode_Termination/time_out: 0.0000
   Episode_Termination/bad_contact: 0.0000
          Episode_Termination/tilt: 0.3327
    Episode_Termination/low_height: 0.0173
Episode_Termination/mission_success: 0.0000
--------------------------------------------------------------------------------
                   Total timesteps: 39936
                    Iteration time: 6.01s
                      Time elapsed: 00:01:18
                               ETA: 00:01:48

################################################################################
                       [1m Learning iteration 13/30 [0m                       

                       Computation: 523 steps/s (collection: 5.107s, learning 0.762s)
             Mean action noise std: 0.02
          Mean value_function loss: 15.9151
               Mean surrogate loss: 0.0499
                 Mean entropy loss: -102.7032
  Mean stability_teacher_loss loss: 0.0000
 Mean next_control_prediction loss: 0.0247
       Mean skill_feasibility loss: 0.6931
 Mean task_outcome_prediction loss: 0.0321
 Mean task_outcome_confidence loss: 1.5293
Mean task_outcome_confidence_mean loss: 0.1192
Mean skill_outcome_prediction loss: 0.0024
        Mean payload_survival loss: 0.6931
Mean payload_survival_support loss: 0.0234
   Mean payload_drop_fraction loss: 0.0000
Mean payload_survival_prediction loss: 0.5000
 Mean skill_effect_prediction loss: 0.0311
 Mean skill_effect_confidence loss: 1.6111
Mean skill_effect_confidence_mean loss: 0.1192
Mean motion_execution_prediction loss: 0.0401
Mean motion_execution_confidence loss: 1.4780
Mean embodiment_response_prediction loss: 0.0008
Mean embodiment_response_vx_abs loss: 0.0020
Mean embodiment_response_wz_abs loss: 0.0010
   Mean constraint_multiplier loss: 0.0090
Mean task_constraint_multiplier_mean loss: 0.1632
Mean skill_constraint_multiplier_mean loss: 0.1632
 Mean hierarchy_cbf_violation loss: 0.0310
Mean hierarchy_cbf_raw_violation loss: 0.0320
Mean hierarchy_cbf_transient_slack loss: 0.0052
 Mean hierarchy_clf_violation loss: 0.0006
Mean hierarchy_cbf_regression loss: 0.0074
Mean hierarchy_clf_regression loss: 0.0000
   Mean safe_task_achievement loss: -0.0039
  Mean safe_skill_achievement loss: -0.0012
Mean unsafe_positive_progress_rate loss: 0.0645
Mean motion_execution_confidence_mean loss: 0.1192
Mean grounded_effect_diversity loss: 0.0000
      Mean task_option_credit loss: -0.0233
     Mean skill_option_credit loss: -0.0187
    Mean event_hindsight_task loss: 0.0000
   Mean event_hindsight_skill loss: 1.9746
       Mean event_credit_mass loss: 0.0036
Mean task_option_advantage_abs loss: 0.2281
Mean skill_option_advantage_abs loss: 0.3065
         Mean task_transition loss: 2.3689
        Mean skill_transition loss: 1.6264
       Mean motion_transition loss: 1.7901
  Mean interaction_transition loss: 1.3808
Mean interaction_active_fraction loss: 0.9993
              Mean task_usage loss: 0.0000
  Mean task_frontier_coverage loss: 0.0000
Mean selected_frontier_probability loss: 0.8048
       Mean interaction_phase loss: 0.2750
Mean interaction_release_target loss: 0.0177
Mean interaction_release_frontier loss: 0.0036
Mean interaction_release_balance_weight loss: 1.1241
  Mean task_control_objective loss: 0.0114
        Mean task_clf_descent loss: 0.0013
  Mean task_barrier_authority loss: 0.0288
Mean skill_predictive_control loss: 0.0016
Mean relational_subgoal_grounding loss: 0.0000
  Mean task_subgoal_alignment loss: 1.0000
  Mean task_subgoal_authority loss: 0.4745
   Mean task_skill_projection loss: 0.0000
 Mean task_transient_capacity loss: 0.7942
   Mean task_posture_capacity loss: 0.8922
Mean task_projected_turn_demand loss: 0.3233
Mean task_semantic_turn_demand loss: 0.3233
Mean task_lateral_turn_demand loss: 0.0000
Mean task_target_yaw_residual loss: 0.5877
Mean task_interaction_authority loss: 0.0055
    Mean task_arm_scope_error loss: 0.0000
Mean counterfactual_task_selection loss: 0.0000
Mean counterfactual_task_target_entropy loss: 0.0000
Mean counterfactual_task_target_peak loss: 0.0000
Mean grounded_task_utility_span loss: 0.0000
      Mean task_outcome_blend loss: 0.0000
Mean grounded_task_target_agreement loss: 0.0000
Mean sampled_task_target_probability loss: 0.0000
Mean recovery_candidate_fraction loss: 0.0000
Mean recovery_task_probability loss: 0.0000
Mean recovery_target_probability loss: 0.0000
Mean counterfactual_termination loss: 0.4498
 Mean task_termination_target loss: 0.0000
Mean skill_termination_target loss: 0.4445
Mean payload_skill_barrier_pressure loss: 0.0000
Mean payload_transient_demand loss: 0.0086
Mean payload_skill_exit_target loss: 0.0000
Mean payload_survival_exit_target loss: 0.0000
Mean payload_survival_authority loss: 0.0000
        Mean task_switch_gain loss: 0.0000
       Mean skill_switch_gain loss: -0.1282
Mean counterfactual_skill_selection loss: 0.8163
Mean counterfactual_target_entropy loss: 0.6254
Mean counterfactual_target_peak loss: 0.8004
       Mean successor_decoder loss: 0.0782
  Mean successor_predicted_vx loss: -0.0019
  Mean successor_predicted_wz loss: -0.0071
 Mean successor_predicted_cbf loss: 0.5000
 Mean successor_predicted_clf loss: 0.5000
 Mean successor_cbf_violation loss: 0.0023
 Mean successor_clf_violation loss: 0.0006
             Mean skill_usage loss: 0.1780
        Mean skill_confidence loss: 0.7154
     Mean task_slot_diversity loss: 0.3953
Mean skill_embedding_diversity loss: 0.0621
   Mean motion_gain_diversity loss: 0.0000
Mean motion_objective_diversity loss: 0.0000
       Mean event_replay_size loss: 3404.0000
   Mean event_replay_priority loss: 0.0361
 Mean event_replay_task_valid loss: 0.6953
Mean event_replay_task_detail_valid loss: 0.6953
       Mean event_replay_task loss: 0.0000
      Mean event_replay_skill loss: 0.6500
     Mean event_replay_motion loss: 1.0405
Mean event_replay_interaction loss: 0.1729
Mean event_replay_task_subgoal loss: 0.0003
Mean event_replay_skill_parameter loss: 0.0230
  Mean event_replay_parameter loss: 0.0231
Mean event_replay_barrier_quality loss: 0.5050
Mean event_replay_unsafe_fraction loss: 0.0000
Mean event_replay_buffer_unsafe_fraction loss: 0.0000
Mean event_replay_buffer_delivery loss: 0.7068
Mean event_replay_buffer_recovery loss: 0.0000
Mean event_replay_sample_delivery loss: 0.6965
Mean event_replay_sample_recovery loss: 0.0000
Mean event_replay_sample_raw_delivery loss: 0.6953
Mean event_replay_sample_raw_recovery loss: 0.0000
Mean event_replay_recovery_pressure loss: 0.0000
Mean event_replay_recovery_adapter_gate loss: 0.0000
Mean event_replay_buffer_approach loss: 0.8188
Mean event_replay_sample_approach loss: 0.6228
Mean event_replay_sample_raw_approach loss: 0.6222
Mean event_replay_buffer_secure loss: 0.1297
Mean event_replay_sample_secure loss: 0.2586
Mean event_replay_sample_raw_secure loss: 0.2584
Mean event_replay_buffer_release loss: 0.0515
Mean event_replay_sample_release loss: 0.1186
Mean event_replay_sample_raw_release loss: 0.1194
Mean payload_survival_replay_size loss: 334.0000
Mean payload_survival_replay_support loss: 1.0000
Mean payload_survival_replay_drop_fraction loss: 0.4999
Mean payload_survival_replay_prediction loss: 0.5000
Mean payload_survival_replay_drop_prediction loss: 0.5000
Mean payload_survival_replay_retain_prediction loss: 0.5000
Mean payload_survival_replay_separation loss: 0.0000
Mean payload_survival_replay_accuracy loss: 0.5000
Mean payload_survival_replay_rank_loss loss: 0.7185
Mean payload_survival_replay_rank_gap loss: 0.0000
Mean payload_survival_replay_rank_accuracy loss: 0.0000
Mean payload_survival_replay_rank_pairs loss: 81.0000
      Mean event_replay_added loss: 256.0000
Mean event_replay_append_task_valid loss: 0.6992
Mean event_replay_task_relabel loss: 0.3008
Mean event_replay_interaction_relabel loss: 0.2617
Mean event_replay_append_delivery loss: 0.6992
Mean event_replay_append_recovery loss: 0.0000
Mean event_replay_append_payload_recovery loss: 0.0000
Mean payload_survival_replay_added loss: 36.0000
Mean payload_survival_replay_append_drop_fraction loss: 0.0000
      Mean hierarchy_cbf_dual loss: 0.5198
      Mean hierarchy_clf_dual loss: 0.2998
Mean hierarchy_cbf_violation_ema loss: 0.2477
Mean hierarchy_clf_violation_ema loss: 0.0308
Mean physical_adaptation_active loss: 0.0000
Mean physical_adaptation_stage loss: -10.0000
 Mean hierarchy_only_training loss: 0.0000
Mean decomposition_only_training loss: 0.0000
Mean motion_selector_only_training loss: 0.0000
Mean interaction_selector_only_training loss: 0.0000
Mean motion_skill_only_training loss: 0.0000
Mean payload_motion_only_training loss: 0.0000
Mean recovery_adapter_only_training loss: 0.0000
 Mean auxiliary_learning_rate loss: 0.0000
Mean payload_survival_learning_rate loss: 0.0003
Mean physical_core_learning_rate loss: 0.0000
Mean physical_adapter_learning_rate loss: 0.0000
Mean skill_information_reward loss: -0.0045
 Mean task_information_reward loss: 0.0000
                       Mean reward: -119.29
               Mean episode length: 78.42
   Episode_Reward/term_bad_contact: 0.0000
          Episode_Reward/term_tilt: -0.0139
    Episode_Reward/term_low_height: 0.0000
      Episode_Reward/leg_action_l2: -0.0020
   Episode_Reward/tracking_lin_vel: 0.0000
Episode_Reward/tracking_ang_vel_yaw_l1: 0.0000
Episode_Reward/tracking_ang_vel_yaw_exp: 0.0000
Episode_Reward/tracking_lin_vel_y_l2: 0.0000
Episode_Reward/tracking_lin_vel_z_l2: 0.0000
            Episode_Reward/survive: 0.0000
    Episode_Reward/foot_contacts_z: 0.0000
            Episode_Reward/torques: -0.0060
 Episode_Reward/tracking_lin_vel_y: 0.0000
          Episode_Reward/lin_vel_z: -0.0014
         Episode_Reward/ang_vel_xy: -0.0149
   Episode_Reward/tracking_ang_vel: 0.0008
               Episode_Reward/work: -0.0297
            Episode_Reward/dof_acc: -0.0641
        Episode_Reward/action_rate: -0.0010
     Episode_Reward/dof_pos_limits: -0.0000
      Episode_Reward/delta_torques: -0.0000
          Episode_Reward/collision: -0.1458
        Episode_Reward/walking_dof: 0.0012
            Episode_Reward/hip_pos: -0.0013
          Episode_Reward/feet_jerk: 0.0000
              Episode_Reward/alive: 0.0077
          Episode_Reward/feet_drag: -0.0003
Episode_Reward/feet_contact_forces: -0.0041
               Episode_Reward/roll: -0.0017
        Episode_Reward/base_height: -0.0048
Episode_Reward/tracking_lin_vel_max: 0.0107
Episode_Reward/flat_orientation_l2: -0.0004
  Episode_Reward/air_time_variance: -0.0001
        Episode_Reward/feet_height: 0.0000
      Episode_Reward/feet_air_time: -0.0000
Episode_Reward/update_last_buffers: 0.0000
   Episode_Reward/wheel_idle_speed: -0.3812
    Episode_Reward/wheel_action_l2: -0.0001
  Episode_Reward/wheel_action_rate: 0.0000
  Episode_Reward/wheel_forward_use: 0.0000
 Episode_Reward/wheel_turn_support: 0.0043
Episode_Reward/tactic_mission_completion: 0.0000
Episode_Reward/tactic_mission_success: 0.0000
Episode_Reward/tactic_task_progress: -0.0003
Episode_Reward/tactic_task_tracking: 0.0007
 Episode_Reward/tactic_ee_tracking: 0.0040
  Episode_Reward/tactic_valid_task: 0.0016
Episode_Reward/tactic_invalid_task: 0.0000
Episode_Reward/tactic_option_switch: -0.0000
Episode_Reward/tactic_control_progress: -0.0001
  Episode_Reward/tactic_cbf_margin: 0.0000
Episode_Reward/tactic_predicted_margin: 0.0000
Episode_Reward/tactic_clf_decrease: 0.0000
Episode_Reward/tactic_disturbance_rejection: 0.0000
Episode_Reward/tactic_safety_violation: -0.0013
Episode_Reward/tactic_unsafe_progress: -0.0000
Episode_Reward/tactic_object_contact: 0.0000
 Episode_Reward/tactic_object_lift: 0.0000
Episode_Reward/tactic_object_transport: 0.0000
Episode_Reward/tactic_object_place: 0.0000
Episode_Reward/tactic_object_completion: 0.0000
Episode_Reward/tactic_interaction_frontier: 0.0000
  Episode_Reward/tactic_grasp_hold: 0.0000
Episode_Reward/tactic_payload_progress: 0.0000
Episode_Reward/tactic_release_readiness: 0.0000
Episode_Reward/tactic_intended_release: 0.0000
Episode_Reward/tactic_payload_retention: 0.0000
Episode_Reward/tactic_payload_drop: 0.0000
Episode_Reward/tactic_release_quality: 0.0000
Episode_Reward/tactic_wrong_object_interaction: 0.0000
 Episode_Reward/tactic_all_objects: 0.0000
Metrics/locomotion/TACTIC/mission_completion: 0.0000
Metrics/locomotion/TACTIC/mission_completion_delta: 0.0000
Metrics/locomotion/TACTIC/mission_success: 0.0000
Metrics/locomotion/TACTIC/task_progress: 0.0585
Metrics/locomotion/TACTIC/task_progress_delta: -0.0019
Metrics/locomotion/TACTIC/task_error: 1.5133
Metrics/locomotion/TACTIC/ee_error: 0.4692
Metrics/locomotion/TACTIC/tcp_object_distance: 0.5623
Metrics/locomotion/TACTIC/goal_object_distance: 0.2083
Metrics/locomotion/TACTIC/finger_object_distance: 0.6269
Metrics/locomotion/TACTIC/object_target_distance: 0.1852
Metrics/locomotion/TACTIC/recovery_task_executed: 0.0000
Metrics/locomotion/TACTIC/recovery_task_probability: 0.0000
Metrics/locomotion/TACTIC/executed_task_probability: 1.0000
Metrics/locomotion/TACTIC/task_constraint_projection: 0.0000
Metrics/locomotion/TACTIC/recovery_latch_seen: 0.0000
Metrics/locomotion/TACTIC/recovery_valid_seen: 0.0000
Metrics/locomotion/TACTIC/recovery_pressure_seen: 0.0000
Metrics/locomotion/TACTIC/cbf_margin: 0.0000
Metrics/locomotion/TACTIC/predicted_margin: 0.0000
Metrics/locomotion/TACTIC/clf_decrease: 1.0285
Metrics/locomotion/TACTIC/disturbance_estimate: 2.0000
Metrics/locomotion/TACTIC/base_height: 0.2557
Metrics/locomotion/TACTIC/base_tilt: 0.5196
Metrics/locomotion/TACTIC/control_recovery_pressure: 1.0000
Metrics/locomotion/TACTIC/control_recovery_active: 1.0000
Metrics/locomotion/TACTIC/control_recovery_constraint_active: 1.0000
Metrics/locomotion/TACTIC/payload_posture_projection: 0.0000
Metrics/locomotion/TACTIC/payload_relation_violation: 0.0000
 Metrics/locomotion/TACTIC/base_vx: 0.5035
 Metrics/locomotion/TACTIC/base_vy: -0.2840
 Metrics/locomotion/TACTIC/base_wz: 6.4620
Metrics/locomotion/TACTIC/support_count: 0.0000
Metrics/locomotion/TACTIC/obstacle_margin: 0.8732
Metrics/locomotion/TACTIC/gripper_closure: 0.1029
Metrics/locomotion/TACTIC/manipulation_active: 1.0000
Metrics/locomotion/TACTIC/grasp_active: 1.0000
Metrics/locomotion/TACTIC/grasp_orientation_active: 0.0000
Metrics/locomotion/TACTIC/grasp_orientation_error: 0.0000
Metrics/locomotion/TACTIC/interaction_authority: 0.0000
Metrics/locomotion/TACTIC/workspace_handoff: 0.0000
Metrics/locomotion/TACTIC/grasp_projection_distance: 0.0000
Metrics/locomotion/TACTIC/grasp_center_error: 0.0000
Metrics/locomotion/TACTIC/capture_staging_distance: 0.9687
Metrics/locomotion/TACTIC/capture_heading_error: 2.5161
Metrics/locomotion/TACTIC/capture_initiation_margin: -4.5913
Metrics/locomotion/TACTIC/selected_delivery_side: 1.0000
Metrics/locomotion/TACTIC/capture_lift_active: 0.0000
Metrics/locomotion/TACTIC/command_vx: -0.0041
Metrics/locomotion/TACTIC/command_vy: -0.0024
Metrics/locomotion/TACTIC/command_wz: 0.2054
Metrics/locomotion/TACTIC/curriculum_level: 0.0000
Metrics/locomotion/TACTIC/curriculum_frontier: 0.0000
Metrics/locomotion/TACTIC/curriculum_probe: 0.0000
Metrics/locomotion/TACTIC/interaction_start_curriculum: 1.0000
Metrics/locomotion/TACTIC/interaction_start_probability: 1.0000
Metrics/locomotion/TACTIC/composition_probe_probability: 0.0162
Metrics/locomotion/TACTIC/curriculum_completion_ema: 0.0000
Metrics/locomotion/TACTIC/curriculum_progress_ema: 0.0736
Metrics/locomotion/TACTIC/curriculum_safety_ema: 0.6331
Metrics/locomotion/TACTIC/episode_safety_fraction: 0.8919
Metrics/locomotion/TACTIC/curriculum_contact_ema: 0.0108
Metrics/locomotion/TACTIC/curriculum_lift_ema: 0.0117
Metrics/locomotion/TACTIC/curriculum_transport_ema: 0.0136
Metrics/locomotion/TACTIC/curriculum_place_ema: 0.0000
Metrics/locomotion/TACTIC/curriculum_delivery_completion_ema: 0.0000
Metrics/locomotion/TACTIC/curriculum_regression_streak: 0.0000
Metrics/locomotion/TACTIC/required_task_count: 1.0000
Metrics/locomotion/TACTIC/object_completion_mean: 0.0000
Metrics/locomotion/TACTIC/object_contact_mean: 0.0000
Metrics/locomotion/TACTIC/object_lift_mean: 0.0000
Metrics/locomotion/TACTIC/object_transport_mean: 0.0000
Metrics/locomotion/TACTIC/object_place_mean: 0.0000
Metrics/locomotion/TACTIC/object_target_progress_mean: 0.0547
Metrics/locomotion/TACTIC/object_target_progress_delta_mean: 0.0000
Metrics/locomotion/TACTIC/object_release_readiness_mean: 0.0000
Metrics/locomotion/TACTIC/object_release_readiness_delta_mean: 0.0000
Metrics/locomotion/TACTIC/object_release_event_mean: 0.0000
Metrics/locomotion/TACTIC/object_drop_event_mean: 0.0000
Metrics/locomotion/TACTIC/object_gripper_distance_mean: 0.9267
Metrics/locomotion/TACTIC/object_carrying_mean: 0.0000
Metrics/locomotion/TACTIC/object_carry_memory_mean: 0.0000
Metrics/locomotion/TACTIC/interaction_frontier_mean: 0.0000
Metrics/locomotion/TACTIC/interaction_frontier_delta_mean: 0.0000
Metrics/locomotion/TACTIC/contact_symmetry_mean: 0.0000
 Metrics/locomotion/TACTIC/task_id: 9.0000
Metrics/locomotion/TACTIC/skill_id: 3.0000
Metrics/locomotion/TACTIC/object_id: 4.0000
Metrics/locomotion/TACTIC/effective_object_id: 4.0000
Metrics/locomotion/TACTIC/selected_object_contact: 0.0000
Metrics/locomotion/TACTIC/selected_object_lift: 0.0000
Metrics/locomotion/TACTIC/selected_object_transport: 0.0000
Metrics/locomotion/TACTIC/selected_object_place: 0.0000
Metrics/locomotion/TACTIC/selected_object_completion: 0.0000
Metrics/locomotion/TACTIC/selected_object_carrying: 0.0000
Metrics/locomotion/TACTIC/selected_object_carry_memory: 0.0000
Metrics/locomotion/TACTIC/selected_object_target_progress: 0.3284
Metrics/locomotion/TACTIC/selected_object_target_progress_delta: 0.0000
Metrics/locomotion/TACTIC/selected_object_release_readiness: 0.0000
Metrics/locomotion/TACTIC/selected_object_release_readiness_delta: 0.0000
Metrics/locomotion/TACTIC/selected_object_release_event: 0.0000
Metrics/locomotion/TACTIC/selected_object_drop_event: 0.0000
Metrics/locomotion/TACTIC/selected_object_gripper_distance: 0.5633
Metrics/locomotion/TACTIC/selected_object_place_error_xy: 0.1801
Metrics/locomotion/TACTIC/selected_object_place_error_z: 0.0430
Metrics/locomotion/TACTIC/selected_interaction_frontier: 0.0000
Metrics/locomotion/TACTIC/selected_interaction_frontier_delta: 0.0000
Metrics/locomotion/TACTIC/selected_reachability: 0.0000
Metrics/locomotion/TACTIC/task_switch: 0.0000
Metrics/locomotion/TACTIC/skill_switch: 0.0000
Metrics/locomotion/TACTIC/task_age: 0.0000
Metrics/locomotion/TACTIC/skill_age: 0.0000
Metrics/locomotion/TACTIC/task_hazard: 0.0000
Metrics/locomotion/TACTIC/skill_hazard: 0.0000
Metrics/locomotion/TACTIC/task_termination_probability: 0.0000
Metrics/locomotion/TACTIC/skill_termination_probability: 0.0000
Metrics/locomotion/TACTIC/task_entropy: 0.0000
Metrics/locomotion/TACTIC/skill_entropy: 0.5971
Metrics/locomotion/TACTIC/task_occupancy_entropy: 0.0000
Metrics/locomotion/TACTIC/skill_occupancy_entropy: 0.5971
Metrics/locomotion/TACTIC/skill_parameter_0: 0.0000
Metrics/locomotion/TACTIC/skill_parameter_1: 0.0000
Metrics/locomotion/TACTIC/skill_parameter_2: 0.0000
Metrics/locomotion/TACTIC/skill_parameter_3: 0.0000
Metrics/locomotion/TACTIC/skill_parameter_4: 0.0000
Metrics/locomotion/TACTIC/skill_parameter_5: 0.0000
Metrics/locomotion/TACTIC/object_0_complete: 0.0000
Metrics/locomotion/TACTIC/object_1_complete: 0.0000
Metrics/locomotion/TACTIC/object_2_complete: 0.0000
Metrics/locomotion/TACTIC/object_3_complete: 0.0000
Metrics/locomotion/TACTIC/object_4_complete: 0.0000
Metrics/locomotion/TACTIC/object_5_complete: 0.0000
      Episode_Termination/time_out: 0.0000
   Episode_Termination/bad_contact: 0.0000
          Episode_Termination/tilt: 0.3438
    Episode_Termination/low_height: 0.0156
Episode_Termination/mission_success: 0.0000
--------------------------------------------------------------------------------
                   Total timesteps: 43008
                    Iteration time: 5.87s
                      Time elapsed: 00:01:24
                               ETA: 00:01:42

################################################################################
                       [1m Learning iteration 14/30 [0m                       

                       Computation: 524 steps/s (collection: 5.089s, learning 0.764s)
             Mean action noise std: 0.02
          Mean value_function loss: 22.0741
               Mean surrogate loss: 0.0559
                 Mean entropy loss: -102.7076
  Mean stability_teacher_loss loss: 0.0000
 Mean next_control_prediction loss: 0.0263
       Mean skill_feasibility loss: 0.6931
 Mean task_outcome_prediction loss: 0.0321
 Mean task_outcome_confidence loss: 1.5302
Mean task_outcome_confidence_mean loss: 0.1192
Mean skill_outcome_prediction loss: 0.0026
        Mean payload_survival loss: 0.6931
Mean payload_survival_support loss: 0.0195
   Mean payload_drop_fraction loss: 0.0000
Mean payload_survival_prediction loss: 0.5000
 Mean skill_effect_prediction loss: 0.0306
 Mean skill_effect_confidence loss: 1.6240
Mean skill_effect_confidence_mean loss: 0.1192
Mean motion_execution_prediction loss: 0.0399
Mean motion_execution_confidence loss: 1.4900
Mean embodiment_response_prediction loss: 0.0020
Mean embodiment_response_vx_abs loss: 0.0019
Mean embodiment_response_wz_abs loss: 0.0011
   Mean constraint_multiplier loss: 0.0092
Mean task_constraint_multiplier_mean loss: 0.1632
Mean skill_constraint_multiplier_mean loss: 0.1632
 Mean hierarchy_cbf_violation loss: 0.0436
Mean hierarchy_cbf_raw_violation loss: 0.0441
Mean hierarchy_cbf_transient_slack loss: 0.0049
 Mean hierarchy_clf_violation loss: 0.0016
Mean hierarchy_cbf_regression loss: 0.0197
Mean hierarchy_clf_regression loss: 0.0016
   Mean safe_task_achievement loss: -0.0003
  Mean safe_skill_achievement loss: -0.0015
Mean unsafe_positive_progress_rate loss: 0.0439
Mean motion_execution_confidence_mean loss: 0.1192
Mean grounded_effect_diversity loss: 0.0000
      Mean task_option_credit loss: -0.0517
     Mean skill_option_credit loss: -0.0247
    Mean event_hindsight_task loss: 0.0000
   Mean event_hindsight_skill loss: 2.5402
       Mean event_credit_mass loss: 0.0050
Mean task_option_advantage_abs loss: 0.2760
Mean skill_option_advantage_abs loss: 0.3005
         Mean task_transition loss: 2.3559
        Mean skill_transition loss: 1.6325
       Mean motion_transition loss: 1.8015
  Mean interaction_transition loss: 1.3788
Mean interaction_active_fraction loss: 0.9993
              Mean task_usage loss: 0.0000
  Mean task_frontier_coverage loss: 0.0000
Mean selected_frontier_probability loss: 0.8052
       Mean interaction_phase loss: 0.2628
Mean interaction_release_target loss: 0.0174
Mean interaction_release_frontier loss: 0.0032
Mean interaction_release_balance_weight loss: 1.1217
  Mean task_control_objective loss: 0.0109
        Mean task_clf_descent loss: 0.0013
  Mean task_barrier_authority loss: 0.0275
Mean skill_predictive_control loss: 0.0015
Mean relational_subgoal_grounding loss: 0.0000
  Mean task_subgoal_alignment loss: 1.0000
  Mean task_subgoal_authority loss: 0.4724
   Mean task_skill_projection loss: 0.0000
 Mean task_transient_capacity loss: 0.7950
   Mean task_posture_capacity loss: 0.8863
Mean task_projected_turn_demand loss: 0.3210
Mean task_semantic_turn_demand loss: 0.3210
Mean task_lateral_turn_demand loss: 0.0000
Mean task_target_yaw_residual loss: 0.5835
Mean task_interaction_authority loss: 0.0069
    Mean task_arm_scope_error loss: 0.0000
Mean counterfactual_task_selection loss: 0.0000
Mean counterfactual_task_target_entropy loss: 0.0000
Mean counterfactual_task_target_peak loss: 0.0000
Mean grounded_task_utility_span loss: 0.0000
      Mean task_outcome_blend loss: 0.0000
Mean grounded_task_target_agreement loss: 0.0000
Mean sampled_task_target_probability loss: 0.0000
Mean recovery_candidate_fraction loss: 0.0000
Mean recovery_task_probability loss: 0.0000
Mean recovery_target_probability loss: 0.0000
Mean counterfactual_termination loss: 0.4603
 Mean task_termination_target loss: 0.0000
Mean skill_termination_target loss: 0.4853
Mean payload_skill_barrier_pressure loss: 0.0000
Mean payload_transient_demand loss: 0.0058
Mean payload_skill_exit_target loss: 0.0000
Mean payload_survival_exit_target loss: 0.0000
Mean payload_survival_authority loss: 0.0000
        Mean task_switch_gain loss: 0.0000
       Mean skill_switch_gain loss: -0.0998
Mean counterfactual_skill_selection loss: 0.8114
Mean counterfactual_target_entropy loss: 0.6195
Mean counterfactual_target_peak loss: 0.8008
       Mean successor_decoder loss: 0.0777
  Mean successor_predicted_vx loss: -0.0015
  Mean successor_predicted_wz loss: -0.0066
 Mean successor_predicted_cbf loss: 0.5000
 Mean successor_predicted_clf loss: 0.5000
 Mean successor_cbf_violation loss: 0.0028
 Mean successor_clf_violation loss: 0.0001
             Mean skill_usage loss: 0.1920
        Mean skill_confidence loss: 0.7066
     Mean task_slot_diversity loss: 0.3948
Mean skill_embedding_diversity loss: 0.0621
   Mean motion_gain_diversity loss: 0.0000
Mean motion_objective_diversity loss: 0.0000
       Mean event_replay_size loss: 3660.0000
   Mean event_replay_priority loss: 0.0366
 Mean event_replay_task_valid loss: 0.6924
Mean event_replay_task_detail_valid loss: 0.6924
       Mean event_replay_task loss: 0.0000
      Mean event_replay_skill loss: 0.6655
     Mean event_replay_motion loss: 1.0685
Mean event_replay_interaction loss: 0.1728
Mean event_replay_task_subgoal loss: 0.0003
Mean event_replay_skill_parameter loss: 0.0224
  Mean event_replay_parameter loss: 0.0225
Mean event_replay_barrier_quality loss: 0.5113
Mean event_replay_unsafe_fraction loss: 0.0000
Mean event_replay_buffer_unsafe_fraction loss: 0.0000
Mean event_replay_buffer_delivery loss: 0.7077
Mean event_replay_buffer_recovery loss: 0.0000
Mean event_replay_sample_delivery loss: 0.6932
Mean event_replay_sample_recovery loss: 0.0000
Mean event_replay_sample_raw_delivery loss: 0.6924
Mean event_replay_sample_raw_recovery loss: 0.0000
Mean event_replay_recovery_pressure loss: 0.0000
Mean event_replay_recovery_adapter_gate loss: 0.0000
Mean event_replay_buffer_approach loss: 0.8197
Mean event_replay_sample_approach loss: 0.6200
Mean event_replay_sample_raw_approach loss: 0.6192
Mean event_replay_buffer_secure loss: 0.1305
Mean event_replay_sample_secure loss: 0.2621
Mean event_replay_sample_raw_secure loss: 0.2623
Mean event_replay_buffer_release loss: 0.0498
Mean event_replay_sample_release loss: 0.1179
Mean event_replay_sample_raw_release loss: 0.1185
Mean payload_survival_replay_size loss: 370.0000
Mean payload_survival_replay_support loss: 1.0000
Mean payload_survival_replay_drop_fraction loss: 0.4999
Mean payload_survival_replay_prediction loss: 0.5000
Mean payload_survival_replay_drop_prediction loss: 0.5000
Mean payload_survival_replay_retain_prediction loss: 0.5000
Mean payload_survival_replay_separation loss: 0.0000
Mean payload_survival_replay_accuracy loss: 0.5000
Mean payload_survival_replay_rank_loss loss: 0.7185
Mean payload_survival_replay_rank_gap loss: 0.0000
Mean payload_survival_replay_rank_accuracy loss: 0.0000
Mean payload_survival_replay_rank_pairs loss: 72.0000
      Mean event_replay_added loss: 256.0000
Mean event_replay_append_task_valid loss: 0.6992
Mean event_replay_task_relabel loss: 0.3008
Mean event_replay_interaction_relabel loss: 0.1641
Mean event_replay_append_delivery loss: 0.7188
Mean event_replay_append_recovery loss: 0.0000
Mean event_replay_append_payload_recovery loss: 0.0000
Mean payload_survival_replay_added loss: 36.0000
Mean payload_survival_replay_append_drop_fraction loss: 0.0000
      Mean hierarchy_cbf_dual loss: 0.5195
      Mean hierarchy_clf_dual loss: 0.2959
Mean hierarchy_cbf_violation_ema loss: 0.2375
Mean hierarchy_clf_violation_ema loss: 0.0294
Mean physical_adaptation_active loss: 0.0000
Mean physical_adaptation_stage loss: -10.0000
 Mean hierarchy_only_training loss: 0.0000
Mean decomposition_only_training loss: 0.0000
Mean motion_selector_only_training loss: 0.0000
Mean interaction_selector_only_training loss: 0.0000
Mean motion_skill_only_training loss: 0.0000
Mean payload_motion_only_training loss: 0.0000
Mean recovery_adapter_only_training loss: 0.0000
 Mean auxiliary_learning_rate loss: 0.0000
Mean payload_survival_learning_rate loss: 0.0003
Mean physical_core_learning_rate loss: 0.0000
Mean physical_adapter_learning_rate loss: 0.0000
Mean skill_information_reward loss: -0.0048
 Mean task_information_reward loss: 0.0000
                       Mean reward: -121.67
               Mean episode length: 82.85
   Episode_Reward/term_bad_contact: 0.0000
          Episode_Reward/term_tilt: -0.0139
    Episode_Reward/term_low_height: 0.0000
      Episode_Reward/leg_action_l2: -0.0023
   Episode_Reward/tracking_lin_vel: 0.0000
Episode_Reward/tracking_ang_vel_yaw_l1: 0.0000
Episode_Reward/tracking_ang_vel_yaw_exp: 0.0000
Episode_Reward/tracking_lin_vel_y_l2: 0.0000
Episode_Reward/tracking_lin_vel_z_l2: 0.0000
            Episode_Reward/survive: 0.0000
    Episode_Reward/foot_contacts_z: 0.0000
            Episode_Reward/torques: -0.0095
 Episode_Reward/tracking_lin_vel_y: 0.0000
          Episode_Reward/lin_vel_z: -0.0007
         Episode_Reward/ang_vel_xy: -0.0051
   Episode_Reward/tracking_ang_vel: 0.0018
               Episode_Reward/work: -0.0413
            Episode_Reward/dof_acc: -0.1175
        Episode_Reward/action_rate: -0.0020
     Episode_Reward/dof_pos_limits: -0.0000
      Episode_Reward/delta_torques: -0.0000
          Episode_Reward/collision: -0.3076
        Episode_Reward/walking_dof: 0.0013
            Episode_Reward/hip_pos: -0.0023
          Episode_Reward/feet_jerk: 0.0000
              Episode_Reward/alive: 0.0124
          Episode_Reward/feet_drag: -0.0007
Episode_Reward/feet_contact_forces: -0.0077
               Episode_Reward/roll: -0.0016
        Episode_Reward/base_height: -0.0097
Episode_Reward/tracking_lin_vel_max: 0.0173
Episode_Reward/flat_orientation_l2: -0.0005
  Episode_Reward/air_time_variance: -0.0003
        Episode_Reward/feet_height: 0.0000
      Episode_Reward/feet_air_time: -0.0000
Episode_Reward/update_last_buffers: 0.0000
   Episode_Reward/wheel_idle_speed: -0.4910
    Episode_Reward/wheel_action_l2: -0.0003
  Episode_Reward/wheel_action_rate: 0.0000
  Episode_Reward/wheel_forward_use: 0.0000
 Episode_Reward/wheel_turn_support: 0.0073
Episode_Reward/tactic_mission_completion: 0.0000
Episode_Reward/tactic_mission_success: 0.0000
Episode_Reward/tactic_task_progress: -0.0002
Episode_Reward/tactic_task_tracking: 0.0015
 Episode_Reward/tactic_ee_tracking: 0.0130
  Episode_Reward/tactic_valid_task: 0.0025
Episode_Reward/tactic_invalid_task: 0.0000
Episode_Reward/tactic_option_switch: -0.0000
Episode_Reward/tactic_control_progress: -0.0001
  Episode_Reward/tactic_cbf_margin: 0.0000
Episode_Reward/tactic_predicted_margin: 0.0000
Episode_Reward/tactic_clf_decrease: 0.0000
Episode_Reward/tactic_disturbance_rejection: 0.0000
Episode_Reward/tactic_safety_violation: -0.0048
Episode_Reward/tactic_unsafe_progress: -0.0000
Episode_Reward/tactic_object_contact: 0.0000
 Episode_Reward/tactic_object_lift: 0.0000
Episode_Reward/tactic_object_transport: 0.0000
Episode_Reward/tactic_object_place: 0.0000
Episode_Reward/tactic_object_completion: 0.0000
Episode_Reward/tactic_interaction_frontier: 0.0000
  Episode_Reward/tactic_grasp_hold: 0.0000
Episode_Reward/tactic_payload_progress: 0.0000
Episode_Reward/tactic_release_readiness: 0.0000
Episode_Reward/tactic_intended_release: 0.0000
Episode_Reward/tactic_payload_retention: 0.0000
Episode_Reward/tactic_payload_drop: 0.0000
Episode_Reward/tactic_release_quality: 0.0000
Episode_Reward/tactic_wrong_object_interaction: 0.0000
 Episode_Reward/tactic_all_objects: 0.0000
Metrics/locomotion/TACTIC/mission_completion: 0.0000
Metrics/locomotion/TACTIC/mission_completion_delta: 0.0000
Metrics/locomotion/TACTIC/mission_success: 0.0000
Metrics/locomotion/TACTIC/task_progress: 0.0179
Metrics/locomotion/TACTIC/task_progress_delta: -0.0005
Metrics/locomotion/TACTIC/task_error: 2.8428
Metrics/locomotion/TACTIC/ee_error: 0.1948
Metrics/locomotion/TACTIC/tcp_object_distance: 3.0381
Metrics/locomotion/TACTIC/goal_object_distance: 2.9730
Metrics/locomotion/TACTIC/finger_object_distance: 3.0599
Metrics/locomotion/TACTIC/object_target_distance: 2.9944
Metrics/locomotion/TACTIC/recovery_task_executed: 0.0000
Metrics/locomotion/TACTIC/recovery_task_probability: 0.0000
Metrics/locomotion/TACTIC/executed_task_probability: 1.0000
Metrics/locomotion/TACTIC/task_constraint_projection: 0.0000
Metrics/locomotion/TACTIC/recovery_latch_seen: 0.0000
Metrics/locomotion/TACTIC/recovery_valid_seen: 0.0000
Metrics/locomotion/TACTIC/recovery_pressure_seen: 0.0000
Metrics/locomotion/TACTIC/cbf_margin: 0.0000
Metrics/locomotion/TACTIC/predicted_margin: 0.0000
Metrics/locomotion/TACTIC/clf_decrease: 0.6331
Metrics/locomotion/TACTIC/disturbance_estimate: 0.8846
Metrics/locomotion/TACTIC/base_height: 0.3963
Metrics/locomotion/TACTIC/base_tilt: 0.5491
Metrics/locomotion/TACTIC/control_recovery_pressure: 1.0000
Metrics/locomotion/TACTIC/control_recovery_active: 1.0000
Metrics/locomotion/TACTIC/control_recovery_constraint_active: 1.0000
Metrics/locomotion/TACTIC/payload_posture_projection: 0.0000
Metrics/locomotion/TACTIC/payload_relation_violation: 0.0000
 Metrics/locomotion/TACTIC/base_vx: 0.0788
 Metrics/locomotion/TACTIC/base_vy: 0.2798
 Metrics/locomotion/TACTIC/base_wz: 2.0984
Metrics/locomotion/TACTIC/support_count: 2.8333
Metrics/locomotion/TACTIC/obstacle_margin: 0.9398
Metrics/locomotion/TACTIC/gripper_closure: 0.0725
Metrics/locomotion/TACTIC/manipulation_active: 1.0000
Metrics/locomotion/TACTIC/grasp_active: 1.0000
Metrics/locomotion/TACTIC/grasp_orientation_active: 0.0000
Metrics/locomotion/TACTIC/grasp_orientation_error: 0.0000
Metrics/locomotion/TACTIC/interaction_authority: 0.0000
Metrics/locomotion/TACTIC/workspace_handoff: 0.0000
Metrics/locomotion/TACTIC/grasp_projection_distance: 0.0000
Metrics/locomotion/TACTIC/grasp_center_error: 0.0000
Metrics/locomotion/TACTIC/capture_staging_distance: 2.5300
Metrics/locomotion/TACTIC/capture_heading_error: 2.3523
Metrics/locomotion/TACTIC/capture_initiation_margin: -8.6573
Metrics/locomotion/TACTIC/selected_delivery_side: 1.0000
Metrics/locomotion/TACTIC/capture_lift_active: 0.0000
Metrics/locomotion/TACTIC/command_vx: 0.0021
Metrics/locomotion/TACTIC/command_vy: -0.0008
Metrics/locomotion/TACTIC/command_wz: -0.1671
Metrics/locomotion/TACTIC/curriculum_level: 0.0000
Metrics/locomotion/TACTIC/curriculum_frontier: 0.0000
Metrics/locomotion/TACTIC/curriculum_probe: 0.0000
Metrics/locomotion/TACTIC/interaction_start_curriculum: 1.0000
Metrics/locomotion/TACTIC/interaction_start_probability: 1.0000
Metrics/locomotion/TACTIC/composition_probe_probability: 0.0156
Metrics/locomotion/TACTIC/curriculum_completion_ema: 0.0000
Metrics/locomotion/TACTIC/curriculum_progress_ema: 0.0731
Metrics/locomotion/TACTIC/curriculum_safety_ema: 0.6421
Metrics/locomotion/TACTIC/episode_safety_fraction: 0.8463
Metrics/locomotion/TACTIC/curriculum_contact_ema: 0.0104
Metrics/locomotion/TACTIC/curriculum_lift_ema: 0.0113
Metrics/locomotion/TACTIC/curriculum_transport_ema: 0.0131
Metrics/locomotion/TACTIC/curriculum_place_ema: 0.0000
Metrics/locomotion/TACTIC/curriculum_delivery_completion_ema: 0.0000
Metrics/locomotion/TACTIC/curriculum_regression_streak: 0.0000
Metrics/locomotion/TACTIC/required_task_count: 1.0000
Metrics/locomotion/TACTIC/object_completion_mean: 0.0000
Metrics/locomotion/TACTIC/object_contact_mean: 0.0000
Metrics/locomotion/TACTIC/object_lift_mean: 0.0000
Metrics/locomotion/TACTIC/object_transport_mean: 0.0000
Metrics/locomotion/TACTIC/object_place_mean: 0.0000
Metrics/locomotion/TACTIC/object_target_progress_mean: -0.1021
Metrics/locomotion/TACTIC/object_target_progress_delta_mean: 0.0000
Metrics/locomotion/TACTIC/object_release_readiness_mean: 0.0000
Metrics/locomotion/TACTIC/object_release_readiness_delta_mean: 0.0000
Metrics/locomotion/TACTIC/object_release_event_mean: 0.0000
Metrics/locomotion/TACTIC/object_drop_event_mean: 0.0000
Metrics/locomotion/TACTIC/object_gripper_distance_mean: 1.4650
Metrics/locomotion/TACTIC/object_carrying_mean: 0.0000
Metrics/locomotion/TACTIC/object_carry_memory_mean: 0.0000
Metrics/locomotion/TACTIC/interaction_frontier_mean: 0.0000
Metrics/locomotion/TACTIC/interaction_frontier_delta_mean: 0.0000
Metrics/locomotion/TACTIC/contact_symmetry_mean: 0.0000
 Metrics/locomotion/TACTIC/task_id: 9.0000
Metrics/locomotion/TACTIC/skill_id: 0.8750
Metrics/locomotion/TACTIC/object_id: 4.0000
Metrics/locomotion/TACTIC/effective_object_id: 4.0000
Metrics/locomotion/TACTIC/selected_object_contact: 0.0000
Metrics/locomotion/TACTIC/selected_object_lift: 0.0000
Metrics/locomotion/TACTIC/selected_object_transport: 0.0000
Metrics/locomotion/TACTIC/selected_object_place: 0.0000
Metrics/locomotion/TACTIC/selected_object_completion: 0.0000
Metrics/locomotion/TACTIC/selected_object_carrying: 0.0000
Metrics/locomotion/TACTIC/selected_object_carry_memory: 0.0000
Metrics/locomotion/TACTIC/selected_object_target_progress: -0.6125
Metrics/locomotion/TACTIC/selected_object_target_progress_delta: 0.0000
Metrics/locomotion/TACTIC/selected_object_release_readiness: 0.0000
Metrics/locomotion/TACTIC/selected_object_release_readiness_delta: 0.0000
Metrics/locomotion/TACTIC/selected_object_release_event: 0.0000
Metrics/locomotion/TACTIC/selected_object_drop_event: 0.0000
Metrics/locomotion/TACTIC/selected_object_gripper_distance: 3.0423
Metrics/locomotion/TACTIC/selected_object_place_error_xy: 2.9404
Metrics/locomotion/TACTIC/selected_object_place_error_z: 0.5657
Metrics/locomotion/TACTIC/selected_interaction_frontier: 0.0000
Metrics/locomotion/TACTIC/selected_interaction_frontier_delta: 0.0000
Metrics/locomotion/TACTIC/selected_reachability: 0.0000
Metrics/locomotion/TACTIC/task_switch: 0.0000
Metrics/locomotion/TACTIC/skill_switch: 0.0000
Metrics/locomotion/TACTIC/task_age: 0.0000
Metrics/locomotion/TACTIC/skill_age: 0.0000
Metrics/locomotion/TACTIC/task_hazard: 0.0000
Metrics/locomotion/TACTIC/skill_hazard: 0.0000
Metrics/locomotion/TACTIC/task_termination_probability: 0.0000
Metrics/locomotion/TACTIC/skill_termination_probability: 0.0000
Metrics/locomotion/TACTIC/task_entropy: 0.0000
Metrics/locomotion/TACTIC/skill_entropy: 0.6069
Metrics/locomotion/TACTIC/task_occupancy_entropy: 0.0000
Metrics/locomotion/TACTIC/skill_occupancy_entropy: 0.6069
Metrics/locomotion/TACTIC/skill_parameter_0: 0.0000
Metrics/locomotion/TACTIC/skill_parameter_1: 0.0000
Metrics/locomotion/TACTIC/skill_parameter_2: 0.0000
Metrics/locomotion/TACTIC/skill_parameter_3: 0.0000
Metrics/locomotion/TACTIC/skill_parameter_4: 0.0000
Metrics/locomotion/TACTIC/skill_parameter_5: 0.0000
Metrics/locomotion/TACTIC/object_0_complete: 0.0000
Metrics/locomotion/TACTIC/object_1_complete: 0.0000
Metrics/locomotion/TACTIC/object_2_complete: 0.0000
Metrics/locomotion/TACTIC/object_3_complete: 0.0000
Metrics/locomotion/TACTIC/object_4_complete: 0.0000
Metrics/locomotion/TACTIC/object_5_complete: 0.0000
      Episode_Termination/time_out: 0.0000
   Episode_Termination/bad_contact: 0.0000
          Episode_Termination/tilt: 0.3493
    Episode_Termination/low_height: 0.0156
Episode_Termination/mission_success: 0.0000
--------------------------------------------------------------------------------
                   Total timesteps: 46080
                    Iteration time: 5.85s
                      Time elapsed: 00:01:30
                               ETA: 00:01:36

################################################################################
                       [1m Learning iteration 15/30 [0m                       

                       Computation: 514 steps/s (collection: 5.212s, learning 0.760s)
             Mean action noise std: 0.02
          Mean value_function loss: 22.4236
               Mean surrogate loss: 0.0854
                 Mean entropy loss: -102.7114
  Mean stability_teacher_loss loss: 0.0000
 Mean next_control_prediction loss: 0.0245
       Mean skill_feasibility loss: 0.6931
 Mean task_outcome_prediction loss: 0.0321
 Mean task_outcome_confidence loss: 1.5310
Mean task_outcome_confidence_mean loss: 0.1192
Mean skill_outcome_prediction loss: 0.0018
        Mean payload_survival loss: 0.6931
Mean payload_survival_support loss: 0.0202
   Mean payload_drop_fraction loss: 0.0000
Mean payload_survival_prediction loss: 0.5000
 Mean skill_effect_prediction loss: 0.0308
 Mean skill_effect_confidence loss: 1.6255
Mean skill_effect_confidence_mean loss: 0.1192
Mean motion_execution_prediction loss: 0.0405
Mean motion_execution_confidence loss: 1.4867
Mean embodiment_response_prediction loss: 0.0005
Mean embodiment_response_vx_abs loss: 0.0019
Mean embodiment_response_wz_abs loss: 0.0011
   Mean constraint_multiplier loss: 0.0079
Mean task_constraint_multiplier_mean loss: 0.1632
Mean skill_constraint_multiplier_mean loss: 0.1632
 Mean hierarchy_cbf_violation loss: 0.0311
Mean hierarchy_cbf_raw_violation loss: 0.0319
Mean hierarchy_cbf_transient_slack loss: 0.0038
 Mean hierarchy_clf_violation loss: 0.0000
Mean hierarchy_cbf_regression loss: 0.0054
Mean hierarchy_clf_regression loss: 0.0000
   Mean safe_task_achievement loss: -0.0013
  Mean safe_skill_achievement loss: -0.0015
Mean unsafe_positive_progress_rate loss: 0.0501
Mean motion_execution_confidence_mean loss: 0.1192
Mean grounded_effect_diversity loss: 0.0000
      Mean task_option_credit loss: -0.0069
     Mean skill_option_credit loss: -0.0102
    Mean event_hindsight_task loss: 0.0000
   Mean event_hindsight_skill loss: 3.9781
       Mean event_credit_mass loss: 0.0030
Mean task_option_advantage_abs loss: 0.2205
Mean skill_option_advantage_abs loss: 0.3346
         Mean task_transition loss: 2.3526
        Mean skill_transition loss: 1.6628
       Mean motion_transition loss: 1.8411
  Mean interaction_transition loss: 1.3953
Mean interaction_active_fraction loss: 0.9993
              Mean task_usage loss: 0.0000
  Mean task_frontier_coverage loss: 0.0000
Mean selected_frontier_probability loss: 0.8056
       Mean interaction_phase loss: 0.2561
Mean interaction_release_target loss: 0.0177
Mean interaction_release_frontier loss: 0.0036
Mean interaction_release_balance_weight loss: 1.1240
  Mean task_control_objective loss: 0.0123
        Mean task_clf_descent loss: 0.0016
  Mean task_barrier_authority loss: 0.0303
Mean skill_predictive_control loss: 0.0016
Mean relational_subgoal_grounding loss: 0.0000
  Mean task_subgoal_alignment loss: 1.0000
  Mean task_subgoal_authority loss: 0.4659
   Mean task_skill_projection loss: 0.0000
 Mean task_transient_capacity loss: 0.7889
   Mean task_posture_capacity loss: 0.8731
Mean task_projected_turn_demand loss: 0.3194
Mean task_semantic_turn_demand loss: 0.3194
Mean task_lateral_turn_demand loss: 0.0000
Mean task_target_yaw_residual loss: 0.5806
Mean task_interaction_authority loss: 0.0061
    Mean task_arm_scope_error loss: 0.0000
Mean counterfactual_task_selection loss: 0.0000
Mean counterfactual_task_target_entropy loss: 0.0000
Mean counterfactual_task_target_peak loss: 0.0000
Mean grounded_task_utility_span loss: 0.0000
      Mean task_outcome_blend loss: 0.0000
Mean grounded_task_target_agreement loss: 0.0000
Mean sampled_task_target_probability loss: 0.0000
Mean recovery_candidate_fraction loss: 0.0000
Mean recovery_task_probability loss: 0.0000
Mean recovery_target_probability loss: 0.0000
Mean counterfactual_termination loss: 0.4517
 Mean task_termination_target loss: 0.0000
Mean skill_termination_target loss: 0.4524
Mean payload_skill_barrier_pressure loss: 0.0000
Mean payload_transient_demand loss: 0.0187
Mean payload_skill_exit_target loss: 0.0000
Mean payload_survival_exit_target loss: 0.0000
Mean payload_survival_authority loss: 0.0000
        Mean task_switch_gain loss: 0.0000
       Mean skill_switch_gain loss: -0.1349
Mean counterfactual_skill_selection loss: 0.7917
Mean counterfactual_target_entropy loss: 0.5981
Mean counterfactual_target_peak loss: 0.8142
       Mean successor_decoder loss: 0.0769
  Mean successor_predicted_vx loss: -0.0020
  Mean successor_predicted_wz loss: -0.0061
 Mean successor_predicted_cbf loss: 0.5000
 Mean successor_predicted_clf loss: 0.5000
 Mean successor_cbf_violation loss: 0.0030
 Mean successor_clf_violation loss: 0.0002
             Mean skill_usage loss: 0.1919
        Mean skill_confidence loss: 0.7015
     Mean task_slot_diversity loss: 0.3955
Mean skill_embedding_diversity loss: 0.0621
   Mean motion_gain_diversity loss: 0.0000
Mean motion_objective_diversity loss: 0.0000
       Mean event_replay_size loss: 3916.0000
   Mean event_replay_priority loss: 0.0358
 Mean event_replay_task_valid loss: 0.6914
Mean event_replay_task_detail_valid loss: 0.6914
       Mean event_replay_task loss: 0.0000
      Mean event_replay_skill loss: 0.6656
     Mean event_replay_motion loss: 1.0644
Mean event_replay_interaction loss: 0.1782
Mean event_replay_task_subgoal loss: 0.0003
Mean event_replay_skill_parameter loss: 0.0235
  Mean event_replay_parameter loss: 0.0236
Mean event_replay_barrier_quality loss: 0.5051
Mean event_replay_unsafe_fraction loss: 0.0000
Mean event_replay_buffer_unsafe_fraction loss: 0.0000
Mean event_replay_buffer_delivery loss: 0.7089
Mean event_replay_buffer_recovery loss: 0.0000
Mean event_replay_sample_delivery loss: 0.6924
Mean event_replay_sample_recovery loss: 0.0000
Mean event_replay_sample_raw_delivery loss: 0.6914
Mean event_replay_sample_raw_recovery loss: 0.0000
Mean event_replay_recovery_pressure loss: 0.0000
Mean event_replay_recovery_adapter_gate loss: 0.0000
Mean event_replay_buffer_approach loss: 0.8231
Mean event_replay_sample_approach loss: 0.6187
Mean event_replay_sample_raw_approach loss: 0.6172
Mean event_replay_buffer_secure loss: 0.1261
Mean event_replay_sample_secure loss: 0.2594
Mean event_replay_sample_raw_secure loss: 0.2599
Mean event_replay_buffer_release loss: 0.0508
Mean event_replay_sample_release loss: 0.1218
Mean event_replay_sample_raw_release loss: 0.1229
Mean payload_survival_replay_size loss: 406.0000
Mean payload_survival_replay_support loss: 1.0000
Mean payload_survival_replay_drop_fraction loss: 0.4999
Mean payload_survival_replay_prediction loss: 0.5000
Mean payload_survival_replay_drop_prediction loss: 0.5000
Mean payload_survival_replay_retain_prediction loss: 0.5000
Mean payload_survival_replay_separation loss: 0.0000
Mean payload_survival_replay_accuracy loss: 0.5000
Mean payload_survival_replay_rank_loss loss: 0.7185
Mean payload_survival_replay_rank_gap loss: 0.0000
Mean payload_survival_replay_rank_accuracy loss: 0.0000
Mean payload_survival_replay_rank_pairs loss: 88.0000
      Mean event_replay_added loss: 256.0000
Mean event_replay_append_task_valid loss: 0.7266
Mean event_replay_task_relabel loss: 0.2734
Mean event_replay_interaction_relabel loss: 0.1953
Mean event_replay_append_delivery loss: 0.7266
Mean event_replay_append_recovery loss: 0.0000
Mean event_replay_append_payload_recovery loss: 0.0000
Mean payload_survival_replay_added loss: 36.0000
Mean payload_survival_replay_append_drop_fraction loss: 0.0000
      Mean hierarchy_cbf_dual loss: 0.5186
      Mean hierarchy_clf_dual loss: 0.2919
Mean hierarchy_cbf_violation_ema loss: 0.2272
Mean hierarchy_clf_violation_ema loss: 0.0279
Mean physical_adaptation_active loss: 0.0000
Mean physical_adaptation_stage loss: -10.0000
 Mean hierarchy_only_training loss: 0.0000
Mean decomposition_only_training loss: 0.0000
Mean motion_selector_only_training loss: 0.0000
Mean interaction_selector_only_training loss: 0.0000
Mean motion_skill_only_training loss: 0.0000
Mean payload_motion_only_training loss: 0.0000
Mean recovery_adapter_only_training loss: 0.0000
 Mean auxiliary_learning_rate loss: 0.0000
Mean payload_survival_learning_rate loss: 0.0003
Mean physical_core_learning_rate loss: 0.0000
Mean physical_adapter_learning_rate loss: 0.0000
Mean skill_information_reward loss: -0.0050
 Mean task_information_reward loss: 0.0000
                       Mean reward: -123.16
               Mean episode length: 90.00
   Episode_Reward/term_bad_contact: 0.0000
          Episode_Reward/term_tilt: -0.0139
    Episode_Reward/term_low_height: -0.0197
      Episode_Reward/leg_action_l2: -0.0017
   Episode_Reward/tracking_lin_vel: 0.0000
Episode_Reward/tracking_ang_vel_yaw_l1: 0.0000
Episode_Reward/tracking_ang_vel_yaw_exp: 0.0000
Episode_Reward/tracking_lin_vel_y_l2: 0.0000
Episode_Reward/tracking_lin_vel_z_l2: 0.0000
            Episode_Reward/survive: 0.0000
    Episode_Reward/foot_contacts_z: 0.0000
            Episode_Reward/torques: -0.0069
 Episode_Reward/tracking_lin_vel_y: 0.0000
          Episode_Reward/lin_vel_z: -0.0005
         Episode_Reward/ang_vel_xy: -0.0010
   Episode_Reward/tracking_ang_vel: 0.0014
               Episode_Reward/work: -0.0325
            Episode_Reward/dof_acc: -0.0965
        Episode_Reward/action_rate: -0.0012
     Episode_Reward/dof_pos_limits: -0.0000
      Episode_Reward/delta_torques: -0.0000
          Episode_Reward/collision: -0.2203
        Episode_Reward/walking_dof: 0.0007
            Episode_Reward/hip_pos: -0.0016
          Episode_Reward/feet_jerk: 0.0000
              Episode_Reward/alive: 0.0092
          Episode_Reward/feet_drag: -0.0005
Episode_Reward/feet_contact_forces: -0.0059
               Episode_Reward/roll: -0.0010
        Episode_Reward/base_height: -0.0065
Episode_Reward/tracking_lin_vel_max: 0.0128
Episode_Reward/flat_orientation_l2: -0.0004
  Episode_Reward/air_time_variance: -0.0002
        Episode_Reward/feet_height: 0.0000
      Episode_Reward/feet_air_time: 0.0000
Episode_Reward/update_last_buffers: 0.0000
   Episode_Reward/wheel_idle_speed: -0.3913
    Episode_Reward/wheel_action_l2: -0.0002
  Episode_Reward/wheel_action_rate: 0.0000
  Episode_Reward/wheel_forward_use: 0.0015
 Episode_Reward/wheel_turn_support: 0.0051
Episode_Reward/tactic_mission_completion: 0.0000
Episode_Reward/tactic_mission_success: 0.0000
Episode_Reward/tactic_task_progress: -0.0002
Episode_Reward/tactic_task_tracking: 0.0014
 Episode_Reward/tactic_ee_tracking: 0.0093
  Episode_Reward/tactic_valid_task: 0.0018
Episode_Reward/tactic_invalid_task: 0.0000
Episode_Reward/tactic_option_switch: -0.0000
Episode_Reward/tactic_control_progress: -0.0001
  Episode_Reward/tactic_cbf_margin: 0.0000
Episode_Reward/tactic_predicted_margin: 0.0000
Episode_Reward/tactic_clf_decrease: 0.0000
Episode_Reward/tactic_disturbance_rejection: 0.0000
Episode_Reward/tactic_safety_violation: -0.0035
Episode_Reward/tactic_unsafe_progress: -0.0000
Episode_Reward/tactic_object_contact: 0.0000
 Episode_Reward/tactic_object_lift: 0.0000
Episode_Reward/tactic_object_transport: 0.0000
Episode_Reward/tactic_object_place: 0.0000
Episode_Reward/tactic_object_completion: 0.0000
Episode_Reward/tactic_interaction_frontier: 0.0000
  Episode_Reward/tactic_grasp_hold: 0.0000
Episode_Reward/tactic_payload_progress: 0.0000
Episode_Reward/tactic_release_readiness: 0.0000
Episode_Reward/tactic_intended_release: 0.0000
Episode_Reward/tactic_payload_retention: 0.0000
Episode_Reward/tactic_payload_drop: 0.0000
Episode_Reward/tactic_release_quality: 0.0000
Episode_Reward/tactic_wrong_object_interaction: 0.0000
 Episode_Reward/tactic_all_objects: 0.0000
Metrics/locomotion/TACTIC/mission_completion: 0.0000
Metrics/locomotion/TACTIC/mission_completion_delta: 0.0000
Metrics/locomotion/TACTIC/mission_success: 0.0000
Metrics/locomotion/TACTIC/task_progress: 0.0256
Metrics/locomotion/TACTIC/task_progress_delta: -0.0002
Metrics/locomotion/TACTIC/task_error: 1.9375
Metrics/locomotion/TACTIC/ee_error: 0.3610
Metrics/locomotion/TACTIC/tcp_object_distance: 1.8708
Metrics/locomotion/TACTIC/goal_object_distance: 1.6139
Metrics/locomotion/TACTIC/finger_object_distance: 1.8964
Metrics/locomotion/TACTIC/object_target_distance: 1.6889
Metrics/locomotion/TACTIC/recovery_task_executed: 0.0000
Metrics/locomotion/TACTIC/recovery_task_probability: 0.0000
Metrics/locomotion/TACTIC/executed_task_probability: 1.0000
Metrics/locomotion/TACTIC/task_constraint_projection: 0.0000
Metrics/locomotion/TACTIC/recovery_latch_seen: 0.0000
Metrics/locomotion/TACTIC/recovery_valid_seen: 0.0000
Metrics/locomotion/TACTIC/recovery_pressure_seen: 0.0000
Metrics/locomotion/TACTIC/cbf_margin: 0.0000
Metrics/locomotion/TACTIC/predicted_margin: 0.0000
Metrics/locomotion/TACTIC/clf_decrease: 0.0580
Metrics/locomotion/TACTIC/disturbance_estimate: 0.6237
Metrics/locomotion/TACTIC/base_height: 0.3235
Metrics/locomotion/TACTIC/base_tilt: 0.5613
Metrics/locomotion/TACTIC/control_recovery_pressure: 1.0000
Metrics/locomotion/TACTIC/control_recovery_active: 1.0000
Metrics/locomotion/TACTIC/control_recovery_constraint_active: 1.0000
Metrics/locomotion/TACTIC/payload_posture_projection: 0.0000
Metrics/locomotion/TACTIC/payload_relation_violation: 0.0000
 Metrics/locomotion/TACTIC/base_vx: 0.0469
 Metrics/locomotion/TACTIC/base_vy: 0.1384
 Metrics/locomotion/TACTIC/base_wz: -0.0683
Metrics/locomotion/TACTIC/support_count: 2.3750
Metrics/locomotion/TACTIC/obstacle_margin: 1.1003
Metrics/locomotion/TACTIC/gripper_closure: 0.0321
Metrics/locomotion/TACTIC/manipulation_active: 1.0000
Metrics/locomotion/TACTIC/grasp_active: 1.0000
Metrics/locomotion/TACTIC/grasp_orientation_active: 0.0000
Metrics/locomotion/TACTIC/grasp_orientation_error: 0.0000
Metrics/locomotion/TACTIC/interaction_authority: 0.0000
Metrics/locomotion/TACTIC/workspace_handoff: 0.4167
Metrics/locomotion/TACTIC/grasp_projection_distance: 0.2239
Metrics/locomotion/TACTIC/grasp_center_error: 0.2677
Metrics/locomotion/TACTIC/capture_staging_distance: 1.5632
Metrics/locomotion/TACTIC/capture_heading_error: 1.4912
Metrics/locomotion/TACTIC/capture_initiation_margin: -4.8729
Metrics/locomotion/TACTIC/selected_delivery_side: 0.1667
Metrics/locomotion/TACTIC/capture_lift_active: 0.0000
Metrics/locomotion/TACTIC/command_vx: -0.0005
Metrics/locomotion/TACTIC/command_vy: 0.0000
Metrics/locomotion/TACTIC/command_wz: -0.0433
Metrics/locomotion/TACTIC/curriculum_level: 0.0000
Metrics/locomotion/TACTIC/curriculum_frontier: 0.0000
Metrics/locomotion/TACTIC/curriculum_probe: 0.0000
Metrics/locomotion/TACTIC/interaction_start_curriculum: 1.0000
Metrics/locomotion/TACTIC/interaction_start_probability: 1.0000
Metrics/locomotion/TACTIC/composition_probe_probability: 0.0141
Metrics/locomotion/TACTIC/curriculum_completion_ema: 0.0000
Metrics/locomotion/TACTIC/curriculum_progress_ema: 0.0687
Metrics/locomotion/TACTIC/curriculum_safety_ema: 0.6649
Metrics/locomotion/TACTIC/episode_safety_fraction: 0.8078
Metrics/locomotion/TACTIC/curriculum_contact_ema: 0.0094
Metrics/locomotion/TACTIC/curriculum_lift_ema: 0.0103
Metrics/locomotion/TACTIC/curriculum_transport_ema: 0.0119
Metrics/locomotion/TACTIC/curriculum_place_ema: 0.0000
Metrics/locomotion/TACTIC/curriculum_delivery_completion_ema: 0.0000
Metrics/locomotion/TACTIC/curriculum_regression_streak: 0.0000
Metrics/locomotion/TACTIC/required_task_count: 1.0000
Metrics/locomotion/TACTIC/object_completion_mean: 0.0000
Metrics/locomotion/TACTIC/object_contact_mean: 0.0000
Metrics/locomotion/TACTIC/object_lift_mean: 0.0000
Metrics/locomotion/TACTIC/object_transport_mean: 0.0000
Metrics/locomotion/TACTIC/object_place_mean: 0.0000
Metrics/locomotion/TACTIC/object_target_progress_mean: -0.0554
Metrics/locomotion/TACTIC/object_target_progress_delta_mean: 0.0000
Metrics/locomotion/TACTIC/object_release_readiness_mean: 0.0000
Metrics/locomotion/TACTIC/object_release_readiness_delta_mean: 0.0000
Metrics/locomotion/TACTIC/object_release_event_mean: 0.0000
Metrics/locomotion/TACTIC/object_drop_event_mean: 0.0000
Metrics/locomotion/TACTIC/object_gripper_distance_mean: 1.1323
Metrics/locomotion/TACTIC/object_carrying_mean: 0.0000
Metrics/locomotion/TACTIC/object_carry_memory_mean: 0.0000
Metrics/locomotion/TACTIC/interaction_frontier_mean: 0.0000
Metrics/locomotion/TACTIC/interaction_frontier_delta_mean: 0.0000
Metrics/locomotion/TACTIC/contact_symmetry_mean: 0.0000
 Metrics/locomotion/TACTIC/task_id: 9.0000
Metrics/locomotion/TACTIC/skill_id: 1.6250
Metrics/locomotion/TACTIC/object_id: 4.0000
Metrics/locomotion/TACTIC/effective_object_id: 4.0000
Metrics/locomotion/TACTIC/selected_object_contact: 0.0000
Metrics/locomotion/TACTIC/selected_object_lift: 0.0000
Metrics/locomotion/TACTIC/selected_object_transport: 0.0000
Metrics/locomotion/TACTIC/selected_object_place: 0.0000
Metrics/locomotion/TACTIC/selected_object_completion: 0.0000
Metrics/locomotion/TACTIC/selected_object_carrying: 0.0000
Metrics/locomotion/TACTIC/selected_object_carry_memory: 0.0000
Metrics/locomotion/TACTIC/selected_object_target_progress: -0.3325
Metrics/locomotion/TACTIC/selected_object_target_progress_delta: 0.0000
Metrics/locomotion/TACTIC/selected_object_release_readiness: 0.0000
Metrics/locomotion/TACTIC/selected_object_release_readiness_delta: 0.0000
Metrics/locomotion/TACTIC/selected_object_release_event: 0.0000
Metrics/locomotion/TACTIC/selected_object_drop_event: 0.0000
Metrics/locomotion/TACTIC/selected_object_gripper_distance: 1.8730
Metrics/locomotion/TACTIC/selected_object_place_error_xy: 1.5315
Metrics/locomotion/TACTIC/selected_object_place_error_z: 0.4768
Metrics/locomotion/TACTIC/selected_interaction_frontier: 0.0000
Metrics/locomotion/TACTIC/selected_interaction_frontier_delta: 0.0000
Metrics/locomotion/TACTIC/selected_reachability: 0.0135
Metrics/locomotion/TACTIC/task_switch: 0.0000
Metrics/locomotion/TACTIC/skill_switch: 0.0000
Metrics/locomotion/TACTIC/task_age: 0.0000
Metrics/locomotion/TACTIC/skill_age: 0.0000
Metrics/locomotion/TACTIC/task_hazard: 0.0000
Metrics/locomotion/TACTIC/skill_hazard: 0.0000
Metrics/locomotion/TACTIC/task_termination_probability: 0.0000
Metrics/locomotion/TACTIC/skill_termination_probability: 0.0000
Metrics/locomotion/TACTIC/task_entropy: 0.0000
Metrics/locomotion/TACTIC/skill_entropy: 0.5898
Metrics/locomotion/TACTIC/task_occupancy_entropy: 0.0000
Metrics/locomotion/TACTIC/skill_occupancy_entropy: 0.5898
Metrics/locomotion/TACTIC/skill_parameter_0: 0.0000
Metrics/locomotion/TACTIC/skill_parameter_1: 0.0000
Metrics/locomotion/TACTIC/skill_parameter_2: 0.0000
Metrics/locomotion/TACTIC/skill_parameter_3: 0.0000
Metrics/locomotion/TACTIC/skill_parameter_4: 0.0000
Metrics/locomotion/TACTIC/skill_parameter_5: 0.0000
Metrics/locomotion/TACTIC/object_0_complete: 0.0000
Metrics/locomotion/TACTIC/object_1_complete: 0.0000
Metrics/locomotion/TACTIC/object_2_complete: 0.0000
Metrics/locomotion/TACTIC/object_3_complete: 0.0000
Metrics/locomotion/TACTIC/object_4_complete: 0.0000
Metrics/locomotion/TACTIC/object_5_complete: 0.0000
      Episode_Termination/time_out: 0.0000
   Episode_Termination/bad_contact: 0.0000
          Episode_Termination/tilt: 0.3568
    Episode_Termination/low_height: 0.0156
Episode_Termination/mission_success: 0.0000
--------------------------------------------------------------------------------
                   Total timesteps: 49152
                    Iteration time: 5.97s
                      Time elapsed: 00:01:36
                               ETA: 00:01:30

################################################################################
                       [1m Learning iteration 16/30 [0m                       

                       Computation: 529 steps/s (collection: 5.041s, learning 0.760s)
             Mean action noise std: 0.02
          Mean value_function loss: 14.6199
               Mean surrogate loss: 0.0758
                 Mean entropy loss: -102.7205
  Mean stability_teacher_loss loss: 0.0000
 Mean next_control_prediction loss: 0.0245
       Mean skill_feasibility loss: 0.6931
 Mean task_outcome_prediction loss: 0.0322
 Mean task_outcome_confidence loss: 1.5274
Mean task_outcome_confidence_mean loss: 0.1192
Mean skill_outcome_prediction loss: 0.0024
        Mean payload_survival loss: 0.6931
Mean payload_survival_support loss: 0.0306
   Mean payload_drop_fraction loss: 0.0000
Mean payload_survival_prediction loss: 0.5000
 Mean skill_effect_prediction loss: 0.0307
 Mean skill_effect_confidence loss: 1.6202
Mean skill_effect_confidence_mean loss: 0.1192
Mean motion_execution_prediction loss: 0.0394
Mean motion_execution_confidence loss: 1.4924
Mean embodiment_response_prediction loss: 0.0006
Mean embodiment_response_vx_abs loss: 0.0019
Mean embodiment_response_wz_abs loss: 0.0011
   Mean constraint_multiplier loss: 0.0083
Mean task_constraint_multiplier_mean loss: 0.1632
Mean skill_constraint_multiplier_mean loss: 0.1632
 Mean hierarchy_cbf_violation loss: 0.0326
Mean hierarchy_cbf_raw_violation loss: 0.0329
Mean hierarchy_cbf_transient_slack loss: 0.0048
 Mean hierarchy_clf_violation loss: 0.0000
Mean hierarchy_cbf_regression loss: 0.0046
Mean hierarchy_clf_regression loss: 0.0000
   Mean safe_task_achievement loss: -0.0064
  Mean safe_skill_achievement loss: -0.0068
Mean unsafe_positive_progress_rate loss: 0.0573
Mean motion_execution_confidence_mean loss: 0.1192
Mean grounded_effect_diversity loss: 0.0000
      Mean task_option_credit loss: -0.0286
     Mean skill_option_credit loss: -0.0175
    Mean event_hindsight_task loss: 0.0000
   Mean event_hindsight_skill loss: 2.3696
       Mean event_credit_mass loss: 0.0047
Mean task_option_advantage_abs loss: 0.3135
Mean skill_option_advantage_abs loss: 0.3834
         Mean task_transition loss: 2.3457
        Mean skill_transition loss: 1.6395
       Mean motion_transition loss: 1.8028
  Mean interaction_transition loss: 1.3945
Mean interaction_active_fraction loss: 1.0000
              Mean task_usage loss: 0.0000
  Mean task_frontier_coverage loss: 0.0000
Mean selected_frontier_probability loss: 0.8043
       Mean interaction_phase loss: 0.2538
Mean interaction_release_target loss: 0.0177
Mean interaction_release_frontier loss: 0.0035
Mean interaction_release_balance_weight loss: 1.1236
  Mean task_control_objective loss: 0.0118
        Mean task_clf_descent loss: 0.0014
  Mean task_barrier_authority loss: 0.0297
Mean skill_predictive_control loss: 0.0016
Mean relational_subgoal_grounding loss: 0.0000
  Mean task_subgoal_alignment loss: 1.0000
  Mean task_subgoal_authority loss: 0.4749
   Mean task_skill_projection loss: 0.0000
 Mean task_transient_capacity loss: 0.7947
   Mean task_posture_capacity loss: 0.8957
Mean task_projected_turn_demand loss: 0.3216
Mean task_semantic_turn_demand loss: 0.3216
Mean task_lateral_turn_demand loss: 0.0000
Mean task_target_yaw_residual loss: 0.5846
Mean task_interaction_authority loss: 0.0065
    Mean task_arm_scope_error loss: 0.0000
Mean counterfactual_task_selection loss: 0.0000
Mean counterfactual_task_target_entropy loss: 0.0000
Mean counterfactual_task_target_peak loss: 0.0000
Mean grounded_task_utility_span loss: 0.0000
      Mean task_outcome_blend loss: 0.0000
Mean grounded_task_target_agreement loss: 0.0000
Mean sampled_task_target_probability loss: 0.0000
Mean recovery_candidate_fraction loss: 0.0000
Mean recovery_task_probability loss: 0.0000
Mean recovery_target_probability loss: 0.0000
Mean counterfactual_termination loss: 0.4530
 Mean task_termination_target loss: 0.0000
Mean skill_termination_target loss: 0.4571
Mean payload_skill_barrier_pressure loss: 0.0000
Mean payload_transient_demand loss: 0.0084
Mean payload_skill_exit_target loss: 0.0000
Mean payload_survival_exit_target loss: 0.0000
Mean payload_survival_authority loss: 0.0000
        Mean task_switch_gain loss: 0.0000
       Mean skill_switch_gain loss: -0.1105
Mean counterfactual_skill_selection loss: 0.8137
Mean counterfactual_target_entropy loss: 0.6219
Mean counterfactual_target_peak loss: 0.8005
       Mean successor_decoder loss: 0.0777
  Mean successor_predicted_vx loss: -0.0019
  Mean successor_predicted_wz loss: -0.0053
 Mean successor_predicted_cbf loss: 0.5000
 Mean successor_predicted_clf loss: 0.5000
 Mean successor_cbf_violation loss: 0.0024
 Mean successor_clf_violation loss: 0.0002
             Mean skill_usage loss: 0.1911
        Mean skill_confidence loss: 0.7048
     Mean task_slot_diversity loss: 0.3952
Mean skill_embedding_diversity loss: 0.0621
   Mean motion_gain_diversity loss: 0.0000
Mean motion_objective_diversity loss: 0.0000
       Mean event_replay_size loss: 4172.0000
   Mean event_replay_priority loss: 0.0362
 Mean event_replay_task_valid loss: 0.6914
Mean event_replay_task_detail_valid loss: 0.6914
       Mean event_replay_task loss: 0.0000
      Mean event_replay_skill loss: 0.6429
     Mean event_replay_motion loss: 1.0360
Mean event_replay_interaction loss: 0.1624
Mean event_replay_task_subgoal loss: 0.0003
Mean event_replay_skill_parameter loss: 0.0238
  Mean event_replay_parameter loss: 0.0239
Mean event_replay_barrier_quality loss: 0.5094
Mean event_replay_unsafe_fraction loss: 0.0000
Mean event_replay_buffer_unsafe_fraction loss: 0.0000
Mean event_replay_buffer_delivery loss: 0.7160
Mean event_replay_buffer_recovery loss: 0.0000
Mean event_replay_sample_delivery loss: 0.6926
Mean event_replay_sample_recovery loss: 0.0000
Mean event_replay_sample_raw_delivery loss: 0.6914
Mean event_replay_sample_raw_recovery loss: 0.0000
Mean event_replay_recovery_pressure loss: 0.0000
Mean event_replay_recovery_adapter_gate loss: 0.0000
Mean event_replay_buffer_approach loss: 0.8269
Mean event_replay_sample_approach loss: 0.6231
Mean event_replay_sample_raw_approach loss: 0.6229
Mean event_replay_buffer_secure loss: 0.1219
Mean event_replay_sample_secure loss: 0.2574
Mean event_replay_sample_raw_secure loss: 0.2571
Mean event_replay_buffer_release loss: 0.0512
Mean event_replay_sample_release loss: 0.1195
Mean event_replay_sample_raw_release loss: 0.1201
Mean payload_survival_replay_size loss: 442.0000
Mean payload_survival_replay_support loss: 1.0000
Mean payload_survival_replay_drop_fraction loss: 0.4999
Mean payload_survival_replay_prediction loss: 0.5000
Mean payload_survival_replay_drop_prediction loss: 0.5000
Mean payload_survival_replay_retain_prediction loss: 0.5000
Mean payload_survival_replay_separation loss: 0.0000
Mean payload_survival_replay_accuracy loss: 0.5000
Mean payload_survival_replay_rank_loss loss: 0.7185
Mean payload_survival_replay_rank_gap loss: 0.0000
Mean payload_survival_replay_rank_accuracy loss: 0.0000
Mean payload_survival_replay_rank_pairs loss: 95.0000
      Mean event_replay_added loss: 256.0000
Mean event_replay_append_task_valid loss: 0.8164
Mean event_replay_task_relabel loss: 0.1836
Mean event_replay_interaction_relabel loss: 0.2617
Mean event_replay_append_delivery loss: 0.8242
Mean event_replay_append_recovery loss: 0.0000
Mean event_replay_append_payload_recovery loss: 0.0000
Mean payload_survival_replay_added loss: 36.0000
Mean payload_survival_replay_append_drop_fraction loss: 0.0000
      Mean hierarchy_cbf_dual loss: 0.5177
      Mean hierarchy_clf_dual loss: 0.2879
Mean hierarchy_cbf_violation_ema loss: 0.2174
Mean hierarchy_clf_violation_ema loss: 0.0265
Mean physical_adaptation_active loss: 0.0000
Mean physical_adaptation_stage loss: -10.0000
 Mean hierarchy_only_training loss: 0.0000
Mean decomposition_only_training loss: 0.0000
Mean motion_selector_only_training loss: 0.0000
Mean interaction_selector_only_training loss: 0.0000
Mean motion_skill_only_training loss: 0.0000
Mean payload_motion_only_training loss: 0.0000
Mean recovery_adapter_only_training loss: 0.0000
 Mean auxiliary_learning_rate loss: 0.0000
Mean payload_survival_learning_rate loss: 0.0003
Mean physical_core_learning_rate loss: 0.0000
Mean physical_adapter_learning_rate loss: 0.0000
Mean skill_information_reward loss: -0.0049
 Mean task_information_reward loss: 0.0000
                       Mean reward: -123.16
               Mean episode length: 90.00
   Episode_Reward/term_bad_contact: 0.0000
          Episode_Reward/term_tilt: -0.0139
    Episode_Reward/term_low_height: -0.0139
      Episode_Reward/leg_action_l2: -0.0007
   Episode_Reward/tracking_lin_vel: 0.0000
Episode_Reward/tracking_ang_vel_yaw_l1: 0.0000
Episode_Reward/tracking_ang_vel_yaw_exp: 0.0000
Episode_Reward/tracking_lin_vel_y_l2: 0.0000
Episode_Reward/tracking_lin_vel_z_l2: 0.0000
            Episode_Reward/survive: 0.0000
    Episode_Reward/foot_contacts_z: 0.0000
            Episode_Reward/torques: -0.0025
 Episode_Reward/tracking_lin_vel_y: 0.0000
          Episode_Reward/lin_vel_z: -0.0005
         Episode_Reward/ang_vel_xy: -0.0012
   Episode_Reward/tracking_ang_vel: 0.0005
               Episode_Reward/work: -0.0279
            Episode_Reward/dof_acc: -0.0885
        Episode_Reward/action_rate: -0.0004
     Episode_Reward/dof_pos_limits: -0.0000
      Episode_Reward/delta_torques: -0.0000
          Episode_Reward/collision: -0.0425
        Episode_Reward/walking_dof: 0.0000
            Episode_Reward/hip_pos: -0.0005
          Episode_Reward/feet_jerk: 0.0000
              Episode_Reward/alive: 0.0028
          Episode_Reward/feet_drag: -0.0004
Episode_Reward/feet_contact_forces: -0.0019
               Episode_Reward/roll: -0.0004
        Episode_Reward/base_height: -0.0018
Episode_Reward/tracking_lin_vel_max: 0.0036
Episode_Reward/flat_orientation_l2: -0.0002
  Episode_Reward/air_time_variance: -0.0001
        Episode_Reward/feet_height: 0.0000
      Episode_Reward/feet_air_time: 0.0000
Episode_Reward/update_last_buffers: 0.0000
   Episode_Reward/wheel_idle_speed: -0.3547
    Episode_Reward/wheel_action_l2: -0.0001
  Episode_Reward/wheel_action_rate: 0.0000
  Episode_Reward/wheel_forward_use: 0.0000
 Episode_Reward/wheel_turn_support: 0.0000
Episode_Reward/tactic_mission_completion: 0.0000
Episode_Reward/tactic_mission_success: 0.0000
Episode_Reward/tactic_task_progress: -0.0003
Episode_Reward/tactic_task_tracking: 0.0009
 Episode_Reward/tactic_ee_tracking: 0.0013
  Episode_Reward/tactic_valid_task: 0.0006
Episode_Reward/tactic_invalid_task: 0.0000
Episode_Reward/tactic_option_switch: -0.0000
Episode_Reward/tactic_control_progress: -0.0002
  Episode_Reward/tactic_cbf_margin: 0.0000
Episode_Reward/tactic_predicted_margin: 0.0000
Episode_Reward/tactic_clf_decrease: 0.0000
Episode_Reward/tactic_disturbance_rejection: 0.0000
Episode_Reward/tactic_safety_violation: -0.0021
Episode_Reward/tactic_unsafe_progress: -0.0000
Episode_Reward/tactic_object_contact: 0.0000
 Episode_Reward/tactic_object_lift: 0.0000
Episode_Reward/tactic_object_transport: 0.0000
Episode_Reward/tactic_object_place: 0.0000
Episode_Reward/tactic_object_completion: 0.0000
Episode_Reward/tactic_interaction_frontier: 0.0000
  Episode_Reward/tactic_grasp_hold: 0.0000
Episode_Reward/tactic_payload_progress: 0.0000
Episode_Reward/tactic_release_readiness: 0.0000
Episode_Reward/tactic_intended_release: 0.0000
Episode_Reward/tactic_payload_retention: 0.0000
Episode_Reward/tactic_payload_drop: 0.0000
Episode_Reward/tactic_release_quality: 0.0000
Episode_Reward/tactic_wrong_object_interaction: 0.0000
 Episode_Reward/tactic_all_objects: 0.0000
Metrics/locomotion/TACTIC/mission_completion: 0.0000
Metrics/locomotion/TACTIC/mission_completion_delta: 0.0000
Metrics/locomotion/TACTIC/mission_success: 0.0000
Metrics/locomotion/TACTIC/task_progress: 0.0418
Metrics/locomotion/TACTIC/task_progress_delta: -0.0002
Metrics/locomotion/TACTIC/task_error: 0.8414
Metrics/locomotion/TACTIC/ee_error: 0.6600
Metrics/locomotion/TACTIC/tcp_object_distance: 0.6368
Metrics/locomotion/TACTIC/goal_object_distance: 0.0780
Metrics/locomotion/TACTIC/finger_object_distance: 0.6618
Metrics/locomotion/TACTIC/object_target_distance: 0.2245
Metrics/locomotion/TACTIC/recovery_task_executed: 0.0000
Metrics/locomotion/TACTIC/recovery_task_probability: 0.0000
Metrics/locomotion/TACTIC/executed_task_probability: 1.0000
Metrics/locomotion/TACTIC/task_constraint_projection: 0.0000
Metrics/locomotion/TACTIC/recovery_latch_seen: 0.0000
Metrics/locomotion/TACTIC/recovery_valid_seen: 0.0000
Metrics/locomotion/TACTIC/recovery_pressure_seen: 0.0000
Metrics/locomotion/TACTIC/cbf_margin: 0.0000
Metrics/locomotion/TACTIC/predicted_margin: 0.0000
Metrics/locomotion/TACTIC/clf_decrease: -0.1096
Metrics/locomotion/TACTIC/disturbance_estimate: 0.7617
Metrics/locomotion/TACTIC/base_height: 0.2435
Metrics/locomotion/TACTIC/base_tilt: 0.5623
Metrics/locomotion/TACTIC/control_recovery_pressure: 1.0000
Metrics/locomotion/TACTIC/control_recovery_active: 1.0000
Metrics/locomotion/TACTIC/control_recovery_constraint_active: 1.0000
Metrics/locomotion/TACTIC/payload_posture_projection: 0.0000
Metrics/locomotion/TACTIC/payload_relation_violation: 0.0000
 Metrics/locomotion/TACTIC/base_vx: 0.0688
 Metrics/locomotion/TACTIC/base_vy: -0.0466
 Metrics/locomotion/TACTIC/base_wz: 0.0677
Metrics/locomotion/TACTIC/support_count: 1.0000
Metrics/locomotion/TACTIC/obstacle_margin: 1.1351
Metrics/locomotion/TACTIC/gripper_closure: 0.0085
Metrics/locomotion/TACTIC/manipulation_active: 1.0000
Metrics/locomotion/TACTIC/grasp_active: 1.0000
Metrics/locomotion/TACTIC/grasp_orientation_active: 0.0000
Metrics/locomotion/TACTIC/grasp_orientation_error: 0.0000
Metrics/locomotion/TACTIC/interaction_authority: 0.0000
Metrics/locomotion/TACTIC/workspace_handoff: 1.0000
Metrics/locomotion/TACTIC/grasp_projection_distance: 0.5375
Metrics/locomotion/TACTIC/grasp_center_error: 0.6424
Metrics/locomotion/TACTIC/capture_staging_distance: 0.4699
Metrics/locomotion/TACTIC/capture_heading_error: 0.2427
Metrics/locomotion/TACTIC/capture_initiation_margin: -0.6783
Metrics/locomotion/TACTIC/selected_delivery_side: -1.0000
Metrics/locomotion/TACTIC/capture_lift_active: 0.0000
Metrics/locomotion/TACTIC/command_vx: 0.0000
Metrics/locomotion/TACTIC/command_vy: 0.0000
Metrics/locomotion/TACTIC/command_wz: 0.0000
Metrics/locomotion/TACTIC/curriculum_level: 0.0000
Metrics/locomotion/TACTIC/curriculum_frontier: 0.0000
Metrics/locomotion/TACTIC/curriculum_probe: 0.0000
Metrics/locomotion/TACTIC/interaction_start_curriculum: 1.0000
Metrics/locomotion/TACTIC/interaction_start_probability: 1.0000
Metrics/locomotion/TACTIC/composition_probe_probability: 0.0132
Metrics/locomotion/TACTIC/curriculum_completion_ema: 0.0000
Metrics/locomotion/TACTIC/curriculum_progress_ema: 0.0656
Metrics/locomotion/TACTIC/curriculum_safety_ema: 0.6824
Metrics/locomotion/TACTIC/episode_safety_fraction: 0.7121
Metrics/locomotion/TACTIC/curriculum_contact_ema: 0.0088
Metrics/locomotion/TACTIC/curriculum_lift_ema: 0.0095
Metrics/locomotion/TACTIC/curriculum_transport_ema: 0.0111
Metrics/locomotion/TACTIC/curriculum_place_ema: 0.0000
Metrics/locomotion/TACTIC/curriculum_delivery_completion_ema: 0.0000
Metrics/locomotion/TACTIC/curriculum_regression_streak: 0.0000
Metrics/locomotion/TACTIC/required_task_count: 1.0000
Metrics/locomotion/TACTIC/object_completion_mean: 0.0000
Metrics/locomotion/TACTIC/object_contact_mean: 0.0000
Metrics/locomotion/TACTIC/object_lift_mean: 0.0000
Metrics/locomotion/TACTIC/object_transport_mean: 0.0000
Metrics/locomotion/TACTIC/object_place_mean: 0.0000
Metrics/locomotion/TACTIC/object_target_progress_mean: 0.0215
Metrics/locomotion/TACTIC/object_target_progress_delta_mean: 0.0000
Metrics/locomotion/TACTIC/object_release_readiness_mean: 0.0000
Metrics/locomotion/TACTIC/object_release_readiness_delta_mean: 0.0000
Metrics/locomotion/TACTIC/object_release_event_mean: 0.0000
Metrics/locomotion/TACTIC/object_drop_event_mean: 0.0000
Metrics/locomotion/TACTIC/object_gripper_distance_mean: 0.8122
Metrics/locomotion/TACTIC/object_carrying_mean: 0.0000
Metrics/locomotion/TACTIC/object_carry_memory_mean: 0.0000
Metrics/locomotion/TACTIC/interaction_frontier_mean: 0.0000
Metrics/locomotion/TACTIC/interaction_frontier_delta_mean: 0.0000
Metrics/locomotion/TACTIC/contact_symmetry_mean: 0.0000
 Metrics/locomotion/TACTIC/task_id: 9.0000
Metrics/locomotion/TACTIC/skill_id: 0.0000
Metrics/locomotion/TACTIC/object_id: 4.0000
Metrics/locomotion/TACTIC/effective_object_id: 4.0000
Metrics/locomotion/TACTIC/selected_object_contact: 0.0000
Metrics/locomotion/TACTIC/selected_object_lift: 0.0000
Metrics/locomotion/TACTIC/selected_object_transport: 0.0000
Metrics/locomotion/TACTIC/selected_object_place: 0.0000
Metrics/locomotion/TACTIC/selected_object_completion: 0.0000
Metrics/locomotion/TACTIC/selected_object_carrying: 0.0000
Metrics/locomotion/TACTIC/selected_object_carry_memory: 0.0000
Metrics/locomotion/TACTIC/selected_object_target_progress: 0.1292
Metrics/locomotion/TACTIC/selected_object_target_progress_delta: 0.0000
Metrics/locomotion/TACTIC/selected_object_release_readiness: 0.0000
Metrics/locomotion/TACTIC/selected_object_release_readiness_delta: 0.0000
Metrics/locomotion/TACTIC/selected_object_release_event: 0.0000
Metrics/locomotion/TACTIC/selected_object_drop_event: 0.0000
Metrics/locomotion/TACTIC/selected_object_gripper_distance: 0.6389
Metrics/locomotion/TACTIC/selected_object_place_error_xy: 0.2186
Metrics/locomotion/TACTIC/selected_object_place_error_z: 0.0510
Metrics/locomotion/TACTIC/selected_interaction_frontier: 0.0000
Metrics/locomotion/TACTIC/selected_interaction_frontier_delta: 0.0000
Metrics/locomotion/TACTIC/selected_reachability: 0.0324
Metrics/locomotion/TACTIC/task_switch: 0.0000
Metrics/locomotion/TACTIC/skill_switch: 0.0000
Metrics/locomotion/TACTIC/task_age: 0.0000
Metrics/locomotion/TACTIC/skill_age: 0.0000
Metrics/locomotion/TACTIC/task_hazard: 0.0000
Metrics/locomotion/TACTIC/skill_hazard: 0.0000
Metrics/locomotion/TACTIC/task_termination_probability: 0.0000
Metrics/locomotion/TACTIC/skill_termination_probability: 0.0000
Metrics/locomotion/TACTIC/task_entropy: 0.0000
Metrics/locomotion/TACTIC/skill_entropy: 0.5721
Metrics/locomotion/TACTIC/task_occupancy_entropy: 0.0000
Metrics/locomotion/TACTIC/skill_occupancy_entropy: 0.5721
Metrics/locomotion/TACTIC/skill_parameter_0: 0.0000
Metrics/locomotion/TACTIC/skill_parameter_1: 0.0000
Metrics/locomotion/TACTIC/skill_parameter_2: 0.0000
Metrics/locomotion/TACTIC/skill_parameter_3: 0.0000
Metrics/locomotion/TACTIC/skill_parameter_4: 0.0000
Metrics/locomotion/TACTIC/skill_parameter_5: 0.0000
Metrics/locomotion/TACTIC/object_0_complete: 0.0000
Metrics/locomotion/TACTIC/object_1_complete: 0.0000
Metrics/locomotion/TACTIC/object_2_complete: 0.0000
Metrics/locomotion/TACTIC/object_3_complete: 0.0000
Metrics/locomotion/TACTIC/object_4_complete: 0.0000
Metrics/locomotion/TACTIC/object_5_complete: 0.0000
      Episode_Termination/time_out: 0.0000
   Episode_Termination/bad_contact: 0.0000
          Episode_Termination/tilt: 0.3594
    Episode_Termination/low_height: 0.0156
Episode_Termination/mission_success: 0.0000
--------------------------------------------------------------------------------
                   Total timesteps: 52224
                    Iteration time: 5.80s
                      Time elapsed: 00:01:41
                               ETA: 00:01:23
