Loading user config located at: '/isaac-sim/kit/data/Kit/Isaac-Sim/5.1/user.config.json'
[Info] [carb] Logging to file: /isaac-sim/kit/logs/Kit/Isaac-Sim/5.1/kit_20260818_115313.log
[0.064s] [ext: omni.kit.async_engine-0.0.3] startup
[0.592s] [ext: omni.metrics.core-0.0.3] startup
[0.592s] [ext: omni.client.lib-1.1.0] startup
[0.609s] [ext: omni.blobkey-1.1.2] startup
[0.609s] [ext: omni.stats-1.0.1] startup
[0.610s] [ext: omni.datastore-0.0.0] startup
[0.617s] [ext: omni.client-1.3.0] startup
[0.621s] [ext: omni.ujitso.default-1.0.0] startup
[0.622s] [ext: omni.hsscclient-1.1.2] startup
[0.629s] [ext: omni.gpu_foundation.shadercache.vulkan-1.0.0] startup
[0.634s] [ext: omni.assets.plugins-0.0.0] startup
[0.635s] [ext: omni.gpu_foundation-0.0.0] startup
[0.642s] [ext: carb.windowing.plugins-1.0.0] startup
[0.660s] [ext: omni.kit.renderer.init-0.0.0] startup

|---------------------------------------------------------------------------------------------|
| Driver Version: 580.126.09    | Graphics API: Vulkan
|=============================================================================================|
| GPU | Name                             | Active | LDA | GPU Memory | Vendor-ID | LUID       |
|     |                                  |        |     |            | Device-ID | UUID       |
|     |                                  |        |     |            | Bus-ID    |            |
|---------------------------------------------------------------------------------------------|
| 0   | NVIDIA L40                       | Yes: 0 |     | 46068   MB | 10de      | 0          |
|     |                                  |        |     |            | 26b5      | c3c5dcf0.. |
|     |                                  |        |     |            | 37        |            |
|=============================================================================================|
| OS: 24.04.3 LTS (Noble Numbat) ubuntu, Version: 24.04.3, Kernel: 5.15.0-168-generic
| XServer Vendor: The X.Org Foundation, XServer Version: 12101011 (1.21.1.11)
| Processor: Intel(R) Xeon(R) Platinum 8358 CPU @ 2.60GHz
| Bare Metal Cores: 64 | Bare Metal Logical Cores: 128
| Core Usage Quota: 14
|---------------------------------------------------------------------------------------------|
| Total Memory (MB): 122880 | Free Memory: 118909
| Total Page/Swap (MB): 0 | Free Page/Swap: 0
|---------------------------------------------------------------------------------------------|
2026-08-18T03:53:15Z [1,505ms] [Warning] [gpu.foundation.plugin] ECC is enabled on physical device 0
[1.800s] [ext: omni.kit.pipapi-0.0.0] startup
[1.802s] [ext: omni.kit.pip_archive-0.0.0] startup
[1.803s] [ext: omni.pip.compute-1.6.3] startup
[1.803s] [ext: omni.pip.cloud-1.4.3] startup
[1.808s] [ext: omni.isaac.core_archive-3.0.0] startup
[1.809s] [ext: omni.materialx.libs-1.0.7] startup
[1.818s] [ext: omni.kit.loop-isaac-1.3.7] startup
[1.819s] [ext: omni.kit.test-2.0.1] startup
[1.894s] [ext: omni.kit.telemetry-0.5.2] startup
[1.921s] [ext: omni.isaac.ml_archive-3.0.4] startup
[1.921s] [ext: omni.usd.config-1.0.6] startup
[1.926s] [ext: omni.gpucompute.plugins-0.0.0] startup
[1.926s] [ext: omni.usd.libs-1.0.1] startup
[2.019s] [ext: omni.mdl-56.0.3] startup
[2.168s] [ext: omni.iray.libs-0.0.0] startup
[2.174s] [ext: omni.mdl.neuraylib-0.2.12] startup
[2.176s] [ext: omni.kit.usd.mdl-1.1.5] startup
[2.302s] [ext: omni.appwindow-1.1.10] startup
[2.306s] [ext: omni.kit.renderer.core-1.1.0] startup
[2.367s] [ext: omni.kit.renderer.capture-0.0.0] startup
[2.370s] [ext: omni.kit.renderer.imgui-2.0.5] startup
[2.446s] [ext: omni.ui-2.27.1] startup
[2.459s] [ext: omni.kit.mainwindow-1.0.3] startup
[2.460s] [ext: carb.audio-0.1.0] startup
[2.484s] [ext: omni.uiaudio-1.0.0] startup
[2.485s] [ext: omni.kit.uiapp-0.0.0] startup
[2.485s] [ext: omni.usd.schema.metrics.assembler-107.3.1] startup
[2.489s] [ext: omni.usd.schema.anim-0.0.0] startup
[2.514s] [ext: omni.usd.schema.physx-107.3.26] startup
[2.555s] [ext: omni.usd.schema.geospatial-0.0.0] startup
[2.558s] [ext: omni.usd.schema.omniscripting-1.0.0] startup
[2.563s] [ext: omni.usd.schema.audio-0.0.0] startup
[2.567s] [ext: omni.usd.schema.semantics-0.0.0] startup
[2.570s] [ext: omni.usd_resolver-1.0.0] startup
[2.573s] [ext: usdrt.scenegraph-7.6.1] startup
[2.620s] [ext: omni.kit.actions.core-1.0.0] startup
[2.623s] [ext: omni.timeline-1.0.14] startup
[2.625s] [ext: omni.usd.core-1.5.3] startup
[2.627s] [ext: omni.resourcemonitor-107.0.1] startup
[2.629s] [ext: omni.activity.core-1.0.3] startup
[2.631s] [ext: omni.kit.audiodeviceenum-1.0.2] startup
[2.633s] [ext: omni.hydra.usdrt_delegate-7.5.1] startup
[2.640s] [ext: omni.graph.exec-0.9.6] startup
[2.640s] [ext: omni.kit.window.popup_dialog-2.0.24] startup
[2.645s] [ext: omni.kit.exec.core-0.13.4] startup
[2.648s] [ext: omni.kit.widget.nucleus_connector-2.0.1] startup
[2.650s] [ext: omni.kit.usd_undo-0.1.8] startup
[2.651s] [ext: omni.kit.commands-1.4.10] startup
[2.655s] [ext: omni.hydra.scene_delegate-0.3.4] startup
[2.659s] [ext: omni.usd-1.13.10] startup
[2.711s] [ext: omni.kit.asset_converter-5.0.17] startup
[2.725s] [ext: omni.usd.schema.omni_lens_distortion-0.0.0] startup
[2.726s] [ext: omni.usd.schema.omni_sensors-0.0.0] startup
[2.727s] [ext: omni.usd.schema.render_settings.rtx-0.0.0] startup
[2.728s] [ext: omni.usd.schema.omnigraph-1.0.0] startup
[2.735s] [ext: isaacsim.robot.schema-3.6.0] startup
[2.744s] [ext: omni.kit.property.adapter.core-1.0.2] startup
[2.747s] [ext: omni.kit.menu.core-1.1.2] startup
[2.748s] [ext: omni.kit.property.adapter.fabric-1.0.3] startup
[2.749s] [ext: omni.kit.usd.layers-2.2.11] startup
[2.759s] [ext: omni.kit.clipboard-1.0.5] startup
[2.760s] [ext: omni.kit.widget.context_menu-1.2.5] startup
[2.762s] [ext: omni.kit.hotkeys.core-1.3.10] startup
[2.768s] [ext: omni.kit.widget.path_field-2.0.11] startup
[2.769s] [ext: omni.kit.context_menu-1.8.6] startup
[2.771s] [ext: omni.index.libs-380600.8087.0] startup
[2.771s] [ext: omni.kit.widget.browser_bar-2.0.10] startup
[2.772s] [ext: omni.kit.widget.options_menu-1.1.6] startup
[2.776s] [ext: omni.kit.helper.file_utils-0.1.9] startup
[2.778s] [ext: omni.index-1.0.1] startup
[2.779s] [ext: omni.hydra.rtx.shadercache.vulkan-1.0.0] startup
[2.780s] [ext: omni.kit.widget.options_button-1.0.3] startup
[2.781s] [ext: omni.kit.widget.filebrowser-2.12.3] startup
[2.787s] [ext: omni.volume-0.5.2] startup
[2.790s] [ext: omni.ujitso.client-0.0.0] startup
[2.790s] [ext: omni.kit.notification_manager-1.0.10] startup
[2.792s] [ext: omni.hydra.rtx-1.0.0] startup
2026-08-18T03:53:16Z [2,790ms] [Warning] [omni.log] Source: omni.hydra was already registered.
[2.828s] [ext: omni.ui.scene-1.11.5] startup
[2.834s] [ext: omni.kit.widget.searchable_combobox-1.0.6] startup
[2.836s] [ext: omni.kit.window.filepicker-2.13.4] startup
[2.855s] [ext: omni.kit.widget.searchfield-1.1.8] startup
[2.856s] [ext: omni.kit.widget.settings-1.2.6] startup
[2.859s] [ext: omni.kit.menu.utils-2.0.5] startup
[2.866s] [ext: omni.kit.window.file_exporter-1.0.33] startup
[2.869s] [ext: omni.kit.widget.filter-1.1.4] startup
[2.870s] [ext: omni.hydra.engine.stats-1.0.3] startup
[2.873s] [ext: omni.kit.window.preferences-1.8.0] startup
[2.878s] [ext: omni.kit.widget.stage-3.1.4] startup
[2.892s] [ext: omni.kit.window.file_importer-1.1.18] startup
[2.893s] [ext: omni.kit.raycast.query-1.1.0] startup
[2.900s] [ext: omni.kit.viewport.registry-104.0.6] startup
[2.900s] [ext: omni.kit.viewport.legacy_gizmos-1.0.19] startup
[2.903s] [ext: omni.kit.material.library-2.0.7] startup
[2.911s] [ext: omni.kit.property.adapter.usd-1.0.2] startup
[2.912s] [ext: omni.kit.viewport.scene_camera_model-1.0.6] startup
[2.916s] [ext: omni.kit.hydra_texture-1.4.6] startup
[2.920s] [ext: omni.kit.window.drop_support-1.0.5] startup
[2.921s] [ext: omni.kit.widget.viewport-107.1.3] startup
[2.925s] [ext: omni.kit.primitive.mesh-1.0.17] startup
[2.929s] [ext: omni.kit.viewport.window-107.2.0] startup
[2.948s] [ext: omni.kit.manipulator.transform-107.0.0] startup
[2.953s] [ext: omni.kit.stage_template.core-1.1.22] startup
[2.954s] [ext: omni.kit.widget.toolbar-2.0.1] startup
[2.962s] [ext: omni.kit.viewport.utility-1.1.2] startup
[2.963s] [ext: omni.kit.window.content_browser_registry-0.0.6] startup
[2.963s] [ext: omni.kit.widget.highlight_label-1.0.3] startup
[2.964s] [ext: omni.kit.window.file-2.0.5] startup
[2.968s] [ext: omni.kit.manipulator.tool.snap-1.5.13] startup
[2.973s] [ext: omni.kit.manipulator.selector-1.1.3] startup
[2.975s] [ext: omni.kit.window.property-1.12.1] startup
[2.978s] [ext: omni.kit.window.content_browser-3.1.3] startup
[2.992s] [ext: omni.kit.viewport.manipulator.transform-107.0.4] startup
[2.994s] [ext: omni.kit.manipulator.viewport-107.0.1] startup
[2.996s] [ext: omni.kit.property.usd-4.5.12] startup
[3.009s] [ext: omni.kit.manipulator.selection-106.0.1] startup
[3.010s] [ext: omni.fabric.commands-1.1.6] startup
[3.014s] [ext: omni.kvdb-107.3.26] startup
[3.015s] [ext: omni.kit.manipulator.prim.core-107.0.8] startup
[3.023s] [ext: omni.convexdecomposition-107.3.26] startup
[3.026s] [ext: omni.physx.foundation-107.3.26] startup
[3.028s] [ext: omni.localcache-107.3.26] startup
[3.030s] [ext: omni.kit.manipulator.prim.fabric-107.0.4] startup
[3.031s] [ext: omni.kit.viewport.menubar.core-107.2.1] startup
[3.048s] [ext: omni.kit.viewport.actions-107.0.2] startup
[3.054s] [ext: omni.usdphysics-107.3.26] startup
[3.057s] [ext: omni.kit.widget.prompt-1.0.7] startup
[3.057s] [ext: omni.kit.manipulator.prim.usd-107.0.3] startup
[3.059s] [ext: omni.kit.viewport.menubar.display-107.0.3] startup
[3.060s] [ext: omni.physx.cooking-107.3.26] startup
[3.063s] [ext: omni.inspect-1.0.2] startup
[3.065s] [ext: omni.kit.widget.layers-1.8.6] startup
[3.080s] [ext: omni.kit.manipulator.prim-107.0.0] startup
[3.080s] [ext: omni.debugdraw-0.1.4] startup
[3.083s] [ext: omni.physx-107.3.26] startup
[3.094s] [ext: omni.physics-107.3.26] startup
[3.098s] [ext: omni.graph.core-2.184.5] startup
[3.101s] [ext: omni.usdphysics.ui-107.3.26] startup
[3.133s] [ext: omni.physx.commands-107.3.26] startup
[3.140s] [ext: omni.physics.stageupdate-107.3.26] startup
[3.143s] [ext: isaacsim.core.deprecation_manager-0.2.7] startup
[3.144s] [ext: omni.physx.ui-107.3.26] startup
[3.185s] [ext: isaacsim.core.version-2.0.6] startup
[3.186s] [ext: omni.physics.physx-107.3.26] startup
2026-08-18T03:53:16Z [3,165ms] [Warning] [carb] Acquiring non optional plugin interface which is not listed as dependency: [omni::physx::IPhysxBenchmarks v1.0] (plugin: <default plugin>), by client: omni.physics.physx.plugin. Add it to CARB_PLUGIN_IMPL_DEPS() macro of a client.
[3.188s] [ext: isaacsim.storage.native-1.5.1] startup
[3.190s] [ext: omni.usd.metrics.assembler-107.3.1] startup
[3.197s] [ext: omni.kit.numpy.common-0.1.3] startup
[3.199s] [ext: omni.physics.tensors-107.3.26] startup
[3.206s] [ext: omni.warp.core-1.8.2] startup
[3.515s] [ext: omni.usd.metrics.assembler.physics-107.3.26] startup
[3.518s] [ext: omni.isaac.dynamic_control-2.0.7] startup
2026-08-18T03:53:17Z [3,501ms] [Warning] [omni.isaac.dynamic_control] omni.isaac.dynamic_control is deprecated as of Isaac Sim 4.5. No action is needed from end-users.
[3.525s] [ext: omni.physx.tensors-107.3.26] startup
[3.530s] [ext: isaacsim.core.utils-3.5.1] startup
[3.534s] [ext: isaacsim.core.simulation_manager-1.4.4] startup
[5.439s] [ext: omni.kit.widget.stage_icons-1.0.8] startup
[5.440s] [ext: omni.kit.stagerecorder.core-107.0.3] startup
[5.445s] [ext: omni.kit.window.stage-2.6.1] startup
[5.452s] [ext: omni.kit.menu.create-2.0.1] startup
[5.454s] [ext: omni.kit.widget.zoombar-1.0.6] startup
[5.455s] [ext: omni.kit.scripting-107.3.2] startup
[5.463s] [ext: omni.kit.browser.core-2.3.13] startup
[5.469s] [ext: isaacsim.replicator.behavior-1.1.16] startup
[5.470s] [ext: omni.kit.browser.folder.core-1.10.9] startup
[5.477s] [ext: omni.kit.usd.collect-2.4.5] startup
[5.481s] [ext: omni.graph.tools-1.79.2] startup
[5.516s] [ext: omni.kit.usdz_export-1.0.9] startup
[5.519s] [ext: omni.graph.action_core-1.1.7] startup
[5.521s] [ext: omni.graph-1.141.2] startup
[5.591s] [ext: omni.kit.tool.asset_importer-4.3.2] startup
[5.601s] [ext: omni.graph.action_nodes-1.50.4] startup
[5.607s] [ext: omni.kit.widget.text_editor-1.1.1] startup
[5.611s] [ext: omni.ui_query-1.1.8] startup
[5.613s] [ext: omni.graph.action-1.130.0] startup
[5.614s] [ext: omni.kit.window.extensions-1.4.27] startup
[5.631s] [ext: omni.kit.ui_test-1.3.7] startup
[5.636s] [ext: omni.graph.visualization.nodes-2.1.3] startup
[5.680s] [ext: omni.kit.tool.collect-2.2.18] startup
[5.686s] [ext: omni.kit.menu.stage-1.2.7] startup
[5.689s] [ext: isaacsim.gui.components-1.2.1] startup
[5.701s] [ext: isaacsim.examples.browser-0.2.1] startup
[5.707s] [ext: isaacsim.asset.importer.urdf-2.4.31] startup
[5.791s] [ext: isaacsim.core.cloner-1.4.10] startup
[5.799s] [ext: omni.kit.stagerecorder.ui-107.0.1] startup
[5.815s] [ext: isaacsim.asset.browser-1.3.23] startup
[5.919s] [ext: semantics.schema.editor-2.0.2] startup
2026-08-18T03:53:19Z [5,904ms] [Warning] [pxr.Semantics] pxr.Semantics is deprecated - please use Semantics instead
[5.929s] [ext: omni.kit.stagerecorder.bundle-105.0.2] startup
[5.931s] [ext: omni.kit.window.status_bar-0.1.9] startup
[5.935s] [ext: omni.kit.widget.graph-2.0.0] startup
[5.943s] [ext: omni.kit.stage_templates-2.0.0] startup
[5.947s] [ext: omni.graph.image.core-0.6.1] startup
[5.948s] [ext: omni.kit.graph.delegate.default-1.2.3] startup
[5.949s] [ext: isaacsim.core.experimental.utils-0.3.0] startup
[5.950s] [ext: omni.graph.image.nodes-1.3.1] startup
[5.952s] [ext: omni.kit.graph.editor.core-1.5.3] startup
[5.955s] [ext: omni.kit.graph.usd.commands-1.3.1] startup
[5.957s] [ext: omni.graph.nodes-1.170.10] startup
[5.969s] [ext: omni.graph.ui_nodes-1.50.5] startup
[5.973s] [ext: omni.kit.widget.material_preview-1.0.16] startup
[5.979s] [ext: omni.syntheticdata-0.6.13] startup
[6.023s] [ext: omni.videoencoding-0.1.2] startup
[6.030s] [ext: omni.warp-1.8.2] startup
[6.042s] [ext: omni.kit.window.material_graph-1.9.1] startup
[6.088s] [ext: omni.graph.scriptnode-1.50.0] startup
[6.093s] [ext: isaacsim.core.prims-0.6.1] startup
[6.192s] [ext: isaacsim.test.docstring-1.1.0] startup
[6.207s] [ext: omni.replicator.core-1.12.27] startup
2026-08-18T03:53:20Z [6,361ms] [Warning] [omni.graph.core.plugin] Found duplicate of category 'Replicator' - was 'Annotators', adding 'Fabric Reader'
2026-08-18T03:53:20Z [6,361ms] [Warning] [omni.graph.core.plugin] Category 'Replicator' not accepted on node type 'omni.replicator.core.FabricReader' in extension 'omni.replicator.core'
2026-08-18T03:53:20Z [6,362ms] [Warning] [omni.replicator.core.scripts.extension] No material configuration file, adding configuration to material settings directly.
[6.389s] [ext: isaacsim.core.api-4.8.0] startup
[6.426s] [ext: isaacsim.core.experimental.prims-0.8.1] startup
[6.515s] [ext: isaacsim.core.nodes-3.4.3] startup
[6.536s] [ext: isaacsim.robot.surface_gripper-3.3.1] startup
[6.546s] [ext: isaacsim.util.debug_draw-3.1.0] startup
[6.592s] [ext: omni.sensors.nv.common-3.0.0] startup
[6.639s] [ext: isaacsim.robot.manipulators-3.3.6] startup
[6.698s] [ext: isaacsim.sensors.physx-2.3.2] startup
[6.797s] [ext: omni.sensors.nv.materials-2.0.0] startup
[6.826s] [ext: omni.sensors.net-1.0.0] startup
[6.835s] [ext: isaacsim.app.about-2.0.11] startup
[6.848s] [ext: isaacsim.simulation_app-2.12.2] startup
[6.858s] [ext: omni.sensors.nv.ids-2.0.0] startup
[6.864s] [ext: omni.sensors.nv.lidar-3.0.0] startup
[6.885s] [ext: omni.kit.property.audio-1.0.16] startup
[6.972s] [ext: omni.kit.property.camera-1.0.10] startup
[7.006s] [ext: omni.kit.property.geometry-2.0.4] startup
[7.078s] [ext: omni.hydra.scene_api-0.1.2] startup
[7.124s] [ext: omni.kit.property.light-1.0.12] startup
[7.326s] [ext: omni.sensors.nv.wpm-3.0.0] startup
[7.329s] [ext: omni.kit.selection-0.1.6] startup
[7.353s] [ext: omni.kit.property.material-1.11.9] startup
[7.394s] [ext: omni.kit.property.transform-1.5.13] startup
[7.404s] [ext: omni.kit.property.render-1.2.1] startup
[7.407s] [ext: omni.sensors.nv.radar-3.0.0] startup
[7.415s] [ext: isaacsim.gui.menu-2.4.4] startup
[7.433s] [ext: omni.kit.manipulator.camera-106.0.4] startup
[7.445s] [ext: isaacsim.gui.property-1.1.3] startup
[7.449s] [ext: omni.kit.property.bundle-1.4.1] startup
[7.453s] [ext: isaacsim.sensors.rtx-15.8.4] startup
[7.472s] [ext: isaacsim.sensors.physics-0.4.3] startup
[7.486s] [ext: omni.kit.viewport.menubar.camera-107.0.6] startup
[7.519s] [ext: omni.kit.viewport.menubar.lighting-107.3.1] startup
[7.529s] [ext: omni.kit.viewport.menubar.settings-107.0.3] startup
[7.542s] [ext: omni.kit.viewport.menubar.render-107.0.10] startup
[7.549s] [ext: isaacsim.robot.policy.examples-4.1.11] startup
[7.554s] [ext: isaacsim.asset.importer.mjcf-2.5.13] startup
[7.566s] [ext: omni.kit.window.console-1.1.4] startup
[7.580s] [ext: omni.rtx.window.settings-0.6.19] startup
[7.586s] [ext: omni.ocio-0.1.1] startup
[7.589s] [ext: omni.physx.demos-107.3.26] startup
[7.616s] [ext: omni.kit.property.physx-107.3.26] startup
[7.648s] [ext: omni.replicator.replicator_yaml-2.0.11] startup
[7.671s] [ext: omni.asset_validator.core-1.1.6] startup
[7.746s] [ext: omni.rtx.settings.core-0.6.5] startup
[7.751s] [ext: omni.physx.vehicle-107.3.26] startup
[7.776s] [ext: omni.usd.metrics.assembler.ui-107.3.1] startup
[7.789s] [ext: omni.kit.window.script_editor-2.0.1] startup
[7.793s] [ext: isaacsim.robot.wheeled_robots-4.0.24] startup
[7.801s] [ext: omni.physx.asset_validator-107.3.26] startup
[7.811s] [ext: omni.kit.window.toolbar-2.0.0] startup
[7.818s] [ext: omni.physx.camera-107.3.26] startup
[7.839s] [ext: omni.anim.curve.core-1.3.1] startup
[7.857s] [ext: omni.physx.cct-107.3.26] startup
[7.879s] [ext: omni.physx.graph-107.3.26] startup
[7.907s] [ext: omni.physx.supportui-107.3.26] startup
[7.926s] [ext: omni.physx.telemetry-107.3.26] startup
[7.931s] [ext: isaaclab-0.54.2] startup
[8.200s] [ext: isaaclab_contrib-0.0.2] startup
[8.201s] [ext: isaacsim.core.throttling-2.2.2] startup
[8.204s] [ext: omni.kit.ui.actions-1.0.5] startup
[8.207s] [ext: semantics.schema.property-2.0.1] startup
[8.209s] [ext: omni.physx.bundle-107.3.26] startup
[8.210s] [ext: isaacsim.sensors.camera-1.3.6] startup
[8.217s] [ext: isaaclab_assets-0.2.4] startup
[8.631s] [ext: isaaclab_tasks-0.11.12] startup
[8.876s] [ext: omni.kit.menu.common-2.0.1] startup
[8.878s] [ext: isaaclab_rl-0.4.7] startup
[8.879s] [ext: isaaclab_mimic-1.0.16] startup
[8.880s] [ext: isaaclab.python-2.3.2] startup
[8.883s] Simulation App Starting
2026-08-18T03:53:22Z [9,135ms] [Warning] [carb.audio.device] audio device is misconfigured or broken {deviceIndex = 0, name = 'default'} (The device is likely misconfigured, check your $HOME/.asoundrc)
2026-08-18T03:53:22Z [9,136ms] [Warning] [carb.audio.output] failed to retrieve the capabilities for device 0 {result = eDeviceLost (2)}
2026-08-18T03:53:22Z [9,136ms] [Warning] [carb.audio.context] failed to set the requested output during context creation.  Using a null streamer instead {result = eDeviceLost (2)}
2026-08-18T03:53:22Z [9,177ms] [Warning] [omni.fabric.plugin] Warning: attribute viewPickingId not found for bucket id 9

[9.376s] app ready
[INFO][AppLauncher]: Using device: cuda:0
[INFO][AppLauncher]: Loading experience file: /workspace/isaaclab/apps/isaaclab.python.kit
[INFO]: Parsing configuration from: quadruped_arm.tasks.manager_based.maniploco.physical_safe_lower_env_cfg:PhysicalSafeWheel5WheelOnlyTeacherLearningLowerEnvCfg
======Missing terms====== 
[]
 =======================
[INFO]: Parsing configuration from: quadruped_arm.tasks.manager_based.maniploco.agents.rsl_rl_ppo_cfg:ManiPLocoPPORunnerCfg
[INFO] Logging experiment in directory: /root/gpufree-data/tandem_hrl_620d798/logs/rsl_rl/maniploco
Exact experiment name requested from command line: 2026-08-18_11-53-30

[36m======================================================================================[0m
[36m[1m[INFO][IsaacLab]: Logging to file: /tmp/isaaclab/logs/isaaclab_2026-08-18_11-53-30.log[0m
[36m======================================================================================[0m

[33m11:53:31 [simulation_context.py] WARNING: The `enable_external_forces_every_iteration` parameter in the PhysxCfg is set to False. If you are experiencing noisy velocities, consider enabling this flag. You may need to slightly increase the number of velocity iterations (setting it to 1 or 2 rather than 0), together with this flag, to improve the accuracy of velocity updates.[0m
[INFO]: Base environment:
	Environment device    : cuda:0
	Environment seed      : 152
	Physics step-size     : 0.008333333333333333
	Rendering step-size   : 0.03333333333333333
	Environment step-size : 0.03333333333333333
[33m11:53:31 [terrain_importer.py] WARNING: Visual material specified for ground plane but no diffuse color found. Using default color: (0.0, 0.0, 0.0)[0m
[INFO]: Time taken for scene creation : 3.943319 seconds
[INFO]: Scene manager:  <class InteractiveScene>
	Number of environments: 32
	Environment spacing   : 4.0
	Source prim name      : /World/envs/env_0
	Global prim paths     : ['/World/ground']
	Replicate physics     : True
[INFO]: Starting the simulation. This may take a few seconds. Please wait...
[INFO]: Time taken for simulation start : 3.576100 seconds
[33m11:53:39 [velocity_command.py] WARNING: The velocity command has the 'ranges.heading' attribute set to '(-3.141592653589793, 3.141592653589793)' but the heading command is not active. Consider setting the flag for the heading command to True.[0m
[INFO] Command Manager:  <CommandManager> contains 2 active terms.
+---------------------------------------------+
|             Active Command Terms            |
+-------+------------+------------------------+
| Index | Name       |          Type          |
+-------+------------+------------------------+
|   0   | locomotion | UniformVelocityCommand |
|   1   | ee_goal    | EeSphericalGoalCommand |
+-------+------------+------------------------+

[INFO] Event Manager:  <EventManager> contains 1 active terms.
+------------------------------------+
| Active Event Terms in Mode: 'reset' |
+-----------+------------------------+
|   Index   | Name                   |
+-----------+------------------------+
|     0     | reset_root             |
|     1     | reset_joints           |
|     2     | init_priv              |
|     3     | reset_rewards          |
+-----------+------------------------+

[INFO] Recorder Manager:  <RecorderManager> contains 0 active terms.
+---------------------+
| Active Recorder Terms |
+-----------+---------+
|   Index   | Name    |
+-----------+---------+
+-----------+---------+

[INFO] Action Manager:  <ActionManager> contains 3 active terms.
+------------------------------------+
|  Active Action Terms (shape: 16)   |
+--------+-------------+-------------+
| Index  | Name        |   Dimension |
+--------+-------------+-------------+
|   0    | leg_pos     |          12 |
|   1    | wheel_vel   |           4 |
|   2    | arm_ik      |           0 |
+--------+-------------+-------------+

[INFO] Observation Manager: <ObservationManager> contains 1 groups.
+--------------------------------------------------+
| Active Observation Terms in Group: 'policy' (shape: (876,)) |
+----------------+-------------+-------------------+
|     Index      | Name        |       Shape       |
+----------------+-------------+-------------------+
|       0        | obs         |       (876,)      |
+----------------+-------------+-------------------+

[INFO] Termination Manager:  <TerminationManager> contains 4 active terms.
+--------------------------------+
|    Active Termination Terms    |
+-------+-------------+----------+
| Index | Name        | Time Out |
+-------+-------------+----------+
|   0   | time_out    |   True   |
|   1   | bad_contact |  False   |
|   2   | tilt        |  False   |
|   3   | low_height  |  False   |
+-------+-------------+----------+

[INFO] Reward Manager:  <RewardManager> contains 43 active terms.
+---------------------------------------------------------+
|                   Active Reward Terms                   |
+-------+--------------------------+----------------------+
| Index | Name                     |               Weight |
+-------+--------------------------+----------------------+
|   0   | term_bad_contact         |              -3000.0 |
|   1   | term_tilt                |              -3000.0 |
|   2   | term_low_height          |              -3000.0 |
|   3   | leg_action_l2            |               -0.003 |
|   4   | tracking_lin_vel         |                  0.6 |
|   5   | tracking_lin_vel_x_exp   |                  1.5 |
|   6   | tracking_ang_vel_yaw_l1  |                  0.0 |
|   7   | tracking_ang_vel_yaw_exp |                  1.5 |
|   8   | tracking_lin_vel_y_l2    |                  0.0 |
|   9   | tracking_lin_vel_z_l2    |                  0.0 |
|   10  | survive                  |                  0.0 |
|   11  | foot_contacts_z          |                  0.0 |
|   12  | torques                  |             -7.5e-06 |
|   13  | tracking_lin_vel_y       |                  0.0 |
|   14  | lin_vel_z                | -0.44999999999999996 |
|   15  | ang_vel_xy               |                -0.06 |
|   16  | tracking_ang_vel         |                  0.3 |
|   17  | work                     |              -0.0009 |
|   18  | dof_acc                  |            -2.25e-07 |
|   19  | action_rate              |              -0.0045 |
|   20  | dof_pos_limits           |                 -3.0 |
|   21  | delta_torques            |               -3e-08 |
|   22  | collision                |                 -3.0 |
|   23  | walking_dof              |                 0.03 |
|   24  | hip_pos                  |                -0.06 |
|   25  | feet_jerk                |               -6e-05 |
|   26  | alive                    |                  0.3 |
|   27  | feet_drag                |               -0.024 |
|   28  | feet_contact_forces      |              -0.0003 |
|   29  | roll                     |                 -0.3 |
|   30  | base_height              |                 -0.6 |
|   31  | tracking_lin_vel_max     |  0.44999999999999996 |
|   32  | flat_orientation_l2      |                 -0.6 |
|   33  | air_time_variance        |                 -0.3 |
|   34  | feet_height              |                  0.0 |
|   35  | feet_air_time            |                0.015 |
|   36  | update_last_buffers      |                  0.0 |
|   37  | wheel_idle_speed         |              -0.0009 |
|   38  | wheel_action_l2          |              -0.0003 |
|   39  | wheel_action_rate        |              -0.0006 |
|   40  | teacher_ensemble_match   |                 0.25 |
|   41  | wheel_forward_use        |                 0.18 |
|   42  | wheel_turn_support       |                0.135 |
+-------+--------------------------+----------------------+

[INFO] Curriculum Manager:  <CurriculumManager> contains 0 active terms.
+----------------------+
| Active Curriculum Terms |
+-----------+----------+
|   Index   | Name     |
+-----------+----------+
+-----------+----------+

Creating window for environment.
[INFO]: Completed setting up the environment...
[INFO] Multi-teacher lower-body mode enabled: ZYB stability + conservative transient + neutral recovery.
--------------------------------------------------------------------------------
Resolved observation sets: 
	 policy :  ['policy']
	 critic :  ['policy']
--------------------------------------------------------------------------------
Actor MLP: MLP(
  (0): Linear(in_features=876, out_features=256, bias=True)
  (1): ELU(alpha=1.0)
  (2): Linear(in_features=256, out_features=128, bias=True)
  (3): ELU(alpha=1.0)
  (4): Linear(in_features=128, out_features=16, bias=True)
)
Critic MLP: MLP(
  (0): Linear(in_features=876, out_features=256, bias=True)
  (1): ELU(alpha=1.0)
  (2): Linear(in_features=256, out_features=128, bias=True)
  (3): ELU(alpha=1.0)
  (4): Linear(in_features=128, out_features=1, bias=True)
)
[INFO] Partial policy initialization from: /root/gpufree-data/tandem_hrl_620d798/logs/rsl_rl/maniploco/2026-08-18_09-08-24_wheel_only_signfix_gain8_damp6_teacher_model100/model_25.pt
[INFO] Exact tensors copied: 17
[INFO] Overlap tensors copied: []
[INFO] Action exploration std fixed to: 0.020000
[INFO] Leg action exploration std set to: 0.010000
[INFO] Wheel action exploration std fixed to: 0.020000
################################################################################
                       [1m Learning iteration 0/30 [0m                        

                       Computation: 133 steps/s (collection: 5.583s, learning 0.152s)
             Mean action noise std: 0.01
          Mean value_function loss: 4.0592
               Mean surrogate loss: 0.2635
                 Mean entropy loss: -48.2071
                       Mean reward: -0.44
               Mean episode length: 8.50
   Episode_Reward/term_bad_contact: 0.0000
          Episode_Reward/term_tilt: 0.0000
    Episode_Reward/term_low_height: 0.0000
      Episode_Reward/leg_action_l2: -0.0014
   Episode_Reward/tracking_lin_vel: 0.0152
Episode_Reward/tracking_lin_vel_x_exp: 0.0274
Episode_Reward/tracking_ang_vel_yaw_l1: 0.0000
Episode_Reward/tracking_ang_vel_yaw_exp: 0.0343
Episode_Reward/tracking_lin_vel_y_l2: 0.0000
Episode_Reward/tracking_lin_vel_z_l2: 0.0000
            Episode_Reward/survive: 0.0000
    Episode_Reward/foot_contacts_z: 0.0000
            Episode_Reward/torques: -0.0019
 Episode_Reward/tracking_lin_vel_y: 0.0000
          Episode_Reward/lin_vel_z: -0.0015
         Episode_Reward/ang_vel_xy: -0.0001
   Episode_Reward/tracking_ang_vel: 0.0079
               Episode_Reward/work: -0.0041
            Episode_Reward/dof_acc: -0.0000
        Episode_Reward/action_rate: -0.0001
     Episode_Reward/dof_pos_limits: 0.0000
      Episode_Reward/delta_torques: -0.0000
          Episode_Reward/collision: -0.1338
        Episode_Reward/walking_dof: 0.0001
            Episode_Reward/hip_pos: -0.0000
          Episode_Reward/feet_jerk: 0.0000
              Episode_Reward/alive: 0.0080
          Episode_Reward/feet_drag: -0.0002
Episode_Reward/feet_contact_forces: -0.0054
               Episode_Reward/roll: -0.0000
        Episode_Reward/base_height: -0.0011
Episode_Reward/tracking_lin_vel_max: 0.0090
Episode_Reward/flat_orientation_l2: -0.0000
  Episode_Reward/air_time_variance: -0.0000
        Episode_Reward/feet_height: 0.0000
      Episode_Reward/feet_air_time: -0.0000
Episode_Reward/update_last_buffers: 0.0000
   Episode_Reward/wheel_idle_speed: -0.0001
    Episode_Reward/wheel_action_l2: -0.0000
  Episode_Reward/wheel_action_rate: 0.0000
Episode_Reward/teacher_ensemble_match: 0.0020
  Episode_Reward/wheel_forward_use: 0.0006
 Episode_Reward/wheel_turn_support: 0.0033
   Metrics/locomotion/error_vel_xy: 0.0035
  Metrics/locomotion/error_vel_yaw: 0.0014
      Episode_Termination/time_out: 0.0430
   Episode_Termination/bad_contact: 0.0000
          Episode_Termination/tilt: 0.0000
    Episode_Termination/low_height: 0.0000
--------------------------------------------------------------------------------
                   Total timesteps: 768
                    Iteration time: 5.73s
                      Time elapsed: 00:00:05
                               ETA: 00:02:52

Could not find git repository in /workspace/isaaclab/_isaac_sim/kit/python/lib/python3.11/site-packages/rsl_rl/__init__.py. Skipping.
Could not find git repository in /root/gpufree-data/tandem_hrl_620d798/scripts/rsl_rl/train.py. Skipping.
################################################################################
                       [1m Learning iteration 1/30 [0m                        

                       Computation: 189 steps/s (collection: 3.966s, learning 0.082s)
             Mean action noise std: 0.01
          Mean value_function loss: 0.2740
               Mean surrogate loss: 0.1682
                 Mean entropy loss: -48.2071
                       Mean reward: -1.95
               Mean episode length: 24.40
   Episode_Reward/term_bad_contact: 0.0000
          Episode_Reward/term_tilt: 0.0000
    Episode_Reward/term_low_height: 0.0000
      Episode_Reward/leg_action_l2: -0.0047
   Episode_Reward/tracking_lin_vel: 0.0497
Episode_Reward/tracking_lin_vel_x_exp: 0.0818
Episode_Reward/tracking_ang_vel_yaw_l1: 0.0000
Episode_Reward/tracking_ang_vel_yaw_exp: 0.1221
Episode_Reward/tracking_lin_vel_y_l2: 0.0000
Episode_Reward/tracking_lin_vel_z_l2: 0.0000
            Episode_Reward/survive: 0.0000
    Episode_Reward/foot_contacts_z: 0.0000
            Episode_Reward/torques: -0.0090
 Episode_Reward/tracking_lin_vel_y: 0.0000
          Episode_Reward/lin_vel_z: -0.0018
         Episode_Reward/ang_vel_xy: -0.0002
   Episode_Reward/tracking_ang_vel: 0.0296
               Episode_Reward/work: -0.0065
            Episode_Reward/dof_acc: -0.0001
        Episode_Reward/action_rate: -0.0006
     Episode_Reward/dof_pos_limits: 0.0000
      Episode_Reward/delta_torques: -0.0000
          Episode_Reward/collision: -0.5725
        Episode_Reward/walking_dof: 0.0023
            Episode_Reward/hip_pos: -0.0000
          Episode_Reward/feet_jerk: 0.0000
              Episode_Reward/alive: 0.0301
          Episode_Reward/feet_drag: -0.0010
Episode_Reward/feet_contact_forces: -0.0202
               Episode_Reward/roll: -0.0005
        Episode_Reward/base_height: -0.0035
Episode_Reward/tracking_lin_vel_max: 0.0178
Episode_Reward/flat_orientation_l2: -0.0000
  Episode_Reward/air_time_variance: -0.0000
        Episode_Reward/feet_height: 0.0000
      Episode_Reward/feet_air_time: -0.0001
Episode_Reward/update_last_buffers: 0.0000
   Episode_Reward/wheel_idle_speed: -0.0001
    Episode_Reward/wheel_action_l2: -0.0000
  Episode_Reward/wheel_action_rate: 0.0000
Episode_Reward/teacher_ensemble_match: 0.0084
  Episode_Reward/wheel_forward_use: 0.0128
 Episode_Reward/wheel_turn_support: 0.0093
   Metrics/locomotion/error_vel_xy: 0.0276
  Metrics/locomotion/error_vel_yaw: 0.0076
      Episode_Termination/time_out: 0.1172
   Episode_Termination/bad_contact: 0.0000
          Episode_Termination/tilt: 0.0000
    Episode_Termination/low_height: 0.0000
--------------------------------------------------------------------------------
                   Total timesteps: 1536
                    Iteration time: 4.05s
                      Time elapsed: 00:00:09
                               ETA: 00:02:21

################################################################################
                       [1m Learning iteration 2/30 [0m                        

                       Computation: 194 steps/s (collection: 3.872s, learning 0.079s)
             Mean action noise std: 0.01
          Mean value_function loss: 0.2491
               Mean surrogate loss: 0.1429
                 Mean entropy loss: -48.2071
                       Mean reward: -2.83
               Mean episode length: 35.71
   Episode_Reward/term_bad_contact: 0.0000
          Episode_Reward/term_tilt: 0.0000
    Episode_Reward/term_low_height: 0.0000
      Episode_Reward/leg_action_l2: -0.0055
   Episode_Reward/tracking_lin_vel: 0.0852
Episode_Reward/tracking_lin_vel_x_exp: 0.1452
Episode_Reward/tracking_ang_vel_yaw_l1: 0.0000
Episode_Reward/tracking_ang_vel_yaw_exp: 0.2017
Episode_Reward/tracking_lin_vel_y_l2: 0.0000
Episode_Reward/tracking_lin_vel_z_l2: 0.0000
            Episode_Reward/survive: 0.0000
    Episode_Reward/foot_contacts_z: 0.0000
            Episode_Reward/torques: -0.0178
 Episode_Reward/tracking_lin_vel_y: 0.0000
          Episode_Reward/lin_vel_z: -0.0017
         Episode_Reward/ang_vel_xy: -0.0002
   Episode_Reward/tracking_ang_vel: 0.0493
               Episode_Reward/work: -0.0071
            Episode_Reward/dof_acc: -0.0001
        Episode_Reward/action_rate: -0.0008
     Episode_Reward/dof_pos_limits: 0.0000
      Episode_Reward/delta_torques: -0.0000
          Episode_Reward/collision: -0.9733
        Episode_Reward/walking_dof: 0.0020
            Episode_Reward/hip_pos: -0.0000
          Episode_Reward/feet_jerk: 0.0000
              Episode_Reward/alive: 0.0502
          Episode_Reward/feet_drag: -0.0017
Episode_Reward/feet_contact_forces: -0.0333
               Episode_Reward/roll: -0.0016
        Episode_Reward/base_height: -0.0056
Episode_Reward/tracking_lin_vel_max: 0.0480
Episode_Reward/flat_orientation_l2: -0.0001
  Episode_Reward/air_time_variance: -0.0000
        Episode_Reward/feet_height: 0.0000
      Episode_Reward/feet_air_time: -0.0000
Episode_Reward/update_last_buffers: 0.0000
   Episode_Reward/wheel_idle_speed: -0.0006
    Episode_Reward/wheel_action_l2: -0.0000
  Episode_Reward/wheel_action_rate: 0.0000
Episode_Reward/teacher_ensemble_match: 0.0178
  Episode_Reward/wheel_forward_use: 0.0109
 Episode_Reward/wheel_turn_support: 0.0139
   Metrics/locomotion/error_vel_xy: 0.0414
  Metrics/locomotion/error_vel_yaw: 0.0129
      Episode_Termination/time_out: 0.1797
   Episode_Termination/bad_contact: 0.0000
          Episode_Termination/tilt: 0.0000
    Episode_Termination/low_height: 0.0000
--------------------------------------------------------------------------------
                   Total timesteps: 2304
                    Iteration time: 3.95s
                      Time elapsed: 00:00:13
                               ETA: 00:02:08

################################################################################
                       [1m Learning iteration 3/30 [0m                        

                       Computation: 192 steps/s (collection: 3.900s, learning 0.079s)
             Mean action noise std: 0.01
          Mean value_function loss: 0.0982
               Mean surrogate loss: 0.1575
                 Mean entropy loss: -48.2071
                       Mean reward: -3.26
               Mean episode length: 43.00
   Episode_Reward/term_bad_contact: 0.0000
          Episode_Reward/term_tilt: 0.0000
    Episode_Reward/term_low_height: 0.0000
      Episode_Reward/leg_action_l2: -0.0048
   Episode_Reward/tracking_lin_vel: 0.1227
Episode_Reward/tracking_lin_vel_x_exp: 0.2178
Episode_Reward/tracking_ang_vel_yaw_l1: 0.0000
Episode_Reward/tracking_ang_vel_yaw_exp: 0.2872
Episode_Reward/tracking_lin_vel_y_l2: 0.0000
Episode_Reward/tracking_lin_vel_z_l2: 0.0000
            Episode_Reward/survive: 0.0000
    Episode_Reward/foot_contacts_z: 0.0000
            Episode_Reward/torques: -0.0273
 Episode_Reward/tracking_lin_vel_y: 0.0000
          Episode_Reward/lin_vel_z: -0.0017
         Episode_Reward/ang_vel_xy: -0.0002
   Episode_Reward/tracking_ang_vel: 0.0686
               Episode_Reward/work: -0.0080
            Episode_Reward/dof_acc: -0.0001
        Episode_Reward/action_rate: -0.0006
     Episode_Reward/dof_pos_limits: 0.0000
      Episode_Reward/delta_torques: -0.0000
          Episode_Reward/collision: -1.3600
        Episode_Reward/walking_dof: 0.0011
            Episode_Reward/hip_pos: -0.0001
          Episode_Reward/feet_jerk: 0.0000
              Episode_Reward/alive: 0.0695
          Episode_Reward/feet_drag: -0.0027
Episode_Reward/feet_contact_forces: -0.0459
               Episode_Reward/roll: -0.0024
        Episode_Reward/base_height: -0.0076
Episode_Reward/tracking_lin_vel_max: 0.0893
Episode_Reward/flat_orientation_l2: -0.0003
  Episode_Reward/air_time_variance: -0.0000
        Episode_Reward/feet_height: 0.0000
      Episode_Reward/feet_air_time: -0.0000
Episode_Reward/update_last_buffers: 0.0000
   Episode_Reward/wheel_idle_speed: -0.0014
    Episode_Reward/wheel_action_l2: -0.0000
  Episode_Reward/wheel_action_rate: 0.0000
Episode_Reward/teacher_ensemble_match: 0.0306
  Episode_Reward/wheel_forward_use: 0.0069
 Episode_Reward/wheel_turn_support: 0.0145
   Metrics/locomotion/error_vel_xy: 0.0489
  Metrics/locomotion/error_vel_yaw: 0.0153
      Episode_Termination/time_out: 0.2227
   Episode_Termination/bad_contact: 0.0000
          Episode_Termination/tilt: 0.0000
    Episode_Termination/low_height: 0.0000
--------------------------------------------------------------------------------
                   Total timesteps: 3072
                    Iteration time: 3.98s
                      Time elapsed: 00:00:17
                               ETA: 00:01:59

################################################################################
                       [1m Learning iteration 4/30 [0m                        

                       Computation: 187 steps/s (collection: 4.013s, learning 0.090s)
             Mean action noise std: 0.01
          Mean value_function loss: 0.2317
               Mean surrogate loss: 0.1387
                 Mean entropy loss: -48.2071
                       Mean reward: -4.18
               Mean episode length: 55.30
   Episode_Reward/term_bad_contact: 0.0000
          Episode_Reward/term_tilt: 0.0000
    Episode_Reward/term_low_height: 0.0000
      Episode_Reward/leg_action_l2: -0.0200
   Episode_Reward/tracking_lin_vel: 0.2008
Episode_Reward/tracking_lin_vel_x_exp: 0.3771
Episode_Reward/tracking_ang_vel_yaw_l1: 0.0000
Episode_Reward/tracking_ang_vel_yaw_exp: 0.4357
Episode_Reward/tracking_lin_vel_y_l2: 0.0000
Episode_Reward/tracking_lin_vel_z_l2: 0.0000
            Episode_Reward/survive: 0.0000
    Episode_Reward/foot_contacts_z: 0.0000
            Episode_Reward/torques: -0.0302
 Episode_Reward/tracking_lin_vel_y: 0.0000
          Episode_Reward/lin_vel_z: -0.0018
         Episode_Reward/ang_vel_xy: -0.0002
   Episode_Reward/tracking_ang_vel: 0.1027
               Episode_Reward/work: -0.0087
            Episode_Reward/dof_acc: -0.0001
        Episode_Reward/action_rate: -0.0024
     Episode_Reward/dof_pos_limits: 0.0000
      Episode_Reward/delta_torques: -0.0000
          Episode_Reward/collision: -2.0450
        Episode_Reward/walking_dof: 0.0047
            Episode_Reward/hip_pos: -0.0001
          Episode_Reward/feet_jerk: 0.0000
              Episode_Reward/alive: 0.1037
          Episode_Reward/feet_drag: -0.0040
Episode_Reward/feet_contact_forces: -0.0683
               Episode_Reward/roll: -0.0020
        Episode_Reward/base_height: -0.0122
Episode_Reward/tracking_lin_vel_max: 0.1317
Episode_Reward/flat_orientation_l2: -0.0002
  Episode_Reward/air_time_variance: -0.0000
        Episode_Reward/feet_height: 0.0000
      Episode_Reward/feet_air_time: -0.0000
Episode_Reward/update_last_buffers: 0.0000
   Episode_Reward/wheel_idle_speed: -0.0005
    Episode_Reward/wheel_action_l2: -0.0000
  Episode_Reward/wheel_action_rate: 0.0000
Episode_Reward/teacher_ensemble_match: 0.0290
  Episode_Reward/wheel_forward_use: 0.0284
 Episode_Reward/wheel_turn_support: 0.0110
   Metrics/locomotion/error_vel_xy: 0.0401
  Metrics/locomotion/error_vel_yaw: 0.0206
      Episode_Termination/time_out: 0.2930
   Episode_Termination/bad_contact: 0.0000
          Episode_Termination/tilt: 0.0000
    Episode_Termination/low_height: 0.0000
--------------------------------------------------------------------------------
                   Total timesteps: 3840
                    Iteration time: 4.10s
                      Time elapsed: 00:00:21
                               ETA: 00:01:53

################################################################################
                       [1m Learning iteration 5/30 [0m                        

                       Computation: 190 steps/s (collection: 3.943s, learning 0.081s)
             Mean action noise std: 0.01
          Mean value_function loss: 0.2306
               Mean surrogate loss: 0.1233
                 Mean entropy loss: -48.2071
                       Mean reward: -5.86
               Mean episode length: 78.00
   Episode_Reward/term_bad_contact: 0.0000
          Episode_Reward/term_tilt: 0.0000
    Episode_Reward/term_low_height: 0.0000
      Episode_Reward/leg_action_l2: -0.0117
   Episode_Reward/tracking_lin_vel: 0.2455
Episode_Reward/tracking_lin_vel_x_exp: 0.4784
Episode_Reward/tracking_ang_vel_yaw_l1: 0.0000
Episode_Reward/tracking_ang_vel_yaw_exp: 0.4801
Episode_Reward/tracking_lin_vel_y_l2: 0.0000
Episode_Reward/tracking_lin_vel_z_l2: 0.0000
            Episode_Reward/survive: 0.0000
    Episode_Reward/foot_contacts_z: 0.0000
            Episode_Reward/torques: -0.0549
 Episode_Reward/tracking_lin_vel_y: 0.0000
          Episode_Reward/lin_vel_z: -0.0018
         Episode_Reward/ang_vel_xy: -0.0002
   Episode_Reward/tracking_ang_vel: 0.1247
               Episode_Reward/work: -0.0079
            Episode_Reward/dof_acc: -0.0001
        Episode_Reward/action_rate: -0.0015
     Episode_Reward/dof_pos_limits: 0.0000
      Episode_Reward/delta_torques: -0.0000
          Episode_Reward/collision: -2.5192
        Episode_Reward/walking_dof: 0.0000
            Episode_Reward/hip_pos: -0.0001
          Episode_Reward/feet_jerk: 0.0000
              Episode_Reward/alive: 0.1275
          Episode_Reward/feet_drag: -0.0023
Episode_Reward/feet_contact_forces: -0.0839
               Episode_Reward/roll: -0.0059
        Episode_Reward/base_height: -0.0130
Episode_Reward/tracking_lin_vel_max: 0.1834
Episode_Reward/flat_orientation_l2: -0.0008
  Episode_Reward/air_time_variance: -0.0000
        Episode_Reward/feet_height: 0.0000
      Episode_Reward/feet_air_time: 0.0000
Episode_Reward/update_last_buffers: 0.0000
   Episode_Reward/wheel_idle_speed: -0.0008
    Episode_Reward/wheel_action_l2: -0.0000
  Episode_Reward/wheel_action_rate: 0.0000
Episode_Reward/teacher_ensemble_match: 0.0466
  Episode_Reward/wheel_forward_use: 0.0000
 Episode_Reward/wheel_turn_support: 0.0429
   Metrics/locomotion/error_vel_xy: 0.0482
  Metrics/locomotion/error_vel_yaw: 0.0414
      Episode_Termination/time_out: 0.3659
   Episode_Termination/bad_contact: 0.0000
          Episode_Termination/tilt: 0.0000
    Episode_Termination/low_height: 0.0000
--------------------------------------------------------------------------------
                   Total timesteps: 4608
                    Iteration time: 4.02s
                      Time elapsed: 00:00:25
                               ETA: 00:01:47

################################################################################
                       [1m Learning iteration 6/30 [0m                        

                       Computation: 193 steps/s (collection: 3.885s, learning 0.082s)
             Mean action noise std: 0.01
          Mean value_function loss: 0.2692
               Mean surrogate loss: 0.1214
                 Mean entropy loss: -48.2071
                       Mean reward: -6.61
               Mean episode length: 88.44
   Episode_Reward/term_bad_contact: 0.0000
          Episode_Reward/term_tilt: 0.0000
    Episode_Reward/term_low_height: 0.0000
      Episode_Reward/leg_action_l2: -0.0117
   Episode_Reward/tracking_lin_vel: 0.2922
Episode_Reward/tracking_lin_vel_x_exp: 0.6092
Episode_Reward/tracking_ang_vel_yaw_l1: 0.0000
Episode_Reward/tracking_ang_vel_yaw_exp: 0.6370
Episode_Reward/tracking_lin_vel_y_l2: 0.0000
Episode_Reward/tracking_lin_vel_z_l2: 0.0000
            Episode_Reward/survive: 0.0000
    Episode_Reward/foot_contacts_z: 0.0000
            Episode_Reward/torques: -0.0466
 Episode_Reward/tracking_lin_vel_y: 0.0000
          Episode_Reward/lin_vel_z: -0.0018
         Episode_Reward/ang_vel_xy: -0.0002
   Episode_Reward/tracking_ang_vel: 0.1497
               Episode_Reward/work: -0.0079
            Episode_Reward/dof_acc: -0.0001
        Episode_Reward/action_rate: -0.0016
     Episode_Reward/dof_pos_limits: 0.0000
      Episode_Reward/delta_torques: -0.0000
          Episode_Reward/collision: -2.9892
        Episode_Reward/walking_dof: 0.0000
            Episode_Reward/hip_pos: -0.0001
          Episode_Reward/feet_jerk: 0.0000
              Episode_Reward/alive: 0.1510
          Episode_Reward/feet_drag: -0.0022
Episode_Reward/feet_contact_forces: -0.0992
               Episode_Reward/roll: -0.0043
        Episode_Reward/base_height: -0.0168
Episode_Reward/tracking_lin_vel_max: 0.2179
Episode_Reward/flat_orientation_l2: -0.0003
  Episode_Reward/air_time_variance: -0.0000
        Episode_Reward/feet_height: 0.0000
      Episode_Reward/feet_air_time: 0.0000
Episode_Reward/update_last_buffers: 0.0000
   Episode_Reward/wheel_idle_speed: -0.0006
    Episode_Reward/wheel_action_l2: -0.0000
  Episode_Reward/wheel_action_rate: 0.0000
Episode_Reward/teacher_ensemble_match: 0.0643
  Episode_Reward/wheel_forward_use: 0.0000
 Episode_Reward/wheel_turn_support: 0.0247
   Metrics/locomotion/error_vel_xy: 0.0447
  Metrics/locomotion/error_vel_yaw: 0.0292
      Episode_Termination/time_out: 0.4570
   Episode_Termination/bad_contact: 0.0000
          Episode_Termination/tilt: 0.0000
    Episode_Termination/low_height: 0.0000
--------------------------------------------------------------------------------
                   Total timesteps: 5376
                    Iteration time: 3.97s
                      Time elapsed: 00:00:29
                               ETA: 00:01:42

################################################################################
                       [1m Learning iteration 7/30 [0m                        

                       Computation: 191 steps/s (collection: 3.930s, learning 0.091s)
             Mean action noise std: 0.01
          Mean value_function loss: 0.3970
               Mean surrogate loss: 0.0863
                 Mean entropy loss: -48.2071
                       Mean reward: -7.64
               Mean episode length: 102.95
   Episode_Reward/term_bad_contact: 0.0000
          Episode_Reward/term_tilt: 0.0000
    Episode_Reward/term_low_height: 0.0000
      Episode_Reward/leg_action_l2: -0.0162
   Episode_Reward/tracking_lin_vel: 0.3325
Episode_Reward/tracking_lin_vel_x_exp: 0.6458
Episode_Reward/tracking_ang_vel_yaw_l1: 0.0000
Episode_Reward/tracking_ang_vel_yaw_exp: 0.7297
Episode_Reward/tracking_lin_vel_y_l2: 0.0000
Episode_Reward/tracking_lin_vel_z_l2: 0.0000
            Episode_Reward/survive: 0.0000
    Episode_Reward/foot_contacts_z: 0.0000
            Episode_Reward/torques: -0.0627
 Episode_Reward/tracking_lin_vel_y: 0.0000
          Episode_Reward/lin_vel_z: -0.0018
         Episode_Reward/ang_vel_xy: -0.0002
   Episode_Reward/tracking_ang_vel: 0.1742
               Episode_Reward/work: -0.0111
            Episode_Reward/dof_acc: -0.0002
        Episode_Reward/action_rate: -0.0023
     Episode_Reward/dof_pos_limits: 0.0000
      Episode_Reward/delta_torques: -0.0000
          Episode_Reward/collision: -3.5017
        Episode_Reward/walking_dof: 0.0036
            Episode_Reward/hip_pos: -0.0002
          Episode_Reward/feet_jerk: 0.0000
              Episode_Reward/alive: 0.1766
          Episode_Reward/feet_drag: -0.0068
Episode_Reward/feet_contact_forces: -0.1159
               Episode_Reward/roll: -0.0043
        Episode_Reward/base_height: -0.0196
Episode_Reward/tracking_lin_vel_max: 0.2299
Episode_Reward/flat_orientation_l2: -0.0005
  Episode_Reward/air_time_variance: -0.0000
        Episode_Reward/feet_height: 0.0000
      Episode_Reward/feet_air_time: -0.0000
Episode_Reward/update_last_buffers: 0.0000
   Episode_Reward/wheel_idle_speed: -0.0018
    Episode_Reward/wheel_action_l2: -0.0000
  Episode_Reward/wheel_action_rate: 0.0000
Episode_Reward/teacher_ensemble_match: 0.0686
  Episode_Reward/wheel_forward_use: 0.0221
 Episode_Reward/wheel_turn_support: 0.0488
   Metrics/locomotion/error_vel_xy: 0.0791
  Metrics/locomotion/error_vel_yaw: 0.0399
      Episode_Termination/time_out: 0.5495
   Episode_Termination/bad_contact: 0.0000
          Episode_Termination/tilt: 0.0000
    Episode_Termination/low_height: 0.0000
--------------------------------------------------------------------------------
                   Total timesteps: 6144
                    Iteration time: 4.02s
                      Time elapsed: 00:00:33
                               ETA: 00:01:37

################################################################################
                       [1m Learning iteration 8/30 [0m                        

                       Computation: 194 steps/s (collection: 3.870s, learning 0.080s)
             Mean action noise std: 0.01
          Mean value_function loss: 0.3203
               Mean surrogate loss: 0.0789
                 Mean entropy loss: -48.2071
                       Mean reward: -8.31
               Mean episode length: 112.81
   Episode_Reward/term_bad_contact: 0.0000
          Episode_Reward/term_tilt: 0.0000
    Episode_Reward/term_low_height: 0.0000
      Episode_Reward/leg_action_l2: -0.0140
   Episode_Reward/tracking_lin_vel: 0.3828
Episode_Reward/tracking_lin_vel_x_exp: 0.7777
Episode_Reward/tracking_ang_vel_yaw_l1: 0.0000
Episode_Reward/tracking_ang_vel_yaw_exp: 0.7963
Episode_Reward/tracking_lin_vel_y_l2: 0.0000
Episode_Reward/tracking_lin_vel_z_l2: 0.0000
            Episode_Reward/survive: 0.0000
    Episode_Reward/foot_contacts_z: 0.0000
            Episode_Reward/torques: -0.0699
 Episode_Reward/tracking_lin_vel_y: 0.0000
          Episode_Reward/lin_vel_z: -0.0018
         Episode_Reward/ang_vel_xy: -0.0002
   Episode_Reward/tracking_ang_vel: 0.1936
               Episode_Reward/work: -0.0138
            Episode_Reward/dof_acc: -0.0002
        Episode_Reward/action_rate: -0.0020
     Episode_Reward/dof_pos_limits: 0.0000
      Episode_Reward/delta_torques: -0.0000
          Episode_Reward/collision: -3.8992
        Episode_Reward/walking_dof: 0.0129
            Episode_Reward/hip_pos: -0.0002
          Episode_Reward/feet_jerk: 0.0000
              Episode_Reward/alive: 0.1965
          Episode_Reward/feet_drag: -0.0100
Episode_Reward/feet_contact_forces: -0.1288
               Episode_Reward/roll: -0.0057
        Episode_Reward/base_height: -0.0214
Episode_Reward/tracking_lin_vel_max: 0.2432
Episode_Reward/flat_orientation_l2: -0.0005
  Episode_Reward/air_time_variance: -0.0000
        Episode_Reward/feet_height: 0.0000
      Episode_Reward/feet_air_time: -0.0001
Episode_Reward/update_last_buffers: 0.0000
   Episode_Reward/wheel_idle_speed: -0.0015
    Episode_Reward/wheel_action_l2: -0.0000
  Episode_Reward/wheel_action_rate: 0.0000
Episode_Reward/teacher_ensemble_match: 0.0867
  Episode_Reward/wheel_forward_use: 0.0783
 Episode_Reward/wheel_turn_support: 0.0610
   Metrics/locomotion/error_vel_xy: 0.0603
  Metrics/locomotion/error_vel_yaw: 0.0483
      Episode_Termination/time_out: 0.6211
   Episode_Termination/bad_contact: 0.0000
          Episode_Termination/tilt: 0.0000
    Episode_Termination/low_height: 0.0000
--------------------------------------------------------------------------------
                   Total timesteps: 6912
                    Iteration time: 3.95s
                      Time elapsed: 00:00:37
                               ETA: 00:01:32

################################################################################
                       [1m Learning iteration 9/30 [0m                        

                       Computation: 188 steps/s (collection: 3.983s, learning 0.083s)
             Mean action noise std: 0.01
          Mean value_function loss: 0.5034
               Mean surrogate loss: 0.0983
                 Mean entropy loss: -48.2071
                       Mean reward: -10.19
               Mean episode length: 134.88
   Episode_Reward/term_bad_contact: 0.0000
          Episode_Reward/term_tilt: 0.0000
    Episode_Reward/term_low_height: 0.0000
      Episode_Reward/leg_action_l2: -0.0454
   Episode_Reward/tracking_lin_vel: 0.4349
Episode_Reward/tracking_lin_vel_x_exp: 0.8436
Episode_Reward/tracking_ang_vel_yaw_l1: 0.0000
Episode_Reward/tracking_ang_vel_yaw_exp: 0.8185
Episode_Reward/tracking_lin_vel_y_l2: 0.0000
Episode_Reward/tracking_lin_vel_z_l2: 0.0000
            Episode_Reward/survive: 0.0000
    Episode_Reward/foot_contacts_z: 0.0000
            Episode_Reward/torques: -0.1107
 Episode_Reward/tracking_lin_vel_y: 0.0000
          Episode_Reward/lin_vel_z: -0.0018
         Episode_Reward/ang_vel_xy: -0.0002
   Episode_Reward/tracking_ang_vel: 0.2204
               Episode_Reward/work: -0.0105
            Episode_Reward/dof_acc: -0.0001
        Episode_Reward/action_rate: -0.0071
     Episode_Reward/dof_pos_limits: 0.0000
      Episode_Reward/delta_torques: -0.0000
          Episode_Reward/collision: -4.4925
        Episode_Reward/walking_dof: 0.0027
            Episode_Reward/hip_pos: -0.0004
          Episode_Reward/feet_jerk: 0.0000
              Episode_Reward/alive: 0.2261
          Episode_Reward/feet_drag: -0.0060
Episode_Reward/feet_contact_forces: -0.1483
               Episode_Reward/roll: -0.0109
        Episode_Reward/base_height: -0.0222
Episode_Reward/tracking_lin_vel_max: 0.3134
Episode_Reward/flat_orientation_l2: -0.0017
  Episode_Reward/air_time_variance: -0.0000
        Episode_Reward/feet_height: 0.0000
      Episode_Reward/feet_air_time: 0.0000
Episode_Reward/update_last_buffers: 0.0000
   Episode_Reward/wheel_idle_speed: -0.0018
    Episode_Reward/wheel_action_l2: -0.0000
  Episode_Reward/wheel_action_rate: 0.0000
Episode_Reward/teacher_ensemble_match: 0.0604
  Episode_Reward/wheel_forward_use: 0.0163
 Episode_Reward/wheel_turn_support: 0.0768
   Metrics/locomotion/error_vel_xy: 0.0866
  Metrics/locomotion/error_vel_yaw: 0.0832
      Episode_Termination/time_out: 0.7435
   Episode_Termination/bad_contact: 0.0000
          Episode_Termination/tilt: 0.0000
    Episode_Termination/low_height: 0.0000
--------------------------------------------------------------------------------
                   Total timesteps: 7680
                    Iteration time: 4.07s
                      Time elapsed: 00:00:41
                               ETA: 00:01:27

################################################################################
                       [1m Learning iteration 10/30 [0m                       

                       Computation: 182 steps/s (collection: 4.122s, learning 0.078s)
             Mean action noise std: 0.01
          Mean value_function loss: 0.3929
               Mean surrogate loss: 0.0735
                 Mean entropy loss: -48.2071
                       Mean reward: -11.25
               Mean episode length: 150.67
   Episode_Reward/term_bad_contact: 0.0000
          Episode_Reward/term_tilt: 0.0000
    Episode_Reward/term_low_height: 0.0000
      Episode_Reward/leg_action_l2: -0.0473
   Episode_Reward/tracking_lin_vel: 0.4809
Episode_Reward/tracking_lin_vel_x_exp: 0.9699
Episode_Reward/tracking_ang_vel_yaw_l1: 0.0000
Episode_Reward/tracking_ang_vel_yaw_exp: 1.0044
Episode_Reward/tracking_lin_vel_y_l2: 0.0000
Episode_Reward/tracking_lin_vel_z_l2: 0.0000
            Episode_Reward/survive: 0.0000
    Episode_Reward/foot_contacts_z: 0.0000
            Episode_Reward/torques: -0.0832
 Episode_Reward/tracking_lin_vel_y: 0.0000
          Episode_Reward/lin_vel_z: -0.0018
         Episode_Reward/ang_vel_xy: -0.0002
   Episode_Reward/tracking_ang_vel: 0.2441
               Episode_Reward/work: -0.0129
            Episode_Reward/dof_acc: -0.0002
        Episode_Reward/action_rate: -0.0077
     Episode_Reward/dof_pos_limits: 0.0000
      Episode_Reward/delta_torques: -0.0000
          Episode_Reward/collision: -4.9200
        Episode_Reward/walking_dof: 0.0037
            Episode_Reward/hip_pos: -0.0002
          Episode_Reward/feet_jerk: 0.0000
              Episode_Reward/alive: 0.2475
          Episode_Reward/feet_drag: -0.0085
Episode_Reward/feet_contact_forces: -0.1623
               Episode_Reward/roll: -0.0057
        Episode_Reward/base_height: -0.0270
Episode_Reward/tracking_lin_vel_max: 0.3312
Episode_Reward/flat_orientation_l2: -0.0005
  Episode_Reward/air_time_variance: -0.0000
        Episode_Reward/feet_height: 0.0000
      Episode_Reward/feet_air_time: 0.0000
Episode_Reward/update_last_buffers: 0.0000
   Episode_Reward/wheel_idle_speed: -0.0029
    Episode_Reward/wheel_action_l2: -0.0000
  Episode_Reward/wheel_action_rate: 0.0000
Episode_Reward/teacher_ensemble_match: 0.0723
  Episode_Reward/wheel_forward_use: 0.0224
 Episode_Reward/wheel_turn_support: 0.0582
   Metrics/locomotion/error_vel_xy: 0.0778
  Metrics/locomotion/error_vel_yaw: 0.0600
      Episode_Termination/time_out: 0.8737
   Episode_Termination/bad_contact: 0.0000
          Episode_Termination/tilt: 0.0000
    Episode_Termination/low_height: 0.0000
--------------------------------------------------------------------------------
                   Total timesteps: 8448
                    Iteration time: 4.20s
                      Time elapsed: 00:00:46
                               ETA: 00:01:23

################################################################################
                       [1m Learning iteration 11/30 [0m                       

                       Computation: 200 steps/s (collection: 3.762s, learning 0.077s)
             Mean action noise std: 0.01
          Mean value_function loss: 0.2946
               Mean surrogate loss: 0.0414
                 Mean entropy loss: -48.2071
                       Mean reward: -11.88
               Mean episode length: 158.12
   Episode_Reward/term_bad_contact: 0.0000
          Episode_Reward/term_tilt: 0.0000
    Episode_Reward/term_low_height: 0.0000
      Episode_Reward/leg_action_l2: -0.0352
   Episode_Reward/tracking_lin_vel: 0.5252
Episode_Reward/tracking_lin_vel_x_exp: 0.9977
Episode_Reward/tracking_ang_vel_yaw_l1: 0.0000
Episode_Reward/tracking_ang_vel_yaw_exp: 1.1065
Episode_Reward/tracking_lin_vel_y_l2: 0.0000
Episode_Reward/tracking_lin_vel_z_l2: 0.0000
            Episode_Reward/survive: 0.0000
    Episode_Reward/foot_contacts_z: 0.0000
            Episode_Reward/torques: -0.0978
 Episode_Reward/tracking_lin_vel_y: 0.0000
          Episode_Reward/lin_vel_z: -0.0019
         Episode_Reward/ang_vel_xy: -0.0002
   Episode_Reward/tracking_ang_vel: 0.2672
               Episode_Reward/work: -0.0147
            Episode_Reward/dof_acc: -0.0002
        Episode_Reward/action_rate: -0.0060
     Episode_Reward/dof_pos_limits: 0.0000
      Episode_Reward/delta_torques: -0.0000
          Episode_Reward/collision: -5.3867
        Episode_Reward/walking_dof: 0.0077
            Episode_Reward/hip_pos: -0.0004
          Episode_Reward/feet_jerk: 0.0000
              Episode_Reward/alive: 0.2708
          Episode_Reward/feet_drag: -0.0097
Episode_Reward/feet_contact_forces: -0.1776
               Episode_Reward/roll: -0.0080
        Episode_Reward/base_height: -0.0294
Episode_Reward/tracking_lin_vel_max: 0.3671
Episode_Reward/flat_orientation_l2: -0.0014
  Episode_Reward/air_time_variance: -0.0000
        Episode_Reward/feet_height: 0.0000
      Episode_Reward/feet_air_time: -0.0001
Episode_Reward/update_last_buffers: 0.0000
   Episode_Reward/wheel_idle_speed: -0.0022
    Episode_Reward/wheel_action_l2: -0.0000
  Episode_Reward/wheel_action_rate: 0.0000
Episode_Reward/teacher_ensemble_match: 0.0983
  Episode_Reward/wheel_forward_use: 0.0472
 Episode_Reward/wheel_turn_support: 0.0352
   Metrics/locomotion/error_vel_xy: 0.1013
  Metrics/locomotion/error_vel_yaw: 0.0641
      Episode_Termination/time_out: 0.9870
   Episode_Termination/bad_contact: 0.0000
          Episode_Termination/tilt: 0.0000
    Episode_Termination/low_height: 0.0000
--------------------------------------------------------------------------------
                   Total timesteps: 9216
                    Iteration time: 3.84s
                      Time elapsed: 00:00:49
                               ETA: 00:01:18

################################################################################
                       [1m Learning iteration 12/30 [0m                       

                       Computation: 203 steps/s (collection: 3.691s, learning 0.084s)
             Mean action noise std: 0.01
          Mean value_function loss: 0.2174
               Mean surrogate loss: 0.0581
                 Mean entropy loss: -48.2071
                       Mean reward: -12.21
               Mean episode length: 162.42
   Episode_Reward/term_bad_contact: 0.0000
          Episode_Reward/term_tilt: 0.0000
    Episode_Reward/term_low_height: 0.0000
      Episode_Reward/leg_action_l2: -0.0314
   Episode_Reward/tracking_lin_vel: 0.5555
Episode_Reward/tracking_lin_vel_x_exp: 1.1399
Episode_Reward/tracking_ang_vel_yaw_l1: 0.0000
Episode_Reward/tracking_ang_vel_yaw_exp: 1.1608
Episode_Reward/tracking_lin_vel_y_l2: 0.0000
Episode_Reward/tracking_lin_vel_z_l2: 0.0000
            Episode_Reward/survive: 0.0000
    Episode_Reward/foot_contacts_z: 0.0000
            Episode_Reward/torques: -0.0899
 Episode_Reward/tracking_lin_vel_y: 0.0000
          Episode_Reward/lin_vel_z: -0.0019
         Episode_Reward/ang_vel_xy: -0.0002
   Episode_Reward/tracking_ang_vel: 0.2802
               Episode_Reward/work: -0.0145
            Episode_Reward/dof_acc: -0.0002
        Episode_Reward/action_rate: -0.0051
     Episode_Reward/dof_pos_limits: 0.0000
      Episode_Reward/delta_torques: -0.0000
          Episode_Reward/collision: -5.6450
        Episode_Reward/walking_dof: 0.0077
            Episode_Reward/hip_pos: -0.0002
          Episode_Reward/feet_jerk: 0.0000
              Episode_Reward/alive: 0.2837
          Episode_Reward/feet_drag: -0.0096
Episode_Reward/feet_contact_forces: -0.1861
               Episode_Reward/roll: -0.0053
        Episode_Reward/base_height: -0.0315
Episode_Reward/tracking_lin_vel_max: 0.3876
Episode_Reward/flat_orientation_l2: -0.0004
  Episode_Reward/air_time_variance: -0.0000
        Episode_Reward/feet_height: 0.0000
      Episode_Reward/feet_air_time: -0.0001
Episode_Reward/update_last_buffers: 0.0000
   Episode_Reward/wheel_idle_speed: -0.0019
    Episode_Reward/wheel_action_l2: -0.0000
  Episode_Reward/wheel_action_rate: 0.0000
Episode_Reward/teacher_ensemble_match: 0.1056
  Episode_Reward/wheel_forward_use: 0.0472
 Episode_Reward/wheel_turn_support: 0.0426
   Metrics/locomotion/error_vel_xy: 0.0785
  Metrics/locomotion/error_vel_yaw: 0.0661
      Episode_Termination/time_out: 1.0000
   Episode_Termination/bad_contact: 0.0000
          Episode_Termination/tilt: 0.0000
    Episode_Termination/low_height: 0.0000
--------------------------------------------------------------------------------
                   Total timesteps: 9984
                    Iteration time: 3.77s
                      Time elapsed: 00:00:53
                               ETA: 00:01:14

################################################################################
                       [1m Learning iteration 13/30 [0m                       

                       Computation: 202 steps/s (collection: 3.721s, learning 0.077s)
             Mean action noise std: 0.01
          Mean value_function loss: 0.2145
               Mean surrogate loss: 0.0436
                 Mean entropy loss: -48.2071
                       Mean reward: -13.27
               Mean episode length: 173.89
   Episode_Reward/term_bad_contact: 0.0000
          Episode_Reward/term_tilt: 0.0000
    Episode_Reward/term_low_height: 0.0000
      Episode_Reward/leg_action_l2: -0.0494
   Episode_Reward/tracking_lin_vel: 0.5665
Episode_Reward/tracking_lin_vel_x_exp: 1.0308
Episode_Reward/tracking_ang_vel_yaw_l1: 0.0000
Episode_Reward/tracking_ang_vel_yaw_exp: 1.1699
Episode_Reward/tracking_lin_vel_y_l2: 0.0000
Episode_Reward/tracking_lin_vel_z_l2: 0.0000
            Episode_Reward/survive: 0.0000
    Episode_Reward/foot_contacts_z: 0.0000
            Episode_Reward/torques: -0.1180
 Episode_Reward/tracking_lin_vel_y: 0.0000
          Episode_Reward/lin_vel_z: -0.0018
         Episode_Reward/ang_vel_xy: -0.0002
   Episode_Reward/tracking_ang_vel: 0.2954
               Episode_Reward/work: -0.0123
            Episode_Reward/dof_acc: -0.0002
        Episode_Reward/action_rate: -0.0079
     Episode_Reward/dof_pos_limits: 0.0000
      Episode_Reward/delta_torques: -0.0001
          Episode_Reward/collision: -5.9700
        Episode_Reward/walking_dof: 0.0059
            Episode_Reward/hip_pos: -0.0003
          Episode_Reward/feet_jerk: 0.0000
              Episode_Reward/alive: 0.3000
          Episode_Reward/feet_drag: -0.0076
Episode_Reward/feet_contact_forces: -0.1967
               Episode_Reward/roll: -0.0109
        Episode_Reward/base_height: -0.0312
Episode_Reward/tracking_lin_vel_max: 0.3825
Episode_Reward/flat_orientation_l2: -0.0010
  Episode_Reward/air_time_variance: -0.0000
        Episode_Reward/feet_height: 0.0000
      Episode_Reward/feet_air_time: 0.0000
Episode_Reward/update_last_buffers: 0.0000
   Episode_Reward/wheel_idle_speed: -0.0017
    Episode_Reward/wheel_action_l2: -0.0000
  Episode_Reward/wheel_action_rate: 0.0000
Episode_Reward/teacher_ensemble_match: 0.0741
  Episode_Reward/wheel_forward_use: 0.0329
 Episode_Reward/wheel_turn_support: 0.0987
   Metrics/locomotion/error_vel_xy: 0.1466
  Metrics/locomotion/error_vel_yaw: 0.0850
      Episode_Termination/time_out: 1.0000
   Episode_Termination/bad_contact: 0.0000
          Episode_Termination/tilt: 0.0000
    Episode_Termination/low_height: 0.0000
--------------------------------------------------------------------------------
                   Total timesteps: 10752
                    Iteration time: 3.80s
                      Time elapsed: 00:00:57
                               ETA: 00:01:09

################################################################################
                       [1m Learning iteration 14/30 [0m                       

                       Computation: 202 steps/s (collection: 3.708s, learning 0.082s)
             Mean action noise std: 0.01
          Mean value_function loss: 0.3843
               Mean surrogate loss: 0.0481
                 Mean entropy loss: -48.2071
                       Mean reward: -13.54
               Mean episode length: 177.30
   Episode_Reward/term_bad_contact: 0.0000
          Episode_Reward/term_tilt: 0.0000
    Episode_Reward/term_low_height: 0.0000
      Episode_Reward/leg_action_l2: -0.0429
   Episode_Reward/tracking_lin_vel: 0.5803
Episode_Reward/tracking_lin_vel_x_exp: 1.1751
Episode_Reward/tracking_ang_vel_yaw_l1: 0.0000
Episode_Reward/tracking_ang_vel_yaw_exp: 1.1748
Episode_Reward/tracking_lin_vel_y_l2: 0.0000
Episode_Reward/tracking_lin_vel_z_l2: 0.0000
            Episode_Reward/survive: 0.0000
    Episode_Reward/foot_contacts_z: 0.0000
            Episode_Reward/torques: -0.1078
 Episode_Reward/tracking_lin_vel_y: 0.0000
          Episode_Reward/lin_vel_z: -0.0019
         Episode_Reward/ang_vel_xy: -0.0002
   Episode_Reward/tracking_ang_vel: 0.2947
               Episode_Reward/work: -0.0140
            Episode_Reward/dof_acc: -0.0002
        Episode_Reward/action_rate: -0.0068
     Episode_Reward/dof_pos_limits: 0.0000
      Episode_Reward/delta_torques: -0.0000
          Episode_Reward/collision: -5.9700
        Episode_Reward/walking_dof: 0.0000
            Episode_Reward/hip_pos: -0.0003
          Episode_Reward/feet_jerk: 0.0000
              Episode_Reward/alive: 0.3000
          Episode_Reward/feet_drag: -0.0105
Episode_Reward/feet_contact_forces: -0.1968
               Episode_Reward/roll: -0.0086
        Episode_Reward/base_height: -0.0314
Episode_Reward/tracking_lin_vel_max: 0.4107
Episode_Reward/flat_orientation_l2: -0.0008
  Episode_Reward/air_time_variance: -0.0000
        Episode_Reward/feet_height: 0.0000
      Episode_Reward/feet_air_time: 0.0000
Episode_Reward/update_last_buffers: 0.0000
   Episode_Reward/wheel_idle_speed: -0.0056
    Episode_Reward/wheel_action_l2: -0.0000
  Episode_Reward/wheel_action_rate: 0.0000
Episode_Reward/teacher_ensemble_match: 0.0842
  Episode_Reward/wheel_forward_use: 0.0000
 Episode_Reward/wheel_turn_support: 0.0380
   Metrics/locomotion/error_vel_xy: 0.0996
  Metrics/locomotion/error_vel_yaw: 0.0851
      Episode_Termination/time_out: 1.0000
   Episode_Termination/bad_contact: 0.0000
          Episode_Termination/tilt: 0.0000
    Episode_Termination/low_height: 0.0000
--------------------------------------------------------------------------------
                   Total timesteps: 11520
                    Iteration time: 3.79s
                      Time elapsed: 00:01:01
                               ETA: 00:01:05

################################################################################
                       [1m Learning iteration 15/30 [0m                       

                       Computation: 199 steps/s (collection: 3.765s, learning 0.085s)
             Mean action noise std: 0.01
          Mean value_function loss: 0.3875
               Mean surrogate loss: 0.0104
                 Mean entropy loss: -48.2071
                       Mean reward: -14.01
               Mean episode length: 183.59
   Episode_Reward/term_bad_contact: 0.0000
          Episode_Reward/term_tilt: 0.0000
    Episode_Reward/term_low_height: 0.0000
      Episode_Reward/leg_action_l2: -0.0237
   Episode_Reward/tracking_lin_vel: 0.5880
Episode_Reward/tracking_lin_vel_x_exp: 1.2334
Episode_Reward/tracking_ang_vel_yaw_l1: 0.0000
Episode_Reward/tracking_ang_vel_yaw_exp: 1.1509
Episode_Reward/tracking_lin_vel_y_l2: 0.0000
Episode_Reward/tracking_lin_vel_z_l2: 0.0000
            Episode_Reward/survive: 0.0000
    Episode_Reward/foot_contacts_z: 0.0000
            Episode_Reward/torques: -0.1126
 Episode_Reward/tracking_lin_vel_y: 0.0000
          Episode_Reward/lin_vel_z: -0.0018
         Episode_Reward/ang_vel_xy: -0.0002
   Episode_Reward/tracking_ang_vel: 0.2940
               Episode_Reward/work: -0.0145
            Episode_Reward/dof_acc: -0.0002
        Episode_Reward/action_rate: -0.0038
     Episode_Reward/dof_pos_limits: 0.0000
      Episode_Reward/delta_torques: -0.0000
          Episode_Reward/collision: -5.9700
        Episode_Reward/walking_dof: 0.0097
            Episode_Reward/hip_pos: -0.0003
          Episode_Reward/feet_jerk: 0.0000
              Episode_Reward/alive: 0.3000
          Episode_Reward/feet_drag: -0.0102
Episode_Reward/feet_contact_forces: -0.1967
               Episode_Reward/roll: -0.0083
        Episode_Reward/base_height: -0.0310
Episode_Reward/tracking_lin_vel_max: 0.4051
Episode_Reward/flat_orientation_l2: -0.0008
  Episode_Reward/air_time_variance: -0.0000
        Episode_Reward/feet_height: 0.0000
      Episode_Reward/feet_air_time: -0.0001
Episode_Reward/update_last_buffers: 0.0000
   Episode_Reward/wheel_idle_speed: -0.0018
    Episode_Reward/wheel_action_l2: -0.0000
  Episode_Reward/wheel_action_rate: 0.0000
Episode_Reward/teacher_ensemble_match: 0.1247
  Episode_Reward/wheel_forward_use: 0.0590
 Episode_Reward/wheel_turn_support: 0.1137
   Metrics/locomotion/error_vel_xy: 0.0784
  Metrics/locomotion/error_vel_yaw: 0.0922
      Episode_Termination/time_out: 1.0000
   Episode_Termination/bad_contact: 0.0000
          Episode_Termination/tilt: 0.0000
    Episode_Termination/low_height: 0.0000
--------------------------------------------------------------------------------
                   Total timesteps: 12288
                    Iteration time: 3.85s
                      Time elapsed: 00:01:05
                               ETA: 00:01:01

################################################################################
                       [1m Learning iteration 16/30 [0m                       

                       Computation: 193 steps/s (collection: 3.882s, learning 0.088s)
             Mean action noise std: 0.01
          Mean value_function loss: 0.1977
               Mean surrogate loss: 0.0189
                 Mean entropy loss: -48.2071
                       Mean reward: -14.52
               Mean episode length: 189.27
   Episode_Reward/term_bad_contact: 0.0000
          Episode_Reward/term_tilt: 0.0000
    Episode_Reward/term_low_height: 0.0000
      Episode_Reward/leg_action_l2: -0.0490
   Episode_Reward/tracking_lin_vel: 0.5868
Episode_Reward/tracking_lin_vel_x_exp: 1.1524
Episode_Reward/tracking_ang_vel_yaw_l1: 0.0000
Episode_Reward/tracking_ang_vel_yaw_exp: 1.1293
Episode_Reward/tracking_lin_vel_y_l2: 0.0000
Episode_Reward/tracking_lin_vel_z_l2: 0.0000
            Episode_Reward/survive: 0.0000
    Episode_Reward/foot_contacts_z: 0.0000
            Episode_Reward/torques: -0.1288
 Episode_Reward/tracking_lin_vel_y: 0.0000
          Episode_Reward/lin_vel_z: -0.0019
         Episode_Reward/ang_vel_xy: -0.0002
   Episode_Reward/tracking_ang_vel: 0.2937
               Episode_Reward/work: -0.0122
            Episode_Reward/dof_acc: -0.0002
        Episode_Reward/action_rate: -0.0077
     Episode_Reward/dof_pos_limits: 0.0000
      Episode_Reward/delta_torques: -0.0001
          Episode_Reward/collision: -5.9700
        Episode_Reward/walking_dof: 0.0046
            Episode_Reward/hip_pos: -0.0005
          Episode_Reward/feet_jerk: 0.0000
              Episode_Reward/alive: 0.3000
          Episode_Reward/feet_drag: -0.0075
Episode_Reward/feet_contact_forces: -0.1967
               Episode_Reward/roll: -0.0109
        Episode_Reward/base_height: -0.0298
Episode_Reward/tracking_lin_vel_max: 0.4265
Episode_Reward/flat_orientation_l2: -0.0015
  Episode_Reward/air_time_variance: -0.0000
        Episode_Reward/feet_height: 0.0000
      Episode_Reward/feet_air_time: -0.0000
Episode_Reward/update_last_buffers: 0.0000
   Episode_Reward/wheel_idle_speed: -0.0016
    Episode_Reward/wheel_action_l2: -0.0000
  Episode_Reward/wheel_action_rate: 0.0000
Episode_Reward/teacher_ensemble_match: 0.0988
  Episode_Reward/wheel_forward_use: 0.0279
 Episode_Reward/wheel_turn_support: 0.0916
   Metrics/locomotion/error_vel_xy: 0.0965
  Metrics/locomotion/error_vel_yaw: 0.0981
      Episode_Termination/time_out: 1.0000
   Episode_Termination/bad_contact: 0.0000
          Episode_Termination/tilt: 0.0000
    Episode_Termination/low_height: 0.0000
--------------------------------------------------------------------------------
                   Total timesteps: 13056
                    Iteration time: 3.97s
                      Time elapsed: 00:01:09
                               ETA: 00:00:56

################################################################################
                       [1m Learning iteration 17/30 [0m                       

                       Computation: 192 steps/s (collection: 3.903s, learning 0.093s)
             Mean action noise std: 0.01
          Mean value_function loss: 0.1650
               Mean surrogate loss: 0.0351
                 Mean entropy loss: -48.2071
                       Mean reward: -15.00
               Mean episode length: 194.42
   Episode_Reward/term_bad_contact: 0.0000
          Episode_Reward/term_tilt: 0.0000
    Episode_Reward/term_low_height: 0.0000
      Episode_Reward/leg_action_l2: -0.0267
   Episode_Reward/tracking_lin_vel: 0.5741
Episode_Reward/tracking_lin_vel_x_exp: 1.0342
Episode_Reward/tracking_ang_vel_yaw_l1: 0.0000
Episode_Reward/tracking_ang_vel_yaw_exp: 1.0976
Episode_Reward/tracking_lin_vel_y_l2: 0.0000
Episode_Reward/tracking_lin_vel_z_l2: 0.0000
            Episode_Reward/survive: 0.0000
    Episode_Reward/foot_contacts_z: 0.0000
            Episode_Reward/torques: -0.1435
 Episode_Reward/tracking_lin_vel_y: 0.0000
          Episode_Reward/lin_vel_z: -0.0019
         Episode_Reward/ang_vel_xy: -0.0003
   Episode_Reward/tracking_ang_vel: 0.2913
               Episode_Reward/work: -0.0148
            Episode_Reward/dof_acc: -0.0003
        Episode_Reward/action_rate: -0.0043
     Episode_Reward/dof_pos_limits: 0.0000
      Episode_Reward/delta_torques: -0.0001
          Episode_Reward/collision: -5.9700
        Episode_Reward/walking_dof: 0.0058
            Episode_Reward/hip_pos: -0.0006
          Episode_Reward/feet_jerk: 0.0000
              Episode_Reward/alive: 0.3000
          Episode_Reward/feet_drag: -0.0106
Episode_Reward/feet_contact_forces: -0.1967
               Episode_Reward/roll: -0.0137
        Episode_Reward/base_height: -0.0296
Episode_Reward/tracking_lin_vel_max: 0.4078
Episode_Reward/flat_orientation_l2: -0.0019
  Episode_Reward/air_time_variance: -0.0000
        Episode_Reward/feet_height: 0.0000
      Episode_Reward/feet_air_time: 0.0000
Episode_Reward/update_last_buffers: 0.0000
   Episode_Reward/wheel_idle_speed: -0.0033
    Episode_Reward/wheel_action_l2: -0.0000
  Episode_Reward/wheel_action_rate: 0.0000
Episode_Reward/teacher_ensemble_match: 0.1087
  Episode_Reward/wheel_forward_use: 0.0360
 Episode_Reward/wheel_turn_support: 0.0932
   Metrics/locomotion/error_vel_xy: 0.1381
  Metrics/locomotion/error_vel_yaw: 0.1108
      Episode_Termination/time_out: 1.0000
   Episode_Termination/bad_contact: 0.0000
          Episode_Termination/tilt: 0.0000
    Episode_Termination/low_height: 0.0000
--------------------------------------------------------------------------------
                   Total timesteps: 13824
                    Iteration time: 4.00s
                      Time elapsed: 00:01:13
                               ETA: 00:00:52

################################################################################
                       [1m Learning iteration 18/30 [0m                       

                       Computation: 195 steps/s (collection: 3.843s, learning 0.088s)
             Mean action noise std: 0.01
          Mean value_function loss: 0.4164
               Mean surrogate loss: 0.0277
                 Mean entropy loss: -48.2071
                       Mean reward: -15.53
               Mean episode length: 203.40
   Episode_Reward/term_bad_contact: 0.0000
          Episode_Reward/term_tilt: 0.0000
    Episode_Reward/term_low_height: 0.0000
      Episode_Reward/leg_action_l2: -0.0291
   Episode_Reward/tracking_lin_vel: 0.5837
Episode_Reward/tracking_lin_vel_x_exp: 1.2032
Episode_Reward/tracking_ang_vel_yaw_l1: 0.0000
Episode_Reward/tracking_ang_vel_yaw_exp: 1.2620
Episode_Reward/tracking_lin_vel_y_l2: 0.0000
Episode_Reward/tracking_lin_vel_z_l2: 0.0000
            Episode_Reward/survive: 0.0000
    Episode_Reward/foot_contacts_z: 0.0000
            Episode_Reward/torques: -0.0995
 Episode_Reward/tracking_lin_vel_y: 0.0000
          Episode_Reward/lin_vel_z: -0.0018
         Episode_Reward/ang_vel_xy: -0.0002
   Episode_Reward/tracking_ang_vel: 0.2963
               Episode_Reward/work: -0.0153
            Episode_Reward/dof_acc: -0.0003
        Episode_Reward/action_rate: -0.0046
     Episode_Reward/dof_pos_limits: 0.0000
      Episode_Reward/delta_torques: -0.0000
          Episode_Reward/collision: -5.9700
        Episode_Reward/walking_dof: 0.0076
            Episode_Reward/hip_pos: -0.0003
          Episode_Reward/feet_jerk: 0.0000
              Episode_Reward/alive: 0.3000
          Episode_Reward/feet_drag: -0.0142
Episode_Reward/feet_contact_forces: -0.1967
               Episode_Reward/roll: -0.0059
        Episode_Reward/base_height: -0.0329
Episode_Reward/tracking_lin_vel_max: 0.4005
Episode_Reward/flat_orientation_l2: -0.0008
  Episode_Reward/air_time_variance: -0.0000
        Episode_Reward/feet_height: 0.0000
      Episode_Reward/feet_air_time: -0.0000
Episode_Reward/update_last_buffers: 0.0000
   Episode_Reward/wheel_idle_speed: -0.0043
    Episode_Reward/wheel_action_l2: -0.0000
  Episode_Reward/wheel_action_rate: 0.0000
Episode_Reward/teacher_ensemble_match: 0.1117
  Episode_Reward/wheel_forward_use: 0.0468
 Episode_Reward/wheel_turn_support: 0.0328
   Metrics/locomotion/error_vel_xy: 0.0885
  Metrics/locomotion/error_vel_yaw: 0.0622
      Episode_Termination/time_out: 1.0000
   Episode_Termination/bad_contact: 0.0000
          Episode_Termination/tilt: 0.0000
    Episode_Termination/low_height: 0.0000
--------------------------------------------------------------------------------
                   Total timesteps: 14592
                    Iteration time: 3.93s
                      Time elapsed: 00:01:16
                               ETA: 00:00:48

################################################################################
                       [1m Learning iteration 19/30 [0m                       

                       Computation: 193 steps/s (collection: 3.891s, learning 0.082s)
             Mean action noise std: 0.01
          Mean value_function loss: 0.2936
               Mean surrogate loss: 0.0103
                 Mean entropy loss: -48.2071
                       Mean reward: -15.86
               Mean episode length: 209.20
   Episode_Reward/term_bad_contact: 0.0000
          Episode_Reward/term_tilt: 0.0000
    Episode_Reward/term_low_height: 0.0000
      Episode_Reward/leg_action_l2: -0.0239
   Episode_Reward/tracking_lin_vel: 0.5872
Episode_Reward/tracking_lin_vel_x_exp: 1.2127
Episode_Reward/tracking_ang_vel_yaw_l1: 0.0000
Episode_Reward/tracking_ang_vel_yaw_exp: 1.2040
Episode_Reward/tracking_lin_vel_y_l2: 0.0000
Episode_Reward/tracking_lin_vel_z_l2: 0.0000
            Episode_Reward/survive: 0.0000
    Episode_Reward/foot_contacts_z: 0.0000
            Episode_Reward/torques: -0.1040
 Episode_Reward/tracking_lin_vel_y: 0.0000
          Episode_Reward/lin_vel_z: -0.0017
         Episode_Reward/ang_vel_xy: -0.0002
   Episode_Reward/tracking_ang_vel: 0.2958
               Episode_Reward/work: -0.0149
            Episode_Reward/dof_acc: -0.0003
        Episode_Reward/action_rate: -0.0038
     Episode_Reward/dof_pos_limits: 0.0000
      Episode_Reward/delta_torques: -0.0000
          Episode_Reward/collision: -5.9700
        Episode_Reward/walking_dof: 0.0088
            Episode_Reward/hip_pos: -0.0002
          Episode_Reward/feet_jerk: 0.0000
              Episode_Reward/alive: 0.3000
          Episode_Reward/feet_drag: -0.0111
Episode_Reward/feet_contact_forces: -0.1966
               Episode_Reward/roll: -0.0078
        Episode_Reward/base_height: -0.0328
Episode_Reward/tracking_lin_vel_max: 0.3998
Episode_Reward/flat_orientation_l2: -0.0007
  Episode_Reward/air_time_variance: -0.0000
        Episode_Reward/feet_height: 0.0000
      Episode_Reward/feet_air_time: -0.0001
Episode_Reward/update_last_buffers: 0.0000
   Episode_Reward/wheel_idle_speed: -0.0024
    Episode_Reward/wheel_action_l2: -0.0000
  Episode_Reward/wheel_action_rate: 0.0000
Episode_Reward/teacher_ensemble_match: 0.1247
  Episode_Reward/wheel_forward_use: 0.0537
 Episode_Reward/wheel_turn_support: 0.0646
   Metrics/locomotion/error_vel_xy: 0.0837
  Metrics/locomotion/error_vel_yaw: 0.0766
      Episode_Termination/time_out: 1.0000
   Episode_Termination/bad_contact: 0.0000
          Episode_Termination/tilt: 0.0000
    Episode_Termination/low_height: 0.0000
--------------------------------------------------------------------------------
                   Total timesteps: 15360
                    Iteration time: 3.97s
                      Time elapsed: 00:01:20
                               ETA: 00:00:44

################################################################################
                       [1m Learning iteration 20/30 [0m                       

                       Computation: 193 steps/s (collection: 3.874s, learning 0.090s)
             Mean action noise std: 0.01
          Mean value_function loss: 0.3946
               Mean surrogate loss: 0.0030
                 Mean entropy loss: -48.2071
                       Mean reward: -16.15
               Mean episode length: 212.69
   Episode_Reward/term_bad_contact: 0.0000
          Episode_Reward/term_tilt: 0.0000
    Episode_Reward/term_low_height: 0.0000
      Episode_Reward/leg_action_l2: -0.0227
   Episode_Reward/tracking_lin_vel: 0.5832
Episode_Reward/tracking_lin_vel_x_exp: 1.1441
Episode_Reward/tracking_ang_vel_yaw_l1: 0.0000
Episode_Reward/tracking_ang_vel_yaw_exp: 1.1677
Episode_Reward/tracking_lin_vel_y_l2: 0.0000
Episode_Reward/tracking_lin_vel_z_l2: 0.0000
            Episode_Reward/survive: 0.0000
    Episode_Reward/foot_contacts_z: 0.0000
            Episode_Reward/torques: -0.1300
 Episode_Reward/tracking_lin_vel_y: 0.0000
          Episode_Reward/lin_vel_z: -0.0018
         Episode_Reward/ang_vel_xy: -0.0003
   Episode_Reward/tracking_ang_vel: 0.2941
               Episode_Reward/work: -0.0181
            Episode_Reward/dof_acc: -0.0005
        Episode_Reward/action_rate: -0.0037
     Episode_Reward/dof_pos_limits: 0.0000
      Episode_Reward/delta_torques: -0.0001
          Episode_Reward/collision: -5.9700
        Episode_Reward/walking_dof: 0.0186
            Episode_Reward/hip_pos: -0.0005
          Episode_Reward/feet_jerk: 0.0000
              Episode_Reward/alive: 0.3000
          Episode_Reward/feet_drag: -0.0155
Episode_Reward/feet_contact_forces: -0.1965
               Episode_Reward/roll: -0.0114
        Episode_Reward/base_height: -0.0324
Episode_Reward/tracking_lin_vel_max: 0.3520
Episode_Reward/flat_orientation_l2: -0.0020
  Episode_Reward/air_time_variance: -0.0000
        Episode_Reward/feet_height: 0.0000
      Episode_Reward/feet_air_time: -0.0001
Episode_Reward/update_last_buffers: 0.0000
   Episode_Reward/wheel_idle_speed: -0.0023
    Episode_Reward/wheel_action_l2: -0.0000
  Episode_Reward/wheel_action_rate: 0.0000
Episode_Reward/teacher_ensemble_match: 0.1210
  Episode_Reward/wheel_forward_use: 0.1122
 Episode_Reward/wheel_turn_support: 0.0616
   Metrics/locomotion/error_vel_xy: 0.1052
  Metrics/locomotion/error_vel_yaw: 0.0885
      Episode_Termination/time_out: 1.0000
   Episode_Termination/bad_contact: 0.0000
          Episode_Termination/tilt: 0.0000
    Episode_Termination/low_height: 0.0000
--------------------------------------------------------------------------------
                   Total timesteps: 16128
                    Iteration time: 3.96s
                      Time elapsed: 00:01:24
                               ETA: 00:00:40

################################################################################
                       [1m Learning iteration 21/30 [0m                       

                       Computation: 192 steps/s (collection: 3.889s, learning 0.099s)
             Mean action noise std: 0.01
          Mean value_function loss: 0.2615
               Mean surrogate loss: 0.0038
                 Mean entropy loss: -48.2071
                       Mean reward: -16.55
               Mean episode length: 217.45
   Episode_Reward/term_bad_contact: 0.0000
          Episode_Reward/term_tilt: 0.0000
    Episode_Reward/term_low_height: 0.0000
      Episode_Reward/leg_action_l2: -0.0256
   Episode_Reward/tracking_lin_vel: 0.5749
Episode_Reward/tracking_lin_vel_x_exp: 1.1080
Episode_Reward/tracking_ang_vel_yaw_l1: 0.0000
Episode_Reward/tracking_ang_vel_yaw_exp: 1.1399
Episode_Reward/tracking_lin_vel_y_l2: 0.0000
Episode_Reward/tracking_lin_vel_z_l2: 0.0000
            Episode_Reward/survive: 0.0000
    Episode_Reward/foot_contacts_z: 0.0000
            Episode_Reward/torques: -0.1417
 Episode_Reward/tracking_lin_vel_y: 0.0000
          Episode_Reward/lin_vel_z: -0.0018
         Episode_Reward/ang_vel_xy: -0.0003
   Episode_Reward/tracking_ang_vel: 0.2933
               Episode_Reward/work: -0.0163
            Episode_Reward/dof_acc: -0.0005
        Episode_Reward/action_rate: -0.0041
     Episode_Reward/dof_pos_limits: 0.0000
      Episode_Reward/delta_torques: -0.0001
          Episode_Reward/collision: -5.9700
        Episode_Reward/walking_dof: 0.0187
            Episode_Reward/hip_pos: -0.0006
          Episode_Reward/feet_jerk: 0.0000
              Episode_Reward/alive: 0.3000
          Episode_Reward/feet_drag: -0.0149
Episode_Reward/feet_contact_forces: -0.1966
               Episode_Reward/roll: -0.0134
        Episode_Reward/base_height: -0.0307
Episode_Reward/tracking_lin_vel_max: 0.3495
Episode_Reward/flat_orientation_l2: -0.0024
  Episode_Reward/air_time_variance: -0.0000
        Episode_Reward/feet_height: 0.0000
      Episode_Reward/feet_air_time: -0.0001
Episode_Reward/update_last_buffers: 0.0000
   Episode_Reward/wheel_idle_speed: -0.0015
    Episode_Reward/wheel_action_l2: -0.0000
  Episode_Reward/wheel_action_rate: 0.0000
Episode_Reward/teacher_ensemble_match: 0.1109
  Episode_Reward/wheel_forward_use: 0.1127
 Episode_Reward/wheel_turn_support: 0.0689
   Metrics/locomotion/error_vel_xy: 0.1221
  Metrics/locomotion/error_vel_yaw: 0.0965
      Episode_Termination/time_out: 1.0000
   Episode_Termination/bad_contact: 0.0000
          Episode_Termination/tilt: 0.0000
    Episode_Termination/low_height: 0.0000
--------------------------------------------------------------------------------
                   Total timesteps: 16896
                    Iteration time: 3.99s
                      Time elapsed: 00:01:28
                               ETA: 00:00:36

################################################################################
                       [1m Learning iteration 22/30 [0m                       

                       Computation: 192 steps/s (collection: 3.914s, learning 0.081s)
             Mean action noise std: 0.01
          Mean value_function loss: 0.5535
               Mean surrogate loss: -0.0034
                 Mean entropy loss: -48.2071
                       Mean reward: -17.09
               Mean episode length: 224.33
   Episode_Reward/term_bad_contact: 0.0000
          Episode_Reward/term_tilt: 0.0000
    Episode_Reward/term_low_height: 0.0000
      Episode_Reward/leg_action_l2: -0.0921
   Episode_Reward/tracking_lin_vel: 0.5732
Episode_Reward/tracking_lin_vel_x_exp: 1.1276
Episode_Reward/tracking_ang_vel_yaw_l1: 0.0000
Episode_Reward/tracking_ang_vel_yaw_exp: 1.2846
Episode_Reward/tracking_lin_vel_y_l2: 0.0000
Episode_Reward/tracking_lin_vel_z_l2: 0.0000
            Episode_Reward/survive: 0.0000
    Episode_Reward/foot_contacts_z: 0.0000
            Episode_Reward/torques: -0.0893
 Episode_Reward/tracking_lin_vel_y: 0.0000
          Episode_Reward/lin_vel_z: -0.0017
         Episode_Reward/ang_vel_xy: -0.0002
   Episode_Reward/tracking_ang_vel: 0.2969
               Episode_Reward/work: -0.0185
            Episode_Reward/dof_acc: -0.0004
        Episode_Reward/action_rate: -0.0147
     Episode_Reward/dof_pos_limits: 0.0000
      Episode_Reward/delta_torques: -0.0000
          Episode_Reward/collision: -5.9700
        Episode_Reward/walking_dof: 0.0139
            Episode_Reward/hip_pos: -0.0002
          Episode_Reward/feet_jerk: 0.0000
              Episode_Reward/alive: 0.3000
          Episode_Reward/feet_drag: -0.0154
Episode_Reward/feet_contact_forces: -0.1966
               Episode_Reward/roll: -0.0041
        Episode_Reward/base_height: -0.0343
Episode_Reward/tracking_lin_vel_max: 0.3762
Episode_Reward/flat_orientation_l2: -0.0006
  Episode_Reward/air_time_variance: -0.0000
        Episode_Reward/feet_height: 0.0000
      Episode_Reward/feet_air_time: -0.0001
Episode_Reward/update_last_buffers: 0.0000
   Episode_Reward/wheel_idle_speed: -0.0035
    Episode_Reward/wheel_action_l2: -0.0000
  Episode_Reward/wheel_action_rate: 0.0000
Episode_Reward/teacher_ensemble_match: 0.0566
  Episode_Reward/wheel_forward_use: 0.0845
 Episode_Reward/wheel_turn_support: 0.0508
   Metrics/locomotion/error_vel_xy: 0.1170
  Metrics/locomotion/error_vel_yaw: 0.0554
      Episode_Termination/time_out: 1.0000
   Episode_Termination/bad_contact: 0.0000
          Episode_Termination/tilt: 0.0000
    Episode_Termination/low_height: 0.0000
--------------------------------------------------------------------------------
                   Total timesteps: 17664
                    Iteration time: 4.00s
                      Time elapsed: 00:01:32
                               ETA: 00:00:32

################################################################################
                       [1m Learning iteration 23/30 [0m                       

                       Computation: 193 steps/s (collection: 3.883s, learning 0.083s)
             Mean action noise std: 0.01
          Mean value_function loss: 0.5010
               Mean surrogate loss: 0.0064
                 Mean entropy loss: -48.2071
                       Mean reward: -17.45
               Mean episode length: 229.06
   Episode_Reward/term_bad_contact: 0.0000
          Episode_Reward/term_tilt: 0.0000
    Episode_Reward/term_low_height: 0.0000
      Episode_Reward/leg_action_l2: -0.0445
   Episode_Reward/tracking_lin_vel: 0.5714
Episode_Reward/tracking_lin_vel_x_exp: 1.0639
Episode_Reward/tracking_ang_vel_yaw_l1: 0.0000
Episode_Reward/tracking_ang_vel_yaw_exp: 1.1930
Episode_Reward/tracking_lin_vel_y_l2: 0.0000
Episode_Reward/tracking_lin_vel_z_l2: 0.0000
            Episode_Reward/survive: 0.0000
    Episode_Reward/foot_contacts_z: 0.0000
            Episode_Reward/torques: -0.1145
 Episode_Reward/tracking_lin_vel_y: 0.0000
          Episode_Reward/lin_vel_z: -0.0018
         Episode_Reward/ang_vel_xy: -0.0002
   Episode_Reward/tracking_ang_vel: 0.2947
               Episode_Reward/work: -0.0159
            Episode_Reward/dof_acc: -0.0004
        Episode_Reward/action_rate: -0.0071
     Episode_Reward/dof_pos_limits: 0.0000
      Episode_Reward/delta_torques: -0.0001
          Episode_Reward/collision: -5.9700
        Episode_Reward/walking_dof: 0.0107
            Episode_Reward/hip_pos: -0.0004
          Episode_Reward/feet_jerk: 0.0000
              Episode_Reward/alive: 0.3000
          Episode_Reward/feet_drag: -0.0129
Episode_Reward/feet_contact_forces: -0.1967
               Episode_Reward/roll: -0.0091
        Episode_Reward/base_height: -0.0323
Episode_Reward/tracking_lin_vel_max: 0.3810
Episode_Reward/flat_orientation_l2: -0.0013
  Episode_Reward/air_time_variance: -0.0000
        Episode_Reward/feet_height: 0.0000
      Episode_Reward/feet_air_time: -0.0000
Episode_Reward/update_last_buffers: 0.0000
   Episode_Reward/wheel_idle_speed: -0.0037
    Episode_Reward/wheel_action_l2: -0.0000
  Episode_Reward/wheel_action_rate: 0.0000
Episode_Reward/teacher_ensemble_match: 0.0949
  Episode_Reward/wheel_forward_use: 0.0644
 Episode_Reward/wheel_turn_support: 0.0681
   Metrics/locomotion/error_vel_xy: 0.1342
  Metrics/locomotion/error_vel_yaw: 0.0813
      Episode_Termination/time_out: 1.0000
   Episode_Termination/bad_contact: 0.0000
          Episode_Termination/tilt: 0.0000
    Episode_Termination/low_height: 0.0000
--------------------------------------------------------------------------------
                   Total timesteps: 18432
                    Iteration time: 3.97s
                      Time elapsed: 00:01:36
                               ETA: 00:00:28

################################################################################
                       [1m Learning iteration 24/30 [0m                       

                       Computation: 194 steps/s (collection: 3.847s, learning 0.100s)
             Mean action noise std: 0.01
          Mean value_function loss: 0.1516
               Mean surrogate loss: 0.0033
                 Mean entropy loss: -48.2071
                       Mean reward: -17.45
               Mean episode length: 229.06
   Episode_Reward/term_bad_contact: 0.0000
          Episode_Reward/term_tilt: 0.0000
    Episode_Reward/term_low_height: 0.0000
      Episode_Reward/leg_action_l2: -0.0194
   Episode_Reward/tracking_lin_vel: 0.5825
Episode_Reward/tracking_lin_vel_x_exp: 1.1258
Episode_Reward/tracking_ang_vel_yaw_l1: 0.0000
Episode_Reward/tracking_ang_vel_yaw_exp: 1.2691
Episode_Reward/tracking_lin_vel_y_l2: 0.0000
Episode_Reward/tracking_lin_vel_z_l2: 0.0000
            Episode_Reward/survive: 0.0000
    Episode_Reward/foot_contacts_z: 0.0000
            Episode_Reward/torques: -0.0884
 Episode_Reward/tracking_lin_vel_y: 0.0000
          Episode_Reward/lin_vel_z: -0.0017
         Episode_Reward/ang_vel_xy: -0.0002
   Episode_Reward/tracking_ang_vel: 0.2976
               Episode_Reward/work: -0.0179
            Episode_Reward/dof_acc: -0.0003
        Episode_Reward/action_rate: -0.0031
     Episode_Reward/dof_pos_limits: 0.0000
      Episode_Reward/delta_torques: -0.0000
          Episode_Reward/collision: -5.9700
        Episode_Reward/walking_dof: 0.0149
            Episode_Reward/hip_pos: -0.0002
          Episode_Reward/feet_jerk: 0.0000
              Episode_Reward/alive: 0.3000
          Episode_Reward/feet_drag: -0.0133
Episode_Reward/feet_contact_forces: -0.1965
               Episode_Reward/roll: -0.0055
        Episode_Reward/base_height: -0.0346
Episode_Reward/tracking_lin_vel_max: 0.3733
Episode_Reward/flat_orientation_l2: -0.0004
  Episode_Reward/air_time_variance: -0.0000
        Episode_Reward/feet_height: 0.0000
      Episode_Reward/feet_air_time: 0.0000
Episode_Reward/update_last_buffers: 0.0000
   Episode_Reward/wheel_idle_speed: -0.0020
    Episode_Reward/wheel_action_l2: -0.0000
  Episode_Reward/wheel_action_rate: 0.0000
Episode_Reward/teacher_ensemble_match: 0.1391
  Episode_Reward/wheel_forward_use: 0.0910
 Episode_Reward/wheel_turn_support: 0.1067
   Metrics/locomotion/error_vel_xy: 0.1076
  Metrics/locomotion/error_vel_yaw: 0.0576
      Episode_Termination/time_out: 1.0000
   Episode_Termination/bad_contact: 0.0000
          Episode_Termination/tilt: 0.0000
    Episode_Termination/low_height: 0.0000
--------------------------------------------------------------------------------
                   Total timesteps: 19200
                    Iteration time: 3.95s
                      Time elapsed: 00:01:40
                               ETA: 00:00:24

################################################################################
                       [1m Learning iteration 25/30 [0m                       

                       Computation: 193 steps/s (collection: 3.894s, learning 0.085s)
             Mean action noise std: 0.01
          Mean value_function loss: 0.3690
               Mean surrogate loss: 0.0010
                 Mean entropy loss: -48.2071
                       Mean reward: -17.62
               Mean episode length: 231.21
   Episode_Reward/term_bad_contact: 0.0000
          Episode_Reward/term_tilt: 0.0000
    Episode_Reward/term_low_height: 0.0000
      Episode_Reward/leg_action_l2: -0.0451
   Episode_Reward/tracking_lin_vel: 0.5846
Episode_Reward/tracking_lin_vel_x_exp: 1.1212
Episode_Reward/tracking_ang_vel_yaw_l1: 0.0000
Episode_Reward/tracking_ang_vel_yaw_exp: 1.2694
Episode_Reward/tracking_lin_vel_y_l2: 0.0000
Episode_Reward/tracking_lin_vel_z_l2: 0.0000
            Episode_Reward/survive: 0.0000
    Episode_Reward/foot_contacts_z: 0.0000
            Episode_Reward/torques: -0.1009
 Episode_Reward/tracking_lin_vel_y: 0.0000
          Episode_Reward/lin_vel_z: -0.0017
         Episode_Reward/ang_vel_xy: -0.0002
   Episode_Reward/tracking_ang_vel: 0.2965
               Episode_Reward/work: -0.0143
            Episode_Reward/dof_acc: -0.0002
        Episode_Reward/action_rate: -0.0072
     Episode_Reward/dof_pos_limits: 0.0000
      Episode_Reward/delta_torques: -0.0000
          Episode_Reward/collision: -5.9700
        Episode_Reward/walking_dof: 0.0019
            Episode_Reward/hip_pos: -0.0003
          Episode_Reward/feet_jerk: 0.0000
              Episode_Reward/alive: 0.3000
          Episode_Reward/feet_drag: -0.0094
Episode_Reward/feet_contact_forces: -0.1966
               Episode_Reward/roll: -0.0067
        Episode_Reward/base_height: -0.0339
Episode_Reward/tracking_lin_vel_max: 0.4105
Episode_Reward/flat_orientation_l2: -0.0011
  Episode_Reward/air_time_variance: -0.0000
        Episode_Reward/feet_height: 0.0000
      Episode_Reward/feet_air_time: 0.0000
Episode_Reward/update_last_buffers: 0.0000
   Episode_Reward/wheel_idle_speed: -0.0044
    Episode_Reward/wheel_action_l2: -0.0000
  Episode_Reward/wheel_action_rate: 0.0000
Episode_Reward/teacher_ensemble_match: 0.0808
  Episode_Reward/wheel_forward_use: 0.0114
 Episode_Reward/wheel_turn_support: 0.0547
   Metrics/locomotion/error_vel_xy: 0.1069
  Metrics/locomotion/error_vel_yaw: 0.0600
      Episode_Termination/time_out: 1.0000
   Episode_Termination/bad_contact: 0.0000
          Episode_Termination/tilt: 0.0000
    Episode_Termination/low_height: 0.0000
--------------------------------------------------------------------------------
                   Total timesteps: 19968
                    Iteration time: 3.98s
                      Time elapsed: 00:01:44
                               ETA: 00:00:20

################################################################################
                       [1m Learning iteration 26/30 [0m                       

                       Computation: 191 steps/s (collection: 3.918s, learning 0.102s)
             Mean action noise std: 0.01
          Mean value_function loss: 0.4295
               Mean surrogate loss: -0.0113
                 Mean entropy loss: -48.2071
                       Mean reward: -17.78
               Mean episode length: 234.20
   Episode_Reward/term_bad_contact: 0.0000
          Episode_Reward/term_tilt: 0.0000
    Episode_Reward/term_low_height: 0.0000
      Episode_Reward/leg_action_l2: -0.0472
   Episode_Reward/tracking_lin_vel: 0.5875
Episode_Reward/tracking_lin_vel_x_exp: 1.2012
Episode_Reward/tracking_ang_vel_yaw_l1: 0.0000
Episode_Reward/tracking_ang_vel_yaw_exp: 1.2905
Episode_Reward/tracking_lin_vel_y_l2: 0.0000
Episode_Reward/tracking_lin_vel_z_l2: 0.0000
            Episode_Reward/survive: 0.0000
    Episode_Reward/foot_contacts_z: 0.0000
            Episode_Reward/torques: -0.0860
 Episode_Reward/tracking_lin_vel_y: 0.0000
          Episode_Reward/lin_vel_z: -0.0018
         Episode_Reward/ang_vel_xy: -0.0002
   Episode_Reward/tracking_ang_vel: 0.2976
               Episode_Reward/work: -0.0125
            Episode_Reward/dof_acc: -0.0002
        Episode_Reward/action_rate: -0.0075
     Episode_Reward/dof_pos_limits: 0.0000
      Episode_Reward/delta_torques: -0.0000
          Episode_Reward/collision: -5.9700
        Episode_Reward/walking_dof: 0.0046
            Episode_Reward/hip_pos: -0.0001
          Episode_Reward/feet_jerk: 0.0000
              Episode_Reward/alive: 0.3000
          Episode_Reward/feet_drag: -0.0086
Episode_Reward/feet_contact_forces: -0.1967
               Episode_Reward/roll: -0.0041
        Episode_Reward/base_height: -0.0339
Episode_Reward/tracking_lin_vel_max: 0.4206
Episode_Reward/flat_orientation_l2: -0.0003
  Episode_Reward/air_time_variance: -0.0001
        Episode_Reward/feet_height: 0.0000
      Episode_Reward/feet_air_time: -0.0000
Episode_Reward/update_last_buffers: 0.0000
   Episode_Reward/wheel_idle_speed: -0.0023
    Episode_Reward/wheel_action_l2: -0.0000
  Episode_Reward/wheel_action_rate: 0.0000
Episode_Reward/teacher_ensemble_match: 0.0810
  Episode_Reward/wheel_forward_use: 0.0283
 Episode_Reward/wheel_turn_support: 0.0433
   Metrics/locomotion/error_vel_xy: 0.0842
  Metrics/locomotion/error_vel_yaw: 0.0526
      Episode_Termination/time_out: 1.0000
   Episode_Termination/bad_contact: 0.0000
          Episode_Termination/tilt: 0.0000
    Episode_Termination/low_height: 0.0000
--------------------------------------------------------------------------------
                   Total timesteps: 20736
                    Iteration time: 4.02s
                      Time elapsed: 00:01:48
                               ETA: 00:00:16

################################################################################
                       [1m Learning iteration 27/30 [0m                       

                       Computation: 188 steps/s (collection: 3.992s, learning 0.092s)
             Mean action noise std: 0.01
          Mean value_function loss: 0.2543
               Mean surrogate loss: 0.0067
                 Mean entropy loss: -48.2071
                       Mean reward: -17.93
               Mean episode length: 236.06
   Episode_Reward/term_bad_contact: 0.0000
          Episode_Reward/term_tilt: 0.0000
    Episode_Reward/term_low_height: 0.0000
      Episode_Reward/leg_action_l2: -0.0348
   Episode_Reward/tracking_lin_vel: 0.5871
Episode_Reward/tracking_lin_vel_x_exp: 1.1678
Episode_Reward/tracking_ang_vel_yaw_l1: 0.0000
Episode_Reward/tracking_ang_vel_yaw_exp: 1.2355
Episode_Reward/tracking_lin_vel_y_l2: 0.0000
Episode_Reward/tracking_lin_vel_z_l2: 0.0000
            Episode_Reward/survive: 0.0000
    Episode_Reward/foot_contacts_z: 0.0000
            Episode_Reward/torques: -0.0961
 Episode_Reward/tracking_lin_vel_y: 0.0000
          Episode_Reward/lin_vel_z: -0.0018
         Episode_Reward/ang_vel_xy: -0.0002
   Episode_Reward/tracking_ang_vel: 0.2967
               Episode_Reward/work: -0.0115
            Episode_Reward/dof_acc: -0.0001
        Episode_Reward/action_rate: -0.0055
     Episode_Reward/dof_pos_limits: 0.0000
      Episode_Reward/delta_torques: -0.0000
          Episode_Reward/collision: -5.9700
        Episode_Reward/walking_dof: 0.0000
            Episode_Reward/hip_pos: -0.0002
          Episode_Reward/feet_jerk: 0.0000
              Episode_Reward/alive: 0.3000
          Episode_Reward/feet_drag: -0.0065
Episode_Reward/feet_contact_forces: -0.1967
               Episode_Reward/roll: -0.0062
        Episode_Reward/base_height: -0.0328
Episode_Reward/tracking_lin_vel_max: 0.4290
Episode_Reward/flat_orientation_l2: -0.0006
  Episode_Reward/air_time_variance: -0.0000
        Episode_Reward/feet_height: 0.0000
      Episode_Reward/feet_air_time: 0.0000
Episode_Reward/update_last_buffers: 0.0000
   Episode_Reward/wheel_idle_speed: -0.0026
    Episode_Reward/wheel_action_l2: -0.0000
  Episode_Reward/wheel_action_rate: 0.0000
Episode_Reward/teacher_ensemble_match: 0.1002
  Episode_Reward/wheel_forward_use: 0.0000
 Episode_Reward/wheel_turn_support: 0.0555
   Metrics/locomotion/error_vel_xy: 0.0924
  Metrics/locomotion/error_vel_yaw: 0.0671
      Episode_Termination/time_out: 1.0000
   Episode_Termination/bad_contact: 0.0000
          Episode_Termination/tilt: 0.0000
    Episode_Termination/low_height: 0.0000
--------------------------------------------------------------------------------
                   Total timesteps: 21504
                    Iteration time: 4.08s
                      Time elapsed: 00:01:52
                               ETA: 00:00:12

################################################################################
                       [1m Learning iteration 28/30 [0m                       

                       Computation: 193 steps/s (collection: 3.890s, learning 0.084s)
             Mean action noise std: 0.01
          Mean value_function loss: 0.0840
               Mean surrogate loss: 0.0070
                 Mean entropy loss: -48.2071
                       Mean reward: -18.02
               Mean episode length: 236.94
   Episode_Reward/term_bad_contact: 0.0000
          Episode_Reward/term_tilt: 0.0000
    Episode_Reward/term_low_height: 0.0000
      Episode_Reward/leg_action_l2: -0.0210
   Episode_Reward/tracking_lin_vel: 0.5867
Episode_Reward/tracking_lin_vel_x_exp: 1.1583
Episode_Reward/tracking_ang_vel_yaw_l1: 0.0000
Episode_Reward/tracking_ang_vel_yaw_exp: 1.2285
Episode_Reward/tracking_lin_vel_y_l2: 0.0000
Episode_Reward/tracking_lin_vel_z_l2: 0.0000
            Episode_Reward/survive: 0.0000
    Episode_Reward/foot_contacts_z: 0.0000
            Episode_Reward/torques: -0.0934
 Episode_Reward/tracking_lin_vel_y: 0.0000
          Episode_Reward/lin_vel_z: -0.0018
         Episode_Reward/ang_vel_xy: -0.0002
   Episode_Reward/tracking_ang_vel: 0.2964
               Episode_Reward/work: -0.0141
            Episode_Reward/dof_acc: -0.0002
        Episode_Reward/action_rate: -0.0034
     Episode_Reward/dof_pos_limits: 0.0000
      Episode_Reward/delta_torques: -0.0000
          Episode_Reward/collision: -5.9713
        Episode_Reward/walking_dof: 0.0020
            Episode_Reward/hip_pos: -0.0002
          Episode_Reward/feet_jerk: 0.0000
              Episode_Reward/alive: 0.3000
          Episode_Reward/feet_drag: -0.0097
Episode_Reward/feet_contact_forces: -0.1966
               Episode_Reward/roll: -0.0058
        Episode_Reward/base_height: -0.0338
Episode_Reward/tracking_lin_vel_max: 0.4056
Episode_Reward/flat_orientation_l2: -0.0004
  Episode_Reward/air_time_variance: -0.0000
        Episode_Reward/feet_height: 0.0000
      Episode_Reward/feet_air_time: 0.0000
Episode_Reward/update_last_buffers: 0.0000
   Episode_Reward/wheel_idle_speed: -0.0041
    Episode_Reward/wheel_action_l2: -0.0000
  Episode_Reward/wheel_action_rate: 0.0000
Episode_Reward/teacher_ensemble_match: 0.1329
  Episode_Reward/wheel_forward_use: 0.0117
 Episode_Reward/wheel_turn_support: 0.0708
   Metrics/locomotion/error_vel_xy: 0.0945
  Metrics/locomotion/error_vel_yaw: 0.0690
      Episode_Termination/time_out: 1.0000
   Episode_Termination/bad_contact: 0.0000
          Episode_Termination/tilt: 0.0000
    Episode_Termination/low_height: 0.0000
--------------------------------------------------------------------------------
                   Total timesteps: 22272
                    Iteration time: 3.97s
                      Time elapsed: 00:01:56
                               ETA: 00:00:08

################################################################################
                       [1m Learning iteration 29/30 [0m                       

                       Computation: 184 steps/s (collection: 4.052s, learning 0.105s)
             Mean action noise std: 0.01
          Mean value_function loss: 0.4924
               Mean surrogate loss: -0.0005
                 Mean entropy loss: -48.2071
                       Mean reward: -18.12
               Mean episode length: 238.65
   Episode_Reward/term_bad_contact: 0.0000
          Episode_Reward/term_tilt: 0.0000
    Episode_Reward/term_low_height: 0.0000
      Episode_Reward/leg_action_l2: -0.0577
   Episode_Reward/tracking_lin_vel: 0.5884
Episode_Reward/tracking_lin_vel_x_exp: 1.2124
Episode_Reward/tracking_ang_vel_yaw_l1: 0.0000
Episode_Reward/tracking_ang_vel_yaw_exp: 1.2061
Episode_Reward/tracking_lin_vel_y_l2: 0.0000
Episode_Reward/tracking_lin_vel_z_l2: 0.0000
            Episode_Reward/survive: 0.0000
    Episode_Reward/foot_contacts_z: 0.0000
            Episode_Reward/torques: -0.1044
 Episode_Reward/tracking_lin_vel_y: 0.0000
          Episode_Reward/lin_vel_z: -0.0019
         Episode_Reward/ang_vel_xy: -0.0002
   Episode_Reward/tracking_ang_vel: 0.2958
               Episode_Reward/work: -0.0104
            Episode_Reward/dof_acc: -0.0001
        Episode_Reward/action_rate: -0.0092
     Episode_Reward/dof_pos_limits: 0.0000
      Episode_Reward/delta_torques: -0.0000
          Episode_Reward/collision: -5.9713
        Episode_Reward/walking_dof: 0.0020
            Episode_Reward/hip_pos: -0.0002
          Episode_Reward/feet_jerk: 0.0000
              Episode_Reward/alive: 0.3000
          Episode_Reward/feet_drag: -0.0056
Episode_Reward/feet_contact_forces: -0.1967
               Episode_Reward/roll: -0.0071
        Episode_Reward/base_height: -0.0315
Episode_Reward/tracking_lin_vel_max: 0.4268
Episode_Reward/flat_orientation_l2: -0.0006
  Episode_Reward/air_time_variance: -0.0000
        Episode_Reward/feet_height: 0.0000
      Episode_Reward/feet_air_time: 0.0000
Episode_Reward/update_last_buffers: 0.0000
   Episode_Reward/wheel_idle_speed: -0.0018
    Episode_Reward/wheel_action_l2: -0.0000
  Episode_Reward/wheel_action_rate: 0.0000
Episode_Reward/teacher_ensemble_match: 0.0804
  Episode_Reward/wheel_forward_use: 0.0117
 Episode_Reward/wheel_turn_support: 0.0766
   Metrics/locomotion/error_vel_xy: 0.0802
  Metrics/locomotion/error_vel_yaw: 0.0757
      Episode_Termination/time_out: 1.0000
   Episode_Termination/bad_contact: 0.0000
          Episode_Termination/tilt: 0.0000
    Episode_Termination/low_height: 0.0000
--------------------------------------------------------------------------------
                   Total timesteps: 23040
                    Iteration time: 4.16s
                      Time elapsed: 00:02:01
                               ETA: 00:00:04

Training time: 122.53 seconds
[12.816s] Simulation App Startup Complete
[17.225s] [ext: omni.physx.fabric-107.3.26] startup
2026-08-18T03:53:36Z [22,318ms] [Warning] [omni.fabric.plugin] getAttributeCount called on non-existent path /World/envs/env_9/Robot/base/visuals/trunk
2026-08-18T03:53:36Z [22,318ms] [Warning] [omni.fabric.plugin] getTypes called on non-existent path /World/envs/env_9/Robot/base/visuals/trunk
2026-08-18T03:53:39Z [25,813ms] [Warning] [omni.physx.fabric.plugin] FabricManager::initializePointInstancer mismatched prototypes on point instancer: /Visuals/ee_current.
2026-08-18T03:53:39Z [25,813ms] [Warning] [omni.physx.fabric.plugin] FabricManager::initializePointInstancer mismatched prototypes on point instancer: /Visuals/ee_goal_center.
2026-08-18T03:53:39Z [25,813ms] [Warning] [omni.physx.fabric.plugin] FabricManager::initializePointInstancer mismatched prototypes on point instancer: /Visuals/Command/velocity_current.
2026-08-18T03:53:39Z [25,813ms] [Warning] [omni.physx.fabric.plugin] FabricManager::initializePointInstancer mismatched prototypes on point instancer: /Visuals/Command/velocity_goal.
2026-08-18T03:53:39Z [25,813ms] [Warning] [omni.physx.fabric.plugin] FabricManager::initializePointInstancer mismatched prototypes on point instancer: /Visuals/ee_goal.
2026-08-18T03:53:41Z [27,661ms] [Warning] [omni.physx.fabric.plugin] FabricManager::initializePointInstancer mismatched prototypes on point instancer: /Visuals/ee_current.
2026-08-18T03:53:41Z [27,661ms] [Warning] [omni.physx.fabric.plugin] FabricManager::initializePointInstancer mismatched prototypes on point instancer: /Visuals/ee_goal.
2026-08-18T03:53:41Z [27,661ms] [Warning] [omni.physx.fabric.plugin] FabricManager::initializePointInstancer mismatched prototypes on point instancer: /Visuals/Command/velocity_current.
2026-08-18T03:53:41Z [27,661ms] [Warning] [omni.physx.fabric.plugin] FabricManager::initializePointInstancer mismatched prototypes on point instancer: /Visuals/Command/velocity_goal.
2026-08-18T03:53:58Z [44,425ms] [Warning] [carb] Client gpu.foundation.plugin has acquired [gpu::unstable::IMemoryBudgetManagerFactory v0.1] 100 times. Consider accessing this interface with carb::getCachedInterface() (Performance warning)
[150.829s] Simulation App Shutting Down
