[INFO][AppLauncher]: Using device: cuda:0
[INFO][AppLauncher]: Loading experience file: /workspace/isaaclab/apps/isaaclab.python.headless.kit
[INFO]: Parsing configuration from: quadruped_arm.tasks.manager_based.maniploco.stable_lower_env_cfg:StableLowerEnvCfg
======Missing terms====== 
[]
 =======================
[INFO]: Parsing configuration from: quadruped_arm.tasks.manager_based.maniploco.agents.rsl_rl_ppo_cfg:ManiPLocoPPORunnerCfg
[INFO] Logging experiment in directory: /root/gpufree-data/tandem_hrl_620d798/logs/rsl_rl/maniploco
Exact experiment name requested from command line: 2026-08-18_06-00-00

[36m======================================================================================[0m
[36m[1m[INFO][IsaacLab]: Logging to file: /tmp/isaaclab/logs/isaaclab_2026-08-18_06-00-00.log[0m
[36m======================================================================================[0m

[33m06:00:00 [simulation_context.py] WARNING: The `enable_external_forces_every_iteration` parameter in the PhysxCfg is set to False. If you are experiencing noisy velocities, consider enabling this flag. You may need to slightly increase the number of velocity iterations (setting it to 1 or 2 rather than 0), together with this flag, to improve the accuracy of velocity updates.[0m
[INFO]: Base environment:
	Environment device    : cuda:0
	Environment seed      : 123
	Physics step-size     : 0.008333333333333333
	Rendering step-size   : 0.03333333333333333
	Environment step-size : 0.03333333333333333
[33m06:00:00 [terrain_importer.py] WARNING: Visual material specified for ground plane but no diffuse color found. Using default color: (0.0, 0.0, 0.0)[0m
[INFO]: Time taken for scene creation : 131.084342 seconds
[INFO]: Scene manager:  <class InteractiveScene>
	Number of environments: 256
	Environment spacing   : 4.0
	Source prim name      : /World/envs/env_0
	Global prim paths     : ['/World/ground']
	Replicate physics     : True
[INFO]: Starting the simulation. This may take a few seconds. Please wait...
[INFO]: Time taken for simulation start : 3.133453 seconds
[33m06:02:15 [velocity_command.py] WARNING: The velocity command has the 'ranges.heading' attribute set to '(-3.141592653589793, 3.141592653589793)' but the heading command is not active. Consider setting the flag for the heading command to True.[0m
[INFO] Command Manager:  <CommandManager> contains 2 active terms.
+---------------------------------------------+
|             Active Command Terms            |
+-------+------------+------------------------+
| Index | Name       |          Type          |
+-------+------------+------------------------+
|   0   | locomotion | UniformVelocityCommand |
|   1   | ee_goal    | EeSphericalGoalCommand |
+-------+------------+------------------------+

[INFO] Event Manager:  <EventManager> contains 1 active terms.
+------------------------------------+
| Active Event Terms in Mode: 'reset' |
+-----------+------------------------+
|   Index   | Name                   |
+-----------+------------------------+
|     0     | reset_root             |
|     1     | reset_joints           |
|     2     | init_priv              |
|     3     | reset_rewards          |
+-----------+------------------------+

[INFO] Recorder Manager:  <RecorderManager> contains 0 active terms.
+---------------------+
| Active Recorder Terms |
+-----------+---------+
|   Index   | Name    |
+-----------+---------+
+-----------+---------+

[INFO] Action Manager:  <ActionManager> contains 3 active terms.
+------------------------------------+
|  Active Action Terms (shape: 16)   |
+--------+-------------+-------------+
| Index  | Name        |   Dimension |
+--------+-------------+-------------+
|   0    | leg_pos     |          12 |
|   1    | wheel_vel   |           4 |
|   2    | arm_ik      |           0 |
+--------+-------------+-------------+

[INFO] Observation Manager: <ObservationManager> contains 1 groups.
+--------------------------------------------------+
| Active Observation Terms in Group: 'policy' (shape: (876,)) |
+----------------+-------------+-------------------+
|     Index      | Name        |       Shape       |
+----------------+-------------+-------------------+
|       0        | obs         |       (876,)      |
+----------------+-------------+-------------------+

[INFO] Termination Manager:  <TerminationManager> contains 4 active terms.
+--------------------------------+
|    Active Termination Terms    |
+-------+-------------+----------+
| Index | Name        | Time Out |
+-------+-------------+----------+
|   0   | time_out    |   True   |
|   1   | bad_contact |  False   |
|   2   | tilt        |  False   |
|   3   | low_height  |  False   |
+-------+-------------+----------+

[INFO] Reward Manager:  <RewardManager> contains 43 active terms.
+---------------------------------------------------------+
|                   Active Reward Terms                   |
+-------+--------------------------+----------------------+
| Index | Name                     |               Weight |
+-------+--------------------------+----------------------+
|   0   | term_bad_contact         |              -3000.0 |
|   1   | term_tilt                |              -3000.0 |
|   2   | term_low_height          |              -3000.0 |
|   3   | leg_action_l2            |               -0.003 |
|   4   | tracking_lin_vel         |                  0.6 |
|   5   | tracking_lin_vel_x_exp   |                  1.5 |
|   6   | tracking_ang_vel_yaw_l1  |                  0.0 |
|   7   | tracking_ang_vel_yaw_exp |                  1.5 |
|   8   | tracking_lin_vel_y_l2    |                  0.0 |
|   9   | tracking_lin_vel_z_l2    |                  0.0 |
|   10  | survive                  |                  0.0 |
|   11  | foot_contacts_z          |                  0.0 |
|   12  | torques                  |             -7.5e-06 |
|   13  | tracking_lin_vel_y       |                  0.0 |
|   14  | lin_vel_z                | -0.44999999999999996 |
|   15  | ang_vel_xy               |                -0.06 |
|   16  | tracking_ang_vel         |                  0.3 |
|   17  | work                     |              -0.0009 |
|   18  | dof_acc                  |            -2.25e-07 |
|   19  | action_rate              |              -0.0045 |
|   20  | dof_pos_limits           |                 -3.0 |
|   21  | delta_torques            |               -3e-08 |
|   22  | collision                |                 -3.0 |
|   23  | walking_dof              |                 0.03 |
|   24  | hip_pos                  |                -0.06 |
|   25  | feet_jerk                |               -6e-05 |
|   26  | alive                    |                  0.3 |
|   27  | feet_drag                |               -0.024 |
|   28  | feet_contact_forces      |              -0.0003 |
|   29  | roll                     |                 -0.3 |
|   30  | base_height              |                 -0.6 |
|   31  | tracking_lin_vel_max     |  0.44999999999999996 |
|   32  | flat_orientation_l2      |                 -0.6 |
|   33  | air_time_variance        |                 -0.3 |
|   34  | feet_height              |                  0.0 |
|   35  | feet_air_time            |                0.015 |
|   36  | update_last_buffers      |                  0.0 |
|   37  | wheel_idle_speed         |              -0.0009 |
|   38  | wheel_action_l2          |              -0.0003 |
|   39  | wheel_action_rate        |              -0.0006 |
|   40  | teacher_ensemble_match   |  0.22499999999999998 |
|   41  | wheel_forward_use        |                 0.18 |
|   42  | wheel_turn_support       |                0.135 |
+-------+--------------------------+----------------------+

[INFO] Curriculum Manager:  <CurriculumManager> contains 0 active terms.
+----------------------+
| Active Curriculum Terms |
+-----------+----------+
|   Index   | Name     |
+-----------+----------+
+-----------+----------+

[INFO]: Completed setting up the environment...
[INFO] Multi-teacher lower-body mode enabled: ZYB stability + conservative transient + neutral recovery.
--------------------------------------------------------------------------------
Resolved observation sets: 
	 policy :  ['policy']
	 critic :  ['policy']
--------------------------------------------------------------------------------
Actor MLP: MLP(
  (0): Linear(in_features=876, out_features=256, bias=True)
  (1): ELU(alpha=1.0)
  (2): Linear(in_features=256, out_features=128, bias=True)
  (3): ELU(alpha=1.0)
  (4): Linear(in_features=128, out_features=16, bias=True)
)
Critic MLP: MLP(
  (0): Linear(in_features=876, out_features=256, bias=True)
  (1): ELU(alpha=1.0)
  (2): Linear(in_features=256, out_features=128, bias=True)
  (3): ELU(alpha=1.0)
  (4): Linear(in_features=128, out_features=1, bias=True)
)
[INFO] Action exploration std fixed to: 0.100000
[INFO] Leg action exploration std set to: 0.080000
[INFO] Wheel action exploration std fixed to: 0.120000
################################################################################
                       [1m Learning iteration 0/400 [0m                       

                       Computation: 1386 steps/s (collection: 4.306s, learning 0.123s)
             Mean action noise std: 0.09
          Mean value_function loss: 0.8444
               Mean surrogate loss: 0.1045
                 Mean entropy loss: -16.0868
                       Mean reward: -1.08
               Mean episode length: 12.52
   Episode_Reward/term_bad_contact: 0.0000
          Episode_Reward/term_tilt: 0.0000
    Episode_Reward/term_low_height: 0.0000
      Episode_Reward/leg_action_l2: -0.0031
   Episode_Reward/tracking_lin_vel: 0.0159
Episode_Reward/tracking_lin_vel_x_exp: 0.0284
Episode_Reward/tracking_ang_vel_yaw_l1: 0.0000
Episode_Reward/tracking_ang_vel_yaw_exp: 0.0189
Episode_Reward/tracking_lin_vel_y_l2: 0.0000
Episode_Reward/tracking_lin_vel_z_l2: 0.0000
            Episode_Reward/survive: 0.0000
    Episode_Reward/foot_contacts_z: 0.0000
            Episode_Reward/torques: -0.0060
 Episode_Reward/tracking_lin_vel_y: 0.0000
          Episode_Reward/lin_vel_z: -0.0025
         Episode_Reward/ang_vel_xy: -0.0012
   Episode_Reward/tracking_ang_vel: 0.0070
               Episode_Reward/work: -0.0075
            Episode_Reward/dof_acc: -0.0002
        Episode_Reward/action_rate: -0.0028
     Episode_Reward/dof_pos_limits: 0.0000
      Episode_Reward/delta_torques: -0.0000
          Episode_Reward/collision: -0.1752
        Episode_Reward/walking_dof: 0.0003
            Episode_Reward/hip_pos: -0.0004
          Episode_Reward/feet_jerk: 0.0000
              Episode_Reward/alive: 0.0120
          Episode_Reward/feet_drag: -0.0006
Episode_Reward/feet_contact_forces: -0.0083
               Episode_Reward/roll: -0.0009
        Episode_Reward/base_height: -0.0013
Episode_Reward/tracking_lin_vel_max: 0.0110
Episode_Reward/flat_orientation_l2: -0.0003
  Episode_Reward/air_time_variance: -0.0001
        Episode_Reward/feet_height: 0.0000
      Episode_Reward/feet_air_time: -0.0000
Episode_Reward/update_last_buffers: 0.0000
   Episode_Reward/wheel_idle_speed: -0.0004
    Episode_Reward/wheel_action_l2: -0.0000
  Episode_Reward/wheel_action_rate: 0.0000
Episode_Reward/teacher_ensemble_match: 0.0025
  Episode_Reward/wheel_forward_use: 0.0012
 Episode_Reward/wheel_turn_support: 0.0000
   Metrics/locomotion/error_vel_xy: 0.0178
  Metrics/locomotion/error_vel_yaw: 0.0225
      Episode_Termination/time_out: 0.0508
   Episode_Termination/bad_contact: 0.0000
          Episode_Termination/tilt: 0.0000
    Episode_Termination/low_height: 0.0000
--------------------------------------------------------------------------------
                   Total timesteps: 6144
                    Iteration time: 4.43s
                      Time elapsed: 00:00:04
                               ETA: 00:29:31

Could not find git repository in /workspace/isaaclab/_isaac_sim/kit/python/lib/python3.11/site-packages/rsl_rl/__init__.py. Skipping.
Could not find git repository in /root/gpufree-data/tandem_hrl_620d798/scripts/rsl_rl/train.py. Skipping.
################################################################################
                       [1m Learning iteration 1/400 [0m                       

                       Computation: 2120 steps/s (collection: 2.827s, learning 0.070s)
             Mean action noise std: 0.09
          Mean value_function loss: 0.7876
               Mean surrogate loss: 0.0573
                 Mean entropy loss: -16.0868
                       Mean reward: -2.26
               Mean episode length: 23.07
   Episode_Reward/term_bad_contact: 0.0000
          Episode_Reward/term_tilt: 0.0000
    Episode_Reward/term_low_height: 0.0000
      Episode_Reward/leg_action_l2: -0.0101
   Episode_Reward/tracking_lin_vel: 0.0514
Episode_Reward/tracking_lin_vel_x_exp: 0.0861
Episode_Reward/tracking_ang_vel_yaw_l1: 0.0000
Episode_Reward/tracking_ang_vel_yaw_exp: 0.0855
Episode_Reward/tracking_lin_vel_y_l2: 0.0000
Episode_Reward/tracking_lin_vel_z_l2: 0.0000
            Episode_Reward/survive: 0.0000
    Episode_Reward/foot_contacts_z: 0.0000
            Episode_Reward/torques: -0.0184
 Episode_Reward/tracking_lin_vel_y: 0.0000
          Episode_Reward/lin_vel_z: -0.0027
         Episode_Reward/ang_vel_xy: -0.0017
   Episode_Reward/tracking_ang_vel: 0.0280
               Episode_Reward/work: -0.0097
            Episode_Reward/dof_acc: -0.0003
        Episode_Reward/action_rate: -0.0090
     Episode_Reward/dof_pos_limits: 0.0000
      Episode_Reward/delta_torques: -0.0000
          Episode_Reward/collision: -0.6335
        Episode_Reward/walking_dof: 0.0018
            Episode_Reward/hip_pos: -0.0015
          Episode_Reward/feet_jerk: 0.0000
              Episode_Reward/alive: 0.0360
          Episode_Reward/feet_drag: -0.0012
Episode_Reward/feet_contact_forces: -0.0244
               Episode_Reward/roll: -0.0017
        Episode_Reward/base_height: -0.0031
Episode_Reward/tracking_lin_vel_max: 0.0275
Episode_Reward/flat_orientation_l2: -0.0008
  Episode_Reward/air_time_variance: -0.0003
        Episode_Reward/feet_height: 0.0000
      Episode_Reward/feet_air_time: -0.0000
Episode_Reward/update_last_buffers: 0.0000
   Episode_Reward/wheel_idle_speed: -0.0003
    Episode_Reward/wheel_action_l2: -0.0000
  Episode_Reward/wheel_action_rate: 0.0000
Episode_Reward/teacher_ensemble_match: 0.0073
  Episode_Reward/wheel_forward_use: 0.0075
 Episode_Reward/wheel_turn_support: 0.0000
   Metrics/locomotion/error_vel_xy: 0.0494
  Metrics/locomotion/error_vel_yaw: 0.0413
      Episode_Termination/time_out: 0.1392
   Episode_Termination/bad_contact: 0.0000
          Episode_Termination/tilt: 0.0000
    Episode_Termination/low_height: 0.0000
--------------------------------------------------------------------------------
                   Total timesteps: 12288
                    Iteration time: 2.90s
                      Time elapsed: 00:00:07
                               ETA: 00:24:21

################################################################################
                       [1m Learning iteration 2/400 [0m                       

                       Computation: 2111 steps/s (collection: 2.840s, learning 0.070s)
             Mean action noise std: 0.09
          Mean value_function loss: 0.7011
               Mean surrogate loss: 0.0145
                 Mean entropy loss: -16.0868
                       Mean reward: -3.98
               Mean episode length: 38.56
   Episode_Reward/term_bad_contact: 0.0000
          Episode_Reward/term_tilt: 0.0000
    Episode_Reward/term_low_height: 0.0000
      Episode_Reward/leg_action_l2: -0.0112
   Episode_Reward/tracking_lin_vel: 0.0884
Episode_Reward/tracking_lin_vel_x_exp: 0.1260
Episode_Reward/tracking_ang_vel_yaw_l1: 0.0000
Episode_Reward/tracking_ang_vel_yaw_exp: 0.1617
Episode_Reward/tracking_lin_vel_y_l2: 0.0000
Episode_Reward/tracking_lin_vel_z_l2: 0.0000
            Episode_Reward/survive: 0.0000
    Episode_Reward/foot_contacts_z: 0.0000
            Episode_Reward/torques: -0.0309
 Episode_Reward/tracking_lin_vel_y: 0.0000
          Episode_Reward/lin_vel_z: -0.0039
         Episode_Reward/ang_vel_xy: -0.0016
   Episode_Reward/tracking_ang_vel: 0.0505
               Episode_Reward/work: -0.0117
            Episode_Reward/dof_acc: -0.0003
        Episode_Reward/action_rate: -0.0103
     Episode_Reward/dof_pos_limits: 0.0000
      Episode_Reward/delta_torques: -0.0001
          Episode_Reward/collision: -1.0999
        Episode_Reward/walking_dof: 0.0027
            Episode_Reward/hip_pos: -0.0023
          Episode_Reward/feet_jerk: 0.0000
              Episode_Reward/alive: 0.0600
          Episode_Reward/feet_drag: -0.0014
Episode_Reward/feet_contact_forces: -0.0402
               Episode_Reward/roll: -0.0044
        Episode_Reward/base_height: -0.0042
Episode_Reward/tracking_lin_vel_max: 0.0424
Episode_Reward/flat_orientation_l2: -0.0015
  Episode_Reward/air_time_variance: -0.0006
        Episode_Reward/feet_height: 0.0000
      Episode_Reward/feet_air_time: -0.0000
Episode_Reward/update_last_buffers: 0.0000
   Episode_Reward/wheel_idle_speed: -0.0006
    Episode_Reward/wheel_action_l2: -0.0000
  Episode_Reward/wheel_action_rate: 0.0000
Episode_Reward/teacher_ensemble_match: 0.0119
  Episode_Reward/wheel_forward_use: 0.0123
 Episode_Reward/wheel_turn_support: 0.0000
   Metrics/locomotion/error_vel_xy: 0.0777
  Metrics/locomotion/error_vel_yaw: 0.0557
      Episode_Termination/time_out: 0.2305
   Episode_Termination/bad_contact: 0.0000
          Episode_Termination/tilt: 0.0000
    Episode_Termination/low_height: 0.0000
--------------------------------------------------------------------------------
                   Total timesteps: 18432
                    Iteration time: 2.91s
                      Time elapsed: 00:00:10
                               ETA: 00:22:38

################################################################################
                       [1m Learning iteration 3/400 [0m                       

                       Computation: 2119 steps/s (collection: 2.828s, learning 0.070s)
             Mean action noise std: 0.09
          Mean value_function loss: 0.6522
               Mean surrogate loss: -0.0058
                 Mean entropy loss: -16.0868
                       Mean reward: -4.96
               Mean episode length: 47.93
   Episode_Reward/term_bad_contact: 0.0000
          Episode_Reward/term_tilt: 0.0000
    Episode_Reward/term_low_height: 0.0000
      Episode_Reward/leg_action_l2: -0.0191
   Episode_Reward/tracking_lin_vel: 0.1357
Episode_Reward/tracking_lin_vel_x_exp: 0.2231
Episode_Reward/tracking_ang_vel_yaw_l1: 0.0000
Episode_Reward/tracking_ang_vel_yaw_exp: 0.2369
Episode_Reward/tracking_lin_vel_y_l2: 0.0000
Episode_Reward/tracking_lin_vel_z_l2: 0.0000
            Episode_Reward/survive: 0.0000
    Episode_Reward/foot_contacts_z: 0.0000
            Episode_Reward/torques: -0.0475
 Episode_Reward/tracking_lin_vel_y: 0.0000
          Episode_Reward/lin_vel_z: -0.0032
         Episode_Reward/ang_vel_xy: -0.0017
   Episode_Reward/tracking_ang_vel: 0.0729
               Episode_Reward/work: -0.0110
            Episode_Reward/dof_acc: -0.0003
        Episode_Reward/action_rate: -0.0181
     Episode_Reward/dof_pos_limits: 0.0000
      Episode_Reward/delta_torques: -0.0001
          Episode_Reward/collision: -1.5102
        Episode_Reward/walking_dof: 0.0026
            Episode_Reward/hip_pos: -0.0030
          Episode_Reward/feet_jerk: 0.0000
              Episode_Reward/alive: 0.0841
          Episode_Reward/feet_drag: -0.0015
Episode_Reward/feet_contact_forces: -0.0562
               Episode_Reward/roll: -0.0062
        Episode_Reward/base_height: -0.0074
Episode_Reward/tracking_lin_vel_max: 0.0774
Episode_Reward/flat_orientation_l2: -0.0022
  Episode_Reward/air_time_variance: -0.0012
        Episode_Reward/feet_height: 0.0000
      Episode_Reward/feet_air_time: -0.0000
Episode_Reward/update_last_buffers: 0.0000
   Episode_Reward/wheel_idle_speed: -0.0005
    Episode_Reward/wheel_action_l2: -0.0000
  Episode_Reward/wheel_action_rate: 0.0000
Episode_Reward/teacher_ensemble_match: 0.0143
  Episode_Reward/wheel_forward_use: 0.0119
 Episode_Reward/wheel_turn_support: 0.0000
   Metrics/locomotion/error_vel_xy: 0.0859
  Metrics/locomotion/error_vel_yaw: 0.0698
      Episode_Termination/time_out: 0.3304
   Episode_Termination/bad_contact: 0.0000
          Episode_Termination/tilt: 0.0000
    Episode_Termination/low_height: 0.0000
--------------------------------------------------------------------------------
                   Total timesteps: 24576
                    Iteration time: 2.90s
                      Time elapsed: 00:00:13
                               ETA: 00:21:43

################################################################################
                       [1m Learning iteration 4/400 [0m                       

                       Computation: 2155 steps/s (collection: 2.780s, learning 0.070s)
             Mean action noise std: 0.09
          Mean value_function loss: 0.5738
               Mean surrogate loss: -0.0075
                 Mean entropy loss: -16.0868
                       Mean reward: -6.36
               Mean episode length: 58.89
   Episode_Reward/term_bad_contact: 0.0000
          Episode_Reward/term_tilt: 0.0000
    Episode_Reward/term_low_height: 0.0000
      Episode_Reward/leg_action_l2: -0.0252
   Episode_Reward/tracking_lin_vel: 0.1577
Episode_Reward/tracking_lin_vel_x_exp: 0.2115
Episode_Reward/tracking_ang_vel_yaw_l1: 0.0000
Episode_Reward/tracking_ang_vel_yaw_exp: 0.2887
Episode_Reward/tracking_lin_vel_y_l2: 0.0000
Episode_Reward/tracking_lin_vel_z_l2: 0.0000
            Episode_Reward/survive: 0.0000
    Episode_Reward/foot_contacts_z: 0.0000
            Episode_Reward/torques: -0.0534
 Episode_Reward/tracking_lin_vel_y: 0.0000
          Episode_Reward/lin_vel_z: -0.0042
         Episode_Reward/ang_vel_xy: -0.0016
   Episode_Reward/tracking_ang_vel: 0.0938
               Episode_Reward/work: -0.0137
            Episode_Reward/dof_acc: -0.0004
        Episode_Reward/action_rate: -0.0235
     Episode_Reward/dof_pos_limits: 0.0000
      Episode_Reward/delta_torques: -0.0001
          Episode_Reward/collision: -2.0908
        Episode_Reward/walking_dof: 0.0043
            Episode_Reward/hip_pos: -0.0039
          Episode_Reward/feet_jerk: 0.0000
              Episode_Reward/alive: 0.1076
          Episode_Reward/feet_drag: -0.0021
Episode_Reward/feet_contact_forces: -0.0711
               Episode_Reward/roll: -0.0064
        Episode_Reward/base_height: -0.0079
Episode_Reward/tracking_lin_vel_max: 0.0797
Episode_Reward/flat_orientation_l2: -0.0023
  Episode_Reward/air_time_variance: -0.0005
        Episode_Reward/feet_height: 0.0000
      Episode_Reward/feet_air_time: -0.0000
Episode_Reward/update_last_buffers: 0.0000
   Episode_Reward/wheel_idle_speed: -0.0006
    Episode_Reward/wheel_action_l2: -0.0000
  Episode_Reward/wheel_action_rate: 0.0000
Episode_Reward/teacher_ensemble_match: 0.0238
  Episode_Reward/wheel_forward_use: 0.0200
 Episode_Reward/wheel_turn_support: 0.0000
   Metrics/locomotion/error_vel_xy: 0.1413
  Metrics/locomotion/error_vel_yaw: 0.0897
      Episode_Termination/time_out: 0.3929
   Episode_Termination/bad_contact: 0.0000
          Episode_Termination/tilt: 0.0000
    Episode_Termination/low_height: 0.0000
--------------------------------------------------------------------------------
                   Total timesteps: 30720
                    Iteration time: 2.85s
                      Time elapsed: 00:00:15
                               ETA: 00:21:06

################################################################################
                       [1m Learning iteration 5/400 [0m                       

                       Computation: 2109 steps/s (collection: 2.842s, learning 0.071s)
             Mean action noise std: 0.09
          Mean value_function loss: 0.5346
               Mean surrogate loss: -0.0059
                 Mean entropy loss: -16.0868
                       Mean reward: -9.66
               Mean episode length: 89.69
   Episode_Reward/term_bad_contact: 0.0000
          Episode_Reward/term_tilt: 0.0000
    Episode_Reward/term_low_height: 0.0000
      Episode_Reward/leg_action_l2: -0.0233
   Episode_Reward/tracking_lin_vel: 0.2251
Episode_Reward/tracking_lin_vel_x_exp: 0.3705
Episode_Reward/tracking_ang_vel_yaw_l1: 0.0000
Episode_Reward/tracking_ang_vel_yaw_exp: 0.4311
Episode_Reward/tracking_lin_vel_y_l2: 0.0000
Episode_Reward/tracking_lin_vel_z_l2: 0.0000
            Episode_Reward/survive: 0.0000
    Episode_Reward/foot_contacts_z: 0.0000
            Episode_Reward/torques: -0.0720
 Episode_Reward/tracking_lin_vel_y: 0.0000
          Episode_Reward/lin_vel_z: -0.0028
         Episode_Reward/ang_vel_xy: -0.0016
   Episode_Reward/tracking_ang_vel: 0.1200
               Episode_Reward/work: -0.0112
            Episode_Reward/dof_acc: -0.0003
        Episode_Reward/action_rate: -0.0211
     Episode_Reward/dof_pos_limits: 0.0000
      Episode_Reward/delta_torques: -0.0002
          Episode_Reward/collision: -2.5318
        Episode_Reward/walking_dof: 0.0024
            Episode_Reward/hip_pos: -0.0039
          Episode_Reward/feet_jerk: 0.0000
              Episode_Reward/alive: 0.1319
          Episode_Reward/feet_drag: -0.0020
Episode_Reward/feet_contact_forces: -0.0873
               Episode_Reward/roll: -0.0106
        Episode_Reward/base_height: -0.0112
Episode_Reward/tracking_lin_vel_max: 0.1554
Episode_Reward/flat_orientation_l2: -0.0034
  Episode_Reward/air_time_variance: -0.0019
        Episode_Reward/feet_height: 0.0000
      Episode_Reward/feet_air_time: -0.0000
Episode_Reward/update_last_buffers: 0.0000
   Episode_Reward/wheel_idle_speed: -0.0008
    Episode_Reward/wheel_action_l2: -0.0000
  Episode_Reward/wheel_action_rate: 0.0000
Episode_Reward/teacher_ensemble_match: 0.0260
  Episode_Reward/wheel_forward_use: 0.0113
 Episode_Reward/wheel_turn_support: 0.0000
   Metrics/locomotion/error_vel_xy: 0.1130
  Metrics/locomotion/error_vel_yaw: 0.0814
      Episode_Termination/time_out: 0.4629
   Episode_Termination/bad_contact: 0.0000
          Episode_Termination/tilt: 0.0000
    Episode_Termination/low_height: 0.0000
--------------------------------------------------------------------------------
                   Total timesteps: 36864
                    Iteration time: 2.91s
                      Time elapsed: 00:00:18
                               ETA: 00:20:44

################################################################################
                       [1m Learning iteration 6/400 [0m                       

                       Computation: 2167 steps/s (collection: 2.765s, learning 0.070s)
             Mean action noise std: 0.09
          Mean value_function loss: 0.5290
               Mean surrogate loss: -0.0162
                 Mean entropy loss: -16.0868
                       Mean reward: -11.50
               Mean episode length: 103.72
   Episode_Reward/term_bad_contact: 0.0000
          Episode_Reward/term_tilt: 0.0000
    Episode_Reward/term_low_height: 0.0000
      Episode_Reward/leg_action_l2: -0.0422
   Episode_Reward/tracking_lin_vel: 0.2394
Episode_Reward/tracking_lin_vel_x_exp: 0.3138
Episode_Reward/tracking_ang_vel_yaw_l1: 0.0000
Episode_Reward/tracking_ang_vel_yaw_exp: 0.4239
Episode_Reward/tracking_lin_vel_y_l2: 0.0000
Episode_Reward/tracking_lin_vel_z_l2: 0.0000
            Episode_Reward/survive: 0.0000
    Episode_Reward/foot_contacts_z: 0.0000
            Episode_Reward/torques: -0.0845
 Episode_Reward/tracking_lin_vel_y: 0.0000
          Episode_Reward/lin_vel_z: -0.0029
         Episode_Reward/ang_vel_xy: -0.0016
   Episode_Reward/tracking_ang_vel: 0.1384
               Episode_Reward/work: -0.0115
            Episode_Reward/dof_acc: -0.0003
        Episode_Reward/action_rate: -0.0376
     Episode_Reward/dof_pos_limits: 0.0000
      Episode_Reward/delta_torques: -0.0002
          Episode_Reward/collision: -3.0304
        Episode_Reward/walking_dof: 0.0083
            Episode_Reward/hip_pos: -0.0060
          Episode_Reward/feet_jerk: 0.0000
              Episode_Reward/alive: 0.1555
          Episode_Reward/feet_drag: -0.0028
Episode_Reward/feet_contact_forces: -0.1024
               Episode_Reward/roll: -0.0103
        Episode_Reward/base_height: -0.0157
Episode_Reward/tracking_lin_vel_max: 0.0883
Episode_Reward/flat_orientation_l2: -0.0031
  Episode_Reward/air_time_variance: -0.0016
        Episode_Reward/feet_height: 0.0000
      Episode_Reward/feet_air_time: -0.0000
Episode_Reward/update_last_buffers: 0.0000
   Episode_Reward/wheel_idle_speed: -0.0003
    Episode_Reward/wheel_action_l2: -0.0000
  Episode_Reward/wheel_action_rate: 0.0000
Episode_Reward/teacher_ensemble_match: 0.0211
  Episode_Reward/wheel_forward_use: 0.0406
 Episode_Reward/wheel_turn_support: 0.0000
   Metrics/locomotion/error_vel_xy: 0.1860
  Metrics/locomotion/error_vel_yaw: 0.1201
      Episode_Termination/time_out: 0.5441
   Episode_Termination/bad_contact: 0.0000
          Episode_Termination/tilt: 0.0000
    Episode_Termination/low_height: 0.0000
--------------------------------------------------------------------------------
                   Total timesteps: 43008
                    Iteration time: 2.84s
                      Time elapsed: 00:00:21
                               ETA: 00:20:23

################################################################################
                       [1m Learning iteration 7/400 [0m                       

                       Computation: 2157 steps/s (collection: 2.777s, learning 0.070s)
             Mean action noise std: 0.09
          Mean value_function loss: 0.4731
               Mean surrogate loss: -0.0160
                 Mean entropy loss: -16.0868
                       Mean reward: -13.98
               Mean episode length: 125.03
   Episode_Reward/term_bad_contact: 0.0000
          Episode_Reward/term_tilt: 0.0000
    Episode_Reward/term_low_height: 0.0000
      Episode_Reward/leg_action_l2: -0.0372
   Episode_Reward/tracking_lin_vel: 0.2690
Episode_Reward/tracking_lin_vel_x_exp: 0.3550
Episode_Reward/tracking_ang_vel_yaw_l1: 0.0000
Episode_Reward/tracking_ang_vel_yaw_exp: 0.5610
Episode_Reward/tracking_lin_vel_y_l2: 0.0000
Episode_Reward/tracking_lin_vel_z_l2: 0.0000
            Episode_Reward/survive: 0.0000
    Episode_Reward/foot_contacts_z: 0.0000
            Episode_Reward/torques: -0.1000
 Episode_Reward/tracking_lin_vel_y: 0.0000
          Episode_Reward/lin_vel_z: -0.0048
         Episode_Reward/ang_vel_xy: -0.0020
   Episode_Reward/tracking_ang_vel: 0.1635
               Episode_Reward/work: -0.0150
            Episode_Reward/dof_acc: -0.0004
        Episode_Reward/action_rate: -0.0328
     Episode_Reward/dof_pos_limits: 0.0000
      Episode_Reward/delta_torques: -0.0002
          Episode_Reward/collision: -3.4929
        Episode_Reward/walking_dof: 0.0079
            Episode_Reward/hip_pos: -0.0083
          Episode_Reward/feet_jerk: 0.0000
              Episode_Reward/alive: 0.1795
          Episode_Reward/feet_drag: -0.0032
Episode_Reward/feet_contact_forces: -0.1189
               Episode_Reward/roll: -0.0132
        Episode_Reward/base_height: -0.0117
Episode_Reward/tracking_lin_vel_max: 0.1266
Episode_Reward/flat_orientation_l2: -0.0039
  Episode_Reward/air_time_variance: -0.0016
        Episode_Reward/feet_height: 0.0000
      Episode_Reward/feet_air_time: -0.0000
Episode_Reward/update_last_buffers: 0.0000
   Episode_Reward/wheel_idle_speed: -0.0006
    Episode_Reward/wheel_action_l2: -0.0000
  Episode_Reward/wheel_action_rate: 0.0000
Episode_Reward/teacher_ensemble_match: 0.0330
  Episode_Reward/wheel_forward_use: 0.0376
 Episode_Reward/wheel_turn_support: 0.0000
   Metrics/locomotion/error_vel_xy: 0.2262
  Metrics/locomotion/error_vel_yaw: 0.1147
      Episode_Termination/time_out: 0.5991
   Episode_Termination/bad_contact: 0.0000
          Episode_Termination/tilt: 0.0000
    Episode_Termination/low_height: 0.0000
--------------------------------------------------------------------------------
                   Total timesteps: 49152
                    Iteration time: 2.85s
                      Time elapsed: 00:00:24
                               ETA: 00:20:07

################################################################################
                       [1m Learning iteration 8/400 [0m                       

                       Computation: 2110 steps/s (collection: 2.841s, learning 0.070s)
             Mean action noise std: 0.09
          Mean value_function loss: 0.5004
               Mean surrogate loss: -0.0186
                 Mean entropy loss: -16.0868
                       Mean reward: -17.10
               Mean episode length: 151.20
   Episode_Reward/term_bad_contact: 0.0000
          Episode_Reward/term_tilt: 0.0000
    Episode_Reward/term_low_height: 0.0000
      Episode_Reward/leg_action_l2: -0.0448
   Episode_Reward/tracking_lin_vel: 0.3146
Episode_Reward/tracking_lin_vel_x_exp: 0.4194
Episode_Reward/tracking_ang_vel_yaw_l1: 0.0000
Episode_Reward/tracking_ang_vel_yaw_exp: 0.6136
Episode_Reward/tracking_lin_vel_y_l2: 0.0000
Episode_Reward/tracking_lin_vel_z_l2: 0.0000
            Episode_Reward/survive: 0.0000
    Episode_Reward/foot_contacts_z: 0.0000
            Episode_Reward/torques: -0.1088
 Episode_Reward/tracking_lin_vel_y: 0.0000
          Episode_Reward/lin_vel_z: -0.0046
         Episode_Reward/ang_vel_xy: -0.0018
   Episode_Reward/tracking_ang_vel: 0.1854
               Episode_Reward/work: -0.0152
            Episode_Reward/dof_acc: -0.0004
        Episode_Reward/action_rate: -0.0397
     Episode_Reward/dof_pos_limits: 0.0000
      Episode_Reward/delta_torques: -0.0003
          Episode_Reward/collision: -3.9761
        Episode_Reward/walking_dof: 0.0099
            Episode_Reward/hip_pos: -0.0098
          Episode_Reward/feet_jerk: 0.0000
              Episode_Reward/alive: 0.2042
          Episode_Reward/feet_drag: -0.0032
Episode_Reward/feet_contact_forces: -0.1346
               Episode_Reward/roll: -0.0121
        Episode_Reward/base_height: -0.0154
Episode_Reward/tracking_lin_vel_max: 0.1367
Episode_Reward/flat_orientation_l2: -0.0047
  Episode_Reward/air_time_variance: -0.0015
        Episode_Reward/feet_height: 0.0000
      Episode_Reward/feet_air_time: -0.0000
Episode_Reward/update_last_buffers: 0.0000
   Episode_Reward/wheel_idle_speed: -0.0006
    Episode_Reward/wheel_action_l2: -0.0000
  Episode_Reward/wheel_action_rate: 0.0000
Episode_Reward/teacher_ensemble_match: 0.0344
  Episode_Reward/wheel_forward_use: 0.0471
 Episode_Reward/wheel_turn_support: 0.0000
   Metrics/locomotion/error_vel_xy: 0.2437
  Metrics/locomotion/error_vel_yaw: 0.1363
      Episode_Termination/time_out: 0.6795
   Episode_Termination/bad_contact: 0.0000
          Episode_Termination/tilt: 0.0000
    Episode_Termination/low_height: 0.0000
--------------------------------------------------------------------------------
                   Total timesteps: 55296
                    Iteration time: 2.91s
                      Time elapsed: 00:00:27
                               ETA: 00:19:57

################################################################################
                       [1m Learning iteration 9/400 [0m                       

                       Computation: 2119 steps/s (collection: 2.829s, learning 0.070s)
             Mean action noise std: 0.09
          Mean value_function loss: 0.5066
               Mean surrogate loss: -0.0201
                 Mean entropy loss: -16.0868
                       Mean reward: -20.46
               Mean episode length: 179.63
   Episode_Reward/term_bad_contact: 0.0000
          Episode_Reward/term_tilt: 0.0000
    Episode_Reward/term_low_height: 0.0000
      Episode_Reward/leg_action_l2: -0.0508
   Episode_Reward/tracking_lin_vel: 0.3549
Episode_Reward/tracking_lin_vel_x_exp: 0.4825
Episode_Reward/tracking_ang_vel_yaw_l1: 0.0000
Episode_Reward/tracking_ang_vel_yaw_exp: 0.6881
Episode_Reward/tracking_lin_vel_y_l2: 0.0000
Episode_Reward/tracking_lin_vel_z_l2: 0.0000
            Episode_Reward/survive: 0.0000
    Episode_Reward/foot_contacts_z: 0.0000
            Episode_Reward/torques: -0.1240
 Episode_Reward/tracking_lin_vel_y: 0.0000
          Episode_Reward/lin_vel_z: -0.0036
         Episode_Reward/ang_vel_xy: -0.0017
   Episode_Reward/tracking_ang_vel: 0.2076
               Episode_Reward/work: -0.0144
            Episode_Reward/dof_acc: -0.0004
        Episode_Reward/action_rate: -0.0458
     Episode_Reward/dof_pos_limits: 0.0000
      Episode_Reward/delta_torques: -0.0003
          Episode_Reward/collision: -4.4045
        Episode_Reward/walking_dof: 0.0100
            Episode_Reward/hip_pos: -0.0077
          Episode_Reward/feet_jerk: 0.0000
              Episode_Reward/alive: 0.2282
          Episode_Reward/feet_drag: -0.0035
Episode_Reward/feet_contact_forces: -0.1503
               Episode_Reward/roll: -0.0197
        Episode_Reward/base_height: -0.0165
Episode_Reward/tracking_lin_vel_max: 0.1689
Episode_Reward/flat_orientation_l2: -0.0077
  Episode_Reward/air_time_variance: -0.0016
        Episode_Reward/feet_height: 0.0000
      Episode_Reward/feet_air_time: -0.0000
Episode_Reward/update_last_buffers: 0.0000
   Episode_Reward/wheel_idle_speed: -0.0006
    Episode_Reward/wheel_action_l2: -0.0000
  Episode_Reward/wheel_action_rate: 0.0000
Episode_Reward/teacher_ensemble_match: 0.0453
  Episode_Reward/wheel_forward_use: 0.0467
 Episode_Reward/wheel_turn_support: 0.0000
   Metrics/locomotion/error_vel_xy: 0.2645
  Metrics/locomotion/error_vel_yaw: 0.1509
      Episode_Termination/time_out: 0.7627
   Episode_Termination/bad_contact: 0.0000
          Episode_Termination/tilt: 0.0000
    Episode_Termination/low_height: 0.0000
--------------------------------------------------------------------------------
                   Total timesteps: 61440
                    Iteration time: 2.90s
                      Time elapsed: 00:00:30
                               ETA: 00:19:48

################################################################################
                      [1m Learning iteration 10/400 [0m                       

                       Computation: 2173 steps/s (collection: 2.756s, learning 0.070s)
             Mean action noise std: 0.09
          Mean value_function loss: 0.5023
               Mean surrogate loss: -0.0171
                 Mean entropy loss: -16.0868
                       Mean reward: -23.97
               Mean episode length: 207.24
   Episode_Reward/term_bad_contact: 0.0000
          Episode_Reward/term_tilt: 0.0000
    Episode_Reward/term_low_height: 0.0000
      Episode_Reward/leg_action_l2: -0.0666
   Episode_Reward/tracking_lin_vel: 0.3968
Episode_Reward/tracking_lin_vel_x_exp: 0.5617
Episode_Reward/tracking_ang_vel_yaw_l1: 0.0000
Episode_Reward/tracking_ang_vel_yaw_exp: 0.7154
Episode_Reward/tracking_lin_vel_y_l2: 0.0000
Episode_Reward/tracking_lin_vel_z_l2: 0.0000
            Episode_Reward/survive: 0.0000
    Episode_Reward/foot_contacts_z: 0.0000
            Episode_Reward/torques: -0.1387
 Episode_Reward/tracking_lin_vel_y: 0.0000
          Episode_Reward/lin_vel_z: -0.0047
         Episode_Reward/ang_vel_xy: -0.0018
   Episode_Reward/tracking_ang_vel: 0.2250
               Episode_Reward/work: -0.0161
            Episode_Reward/dof_acc: -0.0004
        Episode_Reward/action_rate: -0.0599
     Episode_Reward/dof_pos_limits: 0.0000
      Episode_Reward/delta_torques: -0.0003
          Episode_Reward/collision: -4.9714
        Episode_Reward/walking_dof: 0.0117
            Episode_Reward/hip_pos: -0.0109
          Episode_Reward/feet_jerk: 0.0000
              Episode_Reward/alive: 0.2518
          Episode_Reward/feet_drag: -0.0041
Episode_Reward/feet_contact_forces: -0.1654
               Episode_Reward/roll: -0.0211
        Episode_Reward/base_height: -0.0202
Episode_Reward/tracking_lin_vel_max: 0.1728
Episode_Reward/flat_orientation_l2: -0.0063
  Episode_Reward/air_time_variance: -0.0009
        Episode_Reward/feet_height: 0.0000
      Episode_Reward/feet_air_time: -0.0000
Episode_Reward/update_last_buffers: 0.0000
   Episode_Reward/wheel_idle_speed: -0.0007
    Episode_Reward/wheel_action_l2: -0.0000
  Episode_Reward/wheel_action_rate: 0.0000
Episode_Reward/teacher_ensemble_match: 0.0397
  Episode_Reward/wheel_forward_use: 0.0557
 Episode_Reward/wheel_turn_support: 0.0000
   Metrics/locomotion/error_vel_xy: 0.2791
  Metrics/locomotion/error_vel_yaw: 0.1854
      Episode_Termination/time_out: 0.8522
   Episode_Termination/bad_contact: 0.0000
          Episode_Termination/tilt: 0.0000
    Episode_Termination/low_height: 0.0000
--------------------------------------------------------------------------------
                   Total timesteps: 67584
                    Iteration time: 2.83s
                      Time elapsed: 00:00:33
                               ETA: 00:19:37

################################################################################
                      [1m Learning iteration 11/400 [0m                       

                       Computation: 2162 steps/s (collection: 2.771s, learning 0.070s)
             Mean action noise std: 0.09
          Mean value_function loss: 0.4344
               Mean surrogate loss: -0.0171
                 Mean entropy loss: -16.0868
                       Mean reward: -26.15
               Mean episode length: 230.48
   Episode_Reward/term_bad_contact: 0.0000
          Episode_Reward/term_tilt: 0.0000
    Episode_Reward/term_low_height: 0.0000
      Episode_Reward/leg_action_l2: -0.0611
   Episode_Reward/tracking_lin_vel: 0.4582
Episode_Reward/tracking_lin_vel_x_exp: 0.6699
Episode_Reward/tracking_ang_vel_yaw_l1: 0.0000
Episode_Reward/tracking_ang_vel_yaw_exp: 0.8659
Episode_Reward/tracking_lin_vel_y_l2: 0.0000
Episode_Reward/tracking_lin_vel_z_l2: 0.0000
            Episode_Reward/survive: 0.0000
    Episode_Reward/foot_contacts_z: 0.0000
            Episode_Reward/torques: -0.1719
 Episode_Reward/tracking_lin_vel_y: 0.0000
          Episode_Reward/lin_vel_z: -0.0040
         Episode_Reward/ang_vel_xy: -0.0018
   Episode_Reward/tracking_ang_vel: 0.2517
               Episode_Reward/work: -0.0151
            Episode_Reward/dof_acc: -0.0005
        Episode_Reward/action_rate: -0.0547
     Episode_Reward/dof_pos_limits: 0.0000
      Episode_Reward/delta_torques: -0.0004
          Episode_Reward/collision: -5.3136
        Episode_Reward/walking_dof: 0.0089
            Episode_Reward/hip_pos: -0.0096
          Episode_Reward/feet_jerk: 0.0000
              Episode_Reward/alive: 0.2758
          Episode_Reward/feet_drag: -0.0040
Episode_Reward/feet_contact_forces: -0.1818
               Episode_Reward/roll: -0.0240
        Episode_Reward/base_height: -0.0237
Episode_Reward/tracking_lin_vel_max: 0.2549
Episode_Reward/flat_orientation_l2: -0.0077
  Episode_Reward/air_time_variance: -0.0030
        Episode_Reward/feet_height: 0.0000
      Episode_Reward/feet_air_time: -0.0000
Episode_Reward/update_last_buffers: 0.0000
   Episode_Reward/wheel_idle_speed: -0.0014
    Episode_Reward/wheel_action_l2: -0.0000
  Episode_Reward/wheel_action_rate: 0.0000
Episode_Reward/teacher_ensemble_match: 0.0406
  Episode_Reward/wheel_forward_use: 0.0458
 Episode_Reward/wheel_turn_support: 0.0000
   Metrics/locomotion/error_vel_xy: 0.2665
  Metrics/locomotion/error_vel_yaw: 0.1727
      Episode_Termination/time_out: 0.9297
   Episode_Termination/bad_contact: 0.0000
          Episode_Termination/tilt: 0.0000
    Episode_Termination/low_height: 0.0000
--------------------------------------------------------------------------------
                   Total timesteps: 73728
                    Iteration time: 2.84s
                      Time elapsed: 00:00:36
                               ETA: 00:19:28

################################################################################
                      [1m Learning iteration 12/400 [0m                       

                       Computation: 2152 steps/s (collection: 2.784s, learning 0.070s)
             Mean action noise std: 0.09
          Mean value_function loss: 0.4319
               Mean surrogate loss: -0.0173
                 Mean entropy loss: -16.0868
                       Mean reward: -28.61
               Mean episode length: 254.98
   Episode_Reward/term_bad_contact: 0.0000
          Episode_Reward/term_tilt: 0.0000
    Episode_Reward/term_low_height: 0.0000
      Episode_Reward/leg_action_l2: -0.0623
   Episode_Reward/tracking_lin_vel: 0.4814
Episode_Reward/tracking_lin_vel_x_exp: 0.6711
Episode_Reward/tracking_ang_vel_yaw_l1: 0.0000
Episode_Reward/tracking_ang_vel_yaw_exp: 0.9365
Episode_Reward/tracking_lin_vel_y_l2: 0.0000
Episode_Reward/tracking_lin_vel_z_l2: 0.0000
            Episode_Reward/survive: 0.0000
    Episode_Reward/foot_contacts_z: 0.0000
            Episode_Reward/torques: -0.1743
 Episode_Reward/tracking_lin_vel_y: 0.0000
          Episode_Reward/lin_vel_z: -0.0024
         Episode_Reward/ang_vel_xy: -0.0015
   Episode_Reward/tracking_ang_vel: 0.2726
               Episode_Reward/work: -0.0129
            Episode_Reward/dof_acc: -0.0004
        Episode_Reward/action_rate: -0.0554
     Episode_Reward/dof_pos_limits: 0.0000
      Episode_Reward/delta_torques: -0.0004
          Episode_Reward/collision: -5.6002
        Episode_Reward/walking_dof: 0.0117
            Episode_Reward/hip_pos: -0.0083
          Episode_Reward/feet_jerk: 0.0000
              Episode_Reward/alive: 0.2969
          Episode_Reward/feet_drag: -0.0040
Episode_Reward/feet_contact_forces: -0.1970
               Episode_Reward/roll: -0.0235
        Episode_Reward/base_height: -0.0196
Episode_Reward/tracking_lin_vel_max: 0.2453
Episode_Reward/flat_orientation_l2: -0.0074
  Episode_Reward/air_time_variance: -0.0057
        Episode_Reward/feet_height: 0.0000
      Episode_Reward/feet_air_time: -0.0000
Episode_Reward/update_last_buffers: 0.0000
   Episode_Reward/wheel_idle_speed: -0.0009
    Episode_Reward/wheel_action_l2: -0.0000
  Episode_Reward/wheel_action_rate: 0.0000
Episode_Reward/teacher_ensemble_match: 0.0578
  Episode_Reward/wheel_forward_use: 0.0575
 Episode_Reward/wheel_turn_support: 0.0000
   Metrics/locomotion/error_vel_xy: 0.3114
  Metrics/locomotion/error_vel_yaw: 0.1810
      Episode_Termination/time_out: 0.9910
   Episode_Termination/bad_contact: 0.0000
          Episode_Termination/tilt: 0.0000
    Episode_Termination/low_height: 0.0000
--------------------------------------------------------------------------------
                   Total timesteps: 79872
                    Iteration time: 2.85s
                      Time elapsed: 00:00:38
                               ETA: 00:19:21

################################################################################
                      [1m Learning iteration 13/400 [0m                       

                       Computation: 2160 steps/s (collection: 2.773s, learning 0.071s)
             Mean action noise std: 0.09
          Mean value_function loss: 0.4505
               Mean surrogate loss: -0.0197
                 Mean entropy loss: -16.0868
                       Mean reward: -30.72
               Mean episode length: 274.35
   Episode_Reward/term_bad_contact: 0.0000
          Episode_Reward/term_tilt: 0.0000
    Episode_Reward/term_low_height: 0.0000
      Episode_Reward/leg_action_l2: -0.0549
   Episode_Reward/tracking_lin_vel: 0.4724
Episode_Reward/tracking_lin_vel_x_exp: 0.6339
Episode_Reward/tracking_ang_vel_yaw_l1: 0.0000
Episode_Reward/tracking_ang_vel_yaw_exp: 0.8823
Episode_Reward/tracking_lin_vel_y_l2: 0.0000
Episode_Reward/tracking_lin_vel_z_l2: 0.0000
            Episode_Reward/survive: 0.0000
    Episode_Reward/foot_contacts_z: 0.0000
            Episode_Reward/torques: -0.1611
 Episode_Reward/tracking_lin_vel_y: 0.0000
          Episode_Reward/lin_vel_z: -0.0025
         Episode_Reward/ang_vel_xy: -0.0019
   Episode_Reward/tracking_ang_vel: 0.2725
               Episode_Reward/work: -0.0145
            Episode_Reward/dof_acc: -0.0005
        Episode_Reward/action_rate: -0.0491
     Episode_Reward/dof_pos_limits: 0.0000
      Episode_Reward/delta_torques: -0.0004
          Episode_Reward/collision: -5.8281
        Episode_Reward/walking_dof: 0.0149
            Episode_Reward/hip_pos: -0.0108
          Episode_Reward/feet_jerk: 0.0000
              Episode_Reward/alive: 0.3000
          Episode_Reward/feet_drag: -0.0047
Episode_Reward/feet_contact_forces: -0.1977
               Episode_Reward/roll: -0.0184
        Episode_Reward/base_height: -0.0186
Episode_Reward/tracking_lin_vel_max: 0.1992
Episode_Reward/flat_orientation_l2: -0.0067
  Episode_Reward/air_time_variance: -0.0030
        Episode_Reward/feet_height: 0.0000
      Episode_Reward/feet_air_time: -0.0000
Episode_Reward/update_last_buffers: 0.0000
   Episode_Reward/wheel_idle_speed: -0.0007
    Episode_Reward/wheel_action_l2: -0.0000
  Episode_Reward/wheel_action_rate: 0.0000
Episode_Reward/teacher_ensemble_match: 0.0624
  Episode_Reward/wheel_forward_use: 0.0716
 Episode_Reward/wheel_turn_support: 0.0000
   Metrics/locomotion/error_vel_xy: 0.3415
  Metrics/locomotion/error_vel_yaw: 0.2041
      Episode_Termination/time_out: 1.0000
   Episode_Termination/bad_contact: 0.0000
          Episode_Termination/tilt: 0.0000
    Episode_Termination/low_height: 0.0000
--------------------------------------------------------------------------------
                   Total timesteps: 86016
                    Iteration time: 2.84s
                      Time elapsed: 00:00:41
                               ETA: 00:19:14

################################################################################
                      [1m Learning iteration 14/400 [0m                       

                       Computation: 2145 steps/s (collection: 2.794s, learning 0.070s)
             Mean action noise std: 0.09
          Mean value_function loss: 0.4292
               Mean surrogate loss: -0.0217
                 Mean entropy loss: -16.0868
                       Mean reward: -31.94
               Mean episode length: 288.92
   Episode_Reward/term_bad_contact: 0.0000
          Episode_Reward/term_tilt: 0.0000
    Episode_Reward/term_low_height: 0.0000
      Episode_Reward/leg_action_l2: -0.0627
   Episode_Reward/tracking_lin_vel: 0.4719
Episode_Reward/tracking_lin_vel_x_exp: 0.6588
Episode_Reward/tracking_ang_vel_yaw_l1: 0.0000
Episode_Reward/tracking_ang_vel_yaw_exp: 0.9064
Episode_Reward/tracking_lin_vel_y_l2: 0.0000
Episode_Reward/tracking_lin_vel_z_l2: 0.0000
            Episode_Reward/survive: 0.0000
    Episode_Reward/foot_contacts_z: 0.0000
            Episode_Reward/torques: -0.1630
 Episode_Reward/tracking_lin_vel_y: 0.0000
          Episode_Reward/lin_vel_z: -0.0036
         Episode_Reward/ang_vel_xy: -0.0018
   Episode_Reward/tracking_ang_vel: 0.2748
               Episode_Reward/work: -0.0157
            Episode_Reward/dof_acc: -0.0005
        Episode_Reward/action_rate: -0.0559
     Episode_Reward/dof_pos_limits: 0.0000
      Episode_Reward/delta_torques: -0.0004
          Episode_Reward/collision: -5.5681
        Episode_Reward/walking_dof: 0.0121
            Episode_Reward/hip_pos: -0.0116
          Episode_Reward/feet_jerk: 0.0000
              Episode_Reward/alive: 0.3000
          Episode_Reward/feet_drag: -0.0044
Episode_Reward/feet_contact_forces: -0.1985
               Episode_Reward/roll: -0.0167
        Episode_Reward/base_height: -0.0206
Episode_Reward/tracking_lin_vel_max: 0.2394
Episode_Reward/flat_orientation_l2: -0.0054
  Episode_Reward/air_time_variance: -0.0029
        Episode_Reward/feet_height: 0.0000
      Episode_Reward/feet_air_time: -0.0000
Episode_Reward/update_last_buffers: 0.0000
   Episode_Reward/wheel_idle_speed: -0.0007
    Episode_Reward/wheel_action_l2: -0.0000
  Episode_Reward/wheel_action_rate: 0.0000
Episode_Reward/teacher_ensemble_match: 0.0533
  Episode_Reward/wheel_forward_use: 0.0565
 Episode_Reward/wheel_turn_support: 0.0000
   Metrics/locomotion/error_vel_xy: 0.3371
  Metrics/locomotion/error_vel_yaw: 0.1935
      Episode_Termination/time_out: 1.0000
   Episode_Termination/bad_contact: 0.0000
          Episode_Termination/tilt: 0.0000
    Episode_Termination/low_height: 0.0000
--------------------------------------------------------------------------------
                   Total timesteps: 92160
                    Iteration time: 2.86s
                      Time elapsed: 00:00:44
                               ETA: 00:19:08

################################################################################
                      [1m Learning iteration 15/400 [0m                       

                       Computation: 2100 steps/s (collection: 2.855s, learning 0.071s)
             Mean action noise std: 0.09
          Mean value_function loss: 0.4145
               Mean surrogate loss: -0.0216
                 Mean entropy loss: -16.0868
                       Mean reward: -32.87
               Mean episode length: 298.86
   Episode_Reward/term_bad_contact: 0.0000
          Episode_Reward/term_tilt: 0.0000
    Episode_Reward/term_low_height: 0.0000
      Episode_Reward/leg_action_l2: -0.0486
   Episode_Reward/tracking_lin_vel: 0.4885
Episode_Reward/tracking_lin_vel_x_exp: 0.7268
Episode_Reward/tracking_ang_vel_yaw_l1: 0.0000
Episode_Reward/tracking_ang_vel_yaw_exp: 0.9334
Episode_Reward/tracking_lin_vel_y_l2: 0.0000
Episode_Reward/tracking_lin_vel_z_l2: 0.0000
            Episode_Reward/survive: 0.0000
    Episode_Reward/foot_contacts_z: 0.0000
            Episode_Reward/torques: -0.1617
 Episode_Reward/tracking_lin_vel_y: 0.0000
          Episode_Reward/lin_vel_z: -0.0041
         Episode_Reward/ang_vel_xy: -0.0018
   Episode_Reward/tracking_ang_vel: 0.2762
               Episode_Reward/work: -0.0157
            Episode_Reward/dof_acc: -0.0005
        Episode_Reward/action_rate: -0.0433
     Episode_Reward/dof_pos_limits: 0.0000
      Episode_Reward/delta_torques: -0.0004
          Episode_Reward/collision: -5.9067
        Episode_Reward/walking_dof: 0.0112
            Episode_Reward/hip_pos: -0.0126
          Episode_Reward/feet_jerk: 0.0000
              Episode_Reward/alive: 0.3000
          Episode_Reward/feet_drag: -0.0045
Episode_Reward/feet_contact_forces: -0.1971
               Episode_Reward/roll: -0.0250
        Episode_Reward/base_height: -0.0214
Episode_Reward/tracking_lin_vel_max: 0.2574
Episode_Reward/flat_orientation_l2: -0.0087
  Episode_Reward/air_time_variance: -0.0030
        Episode_Reward/feet_height: 0.0000
      Episode_Reward/feet_air_time: -0.0000
Episode_Reward/update_last_buffers: 0.0000
   Episode_Reward/wheel_idle_speed: -0.0008
    Episode_Reward/wheel_action_l2: -0.0000
  Episode_Reward/wheel_action_rate: 0.0000
Episode_Reward/teacher_ensemble_match: 0.0564
  Episode_Reward/wheel_forward_use: 0.0534
 Episode_Reward/wheel_turn_support: 0.0000
   Metrics/locomotion/error_vel_xy: 0.3030
  Metrics/locomotion/error_vel_yaw: 0.1852
      Episode_Termination/time_out: 1.0000
   Episode_Termination/bad_contact: 0.0000
          Episode_Termination/tilt: 0.0000
    Episode_Termination/low_height: 0.0000
--------------------------------------------------------------------------------
                   Total timesteps: 98304
                    Iteration time: 2.93s
                      Time elapsed: 00:00:47
                               ETA: 00:19:04

################################################################################
                      [1m Learning iteration 16/400 [0m                       

                       Computation: 2156 steps/s (collection: 2.778s, learning 0.071s)
             Mean action noise std: 0.09
          Mean value_function loss: 0.3475
               Mean surrogate loss: -0.0245
                 Mean entropy loss: -16.0868
                       Mean reward: -32.82
               Mean episode length: 300.00
   Episode_Reward/term_bad_contact: 0.0000
          Episode_Reward/term_tilt: 0.0000
    Episode_Reward/term_low_height: 0.0000
      Episode_Reward/leg_action_l2: -0.0693
   Episode_Reward/tracking_lin_vel: 0.5040
Episode_Reward/tracking_lin_vel_x_exp: 0.7540
Episode_Reward/tracking_ang_vel_yaw_l1: 0.0000
Episode_Reward/tracking_ang_vel_yaw_exp: 0.7952
Episode_Reward/tracking_lin_vel_y_l2: 0.0000
Episode_Reward/tracking_lin_vel_z_l2: 0.0000
            Episode_Reward/survive: 0.0000
    Episode_Reward/foot_contacts_z: 0.0000
            Episode_Reward/torques: -0.1607
 Episode_Reward/tracking_lin_vel_y: 0.0000
          Episode_Reward/lin_vel_z: -0.0038
         Episode_Reward/ang_vel_xy: -0.0017
   Episode_Reward/tracking_ang_vel: 0.2649
               Episode_Reward/work: -0.0154
            Episode_Reward/dof_acc: -0.0004
        Episode_Reward/action_rate: -0.0610
     Episode_Reward/dof_pos_limits: 0.0000
      Episode_Reward/delta_torques: -0.0004
          Episode_Reward/collision: -5.6038
        Episode_Reward/walking_dof: 0.0086
            Episode_Reward/hip_pos: -0.0119
          Episode_Reward/feet_jerk: 0.0000
              Episode_Reward/alive: 0.3000
          Episode_Reward/feet_drag: -0.0041
Episode_Reward/feet_contact_forces: -0.1984
               Episode_Reward/roll: -0.0218
        Episode_Reward/base_height: -0.0243
Episode_Reward/tracking_lin_vel_max: 0.2956
Episode_Reward/flat_orientation_l2: -0.0068
  Episode_Reward/air_time_variance: -0.0046
        Episode_Reward/feet_height: 0.0000
      Episode_Reward/feet_air_time: -0.0000
Episode_Reward/update_last_buffers: 0.0000
   Episode_Reward/wheel_idle_speed: -0.0011
    Episode_Reward/wheel_action_l2: -0.0000
  Episode_Reward/wheel_action_rate: 0.0000
Episode_Reward/teacher_ensemble_match: 0.0474
  Episode_Reward/wheel_forward_use: 0.0412
 Episode_Reward/wheel_turn_support: 0.0000
   Metrics/locomotion/error_vel_xy: 0.2813
  Metrics/locomotion/error_vel_yaw: 0.2401
      Episode_Termination/time_out: 1.0000
   Episode_Termination/bad_contact: 0.0000
          Episode_Termination/tilt: 0.0000
    Episode_Termination/low_height: 0.0000
--------------------------------------------------------------------------------
                   Total timesteps: 104448
                    Iteration time: 2.85s
                      Time elapsed: 00:00:50
                               ETA: 00:18:58

################################################################################
                      [1m Learning iteration 17/400 [0m                       

                       Computation: 2134 steps/s (collection: 2.807s, learning 0.071s)
             Mean action noise std: 0.09
          Mean value_function loss: 0.3301
               Mean surrogate loss: -0.0213
                 Mean entropy loss: -16.0868
                       Mean reward: -32.64
               Mean episode length: 300.00
   Episode_Reward/term_bad_contact: 0.0000
          Episode_Reward/term_tilt: 0.0000
    Episode_Reward/term_low_height: 0.0000
      Episode_Reward/leg_action_l2: -0.0517
   Episode_Reward/tracking_lin_vel: 0.4986
Episode_Reward/tracking_lin_vel_x_exp: 0.7428
Episode_Reward/tracking_ang_vel_yaw_l1: 0.0000
Episode_Reward/tracking_ang_vel_yaw_exp: 0.8431
Episode_Reward/tracking_lin_vel_y_l2: 0.0000
Episode_Reward/tracking_lin_vel_z_l2: 0.0000
            Episode_Reward/survive: 0.0000
    Episode_Reward/foot_contacts_z: 0.0000
            Episode_Reward/torques: -0.1586
 Episode_Reward/tracking_lin_vel_y: 0.0000
          Episode_Reward/lin_vel_z: -0.0031
         Episode_Reward/ang_vel_xy: -0.0016
   Episode_Reward/tracking_ang_vel: 0.2693
               Episode_Reward/work: -0.0144
            Episode_Reward/dof_acc: -0.0004
        Episode_Reward/action_rate: -0.0460
     Episode_Reward/dof_pos_limits: 0.0000
      Episode_Reward/delta_torques: -0.0004
          Episode_Reward/collision: -5.9308
        Episode_Reward/walking_dof: 0.0100
            Episode_Reward/hip_pos: -0.0115
          Episode_Reward/feet_jerk: 0.0000
              Episode_Reward/alive: 0.3000
          Episode_Reward/feet_drag: -0.0042
Episode_Reward/feet_contact_forces: -0.1973
               Episode_Reward/roll: -0.0173
        Episode_Reward/base_height: -0.0217
Episode_Reward/tracking_lin_vel_max: 0.2765
Episode_Reward/flat_orientation_l2: -0.0067
  Episode_Reward/air_time_variance: -0.0026
        Episode_Reward/feet_height: 0.0000
      Episode_Reward/feet_air_time: -0.0000
Episode_Reward/update_last_buffers: 0.0000
   Episode_Reward/wheel_idle_speed: -0.0009
    Episode_Reward/wheel_action_l2: -0.0000
  Episode_Reward/wheel_action_rate: 0.0000
Episode_Reward/teacher_ensemble_match: 0.0645
  Episode_Reward/wheel_forward_use: 0.0484
 Episode_Reward/wheel_turn_support: 0.0000
   Metrics/locomotion/error_vel_xy: 0.2891
  Metrics/locomotion/error_vel_yaw: 0.2195
      Episode_Termination/time_out: 1.0000
   Episode_Termination/bad_contact: 0.0000
          Episode_Termination/tilt: 0.0000
    Episode_Termination/low_height: 0.0000
--------------------------------------------------------------------------------
                   Total timesteps: 110592
                    Iteration time: 2.88s
                      Time elapsed: 00:00:53
                               ETA: 00:18:53

################################################################################
                      [1m Learning iteration 18/400 [0m                       

                       Computation: 2159 steps/s (collection: 2.774s, learning 0.071s)
             Mean action noise std: 0.09
          Mean value_function loss: 0.3561
               Mean surrogate loss: -0.0203
                 Mean entropy loss: -16.0868
                       Mean reward: -32.88
               Mean episode length: 300.00
   Episode_Reward/term_bad_contact: 0.0000
          Episode_Reward/term_tilt: 0.0000
    Episode_Reward/term_low_height: 0.0000
      Episode_Reward/leg_action_l2: -0.0355
   Episode_Reward/tracking_lin_vel: 0.5064
Episode_Reward/tracking_lin_vel_x_exp: 0.7784
Episode_Reward/tracking_ang_vel_yaw_l1: 0.0000
Episode_Reward/tracking_ang_vel_yaw_exp: 0.9709
Episode_Reward/tracking_lin_vel_y_l2: 0.0000
Episode_Reward/tracking_lin_vel_z_l2: 0.0000
            Episode_Reward/survive: 0.0000
    Episode_Reward/foot_contacts_z: 0.0000
            Episode_Reward/torques: -0.1495
 Episode_Reward/tracking_lin_vel_y: 0.0000
          Episode_Reward/lin_vel_z: -0.0019
         Episode_Reward/ang_vel_xy: -0.0019
   Episode_Reward/tracking_ang_vel: 0.2780
               Episode_Reward/work: -0.0140
            Episode_Reward/dof_acc: -0.0004
        Episode_Reward/action_rate: -0.0316
     Episode_Reward/dof_pos_limits: 0.0000
      Episode_Reward/delta_torques: -0.0004
          Episode_Reward/collision: -5.9098
        Episode_Reward/walking_dof: 0.0092
            Episode_Reward/hip_pos: -0.0080
          Episode_Reward/feet_jerk: 0.0000
              Episode_Reward/alive: 0.3000
          Episode_Reward/feet_drag: -0.0042
Episode_Reward/feet_contact_forces: -0.1976
               Episode_Reward/roll: -0.0239
        Episode_Reward/base_height: -0.0224
Episode_Reward/tracking_lin_vel_max: 0.2932
Episode_Reward/flat_orientation_l2: -0.0096
  Episode_Reward/air_time_variance: -0.0039
        Episode_Reward/feet_height: 0.0000
      Episode_Reward/feet_air_time: -0.0000
Episode_Reward/update_last_buffers: 0.0000
   Episode_Reward/wheel_idle_speed: -0.0008
    Episode_Reward/wheel_action_l2: -0.0000
  Episode_Reward/wheel_action_rate: 0.0000
Episode_Reward/teacher_ensemble_match: 0.0621
  Episode_Reward/wheel_forward_use: 0.0448
 Episode_Reward/wheel_turn_support: 0.0000
   Metrics/locomotion/error_vel_xy: 0.2713
  Metrics/locomotion/error_vel_yaw: 0.1727
      Episode_Termination/time_out: 1.0000
   Episode_Termination/bad_contact: 0.0000
          Episode_Termination/tilt: 0.0000
    Episode_Termination/low_height: 0.0000
--------------------------------------------------------------------------------
                   Total timesteps: 116736
                    Iteration time: 2.85s
                      Time elapsed: 00:00:56
                               ETA: 00:18:48

################################################################################
                      [1m Learning iteration 19/400 [0m                       

                       Computation: 2149 steps/s (collection: 2.787s, learning 0.071s)
             Mean action noise std: 0.09
          Mean value_function loss: 0.2763
               Mean surrogate loss: -0.0180
                 Mean entropy loss: -16.0868
                       Mean reward: -33.56
               Mean episode length: 300.00
   Episode_Reward/term_bad_contact: 0.0000
          Episode_Reward/term_tilt: 0.0000
    Episode_Reward/term_low_height: 0.0000
      Episode_Reward/leg_action_l2: -0.0667
   Episode_Reward/tracking_lin_vel: 0.5228
Episode_Reward/tracking_lin_vel_x_exp: 0.8421
Episode_Reward/tracking_ang_vel_yaw_l1: 0.0000
Episode_Reward/tracking_ang_vel_yaw_exp: 0.9466
Episode_Reward/tracking_lin_vel_y_l2: 0.0000
Episode_Reward/tracking_lin_vel_z_l2: 0.0000
            Episode_Reward/survive: 0.0000
    Episode_Reward/foot_contacts_z: 0.0000
            Episode_Reward/torques: -0.1900
 Episode_Reward/tracking_lin_vel_y: 0.0000
          Episode_Reward/lin_vel_z: -0.0052
         Episode_Reward/ang_vel_xy: -0.0021
   Episode_Reward/tracking_ang_vel: 0.2767
               Episode_Reward/work: -0.0177
            Episode_Reward/dof_acc: -0.0004
        Episode_Reward/action_rate: -0.0594
     Episode_Reward/dof_pos_limits: 0.0000
      Episode_Reward/delta_torques: -0.0005
          Episode_Reward/collision: -5.9192
        Episode_Reward/walking_dof: 0.0046
            Episode_Reward/hip_pos: -0.0159
          Episode_Reward/feet_jerk: 0.0000
              Episode_Reward/alive: 0.3000
          Episode_Reward/feet_drag: -0.0041
Episode_Reward/feet_contact_forces: -0.1977
               Episode_Reward/roll: -0.0263
        Episode_Reward/base_height: -0.0251
Episode_Reward/tracking_lin_vel_max: 0.3642
Episode_Reward/flat_orientation_l2: -0.0085
  Episode_Reward/air_time_variance: -0.0025
        Episode_Reward/feet_height: 0.0000
      Episode_Reward/feet_air_time: -0.0000
Episode_Reward/update_last_buffers: 0.0000
   Episode_Reward/wheel_idle_speed: -0.0012
    Episode_Reward/wheel_action_l2: -0.0000
  Episode_Reward/wheel_action_rate: 0.0000
Episode_Reward/teacher_ensemble_match: 0.0290
  Episode_Reward/wheel_forward_use: 0.0216
 Episode_Reward/wheel_turn_support: 0.0000
   Metrics/locomotion/error_vel_xy: 0.2415
  Metrics/locomotion/error_vel_yaw: 0.1811
      Episode_Termination/time_out: 1.0000
   Episode_Termination/bad_contact: 0.0000
          Episode_Termination/tilt: 0.0000
    Episode_Termination/low_height: 0.0000
--------------------------------------------------------------------------------
                   Total timesteps: 122880
                    Iteration time: 2.86s
                      Time elapsed: 00:00:58
                               ETA: 00:18:43

################################################################################
                      [1m Learning iteration 20/400 [0m                       

                       Computation: 2132 steps/s (collection: 2.810s, learning 0.071s)
             Mean action noise std: 0.09
          Mean value_function loss: 0.2950
               Mean surrogate loss: -0.0207
                 Mean entropy loss: -16.0868
                       Mean reward: -34.05
               Mean episode length: 300.00
   Episode_Reward/term_bad_contact: 0.0000
          Episode_Reward/term_tilt: 0.0000
    Episode_Reward/term_low_height: 0.0000
      Episode_Reward/leg_action_l2: -0.0400
   Episode_Reward/tracking_lin_vel: 0.4704
Episode_Reward/tracking_lin_vel_x_exp: 0.5940
Episode_Reward/tracking_ang_vel_yaw_l1: 0.0000
Episode_Reward/tracking_ang_vel_yaw_exp: 0.8806
Episode_Reward/tracking_lin_vel_y_l2: 0.0000
Episode_Reward/tracking_lin_vel_z_l2: 0.0000
            Episode_Reward/survive: 0.0000
    Episode_Reward/foot_contacts_z: 0.0000
            Episode_Reward/torques: -0.1937
 Episode_Reward/tracking_lin_vel_y: 0.0000
          Episode_Reward/lin_vel_z: -0.0044
         Episode_Reward/ang_vel_xy: -0.0017
   Episode_Reward/tracking_ang_vel: 0.2731
               Episode_Reward/work: -0.0172
            Episode_Reward/dof_acc: -0.0005
        Episode_Reward/action_rate: -0.0362
     Episode_Reward/dof_pos_limits: 0.0000
      Episode_Reward/delta_torques: -0.0005
          Episode_Reward/collision: -5.9207
        Episode_Reward/walking_dof: 0.0149
            Episode_Reward/hip_pos: -0.0126
          Episode_Reward/feet_jerk: 0.0000
              Episode_Reward/alive: 0.3000
          Episode_Reward/feet_drag: -0.0046
Episode_Reward/feet_contact_forces: -0.1976
               Episode_Reward/roll: -0.0207
        Episode_Reward/base_height: -0.0226
Episode_Reward/tracking_lin_vel_max: 0.1901
Episode_Reward/flat_orientation_l2: -0.0072
  Episode_Reward/air_time_variance: -0.0027
        Episode_Reward/feet_height: 0.0000
      Episode_Reward/feet_air_time: -0.0000
Episode_Reward/update_last_buffers: 0.0000
   Episode_Reward/wheel_idle_speed: -0.0006
    Episode_Reward/wheel_action_l2: -0.0000
  Episode_Reward/wheel_action_rate: 0.0000
Episode_Reward/teacher_ensemble_match: 0.0520
  Episode_Reward/wheel_forward_use: 0.0762
 Episode_Reward/wheel_turn_support: 0.0000
   Metrics/locomotion/error_vel_xy: 0.3517
  Metrics/locomotion/error_vel_yaw: 0.2046
      Episode_Termination/time_out: 1.0000
   Episode_Termination/bad_contact: 0.0000
          Episode_Termination/tilt: 0.0000
    Episode_Termination/low_height: 0.0000
--------------------------------------------------------------------------------
                   Total timesteps: 129024
                    Iteration time: 2.88s
                      Time elapsed: 00:01:01
                               ETA: 00:18:39

################################################################################
                      [1m Learning iteration 21/400 [0m                       

                       Computation: 2119 steps/s (collection: 2.828s, learning 0.071s)
             Mean action noise std: 0.09
          Mean value_function loss: 0.3387
               Mean surrogate loss: -0.0166
                 Mean entropy loss: -16.0868
                       Mean reward: -34.81
               Mean episode length: 300.00
   Episode_Reward/term_bad_contact: 0.0000
          Episode_Reward/term_tilt: 0.0000
    Episode_Reward/term_low_height: 0.0000
      Episode_Reward/leg_action_l2: -0.0596
   Episode_Reward/tracking_lin_vel: 0.4743
Episode_Reward/tracking_lin_vel_x_exp: 0.6287
Episode_Reward/tracking_ang_vel_yaw_l1: 0.0000
Episode_Reward/tracking_ang_vel_yaw_exp: 0.9146
Episode_Reward/tracking_lin_vel_y_l2: 0.0000
Episode_Reward/tracking_lin_vel_z_l2: 0.0000
            Episode_Reward/survive: 0.0000
    Episode_Reward/foot_contacts_z: 0.0000
            Episode_Reward/torques: -0.1627
 Episode_Reward/tracking_lin_vel_y: 0.0000
          Episode_Reward/lin_vel_z: -0.0039
         Episode_Reward/ang_vel_xy: -0.0021
   Episode_Reward/tracking_ang_vel: 0.2734
               Episode_Reward/work: -0.0169
            Episode_Reward/dof_acc: -0.0006
        Episode_Reward/action_rate: -0.0533
     Episode_Reward/dof_pos_limits: 0.0000
      Episode_Reward/delta_torques: -0.0004
          Episode_Reward/collision: -5.8915
        Episode_Reward/walking_dof: 0.0155
            Episode_Reward/hip_pos: -0.0135
          Episode_Reward/feet_jerk: 0.0000
              Episode_Reward/alive: 0.3000
          Episode_Reward/feet_drag: -0.0046
Episode_Reward/feet_contact_forces: -0.1973
               Episode_Reward/roll: -0.0196
        Episode_Reward/base_height: -0.0223
Episode_Reward/tracking_lin_vel_max: 0.1796
Episode_Reward/flat_orientation_l2: -0.0063
  Episode_Reward/air_time_variance: -0.0020
        Episode_Reward/feet_height: 0.0000
      Episode_Reward/feet_air_time: -0.0000
Episode_Reward/update_last_buffers: 0.0000
   Episode_Reward/wheel_idle_speed: -0.0006
    Episode_Reward/wheel_action_l2: -0.0000
  Episode_Reward/wheel_action_rate: 0.0000
Episode_Reward/teacher_ensemble_match: 0.0458
  Episode_Reward/wheel_forward_use: 0.0779
 Episode_Reward/wheel_turn_support: 0.0000
   Metrics/locomotion/error_vel_xy: 0.3412
  Metrics/locomotion/error_vel_yaw: 0.1939
      Episode_Termination/time_out: 1.0000
   Episode_Termination/bad_contact: 0.0000
          Episode_Termination/tilt: 0.0000
    Episode_Termination/low_height: 0.0000
--------------------------------------------------------------------------------
                   Total timesteps: 135168
                    Iteration time: 2.90s
                      Time elapsed: 00:01:04
                               ETA: 00:18:35

################################################################################
                      [1m Learning iteration 22/400 [0m                       

                       Computation: 2141 steps/s (collection: 2.794s, learning 0.074s)
             Mean action noise std: 0.09
          Mean value_function loss: 0.3389
               Mean surrogate loss: -0.0192
                 Mean entropy loss: -16.0868
                       Mean reward: -34.65
               Mean episode length: 300.00
   Episode_Reward/term_bad_contact: 0.0000
          Episode_Reward/term_tilt: 0.0000
    Episode_Reward/term_low_height: 0.0000
      Episode_Reward/leg_action_l2: -0.0471
   Episode_Reward/tracking_lin_vel: 0.4686
Episode_Reward/tracking_lin_vel_x_exp: 0.6230
Episode_Reward/tracking_ang_vel_yaw_l1: 0.0000
Episode_Reward/tracking_ang_vel_yaw_exp: 0.9455
Episode_Reward/tracking_lin_vel_y_l2: 0.0000
Episode_Reward/tracking_lin_vel_z_l2: 0.0000
            Episode_Reward/survive: 0.0000
    Episode_Reward/foot_contacts_z: 0.0000
            Episode_Reward/torques: -0.1574
 Episode_Reward/tracking_lin_vel_y: 0.0000
          Episode_Reward/lin_vel_z: -0.0037
         Episode_Reward/ang_vel_xy: -0.0019
   Episode_Reward/tracking_ang_vel: 0.2758
               Episode_Reward/work: -0.0165
            Episode_Reward/dof_acc: -0.0005
        Episode_Reward/action_rate: -0.0418
     Episode_Reward/dof_pos_limits: 0.0000
      Episode_Reward/delta_torques: -0.0004
          Episode_Reward/collision: -5.7947
        Episode_Reward/walking_dof: 0.0148
            Episode_Reward/hip_pos: -0.0095
          Episode_Reward/feet_jerk: 0.0000
              Episode_Reward/alive: 0.3000
          Episode_Reward/feet_drag: -0.0045
Episode_Reward/feet_contact_forces: -0.1974
               Episode_Reward/roll: -0.0297
        Episode_Reward/base_height: -0.0232
Episode_Reward/tracking_lin_vel_max: 0.1952
Episode_Reward/flat_orientation_l2: -0.0110
  Episode_Reward/air_time_variance: -0.0039
        Episode_Reward/feet_height: 0.0000
      Episode_Reward/feet_air_time: -0.0000
Episode_Reward/update_last_buffers: 0.0000
   Episode_Reward/wheel_idle_speed: -0.0006
    Episode_Reward/wheel_action_l2: -0.0000
  Episode_Reward/wheel_action_rate: 0.0000
Episode_Reward/teacher_ensemble_match: 0.0540
  Episode_Reward/wheel_forward_use: 0.0723
 Episode_Reward/wheel_turn_support: 0.0000
   Metrics/locomotion/error_vel_xy: 0.3470
  Metrics/locomotion/error_vel_yaw: 0.1836
      Episode_Termination/time_out: 1.0000
   Episode_Termination/bad_contact: 0.0000
          Episode_Termination/tilt: 0.0000
    Episode_Termination/low_height: 0.0000
--------------------------------------------------------------------------------
                   Total timesteps: 141312
                    Iteration time: 2.87s
                      Time elapsed: 00:01:07
                               ETA: 00:18:31

################################################################################
                      [1m Learning iteration 23/400 [0m                       

                       Computation: 2150 steps/s (collection: 2.787s, learning 0.070s)
             Mean action noise std: 0.09
          Mean value_function loss: 0.3007
               Mean surrogate loss: -0.0193
                 Mean entropy loss: -16.0868
                       Mean reward: -34.50
               Mean episode length: 300.00
   Episode_Reward/term_bad_contact: 0.0000
          Episode_Reward/term_tilt: 0.0000
    Episode_Reward/term_low_height: 0.0000
      Episode_Reward/leg_action_l2: -0.0708
   Episode_Reward/tracking_lin_vel: 0.4997
Episode_Reward/tracking_lin_vel_x_exp: 0.7442
Episode_Reward/tracking_ang_vel_yaw_l1: 0.0000
Episode_Reward/tracking_ang_vel_yaw_exp: 0.8960
Episode_Reward/tracking_lin_vel_y_l2: 0.0000
Episode_Reward/tracking_lin_vel_z_l2: 0.0000
            Episode_Reward/survive: 0.0000
    Episode_Reward/foot_contacts_z: 0.0000
            Episode_Reward/torques: -0.1596
 Episode_Reward/tracking_lin_vel_y: 0.0000
          Episode_Reward/lin_vel_z: -0.0046
         Episode_Reward/ang_vel_xy: -0.0017
   Episode_Reward/tracking_ang_vel: 0.2739
               Episode_Reward/work: -0.0169
            Episode_Reward/dof_acc: -0.0005
        Episode_Reward/action_rate: -0.0630
     Episode_Reward/dof_pos_limits: 0.0000
      Episode_Reward/delta_torques: -0.0004
          Episode_Reward/collision: -5.9276
        Episode_Reward/walking_dof: 0.0111
            Episode_Reward/hip_pos: -0.0134
          Episode_Reward/feet_jerk: 0.0000
              Episode_Reward/alive: 0.3000
          Episode_Reward/feet_drag: -0.0045
Episode_Reward/feet_contact_forces: -0.1970
               Episode_Reward/roll: -0.0214
        Episode_Reward/base_height: -0.0209
Episode_Reward/tracking_lin_vel_max: 0.2620
Episode_Reward/flat_orientation_l2: -0.0061
  Episode_Reward/air_time_variance: -0.0016
        Episode_Reward/feet_height: 0.0000
      Episode_Reward/feet_air_time: -0.0000
Episode_Reward/update_last_buffers: 0.0000
   Episode_Reward/wheel_idle_speed: -0.0008
    Episode_Reward/wheel_action_l2: -0.0000
  Episode_Reward/wheel_action_rate: 0.0000
Episode_Reward/teacher_ensemble_match: 0.0435
  Episode_Reward/wheel_forward_use: 0.0557
 Episode_Reward/wheel_turn_support: 0.0000
   Metrics/locomotion/error_vel_xy: 0.2867
  Metrics/locomotion/error_vel_yaw: 0.1996
      Episode_Termination/time_out: 1.0000
   Episode_Termination/bad_contact: 0.0000
          Episode_Termination/tilt: 0.0000
    Episode_Termination/low_height: 0.0000
--------------------------------------------------------------------------------
                   Total timesteps: 147456
                    Iteration time: 2.86s
                      Time elapsed: 00:01:10
                               ETA: 00:18:27

################################################################################
                      [1m Learning iteration 24/400 [0m                       

                       Computation: 2172 steps/s (collection: 2.758s, learning 0.070s)
             Mean action noise std: 0.09
          Mean value_function loss: 0.2476
               Mean surrogate loss: -0.0177
                 Mean entropy loss: -16.0868
                       Mean reward: -34.09
               Mean episode length: 300.00
   Episode_Reward/term_bad_contact: 0.0000
          Episode_Reward/term_tilt: 0.0000
    Episode_Reward/term_low_height: 0.0000
      Episode_Reward/leg_action_l2: -0.0680
   Episode_Reward/tracking_lin_vel: 0.4842
Episode_Reward/tracking_lin_vel_x_exp: 0.6562
Episode_Reward/tracking_ang_vel_yaw_l1: 0.0000
Episode_Reward/tracking_ang_vel_yaw_exp: 0.8799
Episode_Reward/tracking_lin_vel_y_l2: 0.0000
Episode_Reward/tracking_lin_vel_z_l2: 0.0000
            Episode_Reward/survive: 0.0000
    Episode_Reward/foot_contacts_z: 0.0000
            Episode_Reward/torques: -0.1980
 Episode_Reward/tracking_lin_vel_y: 0.0000
          Episode_Reward/lin_vel_z: -0.0032
         Episode_Reward/ang_vel_xy: -0.0018
   Episode_Reward/tracking_ang_vel: 0.2713
               Episode_Reward/work: -0.0151
            Episode_Reward/dof_acc: -0.0005
        Episode_Reward/action_rate: -0.0606
     Episode_Reward/dof_pos_limits: 0.0000
      Episode_Reward/delta_torques: -0.0005
          Episode_Reward/collision: -5.5294
        Episode_Reward/walking_dof: 0.0127
            Episode_Reward/hip_pos: -0.0101
          Episode_Reward/feet_jerk: 0.0000
              Episode_Reward/alive: 0.3000
          Episode_Reward/feet_drag: -0.0043
Episode_Reward/feet_contact_forces: -0.1998
               Episode_Reward/roll: -0.0199
        Episode_Reward/base_height: -0.0245
Episode_Reward/tracking_lin_vel_max: 0.2344
Episode_Reward/flat_orientation_l2: -0.0060
  Episode_Reward/air_time_variance: -0.0075
        Episode_Reward/feet_height: 0.0000
      Episode_Reward/feet_air_time: -0.0000
Episode_Reward/update_last_buffers: 0.0000
   Episode_Reward/wheel_idle_speed: -0.0008
    Episode_Reward/wheel_action_l2: -0.0000
  Episode_Reward/wheel_action_rate: 0.0000
Episode_Reward/teacher_ensemble_match: 0.0437
  Episode_Reward/wheel_forward_use: 0.0624
 Episode_Reward/wheel_turn_support: 0.0000
   Metrics/locomotion/error_vel_xy: 0.3234
  Metrics/locomotion/error_vel_yaw: 0.2087
      Episode_Termination/time_out: 1.0000
   Episode_Termination/bad_contact: 0.0000
          Episode_Termination/tilt: 0.0000
    Episode_Termination/low_height: 0.0000
--------------------------------------------------------------------------------
                   Total timesteps: 153600
                    Iteration time: 2.83s
                      Time elapsed: 00:01:13
                               ETA: 00:18:22

################################################################################
                      [1m Learning iteration 25/400 [0m                       

                       Computation: 2141 steps/s (collection: 2.799s, learning 0.070s)
             Mean action noise std: 0.09
          Mean value_function loss: 0.3342
               Mean surrogate loss: -0.0196
                 Mean entropy loss: -16.0868
                       Mean reward: -33.75
               Mean episode length: 300.00
   Episode_Reward/term_bad_contact: 0.0000
          Episode_Reward/term_tilt: 0.0000
    Episode_Reward/term_low_height: 0.0000
      Episode_Reward/leg_action_l2: -0.0354
   Episode_Reward/tracking_lin_vel: 0.4731
Episode_Reward/tracking_lin_vel_x_exp: 0.6645
Episode_Reward/tracking_ang_vel_yaw_l1: 0.0000
Episode_Reward/tracking_ang_vel_yaw_exp: 0.9257
Episode_Reward/tracking_lin_vel_y_l2: 0.0000
Episode_Reward/tracking_lin_vel_z_l2: 0.0000
            Episode_Reward/survive: 0.0000
    Episode_Reward/foot_contacts_z: 0.0000
            Episode_Reward/torques: -0.1682
 Episode_Reward/tracking_lin_vel_y: 0.0000
          Episode_Reward/lin_vel_z: -0.0027
         Episode_Reward/ang_vel_xy: -0.0018
   Episode_Reward/tracking_ang_vel: 0.2752
               Episode_Reward/work: -0.0153
            Episode_Reward/dof_acc: -0.0005
        Episode_Reward/action_rate: -0.0317
     Episode_Reward/dof_pos_limits: 0.0000
      Episode_Reward/delta_torques: -0.0004
          Episode_Reward/collision: -5.9187
        Episode_Reward/walking_dof: 0.0129
            Episode_Reward/hip_pos: -0.0078
          Episode_Reward/feet_jerk: 0.0000
              Episode_Reward/alive: 0.3000
          Episode_Reward/feet_drag: -0.0044
Episode_Reward/feet_contact_forces: -0.1976
               Episode_Reward/roll: -0.0268
        Episode_Reward/base_height: -0.0186
Episode_Reward/tracking_lin_vel_max: 0.2293
Episode_Reward/flat_orientation_l2: -0.0102
  Episode_Reward/air_time_variance: -0.0041
        Episode_Reward/feet_height: 0.0000
      Episode_Reward/feet_air_time: -0.0000
Episode_Reward/update_last_buffers: 0.0000
   Episode_Reward/wheel_idle_speed: -0.0007
    Episode_Reward/wheel_action_l2: -0.0000
  Episode_Reward/wheel_action_rate: 0.0000
Episode_Reward/teacher_ensemble_match: 0.0610
  Episode_Reward/wheel_forward_use: 0.0605
 Episode_Reward/wheel_turn_support: 0.0000
   Metrics/locomotion/error_vel_xy: 0.3329
  Metrics/locomotion/error_vel_yaw: 0.1885
      Episode_Termination/time_out: 1.0000
   Episode_Termination/bad_contact: 0.0000
          Episode_Termination/tilt: 0.0000
    Episode_Termination/low_height: 0.0000
--------------------------------------------------------------------------------
                   Total timesteps: 159744
                    Iteration time: 2.87s
                      Time elapsed: 00:01:16
                               ETA: 00:18:18

################################################################################
                      [1m Learning iteration 26/400 [0m                       

                       Computation: 2147 steps/s (collection: 2.791s, learning 0.070s)
             Mean action noise std: 0.09
          Mean value_function loss: 0.3044
               Mean surrogate loss: -0.0230
                 Mean entropy loss: -16.0868
                       Mean reward: -32.70
               Mean episode length: 300.00
   Episode_Reward/term_bad_contact: 0.0000
          Episode_Reward/term_tilt: 0.0000
    Episode_Reward/term_low_height: 0.0000
      Episode_Reward/leg_action_l2: -0.0471
   Episode_Reward/tracking_lin_vel: 0.5134
Episode_Reward/tracking_lin_vel_x_exp: 0.8054
Episode_Reward/tracking_ang_vel_yaw_l1: 0.0000
Episode_Reward/tracking_ang_vel_yaw_exp: 0.9473
Episode_Reward/tracking_lin_vel_y_l2: 0.0000
Episode_Reward/tracking_lin_vel_z_l2: 0.0000
            Episode_Reward/survive: 0.0000
    Episode_Reward/foot_contacts_z: 0.0000
            Episode_Reward/torques: -0.1479
 Episode_Reward/tracking_lin_vel_y: 0.0000
          Episode_Reward/lin_vel_z: -0.0026
         Episode_Reward/ang_vel_xy: -0.0018
   Episode_Reward/tracking_ang_vel: 0.2756
               Episode_Reward/work: -0.0151
            Episode_Reward/dof_acc: -0.0004
        Episode_Reward/action_rate: -0.0422
     Episode_Reward/dof_pos_limits: 0.0000
      Episode_Reward/delta_torques: -0.0004
          Episode_Reward/collision: -5.8135
        Episode_Reward/walking_dof: 0.0069
            Episode_Reward/hip_pos: -0.0120
          Episode_Reward/feet_jerk: 0.0000
              Episode_Reward/alive: 0.3000
          Episode_Reward/feet_drag: -0.0041
Episode_Reward/feet_contact_forces: -0.1978
               Episode_Reward/roll: -0.0143
        Episode_Reward/base_height: -0.0239
Episode_Reward/tracking_lin_vel_max: 0.3236
Episode_Reward/flat_orientation_l2: -0.0050
  Episode_Reward/air_time_variance: -0.0026
        Episode_Reward/feet_height: 0.0000
      Episode_Reward/feet_air_time: -0.0000
Episode_Reward/update_last_buffers: 0.0000
   Episode_Reward/wheel_idle_speed: -0.0011
    Episode_Reward/wheel_action_l2: -0.0000
  Episode_Reward/wheel_action_rate: 0.0000
Episode_Reward/teacher_ensemble_match: 0.0529
  Episode_Reward/wheel_forward_use: 0.0344
 Episode_Reward/wheel_turn_support: 0.0000
   Metrics/locomotion/error_vel_xy: 0.2587
  Metrics/locomotion/error_vel_yaw: 0.1813
      Episode_Termination/time_out: 1.0000
   Episode_Termination/bad_contact: 0.0000
          Episode_Termination/tilt: 0.0000
    Episode_Termination/low_height: 0.0000
--------------------------------------------------------------------------------
                   Total timesteps: 165888
                    Iteration time: 2.86s
                      Time elapsed: 00:01:19
                               ETA: 00:18:14

################################################################################
                      [1m Learning iteration 27/400 [0m                       

                       Computation: 2128 steps/s (collection: 2.817s, learning 0.070s)
             Mean action noise std: 0.09
          Mean value_function loss: 0.3355
               Mean surrogate loss: -0.0242
                 Mean entropy loss: -16.0868
                       Mean reward: -32.48
               Mean episode length: 300.00
   Episode_Reward/term_bad_contact: 0.0000
          Episode_Reward/term_tilt: 0.0000
    Episode_Reward/term_low_height: 0.0000
      Episode_Reward/leg_action_l2: -0.0375
   Episode_Reward/tracking_lin_vel: 0.4866
Episode_Reward/tracking_lin_vel_x_exp: 0.6965
Episode_Reward/tracking_ang_vel_yaw_l1: 0.0000
Episode_Reward/tracking_ang_vel_yaw_exp: 0.9260
Episode_Reward/tracking_lin_vel_y_l2: 0.0000
Episode_Reward/tracking_lin_vel_z_l2: 0.0000
            Episode_Reward/survive: 0.0000
    Episode_Reward/foot_contacts_z: 0.0000
            Episode_Reward/torques: -0.1556
 Episode_Reward/tracking_lin_vel_y: 0.0000
          Episode_Reward/lin_vel_z: -0.0035
         Episode_Reward/ang_vel_xy: -0.0020
   Episode_Reward/tracking_ang_vel: 0.2734
               Episode_Reward/work: -0.0164
            Episode_Reward/dof_acc: -0.0005
        Episode_Reward/action_rate: -0.0334
     Episode_Reward/dof_pos_limits: 0.0000
      Episode_Reward/delta_torques: -0.0004
          Episode_Reward/collision: -5.7467
        Episode_Reward/walking_dof: 0.0127
            Episode_Reward/hip_pos: -0.0124
          Episode_Reward/feet_jerk: 0.0000
              Episode_Reward/alive: 0.3000
          Episode_Reward/feet_drag: -0.0046
Episode_Reward/feet_contact_forces: -0.1980
               Episode_Reward/roll: -0.0215
        Episode_Reward/base_height: -0.0163
Episode_Reward/tracking_lin_vel_max: 0.2330
Episode_Reward/flat_orientation_l2: -0.0079
  Episode_Reward/air_time_variance: -0.0028
        Episode_Reward/feet_height: 0.0000
      Episode_Reward/feet_air_time: -0.0000
Episode_Reward/update_last_buffers: 0.0000
   Episode_Reward/wheel_idle_speed: -0.0008
    Episode_Reward/wheel_action_l2: -0.0000
  Episode_Reward/wheel_action_rate: 0.0000
Episode_Reward/teacher_ensemble_match: 0.0521
  Episode_Reward/wheel_forward_use: 0.0640
 Episode_Reward/wheel_turn_support: 0.0000
   Metrics/locomotion/error_vel_xy: 0.3122
  Metrics/locomotion/error_vel_yaw: 0.1911
      Episode_Termination/time_out: 1.0000
   Episode_Termination/bad_contact: 0.0000
          Episode_Termination/tilt: 0.0000
    Episode_Termination/low_height: 0.0000
--------------------------------------------------------------------------------
                   Total timesteps: 172032
                    Iteration time: 2.89s
                      Time elapsed: 00:01:21
                               ETA: 00:18:11

################################################################################
                      [1m Learning iteration 28/400 [0m                       

                       Computation: 2140 steps/s (collection: 2.799s, learning 0.071s)
             Mean action noise std: 0.09
          Mean value_function loss: 0.2704
               Mean surrogate loss: -0.0228
                 Mean entropy loss: -16.0868
                       Mean reward: -32.65
               Mean episode length: 300.00
   Episode_Reward/term_bad_contact: 0.0000
          Episode_Reward/term_tilt: 0.0000
    Episode_Reward/term_low_height: 0.0000
      Episode_Reward/leg_action_l2: -0.0453
   Episode_Reward/tracking_lin_vel: 0.4939
Episode_Reward/tracking_lin_vel_x_exp: 0.7192
Episode_Reward/tracking_ang_vel_yaw_l1: 0.0000
Episode_Reward/tracking_ang_vel_yaw_exp: 0.8717
Episode_Reward/tracking_lin_vel_y_l2: 0.0000
Episode_Reward/tracking_lin_vel_z_l2: 0.0000
            Episode_Reward/survive: 0.0000
    Episode_Reward/foot_contacts_z: 0.0000
            Episode_Reward/torques: -0.1563
 Episode_Reward/tracking_lin_vel_y: 0.0000
          Episode_Reward/lin_vel_z: -0.0030
         Episode_Reward/ang_vel_xy: -0.0019
   Episode_Reward/tracking_ang_vel: 0.2707
               Episode_Reward/work: -0.0156
            Episode_Reward/dof_acc: -0.0004
        Episode_Reward/action_rate: -0.0403
     Episode_Reward/dof_pos_limits: 0.0000
      Episode_Reward/delta_torques: -0.0004
          Episode_Reward/collision: -5.6242
        Episode_Reward/walking_dof: 0.0100
            Episode_Reward/hip_pos: -0.0102
          Episode_Reward/feet_jerk: 0.0000
              Episode_Reward/alive: 0.3000
          Episode_Reward/feet_drag: -0.0042
Episode_Reward/feet_contact_forces: -0.1985
               Episode_Reward/roll: -0.0209
        Episode_Reward/base_height: -0.0212
Episode_Reward/tracking_lin_vel_max: 0.2764
Episode_Reward/flat_orientation_l2: -0.0077
  Episode_Reward/air_time_variance: -0.0048
        Episode_Reward/feet_height: 0.0000
      Episode_Reward/feet_air_time: -0.0000
Episode_Reward/update_last_buffers: 0.0000
   Episode_Reward/wheel_idle_speed: -0.0010
    Episode_Reward/wheel_action_l2: -0.0000
  Episode_Reward/wheel_action_rate: 0.0000
Episode_Reward/teacher_ensemble_match: 0.0491
  Episode_Reward/wheel_forward_use: 0.0486
 Episode_Reward/wheel_turn_support: 0.0000
   Metrics/locomotion/error_vel_xy: 0.2997
  Metrics/locomotion/error_vel_yaw: 0.2102
      Episode_Termination/time_out: 1.0000
   Episode_Termination/bad_contact: 0.0000
          Episode_Termination/tilt: 0.0000
    Episode_Termination/low_height: 0.0000
--------------------------------------------------------------------------------
                   Total timesteps: 178176
                    Iteration time: 2.87s
                      Time elapsed: 00:01:24
                               ETA: 00:18:07

################################################################################
                      [1m Learning iteration 29/400 [0m                       

                       Computation: 2180 steps/s (collection: 2.748s, learning 0.070s)
             Mean action noise std: 0.09
          Mean value_function loss: 0.2216
               Mean surrogate loss: -0.0209
                 Mean entropy loss: -16.0868
                       Mean reward: -32.56
               Mean episode length: 300.00
   Episode_Reward/term_bad_contact: 0.0000
          Episode_Reward/term_tilt: 0.0000
    Episode_Reward/term_low_height: 0.0000
      Episode_Reward/leg_action_l2: -0.0500
   Episode_Reward/tracking_lin_vel: 0.4856
Episode_Reward/tracking_lin_vel_x_exp: 0.6738
Episode_Reward/tracking_ang_vel_yaw_l1: 0.0000
Episode_Reward/tracking_ang_vel_yaw_exp: 0.8983
Episode_Reward/tracking_lin_vel_y_l2: 0.0000
Episode_Reward/tracking_lin_vel_z_l2: 0.0000
            Episode_Reward/survive: 0.0000
    Episode_Reward/foot_contacts_z: 0.0000
            Episode_Reward/torques: -0.1452
 Episode_Reward/tracking_lin_vel_y: 0.0000
          Episode_Reward/lin_vel_z: -0.0041
         Episode_Reward/ang_vel_xy: -0.0018
   Episode_Reward/tracking_ang_vel: 0.2722
               Episode_Reward/work: -0.0174
            Episode_Reward/dof_acc: -0.0004
        Episode_Reward/action_rate: -0.0441
     Episode_Reward/dof_pos_limits: 0.0000
      Episode_Reward/delta_torques: -0.0003
          Episode_Reward/collision: -5.9483
        Episode_Reward/walking_dof: 0.0104
            Episode_Reward/hip_pos: -0.0129
          Episode_Reward/feet_jerk: 0.0000
              Episode_Reward/alive: 0.3000
          Episode_Reward/feet_drag: -0.0046
Episode_Reward/feet_contact_forces: -0.1969
               Episode_Reward/roll: -0.0184
        Episode_Reward/base_height: -0.0211
Episode_Reward/tracking_lin_vel_max: 0.2616
Episode_Reward/flat_orientation_l2: -0.0053
  Episode_Reward/air_time_variance: -0.0012
        Episode_Reward/feet_height: 0.0000
      Episode_Reward/feet_air_time: -0.0000
Episode_Reward/update_last_buffers: 0.0000
   Episode_Reward/wheel_idle_speed: -0.0010
    Episode_Reward/wheel_action_l2: -0.0000
  Episode_Reward/wheel_action_rate: 0.0000
Episode_Reward/teacher_ensemble_match: 0.0539
  Episode_Reward/wheel_forward_use: 0.0516
 Episode_Reward/wheel_turn_support: 0.0000
   Metrics/locomotion/error_vel_xy: 0.3185
  Metrics/locomotion/error_vel_yaw: 0.2009
      Episode_Termination/time_out: 1.0000
   Episode_Termination/bad_contact: 0.0000
          Episode_Termination/tilt: 0.0000
    Episode_Termination/low_height: 0.0000
--------------------------------------------------------------------------------
                   Total timesteps: 184320
                    Iteration time: 2.82s
                      Time elapsed: 00:01:27
                               ETA: 00:18:03

################################################################################
                      [1m Learning iteration 30/400 [0m                       

                       Computation: 2145 steps/s (collection: 2.794s, learning 0.070s)
             Mean action noise std: 0.09
          Mean value_function loss: 0.2315
               Mean surrogate loss: -0.0168
                 Mean entropy loss: -16.0868
                       Mean reward: -32.41
               Mean episode length: 300.00
   Episode_Reward/term_bad_contact: 0.0000
          Episode_Reward/term_tilt: 0.0000
    Episode_Reward/term_low_height: 0.0000
      Episode_Reward/leg_action_l2: -0.0338
   Episode_Reward/tracking_lin_vel: 0.5027
Episode_Reward/tracking_lin_vel_x_exp: 0.8204
Episode_Reward/tracking_ang_vel_yaw_l1: 0.0000
Episode_Reward/tracking_ang_vel_yaw_exp: 0.8517
Episode_Reward/tracking_lin_vel_y_l2: 0.0000
Episode_Reward/tracking_lin_vel_z_l2: 0.0000
            Episode_Reward/survive: 0.0000
    Episode_Reward/foot_contacts_z: 0.0000
            Episode_Reward/torques: -0.1654
 Episode_Reward/tracking_lin_vel_y: 0.0000
          Episode_Reward/lin_vel_z: -0.0027
         Episode_Reward/ang_vel_xy: -0.0019
   Episode_Reward/tracking_ang_vel: 0.2697
               Episode_Reward/work: -0.0159
            Episode_Reward/dof_acc: -0.0005
        Episode_Reward/action_rate: -0.0302
     Episode_Reward/dof_pos_limits: 0.0000
      Episode_Reward/delta_torques: -0.0004
          Episode_Reward/collision: -5.8591
        Episode_Reward/walking_dof: 0.0108
            Episode_Reward/hip_pos: -0.0089
          Episode_Reward/feet_jerk: 0.0000
              Episode_Reward/alive: 0.3000
          Episode_Reward/feet_drag: -0.0043
Episode_Reward/feet_contact_forces: -0.1981
               Episode_Reward/roll: -0.0236
        Episode_Reward/base_height: -0.0220
Episode_Reward/tracking_lin_vel_max: 0.2664
Episode_Reward/flat_orientation_l2: -0.0087
  Episode_Reward/air_time_variance: -0.0059
        Episode_Reward/feet_height: 0.0000
      Episode_Reward/feet_air_time: -0.0000
Episode_Reward/update_last_buffers: 0.0000
   Episode_Reward/wheel_idle_speed: -0.0009
    Episode_Reward/wheel_action_l2: -0.0000
  Episode_Reward/wheel_action_rate: 0.0000
Episode_Reward/teacher_ensemble_match: 0.0578
  Episode_Reward/wheel_forward_use: 0.0508
 Episode_Reward/wheel_turn_support: 0.0000
   Metrics/locomotion/error_vel_xy: 0.2675
  Metrics/locomotion/error_vel_yaw: 0.2169
      Episode_Termination/time_out: 1.0000
   Episode_Termination/bad_contact: 0.0000
          Episode_Termination/tilt: 0.0000
    Episode_Termination/low_height: 0.0000
--------------------------------------------------------------------------------
                   Total timesteps: 190464
                    Iteration time: 2.86s
                      Time elapsed: 00:01:30
                               ETA: 00:17:59

################################################################################
                      [1m Learning iteration 31/400 [0m                       

                       Computation: 2204 steps/s (collection: 2.717s, learning 0.070s)
             Mean action noise std: 0.09
          Mean value_function loss: 0.2219
               Mean surrogate loss: -0.0243
                 Mean entropy loss: -16.0868
                       Mean reward: -33.09
               Mean episode length: 300.00
   Episode_Reward/term_bad_contact: 0.0000
          Episode_Reward/term_tilt: 0.0000
    Episode_Reward/term_low_height: 0.0000
      Episode_Reward/leg_action_l2: -0.0537
   Episode_Reward/tracking_lin_vel: 0.4839
Episode_Reward/tracking_lin_vel_x_exp: 0.6691
Episode_Reward/tracking_ang_vel_yaw_l1: 0.0000
Episode_Reward/tracking_ang_vel_yaw_exp: 0.9422
Episode_Reward/tracking_lin_vel_y_l2: 0.0000
Episode_Reward/tracking_lin_vel_z_l2: 0.0000
            Episode_Reward/survive: 0.0000
    Episode_Reward/foot_contacts_z: 0.0000
            Episode_Reward/torques: -0.1645
 Episode_Reward/tracking_lin_vel_y: 0.0000
          Episode_Reward/lin_vel_z: -0.0029
         Episode_Reward/ang_vel_xy: -0.0019
   Episode_Reward/tracking_ang_vel: 0.2766
               Episode_Reward/work: -0.0155
            Episode_Reward/dof_acc: -0.0004
        Episode_Reward/action_rate: -0.0480
     Episode_Reward/dof_pos_limits: 0.0000
      Episode_Reward/delta_torques: -0.0004
          Episode_Reward/collision: -5.9063
        Episode_Reward/walking_dof: 0.0123
            Episode_Reward/hip_pos: -0.0119
          Episode_Reward/feet_jerk: 0.0000
              Episode_Reward/alive: 0.3000
          Episode_Reward/feet_drag: -0.0044
Episode_Reward/feet_contact_forces: -0.1977
               Episode_Reward/roll: -0.0153
        Episode_Reward/base_height: -0.0258
Episode_Reward/tracking_lin_vel_max: 0.2348
Episode_Reward/flat_orientation_l2: -0.0041
  Episode_Reward/air_time_variance: -0.0041
        Episode_Reward/feet_height: 0.0000
      Episode_Reward/feet_air_time: -0.0000
Episode_Reward/update_last_buffers: 0.0000
   Episode_Reward/wheel_idle_speed: -0.0008
    Episode_Reward/wheel_action_l2: -0.0000
  Episode_Reward/wheel_action_rate: 0.0000
Episode_Reward/teacher_ensemble_match: 0.0392
  Episode_Reward/wheel_forward_use: 0.0588
 Episode_Reward/wheel_turn_support: 0.0000
   Metrics/locomotion/error_vel_xy: 0.3202
  Metrics/locomotion/error_vel_yaw: 0.1810
      Episode_Termination/time_out: 1.0000
   Episode_Termination/bad_contact: 0.0000
          Episode_Termination/tilt: 0.0000
    Episode_Termination/low_height: 0.0000
--------------------------------------------------------------------------------
                   Total timesteps: 196608
                    Iteration time: 2.79s
                      Time elapsed: 00:01:33
                               ETA: 00:17:55

################################################################################
                      [1m Learning iteration 32/400 [0m                       

                       Computation: 2180 steps/s (collection: 2.747s, learning 0.071s)
             Mean action noise std: 0.09
          Mean value_function loss: 0.2305
               Mean surrogate loss: -0.0158
                 Mean entropy loss: -16.0868
                       Mean reward: -33.51
               Mean episode length: 300.00
   Episode_Reward/term_bad_contact: 0.0000
          Episode_Reward/term_tilt: 0.0000
    Episode_Reward/term_low_height: 0.0000
      Episode_Reward/leg_action_l2: -0.0369
   Episode_Reward/tracking_lin_vel: 0.4965
Episode_Reward/tracking_lin_vel_x_exp: 0.7256
Episode_Reward/tracking_ang_vel_yaw_l1: 0.0000
Episode_Reward/tracking_ang_vel_yaw_exp: 0.8369
Episode_Reward/tracking_lin_vel_y_l2: 0.0000
Episode_Reward/tracking_lin_vel_z_l2: 0.0000
            Episode_Reward/survive: 0.0000
    Episode_Reward/foot_contacts_z: 0.0000
            Episode_Reward/torques: -0.1651
 Episode_Reward/tracking_lin_vel_y: 0.0000
          Episode_Reward/lin_vel_z: -0.0044
         Episode_Reward/ang_vel_xy: -0.0022
   Episode_Reward/tracking_ang_vel: 0.2693
               Episode_Reward/work: -0.0184
            Episode_Reward/dof_acc: -0.0005
        Episode_Reward/action_rate: -0.0331
     Episode_Reward/dof_pos_limits: 0.0000
      Episode_Reward/delta_torques: -0.0004
          Episode_Reward/collision: -5.9278
        Episode_Reward/walking_dof: 0.0109
            Episode_Reward/hip_pos: -0.0145
          Episode_Reward/feet_jerk: 0.0000
              Episode_Reward/alive: 0.3000
          Episode_Reward/feet_drag: -0.0047
Episode_Reward/feet_contact_forces: -0.1975
               Episode_Reward/roll: -0.0220
        Episode_Reward/base_height: -0.0172
Episode_Reward/tracking_lin_vel_max: 0.2592
Episode_Reward/flat_orientation_l2: -0.0073
  Episode_Reward/air_time_variance: -0.0028
        Episode_Reward/feet_height: 0.0000
      Episode_Reward/feet_air_time: -0.0000
Episode_Reward/update_last_buffers: 0.0000
   Episode_Reward/wheel_idle_speed: -0.0011
    Episode_Reward/wheel_action_l2: -0.0000
  Episode_Reward/wheel_action_rate: 0.0000
Episode_Reward/teacher_ensemble_match: 0.0396
  Episode_Reward/wheel_forward_use: 0.0551
 Episode_Reward/wheel_turn_support: 0.0000
   Metrics/locomotion/error_vel_xy: 0.2957
  Metrics/locomotion/error_vel_yaw: 0.2213
      Episode_Termination/time_out: 1.0000
   Episode_Termination/bad_contact: 0.0000
          Episode_Termination/tilt: 0.0000
    Episode_Termination/low_height: 0.0000
--------------------------------------------------------------------------------
                   Total timesteps: 202752
                    Iteration time: 2.82s
                      Time elapsed: 00:01:36
                               ETA: 00:17:51

################################################################################
                      [1m Learning iteration 33/400 [0m                       

                       Computation: 2124 steps/s (collection: 2.821s, learning 0.071s)
             Mean action noise std: 0.09
          Mean value_function loss: 0.2704
               Mean surrogate loss: -0.0177
                 Mean entropy loss: -16.0868
                       Mean reward: -32.82
               Mean episode length: 300.00
   Episode_Reward/term_bad_contact: 0.0000
          Episode_Reward/term_tilt: 0.0000
    Episode_Reward/term_low_height: 0.0000
      Episode_Reward/leg_action_l2: -0.0405
   Episode_Reward/tracking_lin_vel: 0.5136
Episode_Reward/tracking_lin_vel_x_exp: 0.8540
Episode_Reward/tracking_ang_vel_yaw_l1: 0.0000
Episode_Reward/tracking_ang_vel_yaw_exp: 0.9132
Episode_Reward/tracking_lin_vel_y_l2: 0.0000
Episode_Reward/tracking_lin_vel_z_l2: 0.0000
            Episode_Reward/survive: 0.0000
    Episode_Reward/foot_contacts_z: 0.0000
            Episode_Reward/torques: -0.1491
 Episode_Reward/tracking_lin_vel_y: 0.0000
          Episode_Reward/lin_vel_z: -0.0043
         Episode_Reward/ang_vel_xy: -0.0021
   Episode_Reward/tracking_ang_vel: 0.2743
               Episode_Reward/work: -0.0179
            Episode_Reward/dof_acc: -0.0005
        Episode_Reward/action_rate: -0.0364
     Episode_Reward/dof_pos_limits: 0.0000
      Episode_Reward/delta_torques: -0.0004
          Episode_Reward/collision: -5.9256
        Episode_Reward/walking_dof: 0.0081
            Episode_Reward/hip_pos: -0.0144
          Episode_Reward/feet_jerk: 0.0000
              Episode_Reward/alive: 0.3000
          Episode_Reward/feet_drag: -0.0041
Episode_Reward/feet_contact_forces: -0.1973
               Episode_Reward/roll: -0.0167
        Episode_Reward/base_height: -0.0185
Episode_Reward/tracking_lin_vel_max: 0.3090
Episode_Reward/flat_orientation_l2: -0.0058
  Episode_Reward/air_time_variance: -0.0028
        Episode_Reward/feet_height: 0.0000
      Episode_Reward/feet_air_time: -0.0000
Episode_Reward/update_last_buffers: 0.0000
   Episode_Reward/wheel_idle_speed: -0.0011
    Episode_Reward/wheel_action_l2: -0.0000
  Episode_Reward/wheel_action_rate: 0.0000
Episode_Reward/teacher_ensemble_match: 0.0393
  Episode_Reward/wheel_forward_use: 0.0399
 Episode_Reward/wheel_turn_support: 0.0000
   Metrics/locomotion/error_vel_xy: 0.2491
  Metrics/locomotion/error_vel_yaw: 0.1935
      Episode_Termination/time_out: 1.0000
   Episode_Termination/bad_contact: 0.0000
          Episode_Termination/tilt: 0.0000
    Episode_Termination/low_height: 0.0000
--------------------------------------------------------------------------------
                   Total timesteps: 208896
                    Iteration time: 2.89s
                      Time elapsed: 00:01:38
                               ETA: 00:17:48

################################################################################
                      [1m Learning iteration 34/400 [0m                       

                       Computation: 2132 steps/s (collection: 2.810s, learning 0.071s)
             Mean action noise std: 0.09
          Mean value_function loss: 0.2844
               Mean surrogate loss: -0.0165
                 Mean entropy loss: -16.0868
                       Mean reward: -33.38
               Mean episode length: 300.00
   Episode_Reward/term_bad_contact: 0.0000
          Episode_Reward/term_tilt: 0.0000
    Episode_Reward/term_low_height: 0.0000
      Episode_Reward/leg_action_l2: -0.0467
   Episode_Reward/tracking_lin_vel: 0.4834
Episode_Reward/tracking_lin_vel_x_exp: 0.6857
Episode_Reward/tracking_ang_vel_yaw_l1: 0.0000
Episode_Reward/tracking_ang_vel_yaw_exp: 0.9084
Episode_Reward/tracking_lin_vel_y_l2: 0.0000
Episode_Reward/tracking_lin_vel_z_l2: 0.0000
            Episode_Reward/survive: 0.0000
    Episode_Reward/foot_contacts_z: 0.0000
            Episode_Reward/torques: -0.1562
 Episode_Reward/tracking_lin_vel_y: 0.0000
          Episode_Reward/lin_vel_z: -0.0036
         Episode_Reward/ang_vel_xy: -0.0021
   Episode_Reward/tracking_ang_vel: 0.2732
               Episode_Reward/work: -0.0175
            Episode_Reward/dof_acc: -0.0005
        Episode_Reward/action_rate: -0.0417
     Episode_Reward/dof_pos_limits: 0.0000
      Episode_Reward/delta_torques: -0.0004
          Episode_Reward/collision: -5.8920
        Episode_Reward/walking_dof: 0.0124
            Episode_Reward/hip_pos: -0.0108
          Episode_Reward/feet_jerk: 0.0000
              Episode_Reward/alive: 0.3000
          Episode_Reward/feet_drag: -0.0044
Episode_Reward/feet_contact_forces: -0.1972
               Episode_Reward/roll: -0.0218
        Episode_Reward/base_height: -0.0209
Episode_Reward/tracking_lin_vel_max: 0.2339
Episode_Reward/flat_orientation_l2: -0.0075
  Episode_Reward/air_time_variance: -0.0019
        Episode_Reward/feet_height: 0.0000
      Episode_Reward/feet_air_time: -0.0000
Episode_Reward/update_last_buffers: 0.0000
   Episode_Reward/wheel_idle_speed: -0.0007
    Episode_Reward/wheel_action_l2: -0.0000
  Episode_Reward/wheel_action_rate: 0.0000
Episode_Reward/teacher_ensemble_match: 0.0498
  Episode_Reward/wheel_forward_use: 0.0596
 Episode_Reward/wheel_turn_support: 0.0000
   Metrics/locomotion/error_vel_xy: 0.3174
  Metrics/locomotion/error_vel_yaw: 0.1961
      Episode_Termination/time_out: 1.0000
   Episode_Termination/bad_contact: 0.0000
          Episode_Termination/tilt: 0.0000
    Episode_Termination/low_height: 0.0000
--------------------------------------------------------------------------------
                   Total timesteps: 215040
                    Iteration time: 2.88s
                      Time elapsed: 00:01:41
                               ETA: 00:17:45

################################################################################
                      [1m Learning iteration 35/400 [0m                       

                       Computation: 2177 steps/s (collection: 2.751s, learning 0.071s)
             Mean action noise std: 0.09
          Mean value_function loss: 0.2777
               Mean surrogate loss: -0.0168
                 Mean entropy loss: -16.0868
                       Mean reward: -33.91
               Mean episode length: 300.00
   Episode_Reward/term_bad_contact: 0.0000
          Episode_Reward/term_tilt: 0.0000
    Episode_Reward/term_low_height: 0.0000
      Episode_Reward/leg_action_l2: -0.0500
   Episode_Reward/tracking_lin_vel: 0.4760
Episode_Reward/tracking_lin_vel_x_exp: 0.6242
Episode_Reward/tracking_ang_vel_yaw_l1: 0.0000
Episode_Reward/tracking_ang_vel_yaw_exp: 0.8799
Episode_Reward/tracking_lin_vel_y_l2: 0.0000
Episode_Reward/tracking_lin_vel_z_l2: 0.0000
            Episode_Reward/survive: 0.0000
    Episode_Reward/foot_contacts_z: 0.0000
            Episode_Reward/torques: -0.1548
 Episode_Reward/tracking_lin_vel_y: 0.0000
          Episode_Reward/lin_vel_z: -0.0046
         Episode_Reward/ang_vel_xy: -0.0021
   Episode_Reward/tracking_ang_vel: 0.2718
               Episode_Reward/work: -0.0196
            Episode_Reward/dof_acc: -0.0005
        Episode_Reward/action_rate: -0.0444
     Episode_Reward/dof_pos_limits: 0.0000
      Episode_Reward/delta_torques: -0.0004
          Episode_Reward/collision: -5.9335
        Episode_Reward/walking_dof: 0.0144
            Episode_Reward/hip_pos: -0.0122
          Episode_Reward/feet_jerk: 0.0000
              Episode_Reward/alive: 0.3000
          Episode_Reward/feet_drag: -0.0047
Episode_Reward/feet_contact_forces: -0.1969
               Episode_Reward/roll: -0.0211
        Episode_Reward/base_height: -0.0213
Episode_Reward/tracking_lin_vel_max: 0.1984
Episode_Reward/flat_orientation_l2: -0.0065
  Episode_Reward/air_time_variance: -0.0012
        Episode_Reward/feet_height: 0.0000
      Episode_Reward/feet_air_time: -0.0000
Episode_Reward/update_last_buffers: 0.0000
   Episode_Reward/wheel_idle_speed: -0.0007
    Episode_Reward/wheel_action_l2: -0.0000
  Episode_Reward/wheel_action_rate: 0.0000
Episode_Reward/teacher_ensemble_match: 0.0356
  Episode_Reward/wheel_forward_use: 0.0718
 Episode_Reward/wheel_turn_support: 0.0000
   Metrics/locomotion/error_vel_xy: 0.3385
  Metrics/locomotion/error_vel_yaw: 0.2071
      Episode_Termination/time_out: 1.0000
   Episode_Termination/bad_contact: 0.0000
          Episode_Termination/tilt: 0.0000
    Episode_Termination/low_height: 0.0000
--------------------------------------------------------------------------------
                   Total timesteps: 221184
                    Iteration time: 2.82s
                      Time elapsed: 00:01:44
                               ETA: 00:17:41

################################################################################
                      [1m Learning iteration 36/400 [0m                       

                       Computation: 2132 steps/s (collection: 2.810s, learning 0.071s)
             Mean action noise std: 0.09
          Mean value_function loss: 5.9847
               Mean surrogate loss: -0.0005
                 Mean entropy loss: -16.0868
                       Mean reward: -34.23
               Mean episode length: 298.37
   Episode_Reward/term_bad_contact: 0.0000
          Episode_Reward/term_tilt: -0.8333
    Episode_Reward/term_low_height: 0.0000
      Episode_Reward/leg_action_l2: -0.0377
   Episode_Reward/tracking_lin_vel: 0.4855
Episode_Reward/tracking_lin_vel_x_exp: 0.7705
Episode_Reward/tracking_ang_vel_yaw_l1: 0.0000
Episode_Reward/tracking_ang_vel_yaw_exp: 0.8872
Episode_Reward/tracking_lin_vel_y_l2: 0.0000
Episode_Reward/tracking_lin_vel_z_l2: 0.0000
            Episode_Reward/survive: 0.0000
    Episode_Reward/foot_contacts_z: 0.0000
            Episode_Reward/torques: -0.1705
 Episode_Reward/tracking_lin_vel_y: 0.0000
          Episode_Reward/lin_vel_z: -0.0035
         Episode_Reward/ang_vel_xy: -0.0024
   Episode_Reward/tracking_ang_vel: 0.2614
               Episode_Reward/work: -0.0176
            Episode_Reward/dof_acc: -0.0005
        Episode_Reward/action_rate: -0.0337
     Episode_Reward/dof_pos_limits: 0.0000
      Episode_Reward/delta_torques: -0.0004
          Episode_Reward/collision: -5.5040
        Episode_Reward/walking_dof: 0.0089
            Episode_Reward/hip_pos: -0.0089
          Episode_Reward/feet_jerk: 0.0000
              Episode_Reward/alive: 0.2864
          Episode_Reward/feet_drag: -0.0043
Episode_Reward/feet_contact_forces: -0.1892
               Episode_Reward/roll: -0.0246
        Episode_Reward/base_height: -0.0216
Episode_Reward/tracking_lin_vel_max: 0.2712
Episode_Reward/flat_orientation_l2: -0.0080
  Episode_Reward/air_time_variance: -0.0040
        Episode_Reward/feet_height: 0.0000
      Episode_Reward/feet_air_time: -0.0000
Episode_Reward/update_last_buffers: 0.0000
   Episode_Reward/wheel_idle_speed: -0.0010
    Episode_Reward/wheel_action_l2: -0.0000
  Episode_Reward/wheel_action_rate: 0.0000
Episode_Reward/teacher_ensemble_match: 0.0380
  Episode_Reward/wheel_forward_use: 0.0434
 Episode_Reward/wheel_turn_support: 0.0000
   Metrics/locomotion/error_vel_xy: 0.2519
  Metrics/locomotion/error_vel_yaw: 0.1823
      Episode_Termination/time_out: 0.9967
   Episode_Termination/bad_contact: 0.0000
          Episode_Termination/tilt: 0.0033
    Episode_Termination/low_height: 0.0000
--------------------------------------------------------------------------------
                   Total timesteps: 227328
                    Iteration time: 2.88s
                      Time elapsed: 00:01:47
                               ETA: 00:17:38

################################################################################
                      [1m Learning iteration 37/400 [0m                       

                       Computation: 2137 steps/s (collection: 2.803s, learning 0.071s)
             Mean action noise std: 0.09
          Mean value_function loss: 0.2238
               Mean surrogate loss: -0.0207
                 Mean entropy loss: -16.0868
                       Mean reward: -33.65
               Mean episode length: 298.37
   Episode_Reward/term_bad_contact: 0.0000
          Episode_Reward/term_tilt: 0.0000
    Episode_Reward/term_low_height: 0.0000
      Episode_Reward/leg_action_l2: -0.0360
   Episode_Reward/tracking_lin_vel: 0.4940
Episode_Reward/tracking_lin_vel_x_exp: 0.7092
Episode_Reward/tracking_ang_vel_yaw_l1: 0.0000
Episode_Reward/tracking_ang_vel_yaw_exp: 0.8771
Episode_Reward/tracking_lin_vel_y_l2: 0.0000
Episode_Reward/tracking_lin_vel_z_l2: 0.0000
            Episode_Reward/survive: 0.0000
    Episode_Reward/foot_contacts_z: 0.0000
            Episode_Reward/torques: -0.1817
 Episode_Reward/tracking_lin_vel_y: 0.0000
          Episode_Reward/lin_vel_z: -0.0022
         Episode_Reward/ang_vel_xy: -0.0019
   Episode_Reward/tracking_ang_vel: 0.2706
               Episode_Reward/work: -0.0160
            Episode_Reward/dof_acc: -0.0006
        Episode_Reward/action_rate: -0.0326
     Episode_Reward/dof_pos_limits: 0.0000
      Episode_Reward/delta_torques: -0.0004
          Episode_Reward/collision: -5.4542
        Episode_Reward/walking_dof: 0.0129
            Episode_Reward/hip_pos: -0.0074
          Episode_Reward/feet_jerk: 0.0000
              Episode_Reward/alive: 0.3000
          Episode_Reward/feet_drag: -0.0042
Episode_Reward/feet_contact_forces: -0.2000
               Episode_Reward/roll: -0.0212
        Episode_Reward/base_height: -0.0205
Episode_Reward/tracking_lin_vel_max: 0.2328
Episode_Reward/flat_orientation_l2: -0.0074
  Episode_Reward/air_time_variance: -0.0086
        Episode_Reward/feet_height: 0.0000
      Episode_Reward/feet_air_time: -0.0000
Episode_Reward/update_last_buffers: 0.0000
   Episode_Reward/wheel_idle_speed: -0.0008
    Episode_Reward/wheel_action_l2: -0.0000
  Episode_Reward/wheel_action_rate: 0.0000
Episode_Reward/teacher_ensemble_match: 0.0521
  Episode_Reward/wheel_forward_use: 0.0629
 Episode_Reward/wheel_turn_support: 0.0000
   Metrics/locomotion/error_vel_xy: 0.2996
  Metrics/locomotion/error_vel_yaw: 0.2103
      Episode_Termination/time_out: 0.9961
   Episode_Termination/bad_contact: 0.0000
          Episode_Termination/tilt: 0.0039
    Episode_Termination/low_height: 0.0000
--------------------------------------------------------------------------------
                   Total timesteps: 233472
                    Iteration time: 2.87s
                      Time elapsed: 00:01:50
                               ETA: 00:17:34

################################################################################
                      [1m Learning iteration 38/400 [0m                       

                       Computation: 2153 steps/s (collection: 2.781s, learning 0.072s)
             Mean action noise std: 0.09
          Mean value_function loss: 0.2306
               Mean surrogate loss: -0.0201
                 Mean entropy loss: -16.0868
                       Mean reward: -33.98
               Mean episode length: 298.37
   Episode_Reward/term_bad_contact: 0.0000
          Episode_Reward/term_tilt: 0.0000
    Episode_Reward/term_low_height: 0.0000
      Episode_Reward/leg_action_l2: -0.0299
   Episode_Reward/tracking_lin_vel: 0.4931
Episode_Reward/tracking_lin_vel_x_exp: 0.7378
Episode_Reward/tracking_ang_vel_yaw_l1: 0.0000
Episode_Reward/tracking_ang_vel_yaw_exp: 0.8732
Episode_Reward/tracking_lin_vel_y_l2: 0.0000
Episode_Reward/tracking_lin_vel_z_l2: 0.0000
            Episode_Reward/survive: 0.0000
    Episode_Reward/foot_contacts_z: 0.0000
            Episode_Reward/torques: -0.1458
 Episode_Reward/tracking_lin_vel_y: 0.0000
          Episode_Reward/lin_vel_z: -0.0022
         Episode_Reward/ang_vel_xy: -0.0024
   Episode_Reward/tracking_ang_vel: 0.2704
               Episode_Reward/work: -0.0166
            Episode_Reward/dof_acc: -0.0005
        Episode_Reward/action_rate: -0.0271
     Episode_Reward/dof_pos_limits: 0.0000
      Episode_Reward/delta_torques: -0.0004
          Episode_Reward/collision: -5.9049
        Episode_Reward/walking_dof: 0.0114
            Episode_Reward/hip_pos: -0.0100
          Episode_Reward/feet_jerk: 0.0000
              Episode_Reward/alive: 0.3000
          Episode_Reward/feet_drag: -0.0046
Episode_Reward/feet_contact_forces: -0.1975
               Episode_Reward/roll: -0.0152
        Episode_Reward/base_height: -0.0191
Episode_Reward/tracking_lin_vel_max: 0.2530
Episode_Reward/flat_orientation_l2: -0.0076
  Episode_Reward/air_time_variance: -0.0035
        Episode_Reward/feet_height: 0.0000
      Episode_Reward/feet_air_time: -0.0000
Episode_Reward/update_last_buffers: 0.0000
   Episode_Reward/wheel_idle_speed: -0.0008
    Episode_Reward/wheel_action_l2: -0.0000
  Episode_Reward/wheel_action_rate: 0.0000
Episode_Reward/teacher_ensemble_match: 0.0515
  Episode_Reward/wheel_forward_use: 0.0527
 Episode_Reward/wheel_turn_support: 0.0000
   Metrics/locomotion/error_vel_xy: 0.2967
  Metrics/locomotion/error_vel_yaw: 0.2103
      Episode_Termination/time_out: 0.9961
   Episode_Termination/bad_contact: 0.0000
          Episode_Termination/tilt: 0.0039
    Episode_Termination/low_height: 0.0000
--------------------------------------------------------------------------------
                   Total timesteps: 239616
                    Iteration time: 2.85s
                      Time elapsed: 00:01:53
                               ETA: 00:17:31

################################################################################
                      [1m Learning iteration 39/400 [0m                       

                       Computation: 2126 steps/s (collection: 2.817s, learning 0.072s)
             Mean action noise std: 0.09
          Mean value_function loss: 0.2418
               Mean surrogate loss: -0.0121
                 Mean entropy loss: -16.0868
                       Mean reward: -33.48
               Mean episode length: 298.37
   Episode_Reward/term_bad_contact: 0.0000
          Episode_Reward/term_tilt: 0.0000
    Episode_Reward/term_low_height: 0.0000
      Episode_Reward/leg_action_l2: -0.0345
   Episode_Reward/tracking_lin_vel: 0.4829
Episode_Reward/tracking_lin_vel_x_exp: 0.6799
Episode_Reward/tracking_ang_vel_yaw_l1: 0.0000
Episode_Reward/tracking_ang_vel_yaw_exp: 0.8878
Episode_Reward/tracking_lin_vel_y_l2: 0.0000
Episode_Reward/tracking_lin_vel_z_l2: 0.0000
            Episode_Reward/survive: 0.0000
    Episode_Reward/foot_contacts_z: 0.0000
            Episode_Reward/torques: -0.1638
 Episode_Reward/tracking_lin_vel_y: 0.0000
          Episode_Reward/lin_vel_z: -0.0031
         Episode_Reward/ang_vel_xy: -0.0023
   Episode_Reward/tracking_ang_vel: 0.2708
               Episode_Reward/work: -0.0175
            Episode_Reward/dof_acc: -0.0006
        Episode_Reward/action_rate: -0.0312
     Episode_Reward/dof_pos_limits: 0.0000
      Episode_Reward/delta_torques: -0.0004
          Episode_Reward/collision: -5.7420
        Episode_Reward/walking_dof: 0.0109
            Episode_Reward/hip_pos: -0.0115
          Episode_Reward/feet_jerk: 0.0000
              Episode_Reward/alive: 0.3000
          Episode_Reward/feet_drag: -0.0044
Episode_Reward/feet_contact_forces: -0.1981
               Episode_Reward/roll: -0.0176
        Episode_Reward/base_height: -0.0195
Episode_Reward/tracking_lin_vel_max: 0.2573
Episode_Reward/flat_orientation_l2: -0.0054
  Episode_Reward/air_time_variance: -0.0040
        Episode_Reward/feet_height: 0.0000
      Episode_Reward/feet_air_time: -0.0000
Episode_Reward/update_last_buffers: 0.0000
   Episode_Reward/wheel_idle_speed: -0.0009
    Episode_Reward/wheel_action_l2: -0.0000
  Episode_Reward/wheel_action_rate: 0.0000
Episode_Reward/teacher_ensemble_match: 0.0380
  Episode_Reward/wheel_forward_use: 0.0519
 Episode_Reward/wheel_turn_support: 0.0000
   Metrics/locomotion/error_vel_xy: 0.3204
  Metrics/locomotion/error_vel_yaw: 0.2059
      Episode_Termination/time_out: 0.9961
   Episode_Termination/bad_contact: 0.0000
          Episode_Termination/tilt: 0.0039
    Episode_Termination/low_height: 0.0000
--------------------------------------------------------------------------------
                   Total timesteps: 245760
                    Iteration time: 2.89s
                      Time elapsed: 00:01:56
                               ETA: 00:17:28

################################################################################
                      [1m Learning iteration 40/400 [0m                       

                       Computation: 2115 steps/s (collection: 2.834s, learning 0.071s)
             Mean action noise std: 0.09
          Mean value_function loss: 0.2641
               Mean surrogate loss: -0.0135
                 Mean entropy loss: -16.0868
                       Mean reward: -32.66
               Mean episode length: 300.00
   Episode_Reward/term_bad_contact: 0.0000
          Episode_Reward/term_tilt: 0.0000
    Episode_Reward/term_low_height: 0.0000
      Episode_Reward/leg_action_l2: -0.0280
   Episode_Reward/tracking_lin_vel: 0.5062
Episode_Reward/tracking_lin_vel_x_exp: 0.7910
Episode_Reward/tracking_ang_vel_yaw_l1: 0.0000
Episode_Reward/tracking_ang_vel_yaw_exp: 0.9138
Episode_Reward/tracking_lin_vel_y_l2: 0.0000
Episode_Reward/tracking_lin_vel_z_l2: 0.0000
            Episode_Reward/survive: 0.0000
    Episode_Reward/foot_contacts_z: 0.0000
            Episode_Reward/torques: -0.1536
 Episode_Reward/tracking_lin_vel_y: 0.0000
          Episode_Reward/lin_vel_z: -0.0035
         Episode_Reward/ang_vel_xy: -0.0023
   Episode_Reward/tracking_ang_vel: 0.2737
               Episode_Reward/work: -0.0182
            Episode_Reward/dof_acc: -0.0006
        Episode_Reward/action_rate: -0.0253
     Episode_Reward/dof_pos_limits: 0.0000
      Episode_Reward/delta_torques: -0.0004
          Episode_Reward/collision: -5.8900
        Episode_Reward/walking_dof: 0.0086
            Episode_Reward/hip_pos: -0.0115
          Episode_Reward/feet_jerk: 0.0000
              Episode_Reward/alive: 0.3000
          Episode_Reward/feet_drag: -0.0043
Episode_Reward/feet_contact_forces: -0.1973
               Episode_Reward/roll: -0.0224
        Episode_Reward/base_height: -0.0195
Episode_Reward/tracking_lin_vel_max: 0.2965
Episode_Reward/flat_orientation_l2: -0.0077
  Episode_Reward/air_time_variance: -0.0030
        Episode_Reward/feet_height: 0.0000
      Episode_Reward/feet_air_time: -0.0000
Episode_Reward/update_last_buffers: 0.0000
   Episode_Reward/wheel_idle_speed: -0.0009
    Episode_Reward/wheel_action_l2: -0.0000
  Episode_Reward/wheel_action_rate: 0.0000
Episode_Reward/teacher_ensemble_match: 0.0445
  Episode_Reward/wheel_forward_use: 0.0412
 Episode_Reward/wheel_turn_support: 0.0000
   Metrics/locomotion/error_vel_xy: 0.2702
  Metrics/locomotion/error_vel_yaw: 0.1950
      Episode_Termination/time_out: 0.9961
   Episode_Termination/bad_contact: 0.0000
          Episode_Termination/tilt: 0.0039
    Episode_Termination/low_height: 0.0000
--------------------------------------------------------------------------------
                   Total timesteps: 251904
                    Iteration time: 2.90s
                      Time elapsed: 00:01:59
                               ETA: 00:17:25

################################################################################
                      [1m Learning iteration 41/400 [0m                       

                       Computation: 2181 steps/s (collection: 2.746s, learning 0.071s)
             Mean action noise std: 0.09
          Mean value_function loss: 7.4612
               Mean surrogate loss: -0.0027
                 Mean entropy loss: -16.0868
                       Mean reward: -33.59
               Mean episode length: 298.20
   Episode_Reward/term_bad_contact: 0.0000
          Episode_Reward/term_tilt: -0.2083
    Episode_Reward/term_low_height: 0.0000
      Episode_Reward/leg_action_l2: -0.0368
   Episode_Reward/tracking_lin_vel: 0.4804
Episode_Reward/tracking_lin_vel_x_exp: 0.7054
Episode_Reward/tracking_ang_vel_yaw_l1: 0.0000
Episode_Reward/tracking_ang_vel_yaw_exp: 0.8805
Episode_Reward/tracking_lin_vel_y_l2: 0.0000
Episode_Reward/tracking_lin_vel_z_l2: 0.0000
            Episode_Reward/survive: 0.0000
    Episode_Reward/foot_contacts_z: 0.0000
            Episode_Reward/torques: -0.1654
 Episode_Reward/tracking_lin_vel_y: 0.0000
          Episode_Reward/lin_vel_z: -0.0036
         Episode_Reward/ang_vel_xy: -0.0023
   Episode_Reward/tracking_ang_vel: 0.2671
               Episode_Reward/work: -0.0180
            Episode_Reward/dof_acc: -0.0005
        Episode_Reward/action_rate: -0.0328
     Episode_Reward/dof_pos_limits: 0.0000
      Episode_Reward/delta_torques: -0.0004
          Episode_Reward/collision: -5.6875
        Episode_Reward/walking_dof: 0.0102
            Episode_Reward/hip_pos: -0.0123
          Episode_Reward/feet_jerk: 0.0000
              Episode_Reward/alive: 0.2962
          Episode_Reward/feet_drag: -0.0046
Episode_Reward/feet_contact_forces: -0.1956
               Episode_Reward/roll: -0.0222
        Episode_Reward/base_height: -0.0218
Episode_Reward/tracking_lin_vel_max: 0.2655
Episode_Reward/flat_orientation_l2: -0.0070
  Episode_Reward/air_time_variance: -0.0062
        Episode_Reward/feet_height: 0.0000
      Episode_Reward/feet_air_time: -0.0000
Episode_Reward/update_last_buffers: 0.0000
   Episode_Reward/wheel_idle_speed: -0.0010
    Episode_Reward/wheel_action_l2: -0.0000
  Episode_Reward/wheel_action_rate: 0.0000
Episode_Reward/teacher_ensemble_match: 0.0351
  Episode_Reward/wheel_forward_use: 0.0517
 Episode_Reward/wheel_turn_support: 0.0000
   Metrics/locomotion/error_vel_xy: 0.3055
  Metrics/locomotion/error_vel_yaw: 0.2046
      Episode_Termination/time_out: 0.9933
   Episode_Termination/bad_contact: 0.0000
          Episode_Termination/tilt: 0.0067
    Episode_Termination/low_height: 0.0000
--------------------------------------------------------------------------------
                   Total timesteps: 258048
                    Iteration time: 2.82s
                      Time elapsed: 00:02:01
                               ETA: 00:17:21

################################################################################
                      [1m Learning iteration 42/400 [0m                       

                       Computation: 2161 steps/s (collection: 2.772s, learning 0.071s)
             Mean action noise std: 0.09
          Mean value_function loss: 0.1868
               Mean surrogate loss: -0.0225
                 Mean entropy loss: -16.0868
                       Mean reward: -33.49
               Mean episode length: 298.20
   Episode_Reward/term_bad_contact: 0.0000
          Episode_Reward/term_tilt: 0.0000
    Episode_Reward/term_low_height: 0.0000
      Episode_Reward/leg_action_l2: -0.0259
   Episode_Reward/tracking_lin_vel: 0.5106
Episode_Reward/tracking_lin_vel_x_exp: 0.7819
Episode_Reward/tracking_ang_vel_yaw_l1: 0.0000
Episode_Reward/tracking_ang_vel_yaw_exp: 0.9177
Episode_Reward/tracking_lin_vel_y_l2: 0.0000
Episode_Reward/tracking_lin_vel_z_l2: 0.0000
            Episode_Reward/survive: 0.0000
    Episode_Reward/foot_contacts_z: 0.0000
            Episode_Reward/torques: -0.1536
 Episode_Reward/tracking_lin_vel_y: 0.0000
          Episode_Reward/lin_vel_z: -0.0027
         Episode_Reward/ang_vel_xy: -0.0022
   Episode_Reward/tracking_ang_vel: 0.2737
               Episode_Reward/work: -0.0166
            Episode_Reward/dof_acc: -0.0005
        Episode_Reward/action_rate: -0.0233
     Episode_Reward/dof_pos_limits: 0.0000
      Episode_Reward/delta_torques: -0.0004
          Episode_Reward/collision: -5.8883
        Episode_Reward/walking_dof: 0.0071
            Episode_Reward/hip_pos: -0.0111
          Episode_Reward/feet_jerk: 0.0000
              Episode_Reward/alive: 0.3000
          Episode_Reward/feet_drag: -0.0044
Episode_Reward/feet_contact_forces: -0.1976
               Episode_Reward/roll: -0.0170
        Episode_Reward/base_height: -0.0226
Episode_Reward/tracking_lin_vel_max: 0.3226
Episode_Reward/flat_orientation_l2: -0.0056
  Episode_Reward/air_time_variance: -0.0035
        Episode_Reward/feet_height: 0.0000
      Episode_Reward/feet_air_time: -0.0000
Episode_Reward/update_last_buffers: 0.0000
   Episode_Reward/wheel_idle_speed: -0.0010
    Episode_Reward/wheel_action_l2: -0.0000
  Episode_Reward/wheel_action_rate: 0.0000
Episode_Reward/teacher_ensemble_match: 0.0510
  Episode_Reward/wheel_forward_use: 0.0364
 Episode_Reward/wheel_turn_support: 0.0000
   Metrics/locomotion/error_vel_xy: 0.2675
  Metrics/locomotion/error_vel_yaw: 0.1930
      Episode_Termination/time_out: 0.9922
   Episode_Termination/bad_contact: 0.0000
          Episode_Termination/tilt: 0.0078
    Episode_Termination/low_height: 0.0000
--------------------------------------------------------------------------------
                   Total timesteps: 264192
                    Iteration time: 2.84s
                      Time elapsed: 00:02:04
                               ETA: 00:17:18

################################################################################
                      [1m Learning iteration 43/400 [0m                       

                       Computation: 2202 steps/s (collection: 2.719s, learning 0.071s)
             Mean action noise std: 0.09
          Mean value_function loss: 0.1754
               Mean surrogate loss: -0.0217
                 Mean entropy loss: -16.0868
                       Mean reward: -33.28
               Mean episode length: 298.20
   Episode_Reward/term_bad_contact: 0.0000
          Episode_Reward/term_tilt: 0.0000
    Episode_Reward/term_low_height: 0.0000
      Episode_Reward/leg_action_l2: -0.0234
   Episode_Reward/tracking_lin_vel: 0.4983
Episode_Reward/tracking_lin_vel_x_exp: 0.7321
Episode_Reward/tracking_ang_vel_yaw_l1: 0.0000
Episode_Reward/tracking_ang_vel_yaw_exp: 0.8712
Episode_Reward/tracking_lin_vel_y_l2: 0.0000
Episode_Reward/tracking_lin_vel_z_l2: 0.0000
            Episode_Reward/survive: 0.0000
    Episode_Reward/foot_contacts_z: 0.0000
            Episode_Reward/torques: -0.1323
 Episode_Reward/tracking_lin_vel_y: 0.0000
          Episode_Reward/lin_vel_z: -0.0020
         Episode_Reward/ang_vel_xy: -0.0026
   Episode_Reward/tracking_ang_vel: 0.2685
               Episode_Reward/work: -0.0167
            Episode_Reward/dof_acc: -0.0006
        Episode_Reward/action_rate: -0.0211
     Episode_Reward/dof_pos_limits: 0.0000
      Episode_Reward/delta_torques: -0.0003
          Episode_Reward/collision: -5.8417
        Episode_Reward/walking_dof: 0.0105
            Episode_Reward/hip_pos: -0.0085
          Episode_Reward/feet_jerk: 0.0000
              Episode_Reward/alive: 0.3000
          Episode_Reward/feet_drag: -0.0043
Episode_Reward/feet_contact_forces: -0.1978
               Episode_Reward/roll: -0.0172
        Episode_Reward/base_height: -0.0234
Episode_Reward/tracking_lin_vel_max: 0.2685
Episode_Reward/flat_orientation_l2: -0.0058
  Episode_Reward/air_time_variance: -0.0039
        Episode_Reward/feet_height: 0.0000
      Episode_Reward/feet_air_time: -0.0000
Episode_Reward/update_last_buffers: 0.0000
   Episode_Reward/wheel_idle_speed: -0.0010
    Episode_Reward/wheel_action_l2: -0.0000
  Episode_Reward/wheel_action_rate: 0.0000
Episode_Reward/teacher_ensemble_match: 0.0499
  Episode_Reward/wheel_forward_use: 0.0500
 Episode_Reward/wheel_turn_support: 0.0000
   Metrics/locomotion/error_vel_xy: 0.2908
  Metrics/locomotion/error_vel_yaw: 0.2139
      Episode_Termination/time_out: 0.9922
   Episode_Termination/bad_contact: 0.0000
          Episode_Termination/tilt: 0.0078
    Episode_Termination/low_height: 0.0000
--------------------------------------------------------------------------------
                   Total timesteps: 270336
                    Iteration time: 2.79s
                      Time elapsed: 00:02:07
                               ETA: 00:17:14

################################################################################
                      [1m Learning iteration 44/400 [0m                       

                       Computation: 2182 steps/s (collection: 2.744s, learning 0.071s)
             Mean action noise std: 0.09
          Mean value_function loss: 0.1550
               Mean surrogate loss: -0.0121
                 Mean entropy loss: -16.0868
                       Mean reward: -33.82
               Mean episode length: 298.20
   Episode_Reward/term_bad_contact: 0.0000
          Episode_Reward/term_tilt: 0.0000
    Episode_Reward/term_low_height: 0.0000
      Episode_Reward/leg_action_l2: -0.0412
   Episode_Reward/tracking_lin_vel: 0.4578
Episode_Reward/tracking_lin_vel_x_exp: 0.5769
Episode_Reward/tracking_ang_vel_yaw_l1: 0.0000
Episode_Reward/tracking_ang_vel_yaw_exp: 0.9887
Episode_Reward/tracking_lin_vel_y_l2: 0.0000
Episode_Reward/tracking_lin_vel_z_l2: 0.0000
            Episode_Reward/survive: 0.0000
    Episode_Reward/foot_contacts_z: 0.0000
            Episode_Reward/torques: -0.1663
 Episode_Reward/tracking_lin_vel_y: 0.0000
          Episode_Reward/lin_vel_z: -0.0043
         Episode_Reward/ang_vel_xy: -0.0024
   Episode_Reward/tracking_ang_vel: 0.2783
               Episode_Reward/work: -0.0209
            Episode_Reward/dof_acc: -0.0005
        Episode_Reward/action_rate: -0.0369
     Episode_Reward/dof_pos_limits: 0.0000
      Episode_Reward/delta_torques: -0.0004
          Episode_Reward/collision: -5.9254
        Episode_Reward/walking_dof: 0.0128
            Episode_Reward/hip_pos: -0.0153
          Episode_Reward/feet_jerk: 0.0000
              Episode_Reward/alive: 0.3000
          Episode_Reward/feet_drag: -0.0050
Episode_Reward/feet_contact_forces: -0.1973
               Episode_Reward/roll: -0.0193
        Episode_Reward/base_height: -0.0192
Episode_Reward/tracking_lin_vel_max: 0.2175
Episode_Reward/flat_orientation_l2: -0.0063
  Episode_Reward/air_time_variance: -0.0034
        Episode_Reward/feet_height: 0.0000
      Episode_Reward/feet_air_time: -0.0000
Episode_Reward/update_last_buffers: 0.0000
   Episode_Reward/wheel_idle_speed: -0.0011
    Episode_Reward/wheel_action_l2: -0.0000
  Episode_Reward/wheel_action_rate: 0.0000
Episode_Reward/teacher_ensemble_match: 0.0194
  Episode_Reward/wheel_forward_use: 0.0638
 Episode_Reward/wheel_turn_support: 0.0000
   Metrics/locomotion/error_vel_xy: 0.3703
  Metrics/locomotion/error_vel_yaw: 0.1678
      Episode_Termination/time_out: 0.9922
   Episode_Termination/bad_contact: 0.0000
          Episode_Termination/tilt: 0.0078
    Episode_Termination/low_height: 0.0000
--------------------------------------------------------------------------------
                   Total timesteps: 276480
                    Iteration time: 2.82s
                      Time elapsed: 00:02:10
                               ETA: 00:17:11

################################################################################
                      [1m Learning iteration 45/400 [0m                       

                       Computation: 2164 steps/s (collection: 2.767s, learning 0.071s)
             Mean action noise std: 0.09
          Mean value_function loss: 0.1945
               Mean surrogate loss: -0.0189
                 Mean entropy loss: -16.0868
                       Mean reward: -34.37
               Mean episode length: 298.20
   Episode_Reward/term_bad_contact: 0.0000
          Episode_Reward/term_tilt: 0.0000
    Episode_Reward/term_low_height: 0.0000
      Episode_Reward/leg_action_l2: -0.0264
   Episode_Reward/tracking_lin_vel: 0.4645
Episode_Reward/tracking_lin_vel_x_exp: 0.5860
Episode_Reward/tracking_ang_vel_yaw_l1: 0.0000
Episode_Reward/tracking_ang_vel_yaw_exp: 0.9180
Episode_Reward/tracking_lin_vel_y_l2: 0.0000
Episode_Reward/tracking_lin_vel_z_l2: 0.0000
            Episode_Reward/survive: 0.0000
    Episode_Reward/foot_contacts_z: 0.0000
            Episode_Reward/torques: -0.1539
 Episode_Reward/tracking_lin_vel_y: 0.0000
          Episode_Reward/lin_vel_z: -0.0036
         Episode_Reward/ang_vel_xy: -0.0024
   Episode_Reward/tracking_ang_vel: 0.2737
               Episode_Reward/work: -0.0189
            Episode_Reward/dof_acc: -0.0006
        Episode_Reward/action_rate: -0.0240
     Episode_Reward/dof_pos_limits: 0.0000
      Episode_Reward/delta_torques: -0.0004
          Episode_Reward/collision: -5.8868
        Episode_Reward/walking_dof: 0.0145
            Episode_Reward/hip_pos: -0.0137
          Episode_Reward/feet_jerk: 0.0000
              Episode_Reward/alive: 0.3000
          Episode_Reward/feet_drag: -0.0052
Episode_Reward/feet_contact_forces: -0.1973
               Episode_Reward/roll: -0.0147
        Episode_Reward/base_height: -0.0175
Episode_Reward/tracking_lin_vel_max: 0.1978
Episode_Reward/flat_orientation_l2: -0.0051
  Episode_Reward/air_time_variance: -0.0029
        Episode_Reward/feet_height: 0.0000
      Episode_Reward/feet_air_time: -0.0000
Episode_Reward/update_last_buffers: 0.0000
   Episode_Reward/wheel_idle_speed: -0.0009
    Episode_Reward/wheel_action_l2: -0.0000
  Episode_Reward/wheel_action_rate: 0.0000
Episode_Reward/teacher_ensemble_match: 0.0409
  Episode_Reward/wheel_forward_use: 0.0715
 Episode_Reward/wheel_turn_support: 0.0000
   Metrics/locomotion/error_vel_xy: 0.3597
  Metrics/locomotion/error_vel_yaw: 0.1939
      Episode_Termination/time_out: 0.9922
   Episode_Termination/bad_contact: 0.0000
          Episode_Termination/tilt: 0.0078
    Episode_Termination/low_height: 0.0000
--------------------------------------------------------------------------------
                   Total timesteps: 282624
                    Iteration time: 2.84s
                      Time elapsed: 00:02:13
                               ETA: 00:17:07

################################################################################
                      [1m Learning iteration 46/400 [0m                       

                       Computation: 2139 steps/s (collection: 2.801s, learning 0.071s)
             Mean action noise std: 0.09
          Mean value_function loss: 0.1973
               Mean surrogate loss: -0.0165
                 Mean entropy loss: -16.0868
                       Mean reward: -33.99
               Mean episode length: 300.00
   Episode_Reward/term_bad_contact: 0.0000
          Episode_Reward/term_tilt: 0.0000
    Episode_Reward/term_low_height: 0.0000
      Episode_Reward/leg_action_l2: -0.0327
   Episode_Reward/tracking_lin_vel: 0.4745
Episode_Reward/tracking_lin_vel_x_exp: 0.7008
Episode_Reward/tracking_ang_vel_yaw_l1: 0.0000
Episode_Reward/tracking_ang_vel_yaw_exp: 0.9378
Episode_Reward/tracking_lin_vel_y_l2: 0.0000
Episode_Reward/tracking_lin_vel_z_l2: 0.0000
            Episode_Reward/survive: 0.0000
    Episode_Reward/foot_contacts_z: 0.0000
            Episode_Reward/torques: -0.1552
 Episode_Reward/tracking_lin_vel_y: 0.0000
          Episode_Reward/lin_vel_z: -0.0034
         Episode_Reward/ang_vel_xy: -0.0027
   Episode_Reward/tracking_ang_vel: 0.2751
               Episode_Reward/work: -0.0189
            Episode_Reward/dof_acc: -0.0006
        Episode_Reward/action_rate: -0.0294
     Episode_Reward/dof_pos_limits: 0.0000
      Episode_Reward/delta_torques: -0.0004
          Episode_Reward/collision: -5.9389
        Episode_Reward/walking_dof: 0.0143
            Episode_Reward/hip_pos: -0.0131
          Episode_Reward/feet_jerk: 0.0000
              Episode_Reward/alive: 0.3000
          Episode_Reward/feet_drag: -0.0050
Episode_Reward/feet_contact_forces: -0.1971
               Episode_Reward/roll: -0.0171
        Episode_Reward/base_height: -0.0186
Episode_Reward/tracking_lin_vel_max: 0.2074
Episode_Reward/flat_orientation_l2: -0.0069
  Episode_Reward/air_time_variance: -0.0023
        Episode_Reward/feet_height: 0.0000
      Episode_Reward/feet_air_time: -0.0000
Episode_Reward/update_last_buffers: 0.0000
   Episode_Reward/wheel_idle_speed: -0.0007
    Episode_Reward/wheel_action_l2: -0.0000
  Episode_Reward/wheel_action_rate: 0.0000
Episode_Reward/teacher_ensemble_match: 0.0363
  Episode_Reward/wheel_forward_use: 0.0686
 Episode_Reward/wheel_turn_support: 0.0000
   Metrics/locomotion/error_vel_xy: 0.3246
  Metrics/locomotion/error_vel_yaw: 0.1853
      Episode_Termination/time_out: 0.9922
   Episode_Termination/bad_contact: 0.0000
          Episode_Termination/tilt: 0.0078
    Episode_Termination/low_height: 0.0000
--------------------------------------------------------------------------------
                   Total timesteps: 288768
                    Iteration time: 2.87s
                      Time elapsed: 00:02:16
                               ETA: 00:17:04

################################################################################
                      [1m Learning iteration 47/400 [0m                       

                       Computation: 2172 steps/s (collection: 2.757s, learning 0.071s)
             Mean action noise std: 0.09
          Mean value_function loss: 0.2141
               Mean surrogate loss: -0.0153
                 Mean entropy loss: -16.0868
                       Mean reward: -34.13
               Mean episode length: 300.00
   Episode_Reward/term_bad_contact: 0.0000
          Episode_Reward/term_tilt: 0.0000
    Episode_Reward/term_low_height: 0.0000
      Episode_Reward/leg_action_l2: -0.0280
   Episode_Reward/tracking_lin_vel: 0.4879
Episode_Reward/tracking_lin_vel_x_exp: 0.6646
Episode_Reward/tracking_ang_vel_yaw_l1: 0.0000
Episode_Reward/tracking_ang_vel_yaw_exp: 0.9372
Episode_Reward/tracking_lin_vel_y_l2: 0.0000
Episode_Reward/tracking_lin_vel_z_l2: 0.0000
            Episode_Reward/survive: 0.0000
    Episode_Reward/foot_contacts_z: 0.0000
            Episode_Reward/torques: -0.1475
 Episode_Reward/tracking_lin_vel_y: 0.0000
          Episode_Reward/lin_vel_z: -0.0031
         Episode_Reward/ang_vel_xy: -0.0026
   Episode_Reward/tracking_ang_vel: 0.2740
               Episode_Reward/work: -0.0199
            Episode_Reward/dof_acc: -0.0006
        Episode_Reward/action_rate: -0.0251
     Episode_Reward/dof_pos_limits: 0.0000
      Episode_Reward/delta_torques: -0.0004
          Episode_Reward/collision: -5.8734
        Episode_Reward/walking_dof: 0.0109
            Episode_Reward/hip_pos: -0.0089
          Episode_Reward/feet_jerk: 0.0000
              Episode_Reward/alive: 0.3000
          Episode_Reward/feet_drag: -0.0047
Episode_Reward/feet_contact_forces: -0.1973
               Episode_Reward/roll: -0.0270
        Episode_Reward/base_height: -0.0205
Episode_Reward/tracking_lin_vel_max: 0.2616
Episode_Reward/flat_orientation_l2: -0.0082
  Episode_Reward/air_time_variance: -0.0044
        Episode_Reward/feet_height: 0.0000
      Episode_Reward/feet_air_time: -0.0000
Episode_Reward/update_last_buffers: 0.0000
   Episode_Reward/wheel_idle_speed: -0.0011
    Episode_Reward/wheel_action_l2: -0.0000
  Episode_Reward/wheel_action_rate: 0.0000
Episode_Reward/teacher_ensemble_match: 0.0408
  Episode_Reward/wheel_forward_use: 0.0538
 Episode_Reward/wheel_turn_support: 0.0000
   Metrics/locomotion/error_vel_xy: 0.3164
  Metrics/locomotion/error_vel_yaw: 0.1878
      Episode_Termination/time_out: 0.9922
   Episode_Termination/bad_contact: 0.0000
          Episode_Termination/tilt: 0.0078
    Episode_Termination/low_height: 0.0000
--------------------------------------------------------------------------------
                   Total timesteps: 294912
                    Iteration time: 2.83s
                      Time elapsed: 00:02:18
                               ETA: 00:17:01

################################################################################
                      [1m Learning iteration 48/400 [0m                       

                       Computation: 2166 steps/s (collection: 2.765s, learning 0.072s)
             Mean action noise std: 0.09
          Mean value_function loss: 0.1654
               Mean surrogate loss: -0.0155
                 Mean entropy loss: -16.0868
                       Mean reward: -34.31
               Mean episode length: 300.00
   Episode_Reward/term_bad_contact: 0.0000
          Episode_Reward/term_tilt: 0.0000
    Episode_Reward/term_low_height: 0.0000
      Episode_Reward/leg_action_l2: -0.0352
   Episode_Reward/tracking_lin_vel: 0.5006
Episode_Reward/tracking_lin_vel_x_exp: 0.7412
Episode_Reward/tracking_ang_vel_yaw_l1: 0.0000
Episode_Reward/tracking_ang_vel_yaw_exp: 0.8482
Episode_Reward/tracking_lin_vel_y_l2: 0.0000
Episode_Reward/tracking_lin_vel_z_l2: 0.0000
            Episode_Reward/survive: 0.0000
    Episode_Reward/foot_contacts_z: 0.0000
            Episode_Reward/torques: -0.1532
 Episode_Reward/tracking_lin_vel_y: 0.0000
          Episode_Reward/lin_vel_z: -0.0035
         Episode_Reward/ang_vel_xy: -0.0026
   Episode_Reward/tracking_ang_vel: 0.2673
               Episode_Reward/work: -0.0200
            Episode_Reward/dof_acc: -0.0005
        Episode_Reward/action_rate: -0.0316
     Episode_Reward/dof_pos_limits: 0.0000
      Episode_Reward/delta_torques: -0.0004
          Episode_Reward/collision: -5.9149
        Episode_Reward/walking_dof: 0.0099
            Episode_Reward/hip_pos: -0.0105
          Episode_Reward/feet_jerk: 0.0000
              Episode_Reward/alive: 0.3000
          Episode_Reward/feet_drag: -0.0046
Episode_Reward/feet_contact_forces: -0.1970
               Episode_Reward/roll: -0.0229
        Episode_Reward/base_height: -0.0193
Episode_Reward/tracking_lin_vel_max: 0.2729
Episode_Reward/flat_orientation_l2: -0.0063
  Episode_Reward/air_time_variance: -0.0033
        Episode_Reward/feet_height: 0.0000
      Episode_Reward/feet_air_time: -0.0000
Episode_Reward/update_last_buffers: 0.0000
   Episode_Reward/wheel_idle_speed: -0.0009
    Episode_Reward/wheel_action_l2: -0.0000
  Episode_Reward/wheel_action_rate: 0.0000
Episode_Reward/teacher_ensemble_match: 0.0342
  Episode_Reward/wheel_forward_use: 0.0486
 Episode_Reward/wheel_turn_support: 0.0000
   Metrics/locomotion/error_vel_xy: 0.2863
  Metrics/locomotion/error_vel_yaw: 0.2243
      Episode_Termination/time_out: 0.9935
   Episode_Termination/bad_contact: 0.0000
          Episode_Termination/tilt: 0.0065
    Episode_Termination/low_height: 0.0000
--------------------------------------------------------------------------------
                   Total timesteps: 301056
                    Iteration time: 2.84s
                      Time elapsed: 00:02:21
                               ETA: 00:16:58

################################################################################
                      [1m Learning iteration 49/400 [0m                       

                       Computation: 2195 steps/s (collection: 2.728s, learning 0.071s)
             Mean action noise std: 0.09
          Mean value_function loss: 8.0237
               Mean surrogate loss: -0.0068
                 Mean entropy loss: -16.0868
                       Mean reward: -34.86
               Mean episode length: 299.51
   Episode_Reward/term_bad_contact: 0.0000
          Episode_Reward/term_tilt: -0.1389
    Episode_Reward/term_low_height: 0.0000
      Episode_Reward/leg_action_l2: -0.0399
   Episode_Reward/tracking_lin_vel: 0.4748
Episode_Reward/tracking_lin_vel_x_exp: 0.6542
Episode_Reward/tracking_ang_vel_yaw_l1: 0.0000
Episode_Reward/tracking_ang_vel_yaw_exp: 0.9137
Episode_Reward/tracking_lin_vel_y_l2: 0.0000
Episode_Reward/tracking_lin_vel_z_l2: 0.0000
            Episode_Reward/survive: 0.0000
    Episode_Reward/foot_contacts_z: 0.0000
            Episode_Reward/torques: -0.1866
 Episode_Reward/tracking_lin_vel_y: 0.0000
          Episode_Reward/lin_vel_z: -0.0024
         Episode_Reward/ang_vel_xy: -0.0025
   Episode_Reward/tracking_ang_vel: 0.2708
               Episode_Reward/work: -0.0178
            Episode_Reward/dof_acc: -0.0006
        Episode_Reward/action_rate: -0.0358
     Episode_Reward/dof_pos_limits: 0.0000
      Episode_Reward/delta_torques: -0.0004
          Episode_Reward/collision: -5.6841
        Episode_Reward/walking_dof: 0.0124
            Episode_Reward/hip_pos: -0.0090
          Episode_Reward/feet_jerk: 0.0000
              Episode_Reward/alive: 0.2993
          Episode_Reward/feet_drag: -0.0047
Episode_Reward/feet_contact_forces: -0.1988
               Episode_Reward/roll: -0.0170
        Episode_Reward/base_height: -0.0220
Episode_Reward/tracking_lin_vel_max: 0.2341
Episode_Reward/flat_orientation_l2: -0.0050
  Episode_Reward/air_time_variance: -0.0118
        Episode_Reward/feet_height: 0.0000
      Episode_Reward/feet_air_time: -0.0000
Episode_Reward/update_last_buffers: 0.0000
   Episode_Reward/wheel_idle_speed: -0.0009
    Episode_Reward/wheel_action_l2: -0.0000
  Episode_Reward/wheel_action_rate: 0.0000
Episode_Reward/teacher_ensemble_match: 0.0279
  Episode_Reward/wheel_forward_use: 0.0600
 Episode_Reward/wheel_turn_support: 0.0000
   Metrics/locomotion/error_vel_xy: 0.3320
  Metrics/locomotion/error_vel_yaw: 0.1976
      Episode_Termination/time_out: 0.9935
   Episode_Termination/bad_contact: 0.0000
          Episode_Termination/tilt: 0.0065
    Episode_Termination/low_height: 0.0000
--------------------------------------------------------------------------------
                   Total timesteps: 307200
                    Iteration time: 2.80s
                      Time elapsed: 00:02:24
                               ETA: 00:16:54

################################################################################
                      [1m Learning iteration 50/400 [0m                       

                       Computation: 2172 steps/s (collection: 2.757s, learning 0.071s)
             Mean action noise std: 0.09
          Mean value_function loss: 0.1921
               Mean surrogate loss: -0.0220
                 Mean entropy loss: -16.0868
                       Mean reward: -34.57
               Mean episode length: 299.51
   Episode_Reward/term_bad_contact: 0.0000
          Episode_Reward/term_tilt: 0.0000
    Episode_Reward/term_low_height: 0.0000
      Episode_Reward/leg_action_l2: -0.0189
   Episode_Reward/tracking_lin_vel: 0.4916
Episode_Reward/tracking_lin_vel_x_exp: 0.6873
Episode_Reward/tracking_ang_vel_yaw_l1: 0.0000
Episode_Reward/tracking_ang_vel_yaw_exp: 0.8822
Episode_Reward/tracking_lin_vel_y_l2: 0.0000
Episode_Reward/tracking_lin_vel_z_l2: 0.0000
            Episode_Reward/survive: 0.0000
    Episode_Reward/foot_contacts_z: 0.0000
            Episode_Reward/torques: -0.1524
 Episode_Reward/tracking_lin_vel_y: 0.0000
          Episode_Reward/lin_vel_z: -0.0025
         Episode_Reward/ang_vel_xy: -0.0031
   Episode_Reward/tracking_ang_vel: 0.2689
               Episode_Reward/work: -0.0190
            Episode_Reward/dof_acc: -0.0006
        Episode_Reward/action_rate: -0.0171
     Episode_Reward/dof_pos_limits: 0.0000
      Episode_Reward/delta_torques: -0.0004
          Episode_Reward/collision: -5.9129
        Episode_Reward/walking_dof: 0.0109
            Episode_Reward/hip_pos: -0.0077
          Episode_Reward/feet_jerk: 0.0000
              Episode_Reward/alive: 0.3000
          Episode_Reward/feet_drag: -0.0048
Episode_Reward/feet_contact_forces: -0.1972
               Episode_Reward/roll: -0.0232
        Episode_Reward/base_height: -0.0198
Episode_Reward/tracking_lin_vel_max: 0.2626
Episode_Reward/flat_orientation_l2: -0.0092
  Episode_Reward/air_time_variance: -0.0040
        Episode_Reward/feet_height: 0.0000
      Episode_Reward/feet_air_time: -0.0000
Episode_Reward/update_last_buffers: 0.0000
   Episode_Reward/wheel_idle_speed: -0.0013
    Episode_Reward/wheel_action_l2: -0.0000
  Episode_Reward/wheel_action_rate: 0.0000
Episode_Reward/teacher_ensemble_match: 0.0510
  Episode_Reward/wheel_forward_use: 0.0523
 Episode_Reward/wheel_turn_support: 0.0000
   Metrics/locomotion/error_vel_xy: 0.3081
  Metrics/locomotion/error_vel_yaw: 0.2118
      Episode_Termination/time_out: 0.9922
   Episode_Termination/bad_contact: 0.0000
          Episode_Termination/tilt: 0.0078
    Episode_Termination/low_height: 0.0000
--------------------------------------------------------------------------------
                   Total timesteps: 313344
                    Iteration time: 2.83s
                      Time elapsed: 00:02:27
                               ETA: 00:16:51

################################################################################
                      [1m Learning iteration 51/400 [0m                       

                       Computation: 2177 steps/s (collection: 2.751s, learning 0.071s)
             Mean action noise std: 0.09
          Mean value_function loss: 0.1465
               Mean surrogate loss: -0.0249
                 Mean entropy loss: -16.0868
                       Mean reward: -34.56
               Mean episode length: 299.51
   Episode_Reward/term_bad_contact: 0.0000
          Episode_Reward/term_tilt: 0.0000
    Episode_Reward/term_low_height: 0.0000
      Episode_Reward/leg_action_l2: -0.0250
   Episode_Reward/tracking_lin_vel: 0.4868
Episode_Reward/tracking_lin_vel_x_exp: 0.6580
Episode_Reward/tracking_ang_vel_yaw_l1: 0.0000
Episode_Reward/tracking_ang_vel_yaw_exp: 0.8467
Episode_Reward/tracking_lin_vel_y_l2: 0.0000
Episode_Reward/tracking_lin_vel_z_l2: 0.0000
            Episode_Reward/survive: 0.0000
    Episode_Reward/foot_contacts_z: 0.0000
            Episode_Reward/torques: -0.1434
 Episode_Reward/tracking_lin_vel_y: 0.0000
          Episode_Reward/lin_vel_z: -0.0024
         Episode_Reward/ang_vel_xy: -0.0034
   Episode_Reward/tracking_ang_vel: 0.2659
               Episode_Reward/work: -0.0187
            Episode_Reward/dof_acc: -0.0007
        Episode_Reward/action_rate: -0.0225
     Episode_Reward/dof_pos_limits: 0.0000
      Episode_Reward/delta_torques: -0.0003
          Episode_Reward/collision: -5.8986
        Episode_Reward/walking_dof: 0.0102
            Episode_Reward/hip_pos: -0.0120
          Episode_Reward/feet_jerk: 0.0000
              Episode_Reward/alive: 0.3000
          Episode_Reward/feet_drag: -0.0049
Episode_Reward/feet_contact_forces: -0.1972
               Episode_Reward/roll: -0.0125
        Episode_Reward/base_height: -0.0220
Episode_Reward/tracking_lin_vel_max: 0.2746
Episode_Reward/flat_orientation_l2: -0.0055
  Episode_Reward/air_time_variance: -0.0037
        Episode_Reward/feet_height: 0.0000
      Episode_Reward/feet_air_time: -0.0000
Episode_Reward/update_last_buffers: 0.0000
   Episode_Reward/wheel_idle_speed: -0.0010
    Episode_Reward/wheel_action_l2: -0.0000
  Episode_Reward/wheel_action_rate: 0.0000
Episode_Reward/teacher_ensemble_match: 0.0386
  Episode_Reward/wheel_forward_use: 0.0488
 Episode_Reward/wheel_turn_support: 0.0000
   Metrics/locomotion/error_vel_xy: 0.3215
  Metrics/locomotion/error_vel_yaw: 0.2268
      Episode_Termination/time_out: 0.9922
   Episode_Termination/bad_contact: 0.0000
          Episode_Termination/tilt: 0.0078
    Episode_Termination/low_height: 0.0000
--------------------------------------------------------------------------------
                   Total timesteps: 319488
                    Iteration time: 2.82s
                      Time elapsed: 00:02:30
                               ETA: 00:16:47

################################################################################
                      [1m Learning iteration 52/400 [0m                       

                       Computation: 2160 steps/s (collection: 2.774s, learning 0.070s)
             Mean action noise std: 0.09
          Mean value_function loss: 0.1986
               Mean surrogate loss: -0.0156
                 Mean entropy loss: -16.0868
                       Mean reward: -34.51
               Mean episode length: 299.51
   Episode_Reward/term_bad_contact: 0.0000
          Episode_Reward/term_tilt: 0.0000
    Episode_Reward/term_low_height: 0.0000
      Episode_Reward/leg_action_l2: -0.0202
   Episode_Reward/tracking_lin_vel: 0.4919
Episode_Reward/tracking_lin_vel_x_exp: 0.6940
Episode_Reward/tracking_ang_vel_yaw_l1: 0.0000
Episode_Reward/tracking_ang_vel_yaw_exp: 0.9129
Episode_Reward/tracking_lin_vel_y_l2: 0.0000
Episode_Reward/tracking_lin_vel_z_l2: 0.0000
            Episode_Reward/survive: 0.0000
    Episode_Reward/foot_contacts_z: 0.0000
            Episode_Reward/torques: -0.1443
 Episode_Reward/tracking_lin_vel_y: 0.0000
          Episode_Reward/lin_vel_z: -0.0024
         Episode_Reward/ang_vel_xy: -0.0033
   Episode_Reward/tracking_ang_vel: 0.2717
               Episode_Reward/work: -0.0197
            Episode_Reward/dof_acc: -0.0007
        Episode_Reward/action_rate: -0.0183
     Episode_Reward/dof_pos_limits: 0.0000
      Episode_Reward/delta_torques: -0.0003
          Episode_Reward/collision: -5.9006
        Episode_Reward/walking_dof: 0.0112
            Episode_Reward/hip_pos: -0.0110
          Episode_Reward/feet_jerk: 0.0000
              Episode_Reward/alive: 0.3000
          Episode_Reward/feet_drag: -0.0050
Episode_Reward/feet_contact_forces: -0.1974
               Episode_Reward/roll: -0.0189
        Episode_Reward/base_height: -0.0149
Episode_Reward/tracking_lin_vel_max: 0.2550
Episode_Reward/flat_orientation_l2: -0.0066
  Episode_Reward/air_time_variance: -0.0040
        Episode_Reward/feet_height: 0.0000
      Episode_Reward/feet_air_time: -0.0000
Episode_Reward/update_last_buffers: 0.0000
   Episode_Reward/wheel_idle_speed: -0.0010
    Episode_Reward/wheel_action_l2: -0.0000
  Episode_Reward/wheel_action_rate: 0.0000
Episode_Reward/teacher_ensemble_match: 0.0381
  Episode_Reward/wheel_forward_use: 0.0549
 Episode_Reward/wheel_turn_support: 0.0000
   Metrics/locomotion/error_vel_xy: 0.3067
  Metrics/locomotion/error_vel_yaw: 0.1993
      Episode_Termination/time_out: 0.9922
   Episode_Termination/bad_contact: 0.0000
          Episode_Termination/tilt: 0.0078
    Episode_Termination/low_height: 0.0000
--------------------------------------------------------------------------------
                   Total timesteps: 325632
                    Iteration time: 2.84s
                      Time elapsed: 00:02:33
                               ETA: 00:16:44

################################################################################
                      [1m Learning iteration 53/400 [0m                       

                       Computation: 2171 steps/s (collection: 2.758s, learning 0.071s)
             Mean action noise std: 0.09
          Mean value_function loss: 0.1462
               Mean surrogate loss: -0.0223
                 Mean entropy loss: -16.0868
                       Mean reward: -33.78
               Mean episode length: 300.00
   Episode_Reward/term_bad_contact: 0.0000
          Episode_Reward/term_tilt: 0.0000
    Episode_Reward/term_low_height: 0.0000
      Episode_Reward/leg_action_l2: -0.0220
   Episode_Reward/tracking_lin_vel: 0.4911
Episode_Reward/tracking_lin_vel_x_exp: 0.7120
Episode_Reward/tracking_ang_vel_yaw_l1: 0.0000
Episode_Reward/tracking_ang_vel_yaw_exp: 0.8304
Episode_Reward/tracking_lin_vel_y_l2: 0.0000
Episode_Reward/tracking_lin_vel_z_l2: 0.0000
            Episode_Reward/survive: 0.0000
    Episode_Reward/foot_contacts_z: 0.0000
            Episode_Reward/torques: -0.1598
 Episode_Reward/tracking_lin_vel_y: 0.0000
          Episode_Reward/lin_vel_z: -0.0023
         Episode_Reward/ang_vel_xy: -0.0033
   Episode_Reward/tracking_ang_vel: 0.2654
               Episode_Reward/work: -0.0193
            Episode_Reward/dof_acc: -0.0006
        Episode_Reward/action_rate: -0.0198
     Episode_Reward/dof_pos_limits: 0.0000
      Episode_Reward/delta_torques: -0.0004
          Episode_Reward/collision: -5.7104
        Episode_Reward/walking_dof: 0.0104
            Episode_Reward/hip_pos: -0.0090
          Episode_Reward/feet_jerk: 0.0000
              Episode_Reward/alive: 0.3000
          Episode_Reward/feet_drag: -0.0048
Episode_Reward/feet_contact_forces: -0.1984
               Episode_Reward/roll: -0.0210
        Episode_Reward/base_height: -0.0205
Episode_Reward/tracking_lin_vel_max: 0.2685
Episode_Reward/flat_orientation_l2: -0.0080
  Episode_Reward/air_time_variance: -0.0092
        Episode_Reward/feet_height: 0.0000
      Episode_Reward/feet_air_time: -0.0000
Episode_Reward/update_last_buffers: 0.0000
   Episode_Reward/wheel_idle_speed: -0.0010
    Episode_Reward/wheel_action_l2: -0.0000
  Episode_Reward/wheel_action_rate: 0.0000
Episode_Reward/teacher_ensemble_match: 0.0373
  Episode_Reward/wheel_forward_use: 0.0485
 Episode_Reward/wheel_turn_support: 0.0000
   Metrics/locomotion/error_vel_xy: 0.3055
  Metrics/locomotion/error_vel_yaw: 0.2309
      Episode_Termination/time_out: 0.9930
   Episode_Termination/bad_contact: 0.0000
          Episode_Termination/tilt: 0.0070
    Episode_Termination/low_height: 0.0000
--------------------------------------------------------------------------------
                   Total timesteps: 331776
                    Iteration time: 2.83s
                      Time elapsed: 00:02:35
                               ETA: 00:16:41

################################################################################
                      [1m Learning iteration 54/400 [0m                       

                       Computation: 2205 steps/s (collection: 2.715s, learning 0.071s)
             Mean action noise std: 0.09
          Mean value_function loss: 0.1244
               Mean surrogate loss: -0.0190
                 Mean entropy loss: -16.0868
                       Mean reward: -33.78
               Mean episode length: 300.00
   Episode_Reward/term_bad_contact: 0.0000
          Episode_Reward/term_tilt: 0.0000
    Episode_Reward/term_low_height: 0.0000
      Episode_Reward/leg_action_l2: -0.0260
   Episode_Reward/tracking_lin_vel: 0.5058
Episode_Reward/tracking_lin_vel_x_exp: 0.7545
Episode_Reward/tracking_ang_vel_yaw_l1: 0.0000
Episode_Reward/tracking_ang_vel_yaw_exp: 0.8517
Episode_Reward/tracking_lin_vel_y_l2: 0.0000
Episode_Reward/tracking_lin_vel_z_l2: 0.0000
            Episode_Reward/survive: 0.0000
    Episode_Reward/foot_contacts_z: 0.0000
            Episode_Reward/torques: -0.1465
 Episode_Reward/tracking_lin_vel_y: 0.0000
          Episode_Reward/lin_vel_z: -0.0031
         Episode_Reward/ang_vel_xy: -0.0033
   Episode_Reward/tracking_ang_vel: 0.2662
               Episode_Reward/work: -0.0207
            Episode_Reward/dof_acc: -0.0007
        Episode_Reward/action_rate: -0.0231
     Episode_Reward/dof_pos_limits: 0.0000
      Episode_Reward/delta_torques: -0.0004
          Episode_Reward/collision: -5.9444
        Episode_Reward/walking_dof: 0.0094
            Episode_Reward/hip_pos: -0.0110
          Episode_Reward/feet_jerk: 0.0000
              Episode_Reward/alive: 0.3000
          Episode_Reward/feet_drag: -0.0049
Episode_Reward/feet_contact_forces: -0.1968
               Episode_Reward/roll: -0.0148
        Episode_Reward/base_height: -0.0175
Episode_Reward/tracking_lin_vel_max: 0.2816
Episode_Reward/flat_orientation_l2: -0.0055
  Episode_Reward/air_time_variance: -0.0035
        Episode_Reward/feet_height: 0.0000
      Episode_Reward/feet_air_time: -0.0000
Episode_Reward/update_last_buffers: 0.0000
   Episode_Reward/wheel_idle_speed: -0.0014
    Episode_Reward/wheel_action_l2: -0.0000
  Episode_Reward/wheel_action_rate: 0.0000
Episode_Reward/teacher_ensemble_match: 0.0433
  Episode_Reward/wheel_forward_use: 0.0435
 Episode_Reward/wheel_turn_support: 0.0000
   Metrics/locomotion/error_vel_xy: 0.2786
  Metrics/locomotion/error_vel_yaw: 0.2265
      Episode_Termination/time_out: 0.9961
   Episode_Termination/bad_contact: 0.0000
          Episode_Termination/tilt: 0.0039
    Episode_Termination/low_height: 0.0000
--------------------------------------------------------------------------------
                   Total timesteps: 337920
                    Iteration time: 2.79s
                      Time elapsed: 00:02:38
                               ETA: 00:16:37

################################################################################
                      [1m Learning iteration 55/400 [0m                       

                       Computation: 2156 steps/s (collection: 2.777s, learning 0.071s)
             Mean action noise std: 0.09
          Mean value_function loss: 0.1483
               Mean surrogate loss: -0.0179
                 Mean entropy loss: -16.0868
                       Mean reward: -33.73
               Mean episode length: 300.00
   Episode_Reward/term_bad_contact: 0.0000
          Episode_Reward/term_tilt: 0.0000
    Episode_Reward/term_low_height: 0.0000
      Episode_Reward/leg_action_l2: -0.0189
   Episode_Reward/tracking_lin_vel: 0.4761
Episode_Reward/tracking_lin_vel_x_exp: 0.6785
Episode_Reward/tracking_ang_vel_yaw_l1: 0.0000
Episode_Reward/tracking_ang_vel_yaw_exp: 0.8338
Episode_Reward/tracking_lin_vel_y_l2: 0.0000
Episode_Reward/tracking_lin_vel_z_l2: 0.0000
            Episode_Reward/survive: 0.0000
    Episode_Reward/foot_contacts_z: 0.0000
            Episode_Reward/torques: -0.1542
 Episode_Reward/tracking_lin_vel_y: 0.0000
          Episode_Reward/lin_vel_z: -0.0019
         Episode_Reward/ang_vel_xy: -0.0036
   Episode_Reward/tracking_ang_vel: 0.2634
               Episode_Reward/work: -0.0197
            Episode_Reward/dof_acc: -0.0007
        Episode_Reward/action_rate: -0.0172
     Episode_Reward/dof_pos_limits: 0.0000
      Episode_Reward/delta_torques: -0.0004
          Episode_Reward/collision: -5.8604
        Episode_Reward/walking_dof: 0.0132
            Episode_Reward/hip_pos: -0.0099
          Episode_Reward/feet_jerk: 0.0000
              Episode_Reward/alive: 0.3000
          Episode_Reward/feet_drag: -0.0051
Episode_Reward/feet_contact_forces: -0.1976
               Episode_Reward/roll: -0.0156
        Episode_Reward/base_height: -0.0209
Episode_Reward/tracking_lin_vel_max: 0.2261
Episode_Reward/flat_orientation_l2: -0.0051
  Episode_Reward/air_time_variance: -0.0077
        Episode_Reward/feet_height: 0.0000
      Episode_Reward/feet_air_time: -0.0000
Episode_Reward/update_last_buffers: 0.0000
   Episode_Reward/wheel_idle_speed: -0.0008
    Episode_Reward/wheel_action_l2: -0.0000
  Episode_Reward/wheel_action_rate: 0.0000
Episode_Reward/teacher_ensemble_match: 0.0388
  Episode_Reward/wheel_forward_use: 0.0603
 Episode_Reward/wheel_turn_support: 0.0000
   Metrics/locomotion/error_vel_xy: 0.3285
  Metrics/locomotion/error_vel_yaw: 0.2350
      Episode_Termination/time_out: 0.9961
   Episode_Termination/bad_contact: 0.0000
          Episode_Termination/tilt: 0.0039
    Episode_Termination/low_height: 0.0000
--------------------------------------------------------------------------------
                   Total timesteps: 344064
                    Iteration time: 2.85s
                      Time elapsed: 00:02:41
                               ETA: 00:16:34

################################################################################
                      [1m Learning iteration 56/400 [0m                       

                       Computation: 2198 steps/s (collection: 2.723s, learning 0.071s)
             Mean action noise std: 0.09
          Mean value_function loss: 0.1151
               Mean surrogate loss: -0.0211
                 Mean entropy loss: -16.0868
                       Mean reward: -33.75
               Mean episode length: 300.00
   Episode_Reward/term_bad_contact: 0.0000
          Episode_Reward/term_tilt: 0.0000
    Episode_Reward/term_low_height: 0.0000
      Episode_Reward/leg_action_l2: -0.0232
   Episode_Reward/tracking_lin_vel: 0.4679
Episode_Reward/tracking_lin_vel_x_exp: 0.6230
Episode_Reward/tracking_ang_vel_yaw_l1: 0.0000
Episode_Reward/tracking_ang_vel_yaw_exp: 0.9419
Episode_Reward/tracking_lin_vel_y_l2: 0.0000
Episode_Reward/tracking_lin_vel_z_l2: 0.0000
            Episode_Reward/survive: 0.0000
    Episode_Reward/foot_contacts_z: 0.0000
            Episode_Reward/torques: -0.1622
 Episode_Reward/tracking_lin_vel_y: 0.0000
          Episode_Reward/lin_vel_z: -0.0023
         Episode_Reward/ang_vel_xy: -0.0039
   Episode_Reward/tracking_ang_vel: 0.2753
               Episode_Reward/work: -0.0196
            Episode_Reward/dof_acc: -0.0006
        Episode_Reward/action_rate: -0.0209
     Episode_Reward/dof_pos_limits: 0.0000
      Episode_Reward/delta_torques: -0.0004
          Episode_Reward/collision: -5.8754
        Episode_Reward/walking_dof: 0.0126
            Episode_Reward/hip_pos: -0.0103
          Episode_Reward/feet_jerk: 0.0000
              Episode_Reward/alive: 0.3000
          Episode_Reward/feet_drag: -0.0050
Episode_Reward/feet_contact_forces: -0.1976
               Episode_Reward/roll: -0.0167
        Episode_Reward/base_height: -0.0252
Episode_Reward/tracking_lin_vel_max: 0.2314
Episode_Reward/flat_orientation_l2: -0.0079
  Episode_Reward/air_time_variance: -0.0056
        Episode_Reward/feet_height: 0.0000
      Episode_Reward/feet_air_time: -0.0000
Episode_Reward/update_last_buffers: 0.0000
   Episode_Reward/wheel_idle_speed: -0.0008
    Episode_Reward/wheel_action_l2: -0.0000
  Episode_Reward/wheel_action_rate: 0.0000
Episode_Reward/teacher_ensemble_match: 0.0281
  Episode_Reward/wheel_forward_use: 0.0593
 Episode_Reward/wheel_turn_support: 0.0000
   Metrics/locomotion/error_vel_xy: 0.3487
  Metrics/locomotion/error_vel_yaw: 0.1853
      Episode_Termination/time_out: 0.9961
   Episode_Termination/bad_contact: 0.0000
          Episode_Termination/tilt: 0.0039
    Episode_Termination/low_height: 0.0000
--------------------------------------------------------------------------------
                   Total timesteps: 350208
                    Iteration time: 2.79s
                      Time elapsed: 00:02:44
                               ETA: 00:16:31

################################################################################
                      [1m Learning iteration 57/400 [0m                       

                       Computation: 2191 steps/s (collection: 2.733s, learning 0.071s)
             Mean action noise std: 0.09
          Mean value_function loss: 0.1278
               Mean surrogate loss: -0.0201
                 Mean entropy loss: -16.0868
                       Mean reward: -33.97
               Mean episode length: 300.00
   Episode_Reward/term_bad_contact: 0.0000
          Episode_Reward/term_tilt: 0.0000
    Episode_Reward/term_low_height: 0.0000
      Episode_Reward/leg_action_l2: -0.0197
   Episode_Reward/tracking_lin_vel: 0.4834
Episode_Reward/tracking_lin_vel_x_exp: 0.6582
Episode_Reward/tracking_ang_vel_yaw_l1: 0.0000
Episode_Reward/tracking_ang_vel_yaw_exp: 0.8439
Episode_Reward/tracking_lin_vel_y_l2: 0.0000
Episode_Reward/tracking_lin_vel_z_l2: 0.0000
            Episode_Reward/survive: 0.0000
    Episode_Reward/foot_contacts_z: 0.0000
            Episode_Reward/torques: -0.1604
 Episode_Reward/tracking_lin_vel_y: 0.0000
          Episode_Reward/lin_vel_z: -0.0025
         Episode_Reward/ang_vel_xy: -0.0039
   Episode_Reward/tracking_ang_vel: 0.2653
               Episode_Reward/work: -0.0218
            Episode_Reward/dof_acc: -0.0007
        Episode_Reward/action_rate: -0.0181
     Episode_Reward/dof_pos_limits: 0.0000
      Episode_Reward/delta_torques: -0.0004
          Episode_Reward/collision: -5.8835
        Episode_Reward/walking_dof: 0.0126
            Episode_Reward/hip_pos: -0.0148
          Episode_Reward/feet_jerk: 0.0000
              Episode_Reward/alive: 0.3000
          Episode_Reward/feet_drag: -0.0052
Episode_Reward/feet_contact_forces: -0.1971
               Episode_Reward/roll: -0.0167
        Episode_Reward/base_height: -0.0153
Episode_Reward/tracking_lin_vel_max: 0.2279
Episode_Reward/flat_orientation_l2: -0.0064
  Episode_Reward/air_time_variance: -0.0033
        Episode_Reward/feet_height: 0.0000
      Episode_Reward/feet_air_time: -0.0000
Episode_Reward/update_last_buffers: 0.0000
   Episode_Reward/wheel_idle_speed: -0.0011
    Episode_Reward/wheel_action_l2: -0.0000
  Episode_Reward/wheel_action_rate: 0.0000
Episode_Reward/teacher_ensemble_match: 0.0309
  Episode_Reward/wheel_forward_use: 0.0618
 Episode_Reward/wheel_turn_support: 0.0000
   Metrics/locomotion/error_vel_xy: 0.3244
  Metrics/locomotion/error_vel_yaw: 0.2287
      Episode_Termination/time_out: 0.9961
   Episode_Termination/bad_contact: 0.0000
          Episode_Termination/tilt: 0.0039
    Episode_Termination/low_height: 0.0000
--------------------------------------------------------------------------------
                   Total timesteps: 356352
                    Iteration time: 2.80s
                      Time elapsed: 00:02:47
                               ETA: 00:16:28

################################################################################
                      [1m Learning iteration 58/400 [0m                       

                       Computation: 2137 steps/s (collection: 2.802s, learning 0.073s)
             Mean action noise std: 0.09
          Mean value_function loss: 0.1328
               Mean surrogate loss: -0.0212
                 Mean entropy loss: -16.0868
                       Mean reward: -34.02
               Mean episode length: 300.00
   Episode_Reward/term_bad_contact: 0.0000
          Episode_Reward/term_tilt: 0.0000
    Episode_Reward/term_low_height: 0.0000
      Episode_Reward/leg_action_l2: -0.0218
   Episode_Reward/tracking_lin_vel: 0.4794
Episode_Reward/tracking_lin_vel_x_exp: 0.6797
Episode_Reward/tracking_ang_vel_yaw_l1: 0.0000
Episode_Reward/tracking_ang_vel_yaw_exp: 0.8683
Episode_Reward/tracking_lin_vel_y_l2: 0.0000
Episode_Reward/tracking_lin_vel_z_l2: 0.0000
            Episode_Reward/survive: 0.0000
    Episode_Reward/foot_contacts_z: 0.0000
            Episode_Reward/torques: -0.1378
 Episode_Reward/tracking_lin_vel_y: 0.0000
          Episode_Reward/lin_vel_z: -0.0025
         Episode_Reward/ang_vel_xy: -0.0038
   Episode_Reward/tracking_ang_vel: 0.2670
               Episode_Reward/work: -0.0216
            Episode_Reward/dof_acc: -0.0007
        Episode_Reward/action_rate: -0.0200
     Episode_Reward/dof_pos_limits: 0.0000
      Episode_Reward/delta_torques: -0.0003
          Episode_Reward/collision: -5.9229
        Episode_Reward/walking_dof: 0.0124
            Episode_Reward/hip_pos: -0.0137
          Episode_Reward/feet_jerk: 0.0000
              Episode_Reward/alive: 0.3000
          Episode_Reward/feet_drag: -0.0053
Episode_Reward/feet_contact_forces: -0.1971
               Episode_Reward/roll: -0.0151
        Episode_Reward/base_height: -0.0166
Episode_Reward/tracking_lin_vel_max: 0.2348
Episode_Reward/flat_orientation_l2: -0.0058
  Episode_Reward/air_time_variance: -0.0039
        Episode_Reward/feet_height: 0.0000
      Episode_Reward/feet_air_time: -0.0000
Episode_Reward/update_last_buffers: 0.0000
   Episode_Reward/wheel_idle_speed: -0.0011
    Episode_Reward/wheel_action_l2: -0.0000
  Episode_Reward/wheel_action_rate: 0.0000
Episode_Reward/teacher_ensemble_match: 0.0291
  Episode_Reward/wheel_forward_use: 0.0576
 Episode_Reward/wheel_turn_support: 0.0000
   Metrics/locomotion/error_vel_xy: 0.3240
  Metrics/locomotion/error_vel_yaw: 0.2210
      Episode_Termination/time_out: 0.9961
   Episode_Termination/bad_contact: 0.0000
          Episode_Termination/tilt: 0.0039
    Episode_Termination/low_height: 0.0000
--------------------------------------------------------------------------------
                   Total timesteps: 362496
                    Iteration time: 2.87s
                      Time elapsed: 00:02:49
                               ETA: 00:16:25

################################################################################
                      [1m Learning iteration 59/400 [0m                       

                       Computation: 2148 steps/s (collection: 2.788s, learning 0.071s)
             Mean action noise std: 0.09
          Mean value_function loss: 0.1293
               Mean surrogate loss: -0.0178
                 Mean entropy loss: -16.0868
                       Mean reward: -34.40
               Mean episode length: 300.00
   Episode_Reward/term_bad_contact: 0.0000
          Episode_Reward/term_tilt: 0.0000
    Episode_Reward/term_low_height: 0.0000
      Episode_Reward/leg_action_l2: -0.0248
   Episode_Reward/tracking_lin_vel: 0.4927
Episode_Reward/tracking_lin_vel_x_exp: 0.7078
Episode_Reward/tracking_ang_vel_yaw_l1: 0.0000
Episode_Reward/tracking_ang_vel_yaw_exp: 0.8587
Episode_Reward/tracking_lin_vel_y_l2: 0.0000
Episode_Reward/tracking_lin_vel_z_l2: 0.0000
            Episode_Reward/survive: 0.0000
    Episode_Reward/foot_contacts_z: 0.0000
            Episode_Reward/torques: -0.1430
 Episode_Reward/tracking_lin_vel_y: 0.0000
          Episode_Reward/lin_vel_z: -0.0028
         Episode_Reward/ang_vel_xy: -0.0040
   Episode_Reward/tracking_ang_vel: 0.2664
               Episode_Reward/work: -0.0220
            Episode_Reward/dof_acc: -0.0007
        Episode_Reward/action_rate: -0.0224
     Episode_Reward/dof_pos_limits: 0.0000
      Episode_Reward/delta_torques: -0.0003
          Episode_Reward/collision: -5.9175
        Episode_Reward/walking_dof: 0.0115
            Episode_Reward/hip_pos: -0.0102
          Episode_Reward/feet_jerk: 0.0000
              Episode_Reward/alive: 0.3000
          Episode_Reward/feet_drag: -0.0050
Episode_Reward/feet_contact_forces: -0.1971
               Episode_Reward/roll: -0.0175
        Episode_Reward/base_height: -0.0192
Episode_Reward/tracking_lin_vel_max: 0.2524
Episode_Reward/flat_orientation_l2: -0.0062
  Episode_Reward/air_time_variance: -0.0051
        Episode_Reward/feet_height: 0.0000
      Episode_Reward/feet_air_time: -0.0000
Episode_Reward/update_last_buffers: 0.0000
   Episode_Reward/wheel_idle_speed: -0.0010
    Episode_Reward/wheel_action_l2: -0.0000
  Episode_Reward/wheel_action_rate: 0.0000
Episode_Reward/teacher_ensemble_match: 0.0402
  Episode_Reward/wheel_forward_use: 0.0538
 Episode_Reward/wheel_turn_support: 0.0000
   Metrics/locomotion/error_vel_xy: 0.3028
  Metrics/locomotion/error_vel_yaw: 0.2224
      Episode_Termination/time_out: 0.9961
   Episode_Termination/bad_contact: 0.0000
          Episode_Termination/tilt: 0.0039
    Episode_Termination/low_height: 0.0000
--------------------------------------------------------------------------------
                   Total timesteps: 368640
                    Iteration time: 2.86s
                      Time elapsed: 00:02:52
                               ETA: 00:16:22

################################################################################
                      [1m Learning iteration 60/400 [0m                       

                       Computation: 2188 steps/s (collection: 2.736s, learning 0.071s)
             Mean action noise std: 0.09
          Mean value_function loss: 0.1261
               Mean surrogate loss: -0.0206
                 Mean entropy loss: -16.0868
                       Mean reward: -34.44
               Mean episode length: 300.00
   Episode_Reward/term_bad_contact: 0.0000
          Episode_Reward/term_tilt: 0.0000
    Episode_Reward/term_low_height: 0.0000
      Episode_Reward/leg_action_l2: -0.0257
   Episode_Reward/tracking_lin_vel: 0.4862
Episode_Reward/tracking_lin_vel_x_exp: 0.7322
Episode_Reward/tracking_ang_vel_yaw_l1: 0.0000
Episode_Reward/tracking_ang_vel_yaw_exp: 0.8843
Episode_Reward/tracking_lin_vel_y_l2: 0.0000
Episode_Reward/tracking_lin_vel_z_l2: 0.0000
            Episode_Reward/survive: 0.0000
    Episode_Reward/foot_contacts_z: 0.0000
            Episode_Reward/torques: -0.1513
 Episode_Reward/tracking_lin_vel_y: 0.0000
          Episode_Reward/lin_vel_z: -0.0030
         Episode_Reward/ang_vel_xy: -0.0037
   Episode_Reward/tracking_ang_vel: 0.2678
               Episode_Reward/work: -0.0240
            Episode_Reward/dof_acc: -0.0008
        Episode_Reward/action_rate: -0.0231
     Episode_Reward/dof_pos_limits: 0.0000
      Episode_Reward/delta_torques: -0.0004
          Episode_Reward/collision: -5.9139
        Episode_Reward/walking_dof: 0.0114
            Episode_Reward/hip_pos: -0.0129
          Episode_Reward/feet_jerk: 0.0000
              Episode_Reward/alive: 0.3000
          Episode_Reward/feet_drag: -0.0052
Episode_Reward/feet_contact_forces: -0.1970
               Episode_Reward/roll: -0.0198
        Episode_Reward/base_height: -0.0176
Episode_Reward/tracking_lin_vel_max: 0.2462
Episode_Reward/flat_orientation_l2: -0.0060
  Episode_Reward/air_time_variance: -0.0052
        Episode_Reward/feet_height: 0.0000
      Episode_Reward/feet_air_time: -0.0000
Episode_Reward/update_last_buffers: 0.0000
   Episode_Reward/wheel_idle_speed: -0.0012
    Episode_Reward/wheel_action_l2: -0.0000
  Episode_Reward/wheel_action_rate: 0.0000
Episode_Reward/teacher_ensemble_match: 0.0286
  Episode_Reward/wheel_forward_use: 0.0538
 Episode_Reward/wheel_turn_support: 0.0000
   Metrics/locomotion/error_vel_xy: 0.3063
  Metrics/locomotion/error_vel_yaw: 0.2144
      Episode_Termination/time_out: 0.9961
   Episode_Termination/bad_contact: 0.0000
          Episode_Termination/tilt: 0.0039
    Episode_Termination/low_height: 0.0000
--------------------------------------------------------------------------------
                   Total timesteps: 374784
                    Iteration time: 2.81s
                      Time elapsed: 00:02:55
                               ETA: 00:16:18

################################################################################
                      [1m Learning iteration 61/400 [0m                       

                       Computation: 2178 steps/s (collection: 2.750s, learning 0.071s)
             Mean action noise std: 0.09
          Mean value_function loss: 0.1091
               Mean surrogate loss: -0.0190
                 Mean entropy loss: -16.0868
                       Mean reward: -34.58
               Mean episode length: 300.00
   Episode_Reward/term_bad_contact: 0.0000
          Episode_Reward/term_tilt: 0.0000
    Episode_Reward/term_low_height: 0.0000
      Episode_Reward/leg_action_l2: -0.0220
   Episode_Reward/tracking_lin_vel: 0.4748
Episode_Reward/tracking_lin_vel_x_exp: 0.6556
Episode_Reward/tracking_ang_vel_yaw_l1: 0.0000
Episode_Reward/tracking_ang_vel_yaw_exp: 0.8325
Episode_Reward/tracking_lin_vel_y_l2: 0.0000
Episode_Reward/tracking_lin_vel_z_l2: 0.0000
            Episode_Reward/survive: 0.0000
    Episode_Reward/foot_contacts_z: 0.0000
            Episode_Reward/torques: -0.1679
 Episode_Reward/tracking_lin_vel_y: 0.0000
          Episode_Reward/lin_vel_z: -0.0026
         Episode_Reward/ang_vel_xy: -0.0041
   Episode_Reward/tracking_ang_vel: 0.2630
               Episode_Reward/work: -0.0237
            Episode_Reward/dof_acc: -0.0008
        Episode_Reward/action_rate: -0.0200
     Episode_Reward/dof_pos_limits: 0.0000
      Episode_Reward/delta_torques: -0.0004
          Episode_Reward/collision: -5.8287
        Episode_Reward/walking_dof: 0.0141
            Episode_Reward/hip_pos: -0.0088
          Episode_Reward/feet_jerk: 0.0000
              Episode_Reward/alive: 0.3000
          Episode_Reward/feet_drag: -0.0055
Episode_Reward/feet_contact_forces: -0.1976
               Episode_Reward/roll: -0.0232
        Episode_Reward/base_height: -0.0194
Episode_Reward/tracking_lin_vel_max: 0.2112
Episode_Reward/flat_orientation_l2: -0.0075
  Episode_Reward/air_time_variance: -0.0089
        Episode_Reward/feet_height: 0.0000
      Episode_Reward/feet_air_time: -0.0000
Episode_Reward/update_last_buffers: 0.0000
   Episode_Reward/wheel_idle_speed: -0.0013
    Episode_Reward/wheel_action_l2: -0.0000
  Episode_Reward/wheel_action_rate: 0.0000
Episode_Reward/teacher_ensemble_match: 0.0325
  Episode_Reward/wheel_forward_use: 0.0646
 Episode_Reward/wheel_turn_support: 0.0000
   Metrics/locomotion/error_vel_xy: 0.3345
  Metrics/locomotion/error_vel_yaw: 0.2371
      Episode_Termination/time_out: 0.9967
   Episode_Termination/bad_contact: 0.0000
          Episode_Termination/tilt: 0.0033
    Episode_Termination/low_height: 0.0000
--------------------------------------------------------------------------------
                   Total timesteps: 380928
                    Iteration time: 2.82s
                      Time elapsed: 00:02:58
                               ETA: 00:16:15

################################################################################
                      [1m Learning iteration 62/400 [0m                       

                       Computation: 2159 steps/s (collection: 2.773s, learning 0.071s)
             Mean action noise std: 0.09
          Mean value_function loss: 0.1115
               Mean surrogate loss: -0.0204
                 Mean entropy loss: -16.0868
                       Mean reward: -34.37
               Mean episode length: 300.00
   Episode_Reward/term_bad_contact: 0.0000
          Episode_Reward/term_tilt: 0.0000
    Episode_Reward/term_low_height: 0.0000
      Episode_Reward/leg_action_l2: -0.0170
   Episode_Reward/tracking_lin_vel: 0.4881
Episode_Reward/tracking_lin_vel_x_exp: 0.7206
Episode_Reward/tracking_ang_vel_yaw_l1: 0.0000
Episode_Reward/tracking_ang_vel_yaw_exp: 0.8652
Episode_Reward/tracking_lin_vel_y_l2: 0.0000
Episode_Reward/tracking_lin_vel_z_l2: 0.0000
            Episode_Reward/survive: 0.0000
    Episode_Reward/foot_contacts_z: 0.0000
            Episode_Reward/torques: -0.1676
 Episode_Reward/tracking_lin_vel_y: 0.0000
          Episode_Reward/lin_vel_z: -0.0020
         Episode_Reward/ang_vel_xy: -0.0041
   Episode_Reward/tracking_ang_vel: 0.2662
               Episode_Reward/work: -0.0226
            Episode_Reward/dof_acc: -0.0008
        Episode_Reward/action_rate: -0.0157
     Episode_Reward/dof_pos_limits: 0.0000
      Episode_Reward/delta_torques: -0.0004
          Episode_Reward/collision: -5.6498
        Episode_Reward/walking_dof: 0.0123
            Episode_Reward/hip_pos: -0.0070
          Episode_Reward/feet_jerk: 0.0000
              Episode_Reward/alive: 0.3000
          Episode_Reward/feet_drag: -0.0054
Episode_Reward/feet_contact_forces: -0.1990
               Episode_Reward/roll: -0.0209
        Episode_Reward/base_height: -0.0187
Episode_Reward/tracking_lin_vel_max: 0.2351
Episode_Reward/flat_orientation_l2: -0.0065
  Episode_Reward/air_time_variance: -0.0079
        Episode_Reward/feet_height: 0.0000
      Episode_Reward/feet_air_time: -0.0001
Episode_Reward/update_last_buffers: 0.0000
   Episode_Reward/wheel_idle_speed: -0.0010
    Episode_Reward/wheel_action_l2: -0.0000
  Episode_Reward/wheel_action_rate: 0.0000
Episode_Reward/teacher_ensemble_match: 0.0358
  Episode_Reward/wheel_forward_use: 0.0580
 Episode_Reward/wheel_turn_support: 0.0000
   Metrics/locomotion/error_vel_xy: 0.3054
  Metrics/locomotion/error_vel_yaw: 0.2199
      Episode_Termination/time_out: 1.0000
   Episode_Termination/bad_contact: 0.0000
          Episode_Termination/tilt: 0.0000
    Episode_Termination/low_height: 0.0000
--------------------------------------------------------------------------------
                   Total timesteps: 387072
                    Iteration time: 2.84s
                      Time elapsed: 00:03:01
                               ETA: 00:16:12

################################################################################
                      [1m Learning iteration 63/400 [0m                       

                       Computation: 2178 steps/s (collection: 2.749s, learning 0.071s)
             Mean action noise std: 0.09
          Mean value_function loss: 0.1135
               Mean surrogate loss: -0.0101
                 Mean entropy loss: -16.0868
                       Mean reward: -34.11
               Mean episode length: 300.00
   Episode_Reward/term_bad_contact: 0.0000
          Episode_Reward/term_tilt: 0.0000
    Episode_Reward/term_low_height: 0.0000
      Episode_Reward/leg_action_l2: -0.0134
   Episode_Reward/tracking_lin_vel: 0.5000
Episode_Reward/tracking_lin_vel_x_exp: 0.7427
Episode_Reward/tracking_ang_vel_yaw_l1: 0.0000
Episode_Reward/tracking_ang_vel_yaw_exp: 0.8481
Episode_Reward/tracking_lin_vel_y_l2: 0.0000
Episode_Reward/tracking_lin_vel_z_l2: 0.0000
            Episode_Reward/survive: 0.0000
    Episode_Reward/foot_contacts_z: 0.0000
            Episode_Reward/torques: -0.1388
 Episode_Reward/tracking_lin_vel_y: 0.0000
          Episode_Reward/lin_vel_z: -0.0022
         Episode_Reward/ang_vel_xy: -0.0050
   Episode_Reward/tracking_ang_vel: 0.2635
               Episode_Reward/work: -0.0232
            Episode_Reward/dof_acc: -0.0009
        Episode_Reward/action_rate: -0.0124
     Episode_Reward/dof_pos_limits: 0.0000
      Episode_Reward/delta_torques: -0.0003
          Episode_Reward/collision: -5.9262
        Episode_Reward/walking_dof: 0.0112
            Episode_Reward/hip_pos: -0.0101
          Episode_Reward/feet_jerk: 0.0000
              Episode_Reward/alive: 0.3000
          Episode_Reward/feet_drag: -0.0056
Episode_Reward/feet_contact_forces: -0.1969
               Episode_Reward/roll: -0.0143
        Episode_Reward/base_height: -0.0178
Episode_Reward/tracking_lin_vel_max: 0.2598
Episode_Reward/flat_orientation_l2: -0.0092
  Episode_Reward/air_time_variance: -0.0068
        Episode_Reward/feet_height: 0.0000
      Episode_Reward/feet_air_time: -0.0000
Episode_Reward/update_last_buffers: 0.0000
   Episode_Reward/wheel_idle_speed: -0.0013
    Episode_Reward/wheel_action_l2: -0.0000
  Episode_Reward/wheel_action_rate: 0.0000
Episode_Reward/teacher_ensemble_match: 0.0469
  Episode_Reward/wheel_forward_use: 0.0518
 Episode_Reward/wheel_turn_support: 0.0000
   Metrics/locomotion/error_vel_xy: 0.2893
  Metrics/locomotion/error_vel_yaw: 0.2317
      Episode_Termination/time_out: 1.0000
   Episode_Termination/bad_contact: 0.0000
          Episode_Termination/tilt: 0.0000
    Episode_Termination/low_height: 0.0000
--------------------------------------------------------------------------------
                   Total timesteps: 393216
                    Iteration time: 2.82s
                      Time elapsed: 00:03:04
                               ETA: 00:16:09

################################################################################
                      [1m Learning iteration 64/400 [0m                       

                       Computation: 2157 steps/s (collection: 2.777s, learning 0.071s)
             Mean action noise std: 0.09
          Mean value_function loss: 0.1186
               Mean surrogate loss: -0.0251
                 Mean entropy loss: -16.0868
                       Mean reward: -34.20
               Mean episode length: 300.00
   Episode_Reward/term_bad_contact: 0.0000
          Episode_Reward/term_tilt: 0.0000
    Episode_Reward/term_low_height: 0.0000
      Episode_Reward/leg_action_l2: -0.0170
   Episode_Reward/tracking_lin_vel: 0.4913
Episode_Reward/tracking_lin_vel_x_exp: 0.7310
Episode_Reward/tracking_ang_vel_yaw_l1: 0.0000
Episode_Reward/tracking_ang_vel_yaw_exp: 0.8378
Episode_Reward/tracking_lin_vel_y_l2: 0.0000
Episode_Reward/tracking_lin_vel_z_l2: 0.0000
            Episode_Reward/survive: 0.0000
    Episode_Reward/foot_contacts_z: 0.0000
            Episode_Reward/torques: -0.1526
 Episode_Reward/tracking_lin_vel_y: 0.0000
          Episode_Reward/lin_vel_z: -0.0024
         Episode_Reward/ang_vel_xy: -0.0051
   Episode_Reward/tracking_ang_vel: 0.2628
               Episode_Reward/work: -0.0235
            Episode_Reward/dof_acc: -0.0009
        Episode_Reward/action_rate: -0.0157
     Episode_Reward/dof_pos_limits: 0.0000
      Episode_Reward/delta_torques: -0.0004
          Episode_Reward/collision: -5.9042
        Episode_Reward/walking_dof: 0.0120
            Episode_Reward/hip_pos: -0.0116
          Episode_Reward/feet_jerk: 0.0000
              Episode_Reward/alive: 0.3000
          Episode_Reward/feet_drag: -0.0057
Episode_Reward/feet_contact_forces: -0.1972
               Episode_Reward/roll: -0.0135
        Episode_Reward/base_height: -0.0171
Episode_Reward/tracking_lin_vel_max: 0.2439
Episode_Reward/flat_orientation_l2: -0.0068
  Episode_Reward/air_time_variance: -0.0054
        Episode_Reward/feet_height: 0.0000
      Episode_Reward/feet_air_time: -0.0000
Episode_Reward/update_last_buffers: 0.0000
   Episode_Reward/wheel_idle_speed: -0.0013
    Episode_Reward/wheel_action_l2: -0.0000
  Episode_Reward/wheel_action_rate: 0.0000
Episode_Reward/teacher_ensemble_match: 0.0320
  Episode_Reward/wheel_forward_use: 0.0560
 Episode_Reward/wheel_turn_support: 0.0000
   Metrics/locomotion/error_vel_xy: 0.3013
  Metrics/locomotion/error_vel_yaw: 0.2364
      Episode_Termination/time_out: 1.0000
   Episode_Termination/bad_contact: 0.0000
          Episode_Termination/tilt: 0.0000
    Episode_Termination/low_height: 0.0000
--------------------------------------------------------------------------------
                   Total timesteps: 399360
                    Iteration time: 2.85s
                      Time elapsed: 00:03:06
                               ETA: 00:16:06

################################################################################
                      [1m Learning iteration 65/400 [0m                       

                       Computation: 2133 steps/s (collection: 2.809s, learning 0.071s)
             Mean action noise std: 0.09
          Mean value_function loss: 9.5556
               Mean surrogate loss: -0.0052
                 Mean entropy loss: -16.0868
                       Mean reward: -34.78
               Mean episode length: 297.52
   Episode_Reward/term_bad_contact: 0.0000
          Episode_Reward/term_tilt: -0.2083
    Episode_Reward/term_low_height: 0.0000
      Episode_Reward/leg_action_l2: -0.0130
   Episode_Reward/tracking_lin_vel: 0.4793
Episode_Reward/tracking_lin_vel_x_exp: 0.6785
Episode_Reward/tracking_ang_vel_yaw_l1: 0.0000
Episode_Reward/tracking_ang_vel_yaw_exp: 0.8231
Episode_Reward/tracking_lin_vel_y_l2: 0.0000
Episode_Reward/tracking_lin_vel_z_l2: 0.0000
            Episode_Reward/survive: 0.0000
    Episode_Reward/foot_contacts_z: 0.0000
            Episode_Reward/torques: -0.1465
 Episode_Reward/tracking_lin_vel_y: 0.0000
          Episode_Reward/lin_vel_z: -0.0024
         Episode_Reward/ang_vel_xy: -0.0049
   Episode_Reward/tracking_ang_vel: 0.2583
               Episode_Reward/work: -0.0239
            Episode_Reward/dof_acc: -0.0009
        Episode_Reward/action_rate: -0.0120
     Episode_Reward/dof_pos_limits: 0.0000
      Episode_Reward/delta_torques: -0.0004
          Episode_Reward/collision: -5.8029
        Episode_Reward/walking_dof: 0.0101
            Episode_Reward/hip_pos: -0.0103
          Episode_Reward/feet_jerk: 0.0000
              Episode_Reward/alive: 0.2948
          Episode_Reward/feet_drag: -0.0056
Episode_Reward/feet_contact_forces: -0.1936
               Episode_Reward/roll: -0.0205
        Episode_Reward/base_height: -0.0151
Episode_Reward/tracking_lin_vel_max: 0.2635
Episode_Reward/flat_orientation_l2: -0.0079
  Episode_Reward/air_time_variance: -0.0069
        Episode_Reward/feet_height: 0.0000
      Episode_Reward/feet_air_time: -0.0000
Episode_Reward/update_last_buffers: 0.0000
   Episode_Reward/wheel_idle_speed: -0.0013
    Episode_Reward/wheel_action_l2: -0.0000
  Episode_Reward/wheel_action_rate: 0.0000
Episode_Reward/teacher_ensemble_match: 0.0394
  Episode_Reward/wheel_forward_use: 0.0476
 Episode_Reward/wheel_turn_support: 0.0000
   Metrics/locomotion/error_vel_xy: 0.3081
  Metrics/locomotion/error_vel_yaw: 0.2322
      Episode_Termination/time_out: 0.9987
   Episode_Termination/bad_contact: 0.0000
          Episode_Termination/tilt: 0.0013
    Episode_Termination/low_height: 0.0000
--------------------------------------------------------------------------------
                   Total timesteps: 405504
                    Iteration time: 2.88s
                      Time elapsed: 00:03:09
                               ETA: 00:16:03

################################################################################
                      [1m Learning iteration 66/400 [0m                       

                       Computation: 2180 steps/s (collection: 2.746s, learning 0.072s)
             Mean action noise std: 0.09
          Mean value_function loss: 0.0911
               Mean surrogate loss: -0.0240
                 Mean entropy loss: -16.0868
                       Mean reward: -34.77
               Mean episode length: 297.52
   Episode_Reward/term_bad_contact: 0.0000
          Episode_Reward/term_tilt: 0.0000
    Episode_Reward/term_low_height: 0.0000
      Episode_Reward/leg_action_l2: -0.0198
   Episode_Reward/tracking_lin_vel: 0.4939
Episode_Reward/tracking_lin_vel_x_exp: 0.7468
Episode_Reward/tracking_ang_vel_yaw_l1: 0.0000
Episode_Reward/tracking_ang_vel_yaw_exp: 0.8843
Episode_Reward/tracking_lin_vel_y_l2: 0.0000
Episode_Reward/tracking_lin_vel_z_l2: 0.0000
            Episode_Reward/survive: 0.0000
    Episode_Reward/foot_contacts_z: 0.0000
            Episode_Reward/torques: -0.1515
 Episode_Reward/tracking_lin_vel_y: 0.0000
          Episode_Reward/lin_vel_z: -0.0024
         Episode_Reward/ang_vel_xy: -0.0046
   Episode_Reward/tracking_ang_vel: 0.2664
               Episode_Reward/work: -0.0240
            Episode_Reward/dof_acc: -0.0009
        Episode_Reward/action_rate: -0.0180
     Episode_Reward/dof_pos_limits: 0.0000
      Episode_Reward/delta_torques: -0.0004
          Episode_Reward/collision: -5.8342
        Episode_Reward/walking_dof: 0.0100
            Episode_Reward/hip_pos: -0.0108
          Episode_Reward/feet_jerk: 0.0000
              Episode_Reward/alive: 0.3000
          Episode_Reward/feet_drag: -0.0057
Episode_Reward/feet_contact_forces: -0.1975
               Episode_Reward/roll: -0.0153
        Episode_Reward/base_height: -0.0169
Episode_Reward/tracking_lin_vel_max: 0.2746
Episode_Reward/flat_orientation_l2: -0.0056
  Episode_Reward/air_time_variance: -0.0063
        Episode_Reward/feet_height: 0.0000
      Episode_Reward/feet_air_time: -0.0000
Episode_Reward/update_last_buffers: 0.0000
   Episode_Reward/wheel_idle_speed: -0.0018
    Episode_Reward/wheel_action_l2: -0.0000
  Episode_Reward/wheel_action_rate: 0.0000
Episode_Reward/teacher_ensemble_match: 0.0285
  Episode_Reward/wheel_forward_use: 0.0481
 Episode_Reward/wheel_turn_support: 0.0000
   Metrics/locomotion/error_vel_xy: 0.2961
  Metrics/locomotion/error_vel_yaw: 0.2169
      Episode_Termination/time_out: 0.9961
   Episode_Termination/bad_contact: 0.0000
          Episode_Termination/tilt: 0.0039
    Episode_Termination/low_height: 0.0000
--------------------------------------------------------------------------------
                   Total timesteps: 411648
                    Iteration time: 2.82s
                      Time elapsed: 00:03:12
                               ETA: 00:16:00

################################################################################
                      [1m Learning iteration 67/400 [0m                       

                       Computation: 2172 steps/s (collection: 2.757s, learning 0.071s)
             Mean action noise std: 0.09
          Mean value_function loss: 0.1055
               Mean surrogate loss: -0.0206
                 Mean entropy loss: -16.0868
                       Mean reward: -34.67
               Mean episode length: 297.52
   Episode_Reward/term_bad_contact: 0.0000
          Episode_Reward/term_tilt: 0.0000
    Episode_Reward/term_low_height: 0.0000
      Episode_Reward/leg_action_l2: -0.0129
   Episode_Reward/tracking_lin_vel: 0.4810
Episode_Reward/tracking_lin_vel_x_exp: 0.6795
Episode_Reward/tracking_ang_vel_yaw_l1: 0.0000
Episode_Reward/tracking_ang_vel_yaw_exp: 0.8707
Episode_Reward/tracking_lin_vel_y_l2: 0.0000
Episode_Reward/tracking_lin_vel_z_l2: 0.0000
            Episode_Reward/survive: 0.0000
    Episode_Reward/foot_contacts_z: 0.0000
            Episode_Reward/torques: -0.1324
 Episode_Reward/tracking_lin_vel_y: 0.0000
          Episode_Reward/lin_vel_z: -0.0022
         Episode_Reward/ang_vel_xy: -0.0059
   Episode_Reward/tracking_ang_vel: 0.2633
               Episode_Reward/work: -0.0248
            Episode_Reward/dof_acc: -0.0011
        Episode_Reward/action_rate: -0.0121
     Episode_Reward/dof_pos_limits: 0.0000
      Episode_Reward/delta_torques: -0.0003
          Episode_Reward/collision: -5.8725
        Episode_Reward/walking_dof: 0.0116
            Episode_Reward/hip_pos: -0.0108
          Episode_Reward/feet_jerk: 0.0000
              Episode_Reward/alive: 0.3000
          Episode_Reward/feet_drag: -0.0060
Episode_Reward/feet_contact_forces: -0.1973
               Episode_Reward/roll: -0.0097
        Episode_Reward/base_height: -0.0171
Episode_Reward/tracking_lin_vel_max: 0.2533
Episode_Reward/flat_orientation_l2: -0.0058
  Episode_Reward/air_time_variance: -0.0083
        Episode_Reward/feet_height: 0.0000
      Episode_Reward/feet_air_time: -0.0000
Episode_Reward/update_last_buffers: 0.0000
   Episode_Reward/wheel_idle_speed: -0.0018
    Episode_Reward/wheel_action_l2: -0.0000
  Episode_Reward/wheel_action_rate: 0.0000
Episode_Reward/teacher_ensemble_match: 0.0417
  Episode_Reward/wheel_forward_use: 0.0529
 Episode_Reward/wheel_turn_support: 0.0000
   Metrics/locomotion/error_vel_xy: 0.3242
  Metrics/locomotion/error_vel_yaw: 0.2276
      Episode_Termination/time_out: 0.9961
   Episode_Termination/bad_contact: 0.0000
          Episode_Termination/tilt: 0.0039
    Episode_Termination/low_height: 0.0000
--------------------------------------------------------------------------------
                   Total timesteps: 417792
                    Iteration time: 2.83s
                      Time elapsed: 00:03:15
                               ETA: 00:15:57

################################################################################
                      [1m Learning iteration 68/400 [0m                       

                       Computation: 2203 steps/s (collection: 2.717s, learning 0.071s)
             Mean action noise std: 0.09
          Mean value_function loss: 0.0812
               Mean surrogate loss: -0.0235
                 Mean entropy loss: -16.0868
                       Mean reward: -34.71
               Mean episode length: 297.52
   Episode_Reward/term_bad_contact: 0.0000
          Episode_Reward/term_tilt: 0.0000
    Episode_Reward/term_low_height: 0.0000
      Episode_Reward/leg_action_l2: -0.0096
   Episode_Reward/tracking_lin_vel: 0.4825
Episode_Reward/tracking_lin_vel_x_exp: 0.6678
Episode_Reward/tracking_ang_vel_yaw_l1: 0.0000
Episode_Reward/tracking_ang_vel_yaw_exp: 0.8084
Episode_Reward/tracking_lin_vel_y_l2: 0.0000
Episode_Reward/tracking_lin_vel_z_l2: 0.0000
            Episode_Reward/survive: 0.0000
    Episode_Reward/foot_contacts_z: 0.0000
            Episode_Reward/torques: -0.1497
 Episode_Reward/tracking_lin_vel_y: 0.0000
          Episode_Reward/lin_vel_z: -0.0021
         Episode_Reward/ang_vel_xy: -0.0063
   Episode_Reward/tracking_ang_vel: 0.2591
               Episode_Reward/work: -0.0252
            Episode_Reward/dof_acc: -0.0010
        Episode_Reward/action_rate: -0.0092
     Episode_Reward/dof_pos_limits: 0.0000
      Episode_Reward/delta_torques: -0.0004
          Episode_Reward/collision: -5.8923
        Episode_Reward/walking_dof: 0.0132
            Episode_Reward/hip_pos: -0.0085
          Episode_Reward/feet_jerk: 0.0000
              Episode_Reward/alive: 0.3000
          Episode_Reward/feet_drag: -0.0061
Episode_Reward/feet_contact_forces: -0.1972
               Episode_Reward/roll: -0.0156
        Episode_Reward/base_height: -0.0189
Episode_Reward/tracking_lin_vel_max: 0.2220
Episode_Reward/flat_orientation_l2: -0.0081
  Episode_Reward/air_time_variance: -0.0066
        Episode_Reward/feet_height: 0.0000
      Episode_Reward/feet_air_time: -0.0000
Episode_Reward/update_last_buffers: 0.0000
   Episode_Reward/wheel_idle_speed: -0.0011
    Episode_Reward/wheel_action_l2: -0.0000
  Episode_Reward/wheel_action_rate: 0.0000
Episode_Reward/teacher_ensemble_match: 0.0444
  Episode_Reward/wheel_forward_use: 0.0610
 Episode_Reward/wheel_turn_support: 0.0000
   Metrics/locomotion/error_vel_xy: 0.3253
  Metrics/locomotion/error_vel_yaw: 0.2492
      Episode_Termination/time_out: 0.9961
   Episode_Termination/bad_contact: 0.0000
          Episode_Termination/tilt: 0.0039
    Episode_Termination/low_height: 0.0000
--------------------------------------------------------------------------------
                   Total timesteps: 423936
                    Iteration time: 2.79s
                      Time elapsed: 00:03:18
                               ETA: 00:15:53

################################################################################
                      [1m Learning iteration 69/400 [0m                       

                       Computation: 2181 steps/s (collection: 2.746s, learning 0.071s)
             Mean action noise std: 0.09
          Mean value_function loss: 0.0809
               Mean surrogate loss: -0.0241
                 Mean entropy loss: -16.0868
                       Mean reward: -34.69
               Mean episode length: 297.52
   Episode_Reward/term_bad_contact: 0.0000
          Episode_Reward/term_tilt: 0.0000
    Episode_Reward/term_low_height: 0.0000
      Episode_Reward/leg_action_l2: -0.0205
   Episode_Reward/tracking_lin_vel: 0.4683
Episode_Reward/tracking_lin_vel_x_exp: 0.6621
Episode_Reward/tracking_ang_vel_yaw_l1: 0.0000
Episode_Reward/tracking_ang_vel_yaw_exp: 0.8341
Episode_Reward/tracking_lin_vel_y_l2: 0.0000
Episode_Reward/tracking_lin_vel_z_l2: 0.0000
            Episode_Reward/survive: 0.0000
    Episode_Reward/foot_contacts_z: 0.0000
            Episode_Reward/torques: -0.1542
 Episode_Reward/tracking_lin_vel_y: 0.0000
          Episode_Reward/lin_vel_z: -0.0026
         Episode_Reward/ang_vel_xy: -0.0054
   Episode_Reward/tracking_ang_vel: 0.2620
               Episode_Reward/work: -0.0253
            Episode_Reward/dof_acc: -0.0010
        Episode_Reward/action_rate: -0.0191
     Episode_Reward/dof_pos_limits: 0.0000
      Episode_Reward/delta_torques: -0.0004
          Episode_Reward/collision: -5.8967
        Episode_Reward/walking_dof: 0.0135
            Episode_Reward/hip_pos: -0.0156
          Episode_Reward/feet_jerk: 0.0000
              Episode_Reward/alive: 0.3000
          Episode_Reward/feet_drag: -0.0063
Episode_Reward/feet_contact_forces: -0.1971
               Episode_Reward/roll: -0.0124
        Episode_Reward/base_height: -0.0148
Episode_Reward/tracking_lin_vel_max: 0.2144
Episode_Reward/flat_orientation_l2: -0.0056
  Episode_Reward/air_time_variance: -0.0052
        Episode_Reward/feet_height: 0.0000
      Episode_Reward/feet_air_time: -0.0000
Episode_Reward/update_last_buffers: 0.0000
   Episode_Reward/wheel_idle_speed: -0.0014
    Episode_Reward/wheel_action_l2: -0.0000
  Episode_Reward/wheel_action_rate: 0.0000
Episode_Reward/teacher_ensemble_match: 0.0169
  Episode_Reward/wheel_forward_use: 0.0619
 Episode_Reward/wheel_turn_support: 0.0000
   Metrics/locomotion/error_vel_xy: 0.3414
  Metrics/locomotion/error_vel_yaw: 0.2398
      Episode_Termination/time_out: 0.9961
   Episode_Termination/bad_contact: 0.0000
          Episode_Termination/tilt: 0.0039
    Episode_Termination/low_height: 0.0000
--------------------------------------------------------------------------------
                   Total timesteps: 430080
                    Iteration time: 2.82s
                      Time elapsed: 00:03:21
                               ETA: 00:15:50

################################################################################
                      [1m Learning iteration 70/400 [0m                       

                       Computation: 2159 steps/s (collection: 2.774s, learning 0.071s)
             Mean action noise std: 0.09
          Mean value_function loss: 0.1132
               Mean surrogate loss: -0.0195
                 Mean entropy loss: -16.0868
                       Mean reward: -34.54
               Mean episode length: 297.52
   Episode_Reward/term_bad_contact: 0.0000
          Episode_Reward/term_tilt: 0.0000
    Episode_Reward/term_low_height: 0.0000
      Episode_Reward/leg_action_l2: -0.0131
   Episode_Reward/tracking_lin_vel: 0.4982
Episode_Reward/tracking_lin_vel_x_exp: 0.7601
Episode_Reward/tracking_ang_vel_yaw_l1: 0.0000
Episode_Reward/tracking_ang_vel_yaw_exp: 0.8315
Episode_Reward/tracking_lin_vel_y_l2: 0.0000
Episode_Reward/tracking_lin_vel_z_l2: 0.0000
            Episode_Reward/survive: 0.0000
    Episode_Reward/foot_contacts_z: 0.0000
            Episode_Reward/torques: -0.1425
 Episode_Reward/tracking_lin_vel_y: 0.0000
          Episode_Reward/lin_vel_z: -0.0025
         Episode_Reward/ang_vel_xy: -0.0061
   Episode_Reward/tracking_ang_vel: 0.2616
               Episode_Reward/work: -0.0266
            Episode_Reward/dof_acc: -0.0011
        Episode_Reward/action_rate: -0.0125
     Episode_Reward/dof_pos_limits: 0.0000
      Episode_Reward/delta_torques: -0.0004
          Episode_Reward/collision: -5.9150
        Episode_Reward/walking_dof: 0.0098
            Episode_Reward/hip_pos: -0.0119
          Episode_Reward/feet_jerk: 0.0000
              Episode_Reward/alive: 0.3000
          Episode_Reward/feet_drag: -0.0062
Episode_Reward/feet_contact_forces: -0.1970
               Episode_Reward/roll: -0.0113
        Episode_Reward/base_height: -0.0157
Episode_Reward/tracking_lin_vel_max: 0.2790
Episode_Reward/flat_orientation_l2: -0.0052
  Episode_Reward/air_time_variance: -0.0079
        Episode_Reward/feet_height: 0.0000
      Episode_Reward/feet_air_time: -0.0000
Episode_Reward/update_last_buffers: 0.0000
   Episode_Reward/wheel_idle_speed: -0.0017
    Episode_Reward/wheel_action_l2: -0.0000
  Episode_Reward/wheel_action_rate: 0.0000
Episode_Reward/teacher_ensemble_match: 0.0351
  Episode_Reward/wheel_forward_use: 0.0450
 Episode_Reward/wheel_turn_support: 0.0000
   Metrics/locomotion/error_vel_xy: 0.2875
  Metrics/locomotion/error_vel_yaw: 0.2410
      Episode_Termination/time_out: 0.9961
   Episode_Termination/bad_contact: 0.0000
          Episode_Termination/tilt: 0.0039
    Episode_Termination/low_height: 0.0000
--------------------------------------------------------------------------------
                   Total timesteps: 436224
                    Iteration time: 2.84s
                      Time elapsed: 00:03:23
                               ETA: 00:15:47

################################################################################
                      [1m Learning iteration 71/400 [0m                       

                       Computation: 2149 steps/s (collection: 2.787s, learning 0.071s)
             Mean action noise std: 0.09
          Mean value_function loss: 9.8002
               Mean surrogate loss: -0.0038
                 Mean entropy loss: -16.0868
                       Mean reward: -34.63
               Mean episode length: 297.64
   Episode_Reward/term_bad_contact: 0.0000
          Episode_Reward/term_tilt: -0.2083
    Episode_Reward/term_low_height: 0.0000
      Episode_Reward/leg_action_l2: -0.0157
   Episode_Reward/tracking_lin_vel: 0.4861
Episode_Reward/tracking_lin_vel_x_exp: 0.7023
Episode_Reward/tracking_ang_vel_yaw_l1: 0.0000
Episode_Reward/tracking_ang_vel_yaw_exp: 0.8449
Episode_Reward/tracking_lin_vel_y_l2: 0.0000
Episode_Reward/tracking_lin_vel_z_l2: 0.0000
            Episode_Reward/survive: 0.0000
    Episode_Reward/foot_contacts_z: 0.0000
            Episode_Reward/torques: -0.1375
 Episode_Reward/tracking_lin_vel_y: 0.0000
          Episode_Reward/lin_vel_z: -0.0025
         Episode_Reward/ang_vel_xy: -0.0063
   Episode_Reward/tracking_ang_vel: 0.2589
               Episode_Reward/work: -0.0269
            Episode_Reward/dof_acc: -0.0011
        Episode_Reward/action_rate: -0.0147
     Episode_Reward/dof_pos_limits: 0.0000
      Episode_Reward/delta_torques: -0.0003
          Episode_Reward/collision: -5.8163
        Episode_Reward/walking_dof: 0.0103
            Episode_Reward/hip_pos: -0.0123
          Episode_Reward/feet_jerk: 0.0000
              Episode_Reward/alive: 0.2951
          Episode_Reward/feet_drag: -0.0060
Episode_Reward/feet_contact_forces: -0.1938
               Episode_Reward/roll: -0.0144
        Episode_Reward/base_height: -0.0151
Episode_Reward/tracking_lin_vel_max: 0.2637
Episode_Reward/flat_orientation_l2: -0.0079
  Episode_Reward/air_time_variance: -0.0064
        Episode_Reward/feet_height: 0.0000
      Episode_Reward/feet_air_time: -0.0000
Episode_Reward/update_last_buffers: 0.0000
   Episode_Reward/wheel_idle_speed: -0.0017
    Episode_Reward/wheel_action_l2: -0.0000
  Episode_Reward/wheel_action_rate: 0.0000
Episode_Reward/teacher_ensemble_match: 0.0350
  Episode_Reward/wheel_forward_use: 0.0491
 Episode_Reward/wheel_turn_support: 0.0000
   Metrics/locomotion/error_vel_xy: 0.2976
  Metrics/locomotion/error_vel_yaw: 0.2273
      Episode_Termination/time_out: 0.9948
   Episode_Termination/bad_contact: 0.0000
          Episode_Termination/tilt: 0.0052
    Episode_Termination/low_height: 0.0000
--------------------------------------------------------------------------------
                   Total timesteps: 442368
                    Iteration time: 2.86s
                      Time elapsed: 00:03:26
                               ETA: 00:15:44

################################################################################
                      [1m Learning iteration 72/400 [0m                       

                       Computation: 2172 steps/s (collection: 2.757s, learning 0.071s)
             Mean action noise std: 0.09
          Mean value_function loss: 0.0970
               Mean surrogate loss: -0.0284
                 Mean entropy loss: -16.0868
                       Mean reward: -34.59
               Mean episode length: 297.64
   Episode_Reward/term_bad_contact: 0.0000
          Episode_Reward/term_tilt: 0.0000
    Episode_Reward/term_low_height: 0.0000
      Episode_Reward/leg_action_l2: -0.0134
   Episode_Reward/tracking_lin_vel: 0.5037
Episode_Reward/tracking_lin_vel_x_exp: 0.7717
Episode_Reward/tracking_ang_vel_yaw_l1: 0.0000
Episode_Reward/tracking_ang_vel_yaw_exp: 0.8548
Episode_Reward/tracking_lin_vel_y_l2: 0.0000
Episode_Reward/tracking_lin_vel_z_l2: 0.0000
            Episode_Reward/survive: 0.0000
    Episode_Reward/foot_contacts_z: 0.0000
            Episode_Reward/torques: -0.1466
 Episode_Reward/tracking_lin_vel_y: 0.0000
          Episode_Reward/lin_vel_z: -0.0028
         Episode_Reward/ang_vel_xy: -0.0063
   Episode_Reward/tracking_ang_vel: 0.2633
               Episode_Reward/work: -0.0290
            Episode_Reward/dof_acc: -0.0011
        Episode_Reward/action_rate: -0.0126
     Episode_Reward/dof_pos_limits: 0.0000
      Episode_Reward/delta_torques: -0.0004
          Episode_Reward/collision: -5.8843
        Episode_Reward/walking_dof: 0.0091
            Episode_Reward/hip_pos: -0.0097
          Episode_Reward/feet_jerk: 0.0000
              Episode_Reward/alive: 0.3000
          Episode_Reward/feet_drag: -0.0059
Episode_Reward/feet_contact_forces: -0.1972
               Episode_Reward/roll: -0.0208
        Episode_Reward/base_height: -0.0147
Episode_Reward/tracking_lin_vel_max: 0.2902
Episode_Reward/flat_orientation_l2: -0.0078
  Episode_Reward/air_time_variance: -0.0129
        Episode_Reward/feet_height: 0.0000
      Episode_Reward/feet_air_time: -0.0000
Episode_Reward/update_last_buffers: 0.0000
   Episode_Reward/wheel_idle_speed: -0.0018
    Episode_Reward/wheel_action_l2: -0.0000
  Episode_Reward/wheel_action_rate: 0.0000
Episode_Reward/teacher_ensemble_match: 0.0386
  Episode_Reward/wheel_forward_use: 0.0419
 Episode_Reward/wheel_turn_support: 0.0000
   Metrics/locomotion/error_vel_xy: 0.2805
  Metrics/locomotion/error_vel_yaw: 0.2307
      Episode_Termination/time_out: 0.9922
   Episode_Termination/bad_contact: 0.0000
          Episode_Termination/tilt: 0.0078
    Episode_Termination/low_height: 0.0000
--------------------------------------------------------------------------------
                   Total timesteps: 448512
                    Iteration time: 2.83s
                      Time elapsed: 00:03:29
                               ETA: 00:15:41

################################################################################
                      [1m Learning iteration 73/400 [0m                       

                       Computation: 2179 steps/s (collection: 2.748s, learning 0.071s)
             Mean action noise std: 0.09
          Mean value_function loss: 0.0802
               Mean surrogate loss: -0.0268
                 Mean entropy loss: -16.0868
                       Mean reward: -34.48
               Mean episode length: 297.64
   Episode_Reward/term_bad_contact: 0.0000
          Episode_Reward/term_tilt: 0.0000
    Episode_Reward/term_low_height: 0.0000
      Episode_Reward/leg_action_l2: -0.0173
   Episode_Reward/tracking_lin_vel: 0.4875
Episode_Reward/tracking_lin_vel_x_exp: 0.6774
Episode_Reward/tracking_ang_vel_yaw_l1: 0.0000
Episode_Reward/tracking_ang_vel_yaw_exp: 0.8415
Episode_Reward/tracking_lin_vel_y_l2: 0.0000
Episode_Reward/tracking_lin_vel_z_l2: 0.0000
            Episode_Reward/survive: 0.0000
    Episode_Reward/foot_contacts_z: 0.0000
            Episode_Reward/torques: -0.1474
 Episode_Reward/tracking_lin_vel_y: 0.0000
          Episode_Reward/lin_vel_z: -0.0030
         Episode_Reward/ang_vel_xy: -0.0061
   Episode_Reward/tracking_ang_vel: 0.2613
               Episode_Reward/work: -0.0300
            Episode_Reward/dof_acc: -0.0012
        Episode_Reward/action_rate: -0.0162
     Episode_Reward/dof_pos_limits: 0.0000
      Episode_Reward/delta_torques: -0.0004
          Episode_Reward/collision: -5.8444
        Episode_Reward/walking_dof: 0.0107
            Episode_Reward/hip_pos: -0.0109
          Episode_Reward/feet_jerk: 0.0000
              Episode_Reward/alive: 0.3000
          Episode_Reward/feet_drag: -0.0063
Episode_Reward/feet_contact_forces: -0.1975
               Episode_Reward/roll: -0.0179
        Episode_Reward/base_height: -0.0145
Episode_Reward/tracking_lin_vel_max: 0.2615
Episode_Reward/flat_orientation_l2: -0.0062
  Episode_Reward/air_time_variance: -0.0093
        Episode_Reward/feet_height: 0.0000
      Episode_Reward/feet_air_time: -0.0000
Episode_Reward/update_last_buffers: 0.0000
   Episode_Reward/wheel_idle_speed: -0.0020
    Episode_Reward/wheel_action_l2: -0.0000
  Episode_Reward/wheel_action_rate: 0.0000
Episode_Reward/teacher_ensemble_match: 0.0314
  Episode_Reward/wheel_forward_use: 0.0515
 Episode_Reward/wheel_turn_support: 0.0000
   Metrics/locomotion/error_vel_xy: 0.3173
  Metrics/locomotion/error_vel_yaw: 0.2384
      Episode_Termination/time_out: 0.9922
   Episode_Termination/bad_contact: 0.0000
          Episode_Termination/tilt: 0.0078
    Episode_Termination/low_height: 0.0000
--------------------------------------------------------------------------------
                   Total timesteps: 454656
                    Iteration time: 2.82s
                      Time elapsed: 00:03:32
                               ETA: 00:15:38

################################################################################
                      [1m Learning iteration 74/400 [0m                       

                       Computation: 2197 steps/s (collection: 2.724s, learning 0.071s)
             Mean action noise std: 0.09
          Mean value_function loss: 7.6768
               Mean surrogate loss: -0.0057
                 Mean entropy loss: -16.0868
                       Mean reward: -34.95
               Mean episode length: 295.29
   Episode_Reward/term_bad_contact: 0.0000
          Episode_Reward/term_tilt: -0.2778
    Episode_Reward/term_low_height: 0.0000
      Episode_Reward/leg_action_l2: -0.0174
   Episode_Reward/tracking_lin_vel: 0.4745
Episode_Reward/tracking_lin_vel_x_exp: 0.6860
Episode_Reward/tracking_ang_vel_yaw_l1: 0.0000
Episode_Reward/tracking_ang_vel_yaw_exp: 0.8829
Episode_Reward/tracking_lin_vel_y_l2: 0.0000
Episode_Reward/tracking_lin_vel_z_l2: 0.0000
            Episode_Reward/survive: 0.0000
    Episode_Reward/foot_contacts_z: 0.0000
            Episode_Reward/torques: -0.1763
 Episode_Reward/tracking_lin_vel_y: 0.0000
          Episode_Reward/lin_vel_z: -0.0025
         Episode_Reward/ang_vel_xy: -0.0059
   Episode_Reward/tracking_ang_vel: 0.2592
               Episode_Reward/work: -0.0283
            Episode_Reward/dof_acc: -0.0011
        Episode_Reward/action_rate: -0.0162
     Episode_Reward/dof_pos_limits: 0.0000
      Episode_Reward/delta_torques: -0.0004
          Episode_Reward/collision: -5.4358
        Episode_Reward/walking_dof: 0.0104
            Episode_Reward/hip_pos: -0.0089
          Episode_Reward/feet_jerk: 0.0000
              Episode_Reward/alive: 0.2935
          Episode_Reward/feet_drag: -0.0061
Episode_Reward/feet_contact_forces: -0.1945
               Episode_Reward/roll: -0.0188
        Episode_Reward/base_height: -0.0197
Episode_Reward/tracking_lin_vel_max: 0.2591
Episode_Reward/flat_orientation_l2: -0.0074
  Episode_Reward/air_time_variance: -0.0119
        Episode_Reward/feet_height: 0.0000
      Episode_Reward/feet_air_time: -0.0001
Episode_Reward/update_last_buffers: 0.0000
   Episode_Reward/wheel_idle_speed: -0.0016
    Episode_Reward/wheel_action_l2: -0.0000
  Episode_Reward/wheel_action_rate: 0.0000
Episode_Reward/teacher_ensemble_match: 0.0247
  Episode_Reward/wheel_forward_use: 0.0480
 Episode_Reward/wheel_turn_support: 0.0000
   Metrics/locomotion/error_vel_xy: 0.3089
  Metrics/locomotion/error_vel_yaw: 0.2109
      Episode_Termination/time_out: 0.9922
   Episode_Termination/bad_contact: 0.0000
          Episode_Termination/tilt: 0.0078
    Episode_Termination/low_height: 0.0000
--------------------------------------------------------------------------------
                   Total timesteps: 460800
                    Iteration time: 2.80s
                      Time elapsed: 00:03:35
                               ETA: 00:15:35

################################################################################
                      [1m Learning iteration 75/400 [0m                       

                       Computation: 2170 steps/s (collection: 2.759s, learning 0.071s)
             Mean action noise std: 0.09
          Mean value_function loss: 0.0776
               Mean surrogate loss: -0.0286
                 Mean entropy loss: -16.0868
                       Mean reward: -35.43
               Mean episode length: 295.29
   Episode_Reward/term_bad_contact: 0.0000
          Episode_Reward/term_tilt: 0.0000
    Episode_Reward/term_low_height: 0.0000
      Episode_Reward/leg_action_l2: -0.0096
   Episode_Reward/tracking_lin_vel: 0.4734
Episode_Reward/tracking_lin_vel_x_exp: 0.6273
Episode_Reward/tracking_ang_vel_yaw_l1: 0.0000
Episode_Reward/tracking_ang_vel_yaw_exp: 0.7823
Episode_Reward/tracking_lin_vel_y_l2: 0.0000
Episode_Reward/tracking_lin_vel_z_l2: 0.0000
            Episode_Reward/survive: 0.0000
    Episode_Reward/foot_contacts_z: 0.0000
            Episode_Reward/torques: -0.1441
 Episode_Reward/tracking_lin_vel_y: 0.0000
          Episode_Reward/lin_vel_z: -0.0027
         Episode_Reward/ang_vel_xy: -0.0071
   Episode_Reward/tracking_ang_vel: 0.2533
               Episode_Reward/work: -0.0310
            Episode_Reward/dof_acc: -0.0012
        Episode_Reward/action_rate: -0.0094
     Episode_Reward/dof_pos_limits: 0.0000
      Episode_Reward/delta_torques: -0.0004
          Episode_Reward/collision: -5.8954
        Episode_Reward/walking_dof: 0.0132
            Episode_Reward/hip_pos: -0.0076
          Episode_Reward/feet_jerk: 0.0000
              Episode_Reward/alive: 0.3000
          Episode_Reward/feet_drag: -0.0065
Episode_Reward/feet_contact_forces: -0.1970
               Episode_Reward/roll: -0.0205
        Episode_Reward/base_height: -0.0154
Episode_Reward/tracking_lin_vel_max: 0.2258
Episode_Reward/flat_orientation_l2: -0.0080
  Episode_Reward/air_time_variance: -0.0109
        Episode_Reward/feet_height: 0.0000
      Episode_Reward/feet_air_time: -0.0000
Episode_Reward/update_last_buffers: 0.0000
   Episode_Reward/wheel_idle_speed: -0.0018
    Episode_Reward/wheel_action_l2: -0.0000
  Episode_Reward/wheel_action_rate: 0.0000
Episode_Reward/teacher_ensemble_match: 0.0471
  Episode_Reward/wheel_forward_use: 0.0574
 Episode_Reward/wheel_turn_support: 0.0000
   Metrics/locomotion/error_vel_xy: 0.3426
  Metrics/locomotion/error_vel_yaw: 0.2696
      Episode_Termination/time_out: 0.9922
   Episode_Termination/bad_contact: 0.0000
          Episode_Termination/tilt: 0.0078
    Episode_Termination/low_height: 0.0000
--------------------------------------------------------------------------------
                   Total timesteps: 466944
                    Iteration time: 2.83s
                      Time elapsed: 00:03:38
                               ETA: 00:15:32

################################################################################
                      [1m Learning iteration 76/400 [0m                       

                       Computation: 2168 steps/s (collection: 2.762s, learning 0.071s)
             Mean action noise std: 0.09
          Mean value_function loss: 0.0782
               Mean surrogate loss: -0.0316
                 Mean entropy loss: -16.0868
                       Mean reward: -34.88
               Mean episode length: 297.65
   Episode_Reward/term_bad_contact: 0.0000
          Episode_Reward/term_tilt: 0.0000
    Episode_Reward/term_low_height: 0.0000
      Episode_Reward/leg_action_l2: -0.0101
   Episode_Reward/tracking_lin_vel: 0.4903
Episode_Reward/tracking_lin_vel_x_exp: 0.7188
Episode_Reward/tracking_ang_vel_yaw_l1: 0.0000
Episode_Reward/tracking_ang_vel_yaw_exp: 0.8053
Episode_Reward/tracking_lin_vel_y_l2: 0.0000
Episode_Reward/tracking_lin_vel_z_l2: 0.0000
            Episode_Reward/survive: 0.0000
    Episode_Reward/foot_contacts_z: 0.0000
            Episode_Reward/torques: -0.1409
 Episode_Reward/tracking_lin_vel_y: 0.0000
          Episode_Reward/lin_vel_z: -0.0026
         Episode_Reward/ang_vel_xy: -0.0078
   Episode_Reward/tracking_ang_vel: 0.2559
               Episode_Reward/work: -0.0306
            Episode_Reward/dof_acc: -0.0013
        Episode_Reward/action_rate: -0.0098
     Episode_Reward/dof_pos_limits: 0.0000
      Episode_Reward/delta_torques: -0.0004
          Episode_Reward/collision: -5.9169
        Episode_Reward/walking_dof: 0.0113
            Episode_Reward/hip_pos: -0.0106
          Episode_Reward/feet_jerk: 0.0000
              Episode_Reward/alive: 0.3000
          Episode_Reward/feet_drag: -0.0068
Episode_Reward/feet_contact_forces: -0.1969
               Episode_Reward/roll: -0.0102
        Episode_Reward/base_height: -0.0165
Episode_Reward/tracking_lin_vel_max: 0.2561
Episode_Reward/flat_orientation_l2: -0.0085
  Episode_Reward/air_time_variance: -0.0117
        Episode_Reward/feet_height: 0.0000
      Episode_Reward/feet_air_time: -0.0000
Episode_Reward/update_last_buffers: 0.0000
   Episode_Reward/wheel_idle_speed: -0.0022
    Episode_Reward/wheel_action_l2: -0.0000
  Episode_Reward/wheel_action_rate: 0.0000
Episode_Reward/teacher_ensemble_match: 0.0429
  Episode_Reward/wheel_forward_use: 0.0516
 Episode_Reward/wheel_turn_support: 0.0000
   Metrics/locomotion/error_vel_xy: 0.3063
  Metrics/locomotion/error_vel_yaw: 0.2589
      Episode_Termination/time_out: 0.9922
   Episode_Termination/bad_contact: 0.0000
          Episode_Termination/tilt: 0.0078
    Episode_Termination/low_height: 0.0000
--------------------------------------------------------------------------------
                   Total timesteps: 473088
                    Iteration time: 2.83s
                      Time elapsed: 00:03:40
                               ETA: 00:15:29

################################################################################
                      [1m Learning iteration 77/400 [0m                       

                       Computation: 2147 steps/s (collection: 2.790s, learning 0.071s)
             Mean action noise std: 0.09
          Mean value_function loss: 0.0900
               Mean surrogate loss: -0.0320
                 Mean entropy loss: -16.0868
                       Mean reward: -35.05
               Mean episode length: 297.65
   Episode_Reward/term_bad_contact: 0.0000
          Episode_Reward/term_tilt: 0.0000
    Episode_Reward/term_low_height: 0.0000
      Episode_Reward/leg_action_l2: -0.0089
   Episode_Reward/tracking_lin_vel: 0.4785
Episode_Reward/tracking_lin_vel_x_exp: 0.6794
Episode_Reward/tracking_ang_vel_yaw_l1: 0.0000
Episode_Reward/tracking_ang_vel_yaw_exp: 0.8118
Episode_Reward/tracking_lin_vel_y_l2: 0.0000
Episode_Reward/tracking_lin_vel_z_l2: 0.0000
            Episode_Reward/survive: 0.0000
    Episode_Reward/foot_contacts_z: 0.0000
            Episode_Reward/torques: -0.1449
 Episode_Reward/tracking_lin_vel_y: 0.0000
          Episode_Reward/lin_vel_z: -0.0026
         Episode_Reward/ang_vel_xy: -0.0080
   Episode_Reward/tracking_ang_vel: 0.2576
               Episode_Reward/work: -0.0302
            Episode_Reward/dof_acc: -0.0014
        Episode_Reward/action_rate: -0.0088
     Episode_Reward/dof_pos_limits: 0.0000
      Episode_Reward/delta_torques: -0.0004
          Episode_Reward/collision: -5.8845
        Episode_Reward/walking_dof: 0.0135
            Episode_Reward/hip_pos: -0.0103
          Episode_Reward/feet_jerk: 0.0000
              Episode_Reward/alive: 0.3000
          Episode_Reward/feet_drag: -0.0071
Episode_Reward/feet_contact_forces: -0.1971
               Episode_Reward/roll: -0.0171
        Episode_Reward/base_height: -0.0149
Episode_Reward/tracking_lin_vel_max: 0.2217
Episode_Reward/flat_orientation_l2: -0.0080
  Episode_Reward/air_time_variance: -0.0092
        Episode_Reward/feet_height: 0.0000
      Episode_Reward/feet_air_time: -0.0000
Episode_Reward/update_last_buffers: 0.0000
   Episode_Reward/wheel_idle_speed: -0.0018
    Episode_Reward/wheel_action_l2: -0.0000
  Episode_Reward/wheel_action_rate: 0.0000
Episode_Reward/teacher_ensemble_match: 0.0399
  Episode_Reward/wheel_forward_use: 0.0606
 Episode_Reward/wheel_turn_support: 0.0000
   Metrics/locomotion/error_vel_xy: 0.3272
  Metrics/locomotion/error_vel_yaw: 0.2544
      Episode_Termination/time_out: 0.9922
   Episode_Termination/bad_contact: 0.0000
          Episode_Termination/tilt: 0.0078
    Episode_Termination/low_height: 0.0000
--------------------------------------------------------------------------------
                   Total timesteps: 479232
                    Iteration time: 2.86s
                      Time elapsed: 00:03:43
                               ETA: 00:15:26

################################################################################
                      [1m Learning iteration 78/400 [0m                       

                       Computation: 2173 steps/s (collection: 2.755s, learning 0.071s)
             Mean action noise std: 0.09
          Mean value_function loss: 0.0830
               Mean surrogate loss: -0.0309
                 Mean entropy loss: -16.0868
                       Mean reward: -35.04
               Mean episode length: 300.00
   Episode_Reward/term_bad_contact: 0.0000
          Episode_Reward/term_tilt: 0.0000
    Episode_Reward/term_low_height: 0.0000
      Episode_Reward/leg_action_l2: -0.0093
   Episode_Reward/tracking_lin_vel: 0.4811
Episode_Reward/tracking_lin_vel_x_exp: 0.6728
Episode_Reward/tracking_ang_vel_yaw_l1: 0.0000
Episode_Reward/tracking_ang_vel_yaw_exp: 0.7922
Episode_Reward/tracking_lin_vel_y_l2: 0.0000
Episode_Reward/tracking_lin_vel_z_l2: 0.0000
            Episode_Reward/survive: 0.0000
    Episode_Reward/foot_contacts_z: 0.0000
            Episode_Reward/torques: -0.1531
 Episode_Reward/tracking_lin_vel_y: 0.0000
          Episode_Reward/lin_vel_z: -0.0023
         Episode_Reward/ang_vel_xy: -0.0075
   Episode_Reward/tracking_ang_vel: 0.2560
               Episode_Reward/work: -0.0286
            Episode_Reward/dof_acc: -0.0013
        Episode_Reward/action_rate: -0.0091
     Episode_Reward/dof_pos_limits: 0.0000
      Episode_Reward/delta_torques: -0.0004
          Episode_Reward/collision: -5.8244
        Episode_Reward/walking_dof: 0.0114
            Episode_Reward/hip_pos: -0.0081
          Episode_Reward/feet_jerk: 0.0000
              Episode_Reward/alive: 0.3000
          Episode_Reward/feet_drag: -0.0068
Episode_Reward/feet_contact_forces: -0.1974
               Episode_Reward/roll: -0.0164
        Episode_Reward/base_height: -0.0143
Episode_Reward/tracking_lin_vel_max: 0.2541
Episode_Reward/flat_orientation_l2: -0.0082
  Episode_Reward/air_time_variance: -0.0096
        Episode_Reward/feet_height: 0.0000
      Episode_Reward/feet_air_time: -0.0000
Episode_Reward/update_last_buffers: 0.0000
   Episode_Reward/wheel_idle_speed: -0.0019
    Episode_Reward/wheel_action_l2: -0.0000
  Episode_Reward/wheel_action_rate: 0.0000
Episode_Reward/teacher_ensemble_match: 0.0379
  Episode_Reward/wheel_forward_use: 0.0502
 Episode_Reward/wheel_turn_support: 0.0000
   Metrics/locomotion/error_vel_xy: 0.3253
  Metrics/locomotion/error_vel_yaw: 0.2612
      Episode_Termination/time_out: 0.9954
   Episode_Termination/bad_contact: 0.0000
          Episode_Termination/tilt: 0.0046
    Episode_Termination/low_height: 0.0000
--------------------------------------------------------------------------------
                   Total timesteps: 485376
                    Iteration time: 2.83s
                      Time elapsed: 00:03:46
                               ETA: 00:15:23

################################################################################
                      [1m Learning iteration 79/400 [0m                       

                       Computation: 2196 steps/s (collection: 2.724s, learning 0.073s)
             Mean action noise std: 0.09
          Mean value_function loss: 3.3458
               Mean surrogate loss: -0.0060
                 Mean entropy loss: -16.0868
                       Mean reward: -35.67
               Mean episode length: 297.58
   Episode_Reward/term_bad_contact: 0.0000
          Episode_Reward/term_tilt: -0.8333
    Episode_Reward/term_low_height: 0.0000
      Episode_Reward/leg_action_l2: -0.0085
   Episode_Reward/tracking_lin_vel: 0.4545
Episode_Reward/tracking_lin_vel_x_exp: 0.6722
Episode_Reward/tracking_ang_vel_yaw_l1: 0.0000
Episode_Reward/tracking_ang_vel_yaw_exp: 0.7735
Episode_Reward/tracking_lin_vel_y_l2: 0.0000
Episode_Reward/tracking_lin_vel_z_l2: 0.0000
            Episode_Reward/survive: 0.0000
    Episode_Reward/foot_contacts_z: 0.0000
            Episode_Reward/torques: -0.1183
 Episode_Reward/tracking_lin_vel_y: 0.0000
          Episode_Reward/lin_vel_z: -0.0026
         Episode_Reward/ang_vel_xy: -0.0074
   Episode_Reward/tracking_ang_vel: 0.2397
               Episode_Reward/work: -0.0303
            Episode_Reward/dof_acc: -0.0013
        Episode_Reward/action_rate: -0.0085
     Episode_Reward/dof_pos_limits: 0.0000
      Episode_Reward/delta_torques: -0.0003
          Episode_Reward/collision: -5.4881
        Episode_Reward/walking_dof: 0.0102
            Episode_Reward/hip_pos: -0.0091
          Episode_Reward/feet_jerk: 0.0000
              Episode_Reward/alive: 0.2798
          Episode_Reward/feet_drag: -0.0064
Episode_Reward/feet_contact_forces: -0.1838
               Episode_Reward/roll: -0.0114
        Episode_Reward/base_height: -0.0142
Episode_Reward/tracking_lin_vel_max: 0.2435
Episode_Reward/flat_orientation_l2: -0.0068
  Episode_Reward/air_time_variance: -0.0122
        Episode_Reward/feet_height: 0.0000
      Episode_Reward/feet_air_time: -0.0000
Episode_Reward/update_last_buffers: 0.0000
   Episode_Reward/wheel_idle_speed: -0.0020
    Episode_Reward/wheel_action_l2: -0.0001
  Episode_Reward/wheel_action_rate: 0.0000
Episode_Reward/teacher_ensemble_match: 0.0435
  Episode_Reward/wheel_forward_use: 0.0449
 Episode_Reward/wheel_turn_support: 0.0000
   Metrics/locomotion/error_vel_xy: 0.2889
  Metrics/locomotion/error_vel_yaw: 0.2361
      Episode_Termination/time_out: 0.9925
   Episode_Termination/bad_contact: 0.0000
          Episode_Termination/tilt: 0.0075
    Episode_Termination/low_height: 0.0000
--------------------------------------------------------------------------------
                   Total timesteps: 491520
                    Iteration time: 2.80s
                      Time elapsed: 00:03:49
                               ETA: 00:15:20

################################################################################
                      [1m Learning iteration 80/400 [0m                       

                       Computation: 2163 steps/s (collection: 2.763s, learning 0.077s)
             Mean action noise std: 0.09
          Mean value_function loss: 0.0882
               Mean surrogate loss: -0.0279
                 Mean entropy loss: -16.0868
                       Mean reward: -35.52
               Mean episode length: 297.58
   Episode_Reward/term_bad_contact: 0.0000
          Episode_Reward/term_tilt: 0.0000
    Episode_Reward/term_low_height: 0.0000
      Episode_Reward/leg_action_l2: -0.0078
   Episode_Reward/tracking_lin_vel: 0.4582
Episode_Reward/tracking_lin_vel_x_exp: 0.6138
Episode_Reward/tracking_ang_vel_yaw_l1: 0.0000
Episode_Reward/tracking_ang_vel_yaw_exp: 0.7690
Episode_Reward/tracking_lin_vel_y_l2: 0.0000
Episode_Reward/tracking_lin_vel_z_l2: 0.0000
            Episode_Reward/survive: 0.0000
    Episode_Reward/foot_contacts_z: 0.0000
            Episode_Reward/torques: -0.1508
 Episode_Reward/tracking_lin_vel_y: 0.0000
          Episode_Reward/lin_vel_z: -0.0028
         Episode_Reward/ang_vel_xy: -0.0100
   Episode_Reward/tracking_ang_vel: 0.2496
               Episode_Reward/work: -0.0352
            Episode_Reward/dof_acc: -0.0017
        Episode_Reward/action_rate: -0.0082
     Episode_Reward/dof_pos_limits: 0.0000
      Episode_Reward/delta_torques: -0.0004
          Episode_Reward/collision: -5.8687
        Episode_Reward/walking_dof: 0.0155
            Episode_Reward/hip_pos: -0.0082
          Episode_Reward/feet_jerk: 0.0000
              Episode_Reward/alive: 0.3000
          Episode_Reward/feet_drag: -0.0084
Episode_Reward/feet_contact_forces: -0.1971
               Episode_Reward/roll: -0.0149
        Episode_Reward/base_height: -0.0184
Episode_Reward/tracking_lin_vel_max: 0.1899
Episode_Reward/flat_orientation_l2: -0.0054
  Episode_Reward/air_time_variance: -0.0127
        Episode_Reward/feet_height: 0.0000
      Episode_Reward/feet_air_time: -0.0000
Episode_Reward/update_last_buffers: 0.0000
   Episode_Reward/wheel_idle_speed: -0.0017
    Episode_Reward/wheel_action_l2: -0.0001
  Episode_Reward/wheel_action_rate: 0.0000
Episode_Reward/teacher_ensemble_match: 0.0357
  Episode_Reward/wheel_forward_use: 0.0672
 Episode_Reward/wheel_turn_support: 0.0000
   Metrics/locomotion/error_vel_xy: 0.3659
  Metrics/locomotion/error_vel_yaw: 0.2816
      Episode_Termination/time_out: 0.9922
   Episode_Termination/bad_contact: 0.0000
          Episode_Termination/tilt: 0.0078
    Episode_Termination/low_height: 0.0000
--------------------------------------------------------------------------------
                   Total timesteps: 497664
                    Iteration time: 2.84s
                      Time elapsed: 00:03:52
                               ETA: 00:15:17

################################################################################
                      [1m Learning iteration 81/400 [0m                       

                       Computation: 2203 steps/s (collection: 2.717s, learning 0.071s)
             Mean action noise std: 0.09
          Mean value_function loss: 0.0687
               Mean surrogate loss: -0.0294
                 Mean entropy loss: -16.0868
                       Mean reward: -35.63
               Mean episode length: 297.58
   Episode_Reward/term_bad_contact: 0.0000
          Episode_Reward/term_tilt: 0.0000
    Episode_Reward/term_low_height: 0.0000
      Episode_Reward/leg_action_l2: -0.0112
   Episode_Reward/tracking_lin_vel: 0.4757
Episode_Reward/tracking_lin_vel_x_exp: 0.6766
Episode_Reward/tracking_ang_vel_yaw_l1: 0.0000
Episode_Reward/tracking_ang_vel_yaw_exp: 0.7969
Episode_Reward/tracking_lin_vel_y_l2: 0.0000
Episode_Reward/tracking_lin_vel_z_l2: 0.0000
            Episode_Reward/survive: 0.0000
    Episode_Reward/foot_contacts_z: 0.0000
            Episode_Reward/torques: -0.1543
 Episode_Reward/tracking_lin_vel_y: 0.0000
          Episode_Reward/lin_vel_z: -0.0025
         Episode_Reward/ang_vel_xy: -0.0073
   Episode_Reward/tracking_ang_vel: 0.2566
               Episode_Reward/work: -0.0307
            Episode_Reward/dof_acc: -0.0014
        Episode_Reward/action_rate: -0.0111
     Episode_Reward/dof_pos_limits: 0.0000
      Episode_Reward/delta_torques: -0.0004
          Episode_Reward/collision: -5.8788
        Episode_Reward/walking_dof: 0.0106
            Episode_Reward/hip_pos: -0.0110
          Episode_Reward/feet_jerk: 0.0000
              Episode_Reward/alive: 0.3000
          Episode_Reward/feet_drag: -0.0071
Episode_Reward/feet_contact_forces: -0.1971
               Episode_Reward/roll: -0.0098
        Episode_Reward/base_height: -0.0132
Episode_Reward/tracking_lin_vel_max: 0.2646
Episode_Reward/flat_orientation_l2: -0.0083
  Episode_Reward/air_time_variance: -0.0098
        Episode_Reward/feet_height: 0.0000
      Episode_Reward/feet_air_time: -0.0000
Episode_Reward/update_last_buffers: 0.0000
   Episode_Reward/wheel_idle_speed: -0.0019
    Episode_Reward/wheel_action_l2: -0.0001
  Episode_Reward/wheel_action_rate: 0.0000
Episode_Reward/teacher_ensemble_match: 0.0312
  Episode_Reward/wheel_forward_use: 0.0443
 Episode_Reward/wheel_turn_support: 0.0000
   Metrics/locomotion/error_vel_xy: 0.3331
  Metrics/locomotion/error_vel_yaw: 0.2582
      Episode_Termination/time_out: 0.9922
   Episode_Termination/bad_contact: 0.0000
          Episode_Termination/tilt: 0.0078
    Episode_Termination/low_height: 0.0000
--------------------------------------------------------------------------------
                   Total timesteps: 503808
                    Iteration time: 2.79s
                      Time elapsed: 00:03:55
                               ETA: 00:15:14

################################################################################
                      [1m Learning iteration 82/400 [0m                       

                       Computation: 2192 steps/s (collection: 2.731s, learning 0.071s)
             Mean action noise std: 0.09
          Mean value_function loss: 0.1003
               Mean surrogate loss: -0.0248
                 Mean entropy loss: -16.0868
                       Mean reward: -35.50
               Mean episode length: 297.58
   Episode_Reward/term_bad_contact: 0.0000
          Episode_Reward/term_tilt: 0.0000
    Episode_Reward/term_low_height: 0.0000
      Episode_Reward/leg_action_l2: -0.0085
   Episode_Reward/tracking_lin_vel: 0.4815
Episode_Reward/tracking_lin_vel_x_exp: 0.7537
Episode_Reward/tracking_ang_vel_yaw_l1: 0.0000
Episode_Reward/tracking_ang_vel_yaw_exp: 0.7290
Episode_Reward/tracking_lin_vel_y_l2: 0.0000
Episode_Reward/tracking_lin_vel_z_l2: 0.0000
            Episode_Reward/survive: 0.0000
    Episode_Reward/foot_contacts_z: 0.0000
            Episode_Reward/torques: -0.1290
 Episode_Reward/tracking_lin_vel_y: 0.0000
          Episode_Reward/lin_vel_z: -0.0030
         Episode_Reward/ang_vel_xy: -0.0100
   Episode_Reward/tracking_ang_vel: 0.2430
               Episode_Reward/work: -0.0356
            Episode_Reward/dof_acc: -0.0017
        Episode_Reward/action_rate: -0.0088
     Episode_Reward/dof_pos_limits: 0.0000
      Episode_Reward/delta_torques: -0.0003
          Episode_Reward/collision: -5.9154
        Episode_Reward/walking_dof: 0.0119
            Episode_Reward/hip_pos: -0.0124
          Episode_Reward/feet_jerk: 0.0000
              Episode_Reward/alive: 0.3000
          Episode_Reward/feet_drag: -0.0079
Episode_Reward/feet_contact_forces: -0.1968
               Episode_Reward/roll: -0.0108
        Episode_Reward/base_height: -0.0152
Episode_Reward/tracking_lin_vel_max: 0.2498
Episode_Reward/flat_orientation_l2: -0.0069
  Episode_Reward/air_time_variance: -0.0125
        Episode_Reward/feet_height: 0.0000
      Episode_Reward/feet_air_time: -0.0000
Episode_Reward/update_last_buffers: 0.0000
   Episode_Reward/wheel_idle_speed: -0.0023
    Episode_Reward/wheel_action_l2: -0.0001
  Episode_Reward/wheel_action_rate: 0.0000
Episode_Reward/teacher_ensemble_match: 0.0340
  Episode_Reward/wheel_forward_use: 0.0475
 Episode_Reward/wheel_turn_support: 0.0000
   Metrics/locomotion/error_vel_xy: 0.3143
  Metrics/locomotion/error_vel_yaw: 0.3088
      Episode_Termination/time_out: 0.9922
   Episode_Termination/bad_contact: 0.0000
          Episode_Termination/tilt: 0.0078
    Episode_Termination/low_height: 0.0000
--------------------------------------------------------------------------------
                   Total timesteps: 509952
                    Iteration time: 2.80s
                      Time elapsed: 00:03:57
                               ETA: 00:15:11

################################################################################
                      [1m Learning iteration 83/400 [0m                       

                       Computation: 2147 steps/s (collection: 2.790s, learning 0.071s)
             Mean action noise std: 0.09
          Mean value_function loss: 0.0800
               Mean surrogate loss: -0.0304
                 Mean entropy loss: -16.0868
                       Mean reward: -35.40
               Mean episode length: 297.58
   Episode_Reward/term_bad_contact: 0.0000
          Episode_Reward/term_tilt: 0.0000
    Episode_Reward/term_low_height: 0.0000
      Episode_Reward/leg_action_l2: -0.0092
   Episode_Reward/tracking_lin_vel: 0.4809
Episode_Reward/tracking_lin_vel_x_exp: 0.6924
Episode_Reward/tracking_ang_vel_yaw_l1: 0.0000
Episode_Reward/tracking_ang_vel_yaw_exp: 0.7944
Episode_Reward/tracking_lin_vel_y_l2: 0.0000
Episode_Reward/tracking_lin_vel_z_l2: 0.0000
            Episode_Reward/survive: 0.0000
    Episode_Reward/foot_contacts_z: 0.0000
            Episode_Reward/torques: -0.1373
 Episode_Reward/tracking_lin_vel_y: 0.0000
          Episode_Reward/lin_vel_z: -0.0030
         Episode_Reward/ang_vel_xy: -0.0095
   Episode_Reward/tracking_ang_vel: 0.2510
               Episode_Reward/work: -0.0342
            Episode_Reward/dof_acc: -0.0016
        Episode_Reward/action_rate: -0.0095
     Episode_Reward/dof_pos_limits: 0.0000
      Episode_Reward/delta_torques: -0.0004
          Episode_Reward/collision: -5.9165
        Episode_Reward/walking_dof: 0.0133
            Episode_Reward/hip_pos: -0.0112
          Episode_Reward/feet_jerk: 0.0000
              Episode_Reward/alive: 0.3000
          Episode_Reward/feet_drag: -0.0075
Episode_Reward/feet_contact_forces: -0.1968
               Episode_Reward/roll: -0.0119
        Episode_Reward/base_height: -0.0159
Episode_Reward/tracking_lin_vel_max: 0.2241
Episode_Reward/flat_orientation_l2: -0.0070
  Episode_Reward/air_time_variance: -0.0119
        Episode_Reward/feet_height: 0.0000
      Episode_Reward/feet_air_time: -0.0000
Episode_Reward/update_last_buffers: 0.0000
   Episode_Reward/wheel_idle_speed: -0.0020
    Episode_Reward/wheel_action_l2: -0.0001
  Episode_Reward/wheel_action_rate: 0.0000
Episode_Reward/teacher_ensemble_match: 0.0329
  Episode_Reward/wheel_forward_use: 0.0600
 Episode_Reward/wheel_turn_support: 0.0000
   Metrics/locomotion/error_vel_xy: 0.3238
  Metrics/locomotion/error_vel_yaw: 0.2748
      Episode_Termination/time_out: 0.9922
   Episode_Termination/bad_contact: 0.0000
          Episode_Termination/tilt: 0.0078
    Episode_Termination/low_height: 0.0000
--------------------------------------------------------------------------------
                   Total timesteps: 516096
                    Iteration time: 2.86s
                      Time elapsed: 00:04:00
                               ETA: 00:15:08

################################################################################
                      [1m Learning iteration 84/400 [0m                       

                       Computation: 2155 steps/s (collection: 2.779s, learning 0.071s)
             Mean action noise std: 0.09
          Mean value_function loss: 0.0869
               Mean surrogate loss: -0.0258
                 Mean entropy loss: -16.0868
                       Mean reward: -34.88
               Mean episode length: 300.00
   Episode_Reward/term_bad_contact: 0.0000
          Episode_Reward/term_tilt: 0.0000
    Episode_Reward/term_low_height: 0.0000
      Episode_Reward/leg_action_l2: -0.0102
   Episode_Reward/tracking_lin_vel: 0.4833
Episode_Reward/tracking_lin_vel_x_exp: 0.6792
Episode_Reward/tracking_ang_vel_yaw_l1: 0.0000
Episode_Reward/tracking_ang_vel_yaw_exp: 0.7960
Episode_Reward/tracking_lin_vel_y_l2: 0.0000
Episode_Reward/tracking_lin_vel_z_l2: 0.0000
            Episode_Reward/survive: 0.0000
    Episode_Reward/foot_contacts_z: 0.0000
            Episode_Reward/torques: -0.1463
 Episode_Reward/tracking_lin_vel_y: 0.0000
          Episode_Reward/lin_vel_z: -0.0031
         Episode_Reward/ang_vel_xy: -0.0087
   Episode_Reward/tracking_ang_vel: 0.2555
               Episode_Reward/work: -0.0344
            Episode_Reward/dof_acc: -0.0015
        Episode_Reward/action_rate: -0.0102
     Episode_Reward/dof_pos_limits: 0.0000
      Episode_Reward/delta_torques: -0.0004
          Episode_Reward/collision: -5.8886
        Episode_Reward/walking_dof: 0.0113
            Episode_Reward/hip_pos: -0.0094
          Episode_Reward/feet_jerk: 0.0000
              Episode_Reward/alive: 0.3000
          Episode_Reward/feet_drag: -0.0073
Episode_Reward/feet_contact_forces: -0.1969
               Episode_Reward/roll: -0.0170
        Episode_Reward/base_height: -0.0167
Episode_Reward/tracking_lin_vel_max: 0.2585
Episode_Reward/flat_orientation_l2: -0.0076
  Episode_Reward/air_time_variance: -0.0124
        Episode_Reward/feet_height: 0.0000
      Episode_Reward/feet_air_time: -0.0000
Episode_Reward/update_last_buffers: 0.0000
   Episode_Reward/wheel_idle_speed: -0.0020
    Episode_Reward/wheel_action_l2: -0.0001
  Episode_Reward/wheel_action_rate: 0.0000
Episode_Reward/teacher_ensemble_match: 0.0422
  Episode_Reward/wheel_forward_use: 0.0495
 Episode_Reward/wheel_turn_support: 0.0000
   Metrics/locomotion/error_vel_xy: 0.3237
  Metrics/locomotion/error_vel_yaw: 0.2628
      Episode_Termination/time_out: 0.9922
   Episode_Termination/bad_contact: 0.0000
          Episode_Termination/tilt: 0.0078
    Episode_Termination/low_height: 0.0000
--------------------------------------------------------------------------------
                   Total timesteps: 522240
                    Iteration time: 2.85s
                      Time elapsed: 00:04:03
                               ETA: 00:15:05
