Loading user config located at: '/isaac-sim/kit/data/Kit/Isaac-Sim/5.1/user.config.json'
[Info] [carb] Logging to file: /isaac-sim/kit/logs/Kit/Isaac-Sim/5.1/kit_20260818_070503.log
[0.053s] [ext: omni.kit.async_engine-0.0.3] startup
[0.504s] [ext: omni.metrics.core-0.0.3] startup
[0.504s] [ext: omni.client.lib-1.1.0] startup
[0.519s] [ext: omni.blobkey-1.1.2] startup
[0.519s] [ext: omni.stats-1.0.1] startup
[0.520s] [ext: omni.datastore-0.0.0] startup
[0.526s] [ext: omni.client-1.3.0] startup
[0.530s] [ext: omni.ujitso.default-1.0.0] startup
[0.531s] [ext: omni.hsscclient-1.1.2] startup
[0.538s] [ext: omni.gpu_foundation.shadercache.vulkan-1.0.0] startup
[0.542s] [ext: omni.assets.plugins-0.0.0] startup
[0.543s] [ext: omni.gpu_foundation-0.0.0] startup
[0.549s] [ext: carb.windowing.plugins-1.0.0] startup
[0.567s] [ext: omni.kit.renderer.init-0.0.0] startup

|---------------------------------------------------------------------------------------------|
| Driver Version: 580.126.09    | Graphics API: Vulkan
|=============================================================================================|
| GPU | Name                             | Active | LDA | GPU Memory | Vendor-ID | LUID       |
|     |                                  |        |     |            | Device-ID | UUID       |
|     |                                  |        |     |            | Bus-ID    |            |
|---------------------------------------------------------------------------------------------|
| 0   | NVIDIA L40                       | Yes: 0 |     | 46068   MB | 10de      | 0          |
|     |                                  |        |     |            | 26b5      | c3c5dcf0.. |
|     |                                  |        |     |            | 37        |            |
|=============================================================================================|
| OS: 24.04.3 LTS (Noble Numbat) ubuntu, Version: 24.04.3, Kernel: 5.15.0-168-generic
| XServer Vendor: The X.Org Foundation, XServer Version: 12101011 (1.21.1.11)
| Processor: Intel(R) Xeon(R) Platinum 8358 CPU @ 2.60GHz
| Bare Metal Cores: 64 | Bare Metal Logical Cores: 128
| Core Usage Quota: 14
|---------------------------------------------------------------------------------------------|
| Total Memory (MB): 122880 | Free Memory: 119328
| Total Page/Swap (MB): 0 | Free Page/Swap: 0
|---------------------------------------------------------------------------------------------|
2026-08-17T23:05:06Z [3,681ms] [Warning] [gpu.foundation.plugin] ECC is enabled on physical device 0
[3.983s] [ext: omni.kit.pipapi-0.0.0] startup
[3.985s] [ext: omni.kit.pip_archive-0.0.0] startup
[3.986s] [ext: omni.pip.compute-1.6.3] startup
[3.986s] [ext: omni.pip.cloud-1.4.3] startup
[3.991s] [ext: omni.isaac.core_archive-3.0.0] startup
[3.992s] [ext: omni.materialx.libs-1.0.7] startup
[4.001s] [ext: omni.kit.loop-isaac-1.3.7] startup
[4.002s] [ext: omni.kit.test-2.0.1] startup
[4.062s] [ext: omni.kit.telemetry-0.5.2] startup
[4.090s] [ext: omni.isaac.ml_archive-3.0.4] startup
[4.090s] [ext: omni.usd.config-1.0.6] startup
[4.095s] [ext: omni.gpucompute.plugins-0.0.0] startup
[4.095s] [ext: omni.usd.libs-1.0.1] startup
[4.183s] [ext: omni.mdl-56.0.3] startup
[4.266s] [ext: omni.iray.libs-0.0.0] startup
[4.324s] [ext: omni.mdl.neuraylib-0.2.12] startup
[4.326s] [ext: omni.kit.usd.mdl-1.1.5] startup
[4.439s] [ext: omni.appwindow-1.1.10] startup
[4.443s] [ext: omni.kit.renderer.core-1.1.0] startup
[4.498s] [ext: omni.kit.renderer.capture-0.0.0] startup
[4.500s] [ext: omni.kit.renderer.imgui-2.0.5] startup
[4.568s] [ext: omni.ui-2.27.1] startup
[4.579s] [ext: omni.kit.mainwindow-1.0.3] startup
[4.581s] [ext: carb.audio-0.1.0] startup
[4.585s] [ext: omni.uiaudio-1.0.0] startup
[4.586s] [ext: omni.kit.uiapp-0.0.0] startup
[4.586s] [ext: omni.usd.schema.metrics.assembler-107.3.1] startup
[4.589s] [ext: omni.usd.schema.anim-0.0.0] startup
[4.611s] [ext: omni.usd.schema.physx-107.3.26] startup
[4.649s] [ext: omni.usd.schema.geospatial-0.0.0] startup
[4.651s] [ext: omni.usd.schema.omniscripting-1.0.0] startup
[4.656s] [ext: omni.usd.schema.audio-0.0.0] startup
[4.659s] [ext: omni.usd.schema.semantics-0.0.0] startup
[4.662s] [ext: omni.usd_resolver-1.0.0] startup
[4.666s] [ext: usdrt.scenegraph-7.6.1] startup
[4.709s] [ext: omni.kit.actions.core-1.0.0] startup
[4.712s] [ext: omni.timeline-1.0.14] startup
[4.713s] [ext: omni.usd.core-1.5.3] startup
[4.716s] [ext: omni.resourcemonitor-107.0.1] startup
[4.718s] [ext: omni.activity.core-1.0.3] startup
[4.719s] [ext: omni.kit.audiodeviceenum-1.0.2] startup
[4.721s] [ext: omni.hydra.usdrt_delegate-7.5.1] startup
[4.727s] [ext: omni.graph.exec-0.9.6] startup
[4.728s] [ext: omni.kit.window.popup_dialog-2.0.24] startup
[4.734s] [ext: omni.kit.exec.core-0.13.4] startup
[4.735s] [ext: omni.kit.widget.nucleus_connector-2.0.1] startup
[4.738s] [ext: omni.kit.usd_undo-0.1.8] startup
[4.738s] [ext: omni.kit.commands-1.4.10] startup
[4.742s] [ext: omni.hydra.scene_delegate-0.3.4] startup
[4.747s] [ext: omni.usd-1.13.10] startup
[4.794s] [ext: omni.kit.asset_converter-5.0.17] startup
[4.807s] [ext: omni.usd.schema.omni_lens_distortion-0.0.0] startup
[4.807s] [ext: omni.usd.schema.omni_sensors-0.0.0] startup
[4.808s] [ext: omni.usd.schema.render_settings.rtx-0.0.0] startup
[4.809s] [ext: omni.usd.schema.omnigraph-1.0.0] startup
[4.815s] [ext: isaacsim.robot.schema-3.6.0] startup
[4.823s] [ext: omni.kit.property.adapter.core-1.0.2] startup
[4.826s] [ext: omni.kit.menu.core-1.1.2] startup
[4.827s] [ext: omni.kit.property.adapter.fabric-1.0.3] startup
[4.828s] [ext: omni.kit.usd.layers-2.2.11] startup
[4.837s] [ext: omni.kit.clipboard-1.0.5] startup
[4.838s] [ext: omni.kit.widget.context_menu-1.2.5] startup
[4.839s] [ext: omni.kit.hotkeys.core-1.3.10] startup
[4.843s] [ext: omni.kit.widget.path_field-2.0.11] startup
[4.844s] [ext: omni.kit.context_menu-1.8.6] startup
[4.846s] [ext: omni.index.libs-380600.8087.0] startup
[4.846s] [ext: omni.kit.widget.browser_bar-2.0.10] startup
[4.847s] [ext: omni.kit.widget.options_menu-1.1.6] startup
[4.850s] [ext: omni.kit.helper.file_utils-0.1.9] startup
[4.852s] [ext: omni.index-1.0.1] startup
[4.853s] [ext: omni.hydra.rtx.shadercache.vulkan-1.0.0] startup
[4.854s] [ext: omni.kit.widget.options_button-1.0.3] startup
[4.855s] [ext: omni.kit.widget.filebrowser-2.12.3] startup
[4.860s] [ext: omni.volume-0.5.2] startup
[4.863s] [ext: omni.ujitso.client-0.0.0] startup
[4.863s] [ext: omni.kit.notification_manager-1.0.10] startup
[4.865s] [ext: omni.hydra.rtx-1.0.0] startup
2026-08-17T23:05:08Z [4,865ms] [Warning] [omni.log] Source: omni.hydra was already registered.
[4.900s] [ext: omni.ui.scene-1.11.5] startup
[4.905s] [ext: omni.kit.widget.searchable_combobox-1.0.6] startup
[4.906s] [ext: omni.kit.window.filepicker-2.13.4] startup
[4.922s] [ext: omni.kit.widget.searchfield-1.1.8] startup
[4.924s] [ext: omni.kit.widget.settings-1.2.6] startup
[4.926s] [ext: omni.kit.menu.utils-2.0.5] startup
[4.931s] [ext: omni.kit.window.file_exporter-1.0.33] startup
[4.933s] [ext: omni.kit.widget.filter-1.1.4] startup
[4.934s] [ext: omni.hydra.engine.stats-1.0.3] startup
[4.937s] [ext: omni.kit.window.preferences-1.8.0] startup
[4.941s] [ext: omni.kit.widget.stage-3.1.4] startup
[4.953s] [ext: omni.kit.window.file_importer-1.1.18] startup
[4.954s] [ext: omni.kit.raycast.query-1.1.0] startup
[4.959s] [ext: omni.kit.viewport.registry-104.0.6] startup
[4.960s] [ext: omni.kit.viewport.legacy_gizmos-1.0.19] startup
[4.962s] [ext: omni.kit.material.library-2.0.7] startup
[4.969s] [ext: omni.kit.property.adapter.usd-1.0.2] startup
[4.970s] [ext: omni.kit.viewport.scene_camera_model-1.0.6] startup
[4.975s] [ext: omni.kit.hydra_texture-1.4.6] startup
[4.978s] [ext: omni.kit.window.drop_support-1.0.5] startup
[4.979s] [ext: omni.kit.widget.viewport-107.1.3] startup
[4.983s] [ext: omni.kit.primitive.mesh-1.0.17] startup
[4.987s] [ext: omni.kit.viewport.window-107.2.0] startup
[5.003s] [ext: omni.kit.manipulator.transform-107.0.0] startup
[5.008s] [ext: omni.kit.stage_template.core-1.1.22] startup
[5.009s] [ext: omni.kit.widget.toolbar-2.0.1] startup
[5.016s] [ext: omni.kit.viewport.utility-1.1.2] startup
[5.017s] [ext: omni.kit.window.content_browser_registry-0.0.6] startup
[5.018s] [ext: omni.kit.widget.highlight_label-1.0.3] startup
[5.019s] [ext: omni.kit.window.file-2.0.5] startup
[5.022s] [ext: omni.kit.manipulator.tool.snap-1.5.13] startup
[5.026s] [ext: omni.kit.manipulator.selector-1.1.3] startup
[5.028s] [ext: omni.kit.window.property-1.12.1] startup
[5.031s] [ext: omni.kit.window.content_browser-3.1.3] startup
[5.044s] [ext: omni.kit.viewport.manipulator.transform-107.0.4] startup
[5.046s] [ext: omni.kit.manipulator.viewport-107.0.1] startup
[5.047s] [ext: omni.kit.property.usd-4.5.12] startup
[5.059s] [ext: omni.kit.manipulator.selection-106.0.1] startup
[5.060s] [ext: omni.fabric.commands-1.1.6] startup
[5.063s] [ext: omni.kvdb-107.3.26] startup
[5.064s] [ext: omni.kit.manipulator.prim.core-107.0.8] startup
[5.071s] [ext: omni.convexdecomposition-107.3.26] startup
[5.074s] [ext: omni.physx.foundation-107.3.26] startup
[5.076s] [ext: omni.localcache-107.3.26] startup
[5.078s] [ext: omni.kit.manipulator.prim.fabric-107.0.4] startup
[5.079s] [ext: omni.kit.viewport.menubar.core-107.2.1] startup
[5.094s] [ext: omni.kit.viewport.actions-107.0.2] startup
[5.100s] [ext: omni.usdphysics-107.3.26] startup
[5.102s] [ext: omni.kit.widget.prompt-1.0.7] startup
[5.103s] [ext: omni.kit.manipulator.prim.usd-107.0.3] startup
[5.104s] [ext: omni.kit.viewport.menubar.display-107.0.3] startup
[5.105s] [ext: omni.physx.cooking-107.3.26] startup
[5.109s] [ext: omni.inspect-1.0.2] startup
[5.110s] [ext: omni.kit.widget.layers-1.8.6] startup
[5.123s] [ext: omni.kit.manipulator.prim-107.0.0] startup
[5.123s] [ext: omni.debugdraw-0.1.4] startup
[5.127s] [ext: omni.physx-107.3.26] startup
[5.137s] [ext: omni.physics-107.3.26] startup
[5.140s] [ext: omni.graph.core-2.184.5] startup
[5.143s] [ext: omni.usdphysics.ui-107.3.26] startup
[5.171s] [ext: omni.physx.commands-107.3.26] startup
[5.176s] [ext: omni.physics.stageupdate-107.3.26] startup
[5.178s] [ext: isaacsim.core.deprecation_manager-0.2.7] startup
[5.179s] [ext: omni.physx.ui-107.3.26] startup
[5.213s] [ext: isaacsim.core.version-2.0.6] startup
[5.214s] [ext: omni.physics.physx-107.3.26] startup
2026-08-17T23:05:08Z [5,196ms] [Warning] [carb] Acquiring non optional plugin interface which is not listed as dependency: [omni::physx::IPhysxBenchmarks v1.0] (plugin: <default plugin>), by client: omni.physics.physx.plugin. Add it to CARB_PLUGIN_IMPL_DEPS() macro of a client.
[5.216s] [ext: isaacsim.storage.native-1.5.1] startup
[5.217s] [ext: omni.usd.metrics.assembler-107.3.1] startup
[5.223s] [ext: omni.kit.numpy.common-0.1.3] startup
[5.224s] [ext: omni.physics.tensors-107.3.26] startup
[5.230s] [ext: omni.warp.core-1.8.2] startup
[5.503s] [ext: omni.usd.metrics.assembler.physics-107.3.26] startup
[5.506s] [ext: omni.isaac.dynamic_control-2.0.7] startup
2026-08-17T23:05:08Z [5,492ms] [Warning] [omni.isaac.dynamic_control] omni.isaac.dynamic_control is deprecated as of Isaac Sim 4.5. No action is needed from end-users.
[5.512s] [ext: omni.physx.tensors-107.3.26] startup
[5.516s] [ext: isaacsim.core.utils-3.5.1] startup
[5.519s] [ext: isaacsim.core.simulation_manager-1.4.4] startup
[7.225s] [ext: omni.kit.widget.stage_icons-1.0.8] startup
[7.226s] [ext: omni.kit.stagerecorder.core-107.0.3] startup
[7.230s] [ext: omni.kit.window.stage-2.6.1] startup
[7.234s] [ext: omni.kit.menu.create-2.0.1] startup
[7.236s] [ext: omni.kit.widget.zoombar-1.0.6] startup
[7.237s] [ext: omni.kit.scripting-107.3.2] startup
[7.242s] [ext: omni.kit.browser.core-2.3.13] startup
[7.246s] [ext: isaacsim.replicator.behavior-1.1.16] startup
[7.247s] [ext: omni.kit.browser.folder.core-1.10.9] startup
[7.252s] [ext: omni.kit.usd.collect-2.4.5] startup
[7.255s] [ext: omni.graph.tools-1.79.2] startup
[7.282s] [ext: omni.kit.usdz_export-1.0.9] startup
[7.284s] [ext: omni.graph.action_core-1.1.7] startup
[7.286s] [ext: omni.graph-1.141.2] startup
[7.338s] [ext: omni.kit.tool.asset_importer-4.3.2] startup
[7.344s] [ext: omni.graph.action_nodes-1.50.4] startup
[7.348s] [ext: omni.kit.widget.text_editor-1.1.1] startup
[7.351s] [ext: omni.ui_query-1.1.8] startup
[7.353s] [ext: omni.graph.action-1.130.0] startup
[7.354s] [ext: omni.kit.window.extensions-1.4.27] startup
[7.370s] [ext: omni.kit.ui_test-1.3.7] startup
[7.374s] [ext: omni.graph.visualization.nodes-2.1.3] startup
[7.405s] [ext: omni.kit.tool.collect-2.2.18] startup
[7.411s] [ext: omni.kit.menu.stage-1.2.7] startup
[7.414s] [ext: isaacsim.gui.components-1.2.1] startup
[7.422s] [ext: isaacsim.examples.browser-0.2.1] startup
[7.427s] [ext: isaacsim.asset.importer.urdf-2.4.31] startup
[7.498s] [ext: isaacsim.core.cloner-1.4.10] startup
[7.502s] [ext: omni.kit.stagerecorder.ui-107.0.1] startup
[7.512s] [ext: isaacsim.asset.browser-1.3.23] startup
[7.596s] [ext: semantics.schema.editor-2.0.2] startup
2026-08-17T23:05:10Z [7,582ms] [Warning] [pxr.Semantics] pxr.Semantics is deprecated - please use Semantics instead
[7.604s] [ext: omni.kit.stagerecorder.bundle-105.0.2] startup
[7.605s] [ext: omni.kit.window.status_bar-0.1.9] startup
[7.609s] [ext: omni.kit.widget.graph-2.0.0] startup
[7.615s] [ext: omni.kit.stage_templates-2.0.0] startup
[7.618s] [ext: omni.graph.image.core-0.6.1] startup
[7.619s] [ext: omni.kit.graph.delegate.default-1.2.3] startup
[7.620s] [ext: isaacsim.core.experimental.utils-0.3.0] startup
[7.622s] [ext: omni.graph.image.nodes-1.3.1] startup
[7.623s] [ext: omni.kit.graph.editor.core-1.5.3] startup
[7.626s] [ext: omni.kit.graph.usd.commands-1.3.1] startup
[7.627s] [ext: omni.graph.nodes-1.170.10] startup
[7.638s] [ext: omni.graph.ui_nodes-1.50.5] startup
[7.641s] [ext: omni.kit.widget.material_preview-1.0.16] startup
[7.645s] [ext: omni.syntheticdata-0.6.13] startup
[7.682s] [ext: omni.videoencoding-0.1.2] startup
[7.689s] [ext: omni.warp-1.8.2] startup
[7.705s] [ext: omni.kit.window.material_graph-1.9.1] startup
[7.735s] [ext: omni.graph.scriptnode-1.50.0] startup
[7.750s] [ext: isaacsim.core.prims-0.6.1] startup
[7.830s] [ext: isaacsim.test.docstring-1.1.0] startup
[7.842s] [ext: omni.replicator.core-1.12.27] startup
2026-08-17T23:05:11Z [7,979ms] [Warning] [omni.graph.core.plugin] Found duplicate of category 'Replicator' - was 'Annotators', adding 'Fabric Reader'
2026-08-17T23:05:11Z [7,979ms] [Warning] [omni.graph.core.plugin] Category 'Replicator' not accepted on node type 'omni.replicator.core.FabricReader' in extension 'omni.replicator.core'
2026-08-17T23:05:11Z [7,980ms] [Warning] [omni.replicator.core.scripts.extension] No material configuration file, adding configuration to material settings directly.
[8.004s] [ext: isaacsim.core.api-4.8.0] startup
[8.048s] [ext: isaacsim.core.experimental.prims-0.8.1] startup
[8.160s] [ext: isaacsim.core.nodes-3.4.3] startup
[8.200s] [ext: isaacsim.robot.surface_gripper-3.3.1] startup
[8.328s] [ext: isaacsim.util.debug_draw-3.1.0] startup
[8.340s] [ext: omni.sensors.nv.common-3.0.0] startup
[8.467s] [ext: isaacsim.robot.manipulators-3.3.6] startup
[8.609s] [ext: isaacsim.sensors.physx-2.3.2] startup
[8.735s] [ext: omni.sensors.nv.materials-2.0.0] startup
[8.770s] [ext: omni.sensors.net-1.0.0] startup
[8.794s] [ext: isaacsim.app.about-2.0.11] startup
[8.814s] [ext: isaacsim.simulation_app-2.12.2] startup
[8.815s] [ext: omni.sensors.nv.ids-2.0.0] startup
[8.838s] [ext: omni.sensors.nv.lidar-3.0.0] startup
[8.846s] [ext: omni.kit.property.audio-1.0.16] startup
[8.850s] [ext: omni.kit.property.camera-1.0.10] startup
[8.854s] [ext: omni.kit.property.geometry-2.0.4] startup
[8.864s] [ext: omni.hydra.scene_api-0.1.2] startup
[8.876s] [ext: omni.kit.property.light-1.0.12] startup
[8.924s] [ext: omni.sensors.nv.wpm-3.0.0] startup
[8.926s] [ext: omni.kit.selection-0.1.6] startup
[8.928s] [ext: omni.kit.property.material-1.11.9] startup
[8.952s] [ext: omni.kit.property.transform-1.5.13] startup
[8.959s] [ext: omni.kit.property.render-1.2.1] startup
[8.961s] [ext: omni.sensors.nv.radar-3.0.0] startup
[8.964s] [ext: isaacsim.gui.menu-2.4.4] startup
[8.973s] [ext: omni.kit.manipulator.camera-106.0.4] startup
[8.981s] [ext: isaacsim.gui.property-1.1.3] startup
[8.984s] [ext: omni.kit.property.bundle-1.4.1] startup
[8.986s] [ext: isaacsim.sensors.rtx-15.8.4] startup
[8.994s] [ext: isaacsim.sensors.physics-0.4.3] startup
[9.006s] [ext: omni.kit.viewport.menubar.camera-107.0.6] startup
[9.024s] [ext: omni.kit.viewport.menubar.lighting-107.3.1] startup
[9.027s] [ext: omni.kit.viewport.menubar.settings-107.0.3] startup
[9.033s] [ext: omni.kit.viewport.menubar.render-107.0.10] startup
[9.036s] [ext: isaacsim.robot.policy.examples-4.1.11] startup
[9.038s] [ext: isaacsim.asset.importer.mjcf-2.5.13] startup
[9.046s] [ext: omni.kit.window.console-1.1.4] startup
[9.051s] [ext: omni.rtx.window.settings-0.6.19] startup
[9.058s] [ext: omni.ocio-0.1.1] startup
[9.060s] [ext: omni.physx.demos-107.3.26] startup
[9.087s] [ext: omni.kit.property.physx-107.3.26] startup
[9.119s] [ext: omni.replicator.replicator_yaml-2.0.11] startup
[9.139s] [ext: omni.asset_validator.core-1.1.6] startup
[9.209s] [ext: omni.rtx.settings.core-0.6.5] startup
[9.213s] [ext: omni.physx.vehicle-107.3.26] startup
[9.236s] [ext: omni.usd.metrics.assembler.ui-107.3.1] startup
[9.250s] [ext: omni.kit.window.script_editor-2.0.1] startup
[9.253s] [ext: isaacsim.robot.wheeled_robots-4.0.24] startup
[9.260s] [ext: omni.physx.asset_validator-107.3.26] startup
[9.269s] [ext: omni.kit.window.toolbar-2.0.0] startup
[9.276s] [ext: omni.physx.camera-107.3.26] startup
[9.294s] [ext: omni.anim.curve.core-1.3.1] startup
[9.311s] [ext: omni.physx.cct-107.3.26] startup
[9.328s] [ext: omni.physx.graph-107.3.26] startup
[9.351s] [ext: omni.physx.supportui-107.3.26] startup
[9.370s] [ext: omni.physx.telemetry-107.3.26] startup
[9.373s] [ext: isaaclab-0.54.2] startup
[9.620s] [ext: isaaclab_contrib-0.0.2] startup
[9.622s] [ext: isaacsim.core.throttling-2.2.2] startup
[9.624s] [ext: omni.kit.ui.actions-1.0.5] startup
[9.627s] [ext: semantics.schema.property-2.0.1] startup
[9.629s] [ext: omni.physx.bundle-107.3.26] startup
[9.630s] [ext: isaacsim.sensors.camera-1.3.6] startup
[9.636s] [ext: isaaclab_assets-0.2.4] startup
[10.045s] [ext: isaaclab_tasks-0.11.12] startup
[10.276s] [ext: omni.kit.menu.common-2.0.1] startup
[10.278s] [ext: isaaclab_rl-0.4.7] startup
[10.279s] [ext: isaaclab_mimic-1.0.16] startup
[10.280s] [ext: isaaclab.python-2.3.2] startup
[10.283s] Simulation App Starting
2026-08-17T23:05:13Z [10,549ms] [Warning] [carb.audio.device] audio device is misconfigured or broken {deviceIndex = 0, name = 'default'} (The device is likely misconfigured, check your $HOME/.asoundrc)
2026-08-17T23:05:13Z [10,549ms] [Warning] [carb.audio.output] failed to retrieve the capabilities for device 0 {result = eDeviceLost (2)}
2026-08-17T23:05:13Z [10,549ms] [Warning] [carb.audio.context] failed to set the requested output during context creation.  Using a null streamer instead {result = eDeviceLost (2)}
2026-08-17T23:05:13Z [10,587ms] [Warning] [omni.fabric.plugin] Warning: attribute viewportHandle not found for bucket id 9

[10.777s] app ready
[INFO][AppLauncher]: Using device: cuda:0
[INFO][AppLauncher]: Loading experience file: /workspace/isaaclab/apps/isaaclab.python.kit
[INFO]: Parsing configuration from: quadruped_arm.tasks.manager_based.maniploco.mobility_lower_env_cfg:MobilityLowerEnvCfg
======Missing terms====== 
[]
 =======================
[INFO]: Parsing configuration from: quadruped_arm.tasks.manager_based.maniploco.agents.rsl_rl_ppo_cfg:ManiPLocoPPORunnerCfg
[INFO] Logging experiment in directory: /root/gpufree-data/tandem_hrl_620d798/logs/rsl_rl/maniploco
Exact experiment name requested from command line: 2026-08-18_07-05-20

[36m======================================================================================[0m
[36m[1m[INFO][IsaacLab]: Logging to file: /tmp/isaaclab/logs/isaaclab_2026-08-18_07-05-20.log[0m
[36m======================================================================================[0m

[33m07:05:20 [simulation_context.py] WARNING: The `enable_external_forces_every_iteration` parameter in the PhysxCfg is set to False. If you are experiencing noisy velocities, consider enabling this flag. You may need to slightly increase the number of velocity iterations (setting it to 1 or 2 rather than 0), together with this flag, to improve the accuracy of velocity updates.[0m
[INFO]: Base environment:
	Environment device    : cuda:0
	Environment seed      : 146
	Physics step-size     : 0.008333333333333333
	Rendering step-size   : 0.03333333333333333
	Environment step-size : 0.03333333333333333
[33m07:05:21 [terrain_importer.py] WARNING: Visual material specified for ground plane but no diffuse color found. Using default color: (0.0, 0.0, 0.0)[0m
[INFO]: Time taken for scene creation : 37.687272 seconds
[INFO]: Scene manager:  <class InteractiveScene>
	Number of environments: 64
	Environment spacing   : 4.0
	Source prim name      : /World/envs/env_0
	Global prim paths     : ['/World/ground']
	Replicate physics     : True
[INFO]: Starting the simulation. This may take a few seconds. Please wait...
[INFO]: Time taken for simulation start : 3.908088 seconds
[33m07:06:02 [velocity_command.py] WARNING: The velocity command has the 'ranges.heading' attribute set to '(-3.141592653589793, 3.141592653589793)' but the heading command is not active. Consider setting the flag for the heading command to True.[0m
[INFO] Command Manager:  <CommandManager> contains 2 active terms.
+---------------------------------------------+
|             Active Command Terms            |
+-------+------------+------------------------+
| Index | Name       |          Type          |
+-------+------------+------------------------+
|   0   | locomotion | UniformVelocityCommand |
|   1   | ee_goal    | EeSphericalGoalCommand |
+-------+------------+------------------------+

[INFO] Event Manager:  <EventManager> contains 1 active terms.
+------------------------------------+
| Active Event Terms in Mode: 'reset' |
+-----------+------------------------+
|   Index   | Name                   |
+-----------+------------------------+
|     0     | reset_root             |
|     1     | reset_joints           |
|     2     | init_priv              |
|     3     | reset_rewards          |
+-----------+------------------------+

[INFO] Recorder Manager:  <RecorderManager> contains 0 active terms.
+---------------------+
| Active Recorder Terms |
+-----------+---------+
|   Index   | Name    |
+-----------+---------+
+-----------+---------+

[INFO] Action Manager:  <ActionManager> contains 3 active terms.
+------------------------------------+
|  Active Action Terms (shape: 16)   |
+--------+-------------+-------------+
| Index  | Name        |   Dimension |
+--------+-------------+-------------+
|   0    | leg_pos     |          12 |
|   1    | wheel_vel   |           4 |
|   2    | arm_ik      |           0 |
+--------+-------------+-------------+

[INFO] Observation Manager: <ObservationManager> contains 1 groups.
+--------------------------------------------------+
| Active Observation Terms in Group: 'policy' (shape: (876,)) |
+----------------+-------------+-------------------+
|     Index      | Name        |       Shape       |
+----------------+-------------+-------------------+
|       0        | obs         |       (876,)      |
+----------------+-------------+-------------------+

[INFO] Termination Manager:  <TerminationManager> contains 4 active terms.
+--------------------------------+
|    Active Termination Terms    |
+-------+-------------+----------+
| Index | Name        | Time Out |
+-------+-------------+----------+
|   0   | time_out    |   True   |
|   1   | bad_contact |  False   |
|   2   | tilt        |  False   |
|   3   | low_height  |  False   |
+-------+-------------+----------+

[INFO] Reward Manager:  <RewardManager> contains 43 active terms.
+---------------------------------------------------------+
|                   Active Reward Terms                   |
+-------+--------------------------+----------------------+
| Index | Name                     |               Weight |
+-------+--------------------------+----------------------+
|   0   | term_bad_contact         |              -3000.0 |
|   1   | term_tilt                |              -3000.0 |
|   2   | term_low_height          |              -3000.0 |
|   3   | leg_action_l2            |               -0.003 |
|   4   | tracking_lin_vel         |                  0.6 |
|   5   | tracking_lin_vel_x_exp   |                  1.5 |
|   6   | tracking_ang_vel_yaw_l1  |                  0.0 |
|   7   | tracking_ang_vel_yaw_exp |                  1.5 |
|   8   | tracking_lin_vel_y_l2    |                  0.0 |
|   9   | tracking_lin_vel_z_l2    |                  0.0 |
|   10  | survive                  |                  0.0 |
|   11  | foot_contacts_z          |                  0.0 |
|   12  | torques                  |             -7.5e-06 |
|   13  | tracking_lin_vel_y       |                  0.0 |
|   14  | lin_vel_z                | -0.44999999999999996 |
|   15  | ang_vel_xy               |                -0.06 |
|   16  | tracking_ang_vel         |                  0.3 |
|   17  | work                     |              -0.0009 |
|   18  | dof_acc                  |            -2.25e-07 |
|   19  | action_rate              |              -0.0045 |
|   20  | dof_pos_limits           |                 -3.0 |
|   21  | delta_torques            |               -3e-08 |
|   22  | collision                |                 -3.0 |
|   23  | walking_dof              |                 0.03 |
|   24  | hip_pos                  |                -0.06 |
|   25  | feet_jerk                |               -6e-05 |
|   26  | alive                    |                  0.3 |
|   27  | feet_drag                |               -0.024 |
|   28  | feet_contact_forces      |              -0.0003 |
|   29  | roll                     |                 -0.3 |
|   30  | base_height              |                 -0.6 |
|   31  | tracking_lin_vel_max     |  0.44999999999999996 |
|   32  | flat_orientation_l2      |                 -0.6 |
|   33  | air_time_variance        |                 -0.3 |
|   34  | feet_height              |                  0.0 |
|   35  | feet_air_time            |                0.015 |
|   36  | update_last_buffers      |                  0.0 |
|   37  | wheel_idle_speed         |              -0.0009 |
|   38  | wheel_action_l2          |              -0.0003 |
|   39  | wheel_action_rate        |              -0.0006 |
|   40  | teacher_ensemble_match   |  0.22499999999999998 |
|   41  | wheel_forward_use        |                 0.18 |
|   42  | wheel_turn_support       |                0.135 |
+-------+--------------------------+----------------------+

[INFO] Curriculum Manager:  <CurriculumManager> contains 0 active terms.
+----------------------+
| Active Curriculum Terms |
+-----------+----------+
|   Index   | Name     |
+-----------+----------+
+-----------+----------+

Creating window for environment.
[INFO]: Completed setting up the environment...
[INFO] Multi-teacher lower-body mode enabled: ZYB stability + conservative transient + neutral recovery.
--------------------------------------------------------------------------------
Resolved observation sets: 
	 policy :  ['policy']
	 critic :  ['policy']
--------------------------------------------------------------------------------
Actor MLP: MLP(
  (0): Linear(in_features=876, out_features=256, bias=True)
  (1): ELU(alpha=1.0)
  (2): Linear(in_features=256, out_features=128, bias=True)
  (3): ELU(alpha=1.0)
  (4): Linear(in_features=128, out_features=16, bias=True)
)
Critic MLP: MLP(
  (0): Linear(in_features=876, out_features=256, bias=True)
  (1): ELU(alpha=1.0)
  (2): Linear(in_features=256, out_features=128, bias=True)
  (3): ELU(alpha=1.0)
  (4): Linear(in_features=128, out_features=1, bias=True)
)
[INFO] Action exploration std fixed to: 0.050000
[INFO] Leg action exploration std set to: 0.040000
[INFO] Wheel action exploration std fixed to: 0.060000
################################################################################
                       [1m Learning iteration 0/100 [0m                       

                       Computation: 290 steps/s (collection: 5.150s, learning 0.136s)
             Mean action noise std: 0.04
          Mean value_function loss: 0.7575
               Mean surrogate loss: 0.1352
                 Mean entropy loss: -27.1771
                       Mean reward: -1.55
               Mean episode length: 15.00
   Episode_Reward/term_bad_contact: 0.0000
          Episode_Reward/term_tilt: 0.0000
    Episode_Reward/term_low_height: 0.0000
      Episode_Reward/leg_action_l2: -0.0000
   Episode_Reward/tracking_lin_vel: 0.0088
Episode_Reward/tracking_lin_vel_x_exp: 0.0081
Episode_Reward/tracking_ang_vel_yaw_l1: 0.0000
Episode_Reward/tracking_ang_vel_yaw_exp: 0.0294
Episode_Reward/tracking_lin_vel_y_l2: 0.0000
Episode_Reward/tracking_lin_vel_z_l2: 0.0000
            Episode_Reward/survive: 0.0000
    Episode_Reward/foot_contacts_z: 0.0000
            Episode_Reward/torques: -0.0025
 Episode_Reward/tracking_lin_vel_y: 0.0000
          Episode_Reward/lin_vel_z: -0.0015
         Episode_Reward/ang_vel_xy: -0.0001
   Episode_Reward/tracking_ang_vel: 0.0081
               Episode_Reward/work: -0.0040
            Episode_Reward/dof_acc: -0.0000
        Episode_Reward/action_rate: -0.0000
     Episode_Reward/dof_pos_limits: 0.0000
      Episode_Reward/delta_torques: -0.0000
          Episode_Reward/collision: -0.1479
        Episode_Reward/walking_dof: 0.0004
            Episode_Reward/hip_pos: -0.0000
          Episode_Reward/feet_jerk: 0.0000
              Episode_Reward/alive: 0.0083
          Episode_Reward/feet_drag: -0.0003
Episode_Reward/feet_contact_forces: -0.0058
               Episode_Reward/roll: -0.0000
        Episode_Reward/base_height: -0.0007
Episode_Reward/tracking_lin_vel_max: 0.0036
Episode_Reward/flat_orientation_l2: -0.0000
  Episode_Reward/air_time_variance: -0.0000
        Episode_Reward/feet_height: 0.0000
      Episode_Reward/feet_air_time: -0.0000
Episode_Reward/update_last_buffers: 0.0000
   Episode_Reward/wheel_idle_speed: -0.0002
    Episode_Reward/wheel_action_l2: -0.0000
  Episode_Reward/wheel_action_rate: 0.0000
Episode_Reward/teacher_ensemble_match: 0.0062
  Episode_Reward/wheel_forward_use: 0.0022
 Episode_Reward/wheel_turn_support: 0.0000
   Metrics/locomotion/error_vel_xy: 0.0153
  Metrics/locomotion/error_vel_yaw: 0.0032
      Episode_Termination/time_out: 0.0130
   Episode_Termination/bad_contact: 0.0000
          Episode_Termination/tilt: 0.0000
    Episode_Termination/low_height: 0.0000
--------------------------------------------------------------------------------
                   Total timesteps: 1536
                    Iteration time: 5.29s
                      Time elapsed: 00:00:05
                               ETA: 00:08:48

Could not find git repository in /workspace/isaaclab/_isaac_sim/kit/python/lib/python3.11/site-packages/rsl_rl/__init__.py. Skipping.
Could not find git repository in /root/gpufree-data/tandem_hrl_620d798/scripts/rsl_rl/train.py. Skipping.
################################################################################
                       [1m Learning iteration 1/100 [0m                       

                       Computation: 416 steps/s (collection: 3.613s, learning 0.074s)
             Mean action noise std: 0.04
          Mean value_function loss: 0.6286
               Mean surrogate loss: 0.1442
                 Mean entropy loss: -27.1771
                       Mean reward: -3.10
               Mean episode length: 31.75
   Episode_Reward/term_bad_contact: 0.0000
          Episode_Reward/term_tilt: 0.0000
    Episode_Reward/term_low_height: 0.0000
      Episode_Reward/leg_action_l2: -0.0000
   Episode_Reward/tracking_lin_vel: 0.0569
Episode_Reward/tracking_lin_vel_x_exp: 0.0850
Episode_Reward/tracking_ang_vel_yaw_l1: 0.0000
Episode_Reward/tracking_ang_vel_yaw_exp: 0.0974
Episode_Reward/tracking_lin_vel_y_l2: 0.0000
Episode_Reward/tracking_lin_vel_z_l2: 0.0000
            Episode_Reward/survive: 0.0000
    Episode_Reward/foot_contacts_z: 0.0000
            Episode_Reward/torques: -0.0115
 Episode_Reward/tracking_lin_vel_y: 0.0000
          Episode_Reward/lin_vel_z: -0.0026
         Episode_Reward/ang_vel_xy: -0.0004
   Episode_Reward/tracking_ang_vel: 0.0303
               Episode_Reward/work: -0.0086
            Episode_Reward/dof_acc: -0.0001
        Episode_Reward/action_rate: -0.0000
     Episode_Reward/dof_pos_limits: 0.0000
      Episode_Reward/delta_torques: -0.0000
          Episode_Reward/collision: -0.6483
        Episode_Reward/walking_dof: 0.0018
            Episode_Reward/hip_pos: -0.0000
          Episode_Reward/feet_jerk: 0.0000
              Episode_Reward/alive: 0.0339
          Episode_Reward/feet_drag: -0.0009
Episode_Reward/feet_contact_forces: -0.0227
               Episode_Reward/roll: -0.0003
        Episode_Reward/base_height: -0.0023
Episode_Reward/tracking_lin_vel_max: 0.0292
Episode_Reward/flat_orientation_l2: -0.0003
  Episode_Reward/air_time_variance: -0.0000
        Episode_Reward/feet_height: 0.0000
      Episode_Reward/feet_air_time: -0.0000
Episode_Reward/update_last_buffers: 0.0000
   Episode_Reward/wheel_idle_speed: -0.0003
    Episode_Reward/wheel_action_l2: -0.0000
  Episode_Reward/wheel_action_rate: 0.0000
Episode_Reward/teacher_ensemble_match: 0.0254
  Episode_Reward/wheel_forward_use: 0.0090
 Episode_Reward/wheel_turn_support: 0.0000
   Metrics/locomotion/error_vel_xy: 0.0307
  Metrics/locomotion/error_vel_yaw: 0.0236
      Episode_Termination/time_out: 0.0768
   Episode_Termination/bad_contact: 0.0000
          Episode_Termination/tilt: 0.0000
    Episode_Termination/low_height: 0.0000
--------------------------------------------------------------------------------
                   Total timesteps: 3072
                    Iteration time: 3.69s
                      Time elapsed: 00:00:08
                               ETA: 00:07:24

################################################################################
                       [1m Learning iteration 2/100 [0m                       

                       Computation: 421 steps/s (collection: 3.574s, learning 0.073s)
             Mean action noise std: 0.04
          Mean value_function loss: 1.0075
               Mean surrogate loss: 0.1594
                 Mean entropy loss: -27.1771
                       Mean reward: -3.98
               Mean episode length: 39.42
   Episode_Reward/term_bad_contact: 0.0000
          Episode_Reward/term_tilt: 0.0000
    Episode_Reward/term_low_height: 0.0000
      Episode_Reward/leg_action_l2: -0.0000
   Episode_Reward/tracking_lin_vel: 0.0984
Episode_Reward/tracking_lin_vel_x_exp: 0.1716
Episode_Reward/tracking_ang_vel_yaw_l1: 0.0000
Episode_Reward/tracking_ang_vel_yaw_exp: 0.1985
Episode_Reward/tracking_lin_vel_y_l2: 0.0000
Episode_Reward/tracking_lin_vel_z_l2: 0.0000
            Episode_Reward/survive: 0.0000
    Episode_Reward/foot_contacts_z: 0.0000
            Episode_Reward/torques: -0.0189
 Episode_Reward/tracking_lin_vel_y: 0.0000
          Episode_Reward/lin_vel_z: -0.0025
         Episode_Reward/ang_vel_xy: -0.0004
   Episode_Reward/tracking_ang_vel: 0.0512
               Episode_Reward/work: -0.0092
            Episode_Reward/dof_acc: -0.0001
        Episode_Reward/action_rate: -0.0000
     Episode_Reward/dof_pos_limits: 0.0000
      Episode_Reward/delta_torques: -0.0000
          Episode_Reward/collision: -1.1067
        Episode_Reward/walking_dof: 0.0022
            Episode_Reward/hip_pos: -0.0000
          Episode_Reward/feet_jerk: 0.0000
              Episode_Reward/alive: 0.0563
          Episode_Reward/feet_drag: -0.0010
Episode_Reward/feet_contact_forces: -0.0371
               Episode_Reward/roll: -0.0004
        Episode_Reward/base_height: -0.0041
Episode_Reward/tracking_lin_vel_max: 0.0538
Episode_Reward/flat_orientation_l2: -0.0007
  Episode_Reward/air_time_variance: -0.0000
        Episode_Reward/feet_height: 0.0000
      Episode_Reward/feet_air_time: -0.0000
Episode_Reward/update_last_buffers: 0.0000
   Episode_Reward/wheel_idle_speed: -0.0001
    Episode_Reward/wheel_action_l2: -0.0000
  Episode_Reward/wheel_action_rate: 0.0000
Episode_Reward/teacher_ensemble_match: 0.0422
  Episode_Reward/wheel_forward_use: 0.0093
 Episode_Reward/wheel_turn_support: 0.0000
   Metrics/locomotion/error_vel_xy: 0.0402
  Metrics/locomotion/error_vel_yaw: 0.0295
      Episode_Termination/time_out: 0.1725
   Episode_Termination/bad_contact: 0.0000
          Episode_Termination/tilt: 0.0000
    Episode_Termination/low_height: 0.0000
--------------------------------------------------------------------------------
                   Total timesteps: 4608
                    Iteration time: 3.65s
                      Time elapsed: 00:00:12
                               ETA: 00:06:52

################################################################################
                       [1m Learning iteration 3/100 [0m                       

                       Computation: 413 steps/s (collection: 3.643s, learning 0.073s)
             Mean action noise std: 0.04
          Mean value_function loss: 1.2285
               Mean surrogate loss: 0.1322
                 Mean entropy loss: -27.1771
                       Mean reward: -5.30
               Mean episode length: 53.83
   Episode_Reward/term_bad_contact: 0.0000
          Episode_Reward/term_tilt: 0.0000
    Episode_Reward/term_low_height: 0.0000
      Episode_Reward/leg_action_l2: -0.0000
   Episode_Reward/tracking_lin_vel: 0.1464
Episode_Reward/tracking_lin_vel_x_exp: 0.2545
Episode_Reward/tracking_ang_vel_yaw_l1: 0.0000
Episode_Reward/tracking_ang_vel_yaw_exp: 0.1875
Episode_Reward/tracking_lin_vel_y_l2: 0.0000
Episode_Reward/tracking_lin_vel_z_l2: 0.0000
            Episode_Reward/survive: 0.0000
    Episode_Reward/foot_contacts_z: 0.0000
            Episode_Reward/torques: -0.0267
 Episode_Reward/tracking_lin_vel_y: 0.0000
          Episode_Reward/lin_vel_z: -0.0025
         Episode_Reward/ang_vel_xy: -0.0003
   Episode_Reward/tracking_ang_vel: 0.0688
               Episode_Reward/work: -0.0089
            Episode_Reward/dof_acc: -0.0001
        Episode_Reward/action_rate: -0.0000
     Episode_Reward/dof_pos_limits: 0.0000
      Episode_Reward/delta_torques: -0.0000
          Episode_Reward/collision: -1.6267
        Episode_Reward/walking_dof: 0.0015
            Episode_Reward/hip_pos: -0.0000
          Episode_Reward/feet_jerk: 0.0000
              Episode_Reward/alive: 0.0828
          Episode_Reward/feet_drag: -0.0011
Episode_Reward/feet_contact_forces: -0.0546
               Episode_Reward/roll: -0.0010
        Episode_Reward/base_height: -0.0056
Episode_Reward/tracking_lin_vel_max: 0.0943
Episode_Reward/flat_orientation_l2: -0.0003
  Episode_Reward/air_time_variance: -0.0000
        Episode_Reward/feet_height: 0.0000
      Episode_Reward/feet_air_time: -0.0000
Episode_Reward/update_last_buffers: 0.0000
   Episode_Reward/wheel_idle_speed: -0.0002
    Episode_Reward/wheel_action_l2: -0.0000
  Episode_Reward/wheel_action_rate: 0.0000
Episode_Reward/teacher_ensemble_match: 0.0621
  Episode_Reward/wheel_forward_use: 0.0043
 Episode_Reward/wheel_turn_support: 0.0000
   Metrics/locomotion/error_vel_xy: 0.0575
  Metrics/locomotion/error_vel_yaw: 0.0813
      Episode_Termination/time_out: 0.2435
   Episode_Termination/bad_contact: 0.0000
          Episode_Termination/tilt: 0.0000
    Episode_Termination/low_height: 0.0000
--------------------------------------------------------------------------------
                   Total timesteps: 6144
                    Iteration time: 3.72s
                      Time elapsed: 00:00:16
                               ETA: 00:06:36

################################################################################
                       [1m Learning iteration 4/100 [0m                       

                       Computation: 376 steps/s (collection: 4.004s, learning 0.073s)
             Mean action noise std: 0.04
          Mean value_function loss: 1.3172
               Mean surrogate loss: 0.1618
                 Mean entropy loss: -27.1771
                       Mean reward: -6.94
               Mean episode length: 66.04
   Episode_Reward/term_bad_contact: 0.0000
          Episode_Reward/term_tilt: 0.0000
    Episode_Reward/term_low_height: 0.0000
      Episode_Reward/leg_action_l2: -0.0000
   Episode_Reward/tracking_lin_vel: 0.1796
Episode_Reward/tracking_lin_vel_x_exp: 0.2844
Episode_Reward/tracking_ang_vel_yaw_l1: 0.0000
Episode_Reward/tracking_ang_vel_yaw_exp: 0.1688
Episode_Reward/tracking_lin_vel_y_l2: 0.0000
Episode_Reward/tracking_lin_vel_z_l2: 0.0000
            Episode_Reward/survive: 0.0000
    Episode_Reward/foot_contacts_z: 0.0000
            Episode_Reward/torques: -0.0563
 Episode_Reward/tracking_lin_vel_y: 0.0000
          Episode_Reward/lin_vel_z: -0.0026
         Episode_Reward/ang_vel_xy: -0.0007
   Episode_Reward/tracking_ang_vel: 0.0765
               Episode_Reward/work: -0.0116
            Episode_Reward/dof_acc: -0.0001
        Episode_Reward/action_rate: -0.0000
     Episode_Reward/dof_pos_limits: 0.0000
      Episode_Reward/delta_torques: -0.0000
          Episode_Reward/collision: -2.3408
        Episode_Reward/walking_dof: 0.0050
            Episode_Reward/hip_pos: -0.0002
          Episode_Reward/feet_jerk: 0.0000
              Episode_Reward/alive: 0.1045
          Episode_Reward/feet_drag: -0.0017
Episode_Reward/feet_contact_forces: -0.0669
               Episode_Reward/roll: -0.0011
        Episode_Reward/base_height: -0.0077
Episode_Reward/tracking_lin_vel_max: 0.0990
Episode_Reward/flat_orientation_l2: -0.0083
  Episode_Reward/air_time_variance: -0.0000
        Episode_Reward/feet_height: 0.0000
      Episode_Reward/feet_air_time: -0.0000
Episode_Reward/update_last_buffers: 0.0000
   Episode_Reward/wheel_idle_speed: -0.0002
    Episode_Reward/wheel_action_l2: -0.0000
  Episode_Reward/wheel_action_rate: 0.0000
Episode_Reward/teacher_ensemble_match: 0.0783
  Episode_Reward/wheel_forward_use: 0.0165
 Episode_Reward/wheel_turn_support: 0.0000
   Metrics/locomotion/error_vel_xy: 0.0850
  Metrics/locomotion/error_vel_yaw: 0.1397
      Episode_Termination/time_out: 0.3171
   Episode_Termination/bad_contact: 0.0000
          Episode_Termination/tilt: 0.0000
    Episode_Termination/low_height: 0.0000
--------------------------------------------------------------------------------
                   Total timesteps: 7680
                    Iteration time: 4.08s
                      Time elapsed: 00:00:20
                               ETA: 00:06:31

################################################################################
                       [1m Learning iteration 5/100 [0m                       

                       Computation: 410 steps/s (collection: 3.668s, learning 0.073s)
             Mean action noise std: 0.04
          Mean value_function loss: 1.1760
               Mean surrogate loss: 0.0962
                 Mean entropy loss: -27.1771
                       Mean reward: -10.35
               Mean episode length: 86.94
   Episode_Reward/term_bad_contact: 0.0000
          Episode_Reward/term_tilt: 0.0000
    Episode_Reward/term_low_height: 0.0000
      Episode_Reward/leg_action_l2: -0.0000
   Episode_Reward/tracking_lin_vel: 0.2342
Episode_Reward/tracking_lin_vel_x_exp: 0.4146
Episode_Reward/tracking_ang_vel_yaw_l1: 0.0000
Episode_Reward/tracking_ang_vel_yaw_exp: 0.2041
Episode_Reward/tracking_lin_vel_y_l2: 0.0000
Episode_Reward/tracking_lin_vel_z_l2: 0.0000
            Episode_Reward/survive: 0.0000
    Episode_Reward/foot_contacts_z: 0.0000
            Episode_Reward/torques: -0.0623
 Episode_Reward/tracking_lin_vel_y: 0.0000
          Episode_Reward/lin_vel_z: -0.0026
         Episode_Reward/ang_vel_xy: -0.0005
   Episode_Reward/tracking_ang_vel: 0.0907
               Episode_Reward/work: -0.0112
            Episode_Reward/dof_acc: -0.0001
        Episode_Reward/action_rate: -0.0000
     Episode_Reward/dof_pos_limits: 0.0000
      Episode_Reward/delta_torques: -0.0000
          Episode_Reward/collision: -2.8229
        Episode_Reward/walking_dof: 0.0061
            Episode_Reward/hip_pos: -0.0002
          Episode_Reward/feet_jerk: 0.0000
              Episode_Reward/alive: 0.1311
          Episode_Reward/feet_drag: -0.0016
Episode_Reward/feet_contact_forces: -0.0847
               Episode_Reward/roll: -0.0012
        Episode_Reward/base_height: -0.0091
Episode_Reward/tracking_lin_vel_max: 0.1240
Episode_Reward/flat_orientation_l2: -0.0074
  Episode_Reward/air_time_variance: -0.0000
        Episode_Reward/feet_height: 0.0000
      Episode_Reward/feet_air_time: -0.0000
Episode_Reward/update_last_buffers: 0.0000
   Episode_Reward/wheel_idle_speed: -0.0002
    Episode_Reward/wheel_action_l2: -0.0000
  Episode_Reward/wheel_action_rate: 0.0000
Episode_Reward/teacher_ensemble_match: 0.0983
  Episode_Reward/wheel_forward_use: 0.0213
 Episode_Reward/wheel_turn_support: 0.0000
   Metrics/locomotion/error_vel_xy: 0.0853
  Metrics/locomotion/error_vel_yaw: 0.1893
      Episode_Termination/time_out: 0.4245
   Episode_Termination/bad_contact: 0.0000
          Episode_Termination/tilt: 0.0000
    Episode_Termination/low_height: 0.0000
--------------------------------------------------------------------------------
                   Total timesteps: 9216
                    Iteration time: 3.74s
                      Time elapsed: 00:00:24
                               ETA: 00:06:22

################################################################################
                       [1m Learning iteration 6/100 [0m                       

                       Computation: 418 steps/s (collection: 3.600s, learning 0.074s)
             Mean action noise std: 0.04
          Mean value_function loss: 1.0353
               Mean surrogate loss: 0.0653
                 Mean entropy loss: -27.1771
                       Mean reward: -11.57
               Mean episode length: 96.11
   Episode_Reward/term_bad_contact: 0.0000
          Episode_Reward/term_tilt: 0.0000
    Episode_Reward/term_low_height: 0.0000
      Episode_Reward/leg_action_l2: -0.0000
   Episode_Reward/tracking_lin_vel: 0.2588
Episode_Reward/tracking_lin_vel_x_exp: 0.3771
Episode_Reward/tracking_ang_vel_yaw_l1: 0.0000
Episode_Reward/tracking_ang_vel_yaw_exp: 0.4204
Episode_Reward/tracking_lin_vel_y_l2: 0.0000
Episode_Reward/tracking_lin_vel_z_l2: 0.0000
            Episode_Reward/survive: 0.0000
    Episode_Reward/foot_contacts_z: 0.0000
            Episode_Reward/torques: -0.1058
 Episode_Reward/tracking_lin_vel_y: 0.0000
          Episode_Reward/lin_vel_z: -0.0025
         Episode_Reward/ang_vel_xy: -0.0007
   Episode_Reward/tracking_ang_vel: 0.1335
               Episode_Reward/work: -0.0127
            Episode_Reward/dof_acc: -0.0001
        Episode_Reward/action_rate: -0.0000
     Episode_Reward/dof_pos_limits: 0.0000
      Episode_Reward/delta_torques: -0.0001
          Episode_Reward/collision: -3.6237
        Episode_Reward/walking_dof: 0.0087
            Episode_Reward/hip_pos: -0.0004
          Episode_Reward/feet_jerk: 0.0000
              Episode_Reward/alive: 0.1538
          Episode_Reward/feet_drag: -0.0021
Episode_Reward/feet_contact_forces: -0.0975
               Episode_Reward/roll: -0.0021
        Episode_Reward/base_height: -0.0102
Episode_Reward/tracking_lin_vel_max: 0.1161
Episode_Reward/flat_orientation_l2: -0.0182
  Episode_Reward/air_time_variance: -0.0000
        Episode_Reward/feet_height: 0.0000
      Episode_Reward/feet_air_time: -0.0001
Episode_Reward/update_last_buffers: 0.0000
   Episode_Reward/wheel_idle_speed: -0.0003
    Episode_Reward/wheel_action_l2: -0.0000
  Episode_Reward/wheel_action_rate: 0.0000
Episode_Reward/teacher_ensemble_match: 0.1153
  Episode_Reward/wheel_forward_use: 0.0372
 Episode_Reward/wheel_turn_support: 0.0000
   Metrics/locomotion/error_vel_xy: 0.1422
  Metrics/locomotion/error_vel_yaw: 0.1224
      Episode_Termination/time_out: 0.5560
   Episode_Termination/bad_contact: 0.0000
          Episode_Termination/tilt: 0.0000
    Episode_Termination/low_height: 0.0000
--------------------------------------------------------------------------------
                   Total timesteps: 10752
                    Iteration time: 3.67s
                      Time elapsed: 00:00:27
                               ETA: 00:06:13

################################################################################
                       [1m Learning iteration 7/100 [0m                       

                       Computation: 417 steps/s (collection: 3.603s, learning 0.073s)
             Mean action noise std: 0.04
          Mean value_function loss: 0.8721
               Mean surrogate loss: 0.0978
                 Mean entropy loss: -27.1771
                       Mean reward: -12.62
               Mean episode length: 104.14
   Episode_Reward/term_bad_contact: 0.0000
          Episode_Reward/term_tilt: 0.0000
    Episode_Reward/term_low_height: 0.0000
      Episode_Reward/leg_action_l2: -0.0000
   Episode_Reward/tracking_lin_vel: 0.3044
Episode_Reward/tracking_lin_vel_x_exp: 0.4402
Episode_Reward/tracking_ang_vel_yaw_l1: 0.0000
Episode_Reward/tracking_ang_vel_yaw_exp: 0.3883
Episode_Reward/tracking_lin_vel_y_l2: 0.0000
Episode_Reward/tracking_lin_vel_z_l2: 0.0000
            Episode_Reward/survive: 0.0000
    Episode_Reward/foot_contacts_z: 0.0000
            Episode_Reward/torques: -0.0827
 Episode_Reward/tracking_lin_vel_y: 0.0000
          Episode_Reward/lin_vel_z: -0.0026
         Episode_Reward/ang_vel_xy: -0.0005
   Episode_Reward/tracking_ang_vel: 0.1418
               Episode_Reward/work: -0.0110
            Episode_Reward/dof_acc: -0.0001
        Episode_Reward/action_rate: -0.0000
     Episode_Reward/dof_pos_limits: 0.0000
      Episode_Reward/delta_torques: -0.0001
          Episode_Reward/collision: -3.7500
        Episode_Reward/walking_dof: 0.0092
            Episode_Reward/hip_pos: -0.0002
          Episode_Reward/feet_jerk: 0.0000
              Episode_Reward/alive: 0.1777
          Episode_Reward/feet_drag: -0.0024
Episode_Reward/feet_contact_forces: -0.1156
               Episode_Reward/roll: -0.0019
        Episode_Reward/base_height: -0.0106
Episode_Reward/tracking_lin_vel_max: 0.1272
Episode_Reward/flat_orientation_l2: -0.0079
  Episode_Reward/air_time_variance: -0.0000
        Episode_Reward/feet_height: 0.0000
      Episode_Reward/feet_air_time: -0.0001
Episode_Reward/update_last_buffers: 0.0000
   Episode_Reward/wheel_idle_speed: -0.0003
    Episode_Reward/wheel_action_l2: -0.0000
  Episode_Reward/wheel_action_rate: 0.0000
Episode_Reward/teacher_ensemble_match: 0.1333
  Episode_Reward/wheel_forward_use: 0.0383
 Episode_Reward/wheel_turn_support: 0.0000
   Metrics/locomotion/error_vel_xy: 0.1576
  Metrics/locomotion/error_vel_yaw: 0.1911
      Episode_Termination/time_out: 0.6263
   Episode_Termination/bad_contact: 0.0000
          Episode_Termination/tilt: 0.0000
    Episode_Termination/low_height: 0.0000
--------------------------------------------------------------------------------
                   Total timesteps: 12288
                    Iteration time: 3.68s
                      Time elapsed: 00:00:31
                               ETA: 00:06:06

################################################################################
                       [1m Learning iteration 8/100 [0m                       

                       Computation: 421 steps/s (collection: 3.575s, learning 0.073s)
             Mean action noise std: 0.04
          Mean value_function loss: 0.8412
               Mean surrogate loss: 0.0802
                 Mean entropy loss: -27.1771
                       Mean reward: -13.35
               Mean episode length: 112.76
   Episode_Reward/term_bad_contact: 0.0000
          Episode_Reward/term_tilt: 0.0000
    Episode_Reward/term_low_height: 0.0000
      Episode_Reward/leg_action_l2: -0.0000
   Episode_Reward/tracking_lin_vel: 0.3706
Episode_Reward/tracking_lin_vel_x_exp: 0.5966
Episode_Reward/tracking_ang_vel_yaw_l1: 0.0000
Episode_Reward/tracking_ang_vel_yaw_exp: 0.5019
Episode_Reward/tracking_lin_vel_y_l2: 0.0000
Episode_Reward/tracking_lin_vel_z_l2: 0.0000
            Episode_Reward/survive: 0.0000
    Episode_Reward/foot_contacts_z: 0.0000
            Episode_Reward/torques: -0.0608
 Episode_Reward/tracking_lin_vel_y: 0.0000
          Episode_Reward/lin_vel_z: -0.0025
         Episode_Reward/ang_vel_xy: -0.0003
   Episode_Reward/tracking_ang_vel: 0.1742
               Episode_Reward/work: -0.0103
            Episode_Reward/dof_acc: -0.0001
        Episode_Reward/action_rate: -0.0000
     Episode_Reward/dof_pos_limits: 0.0000
      Episode_Reward/delta_torques: -0.0000
          Episode_Reward/collision: -3.9917
        Episode_Reward/walking_dof: 0.0018
            Episode_Reward/hip_pos: -0.0001
          Episode_Reward/feet_jerk: 0.0000
              Episode_Reward/alive: 0.2011
          Episode_Reward/feet_drag: -0.0023
Episode_Reward/feet_contact_forces: -0.1319
               Episode_Reward/roll: -0.0021
        Episode_Reward/base_height: -0.0133
Episode_Reward/tracking_lin_vel_max: 0.2737
Episode_Reward/flat_orientation_l2: -0.0008
  Episode_Reward/air_time_variance: -0.0000
        Episode_Reward/feet_height: 0.0000
      Episode_Reward/feet_air_time: 0.0000
Episode_Reward/update_last_buffers: 0.0000
   Episode_Reward/wheel_idle_speed: -0.0008
    Episode_Reward/wheel_action_l2: -0.0000
  Episode_Reward/wheel_action_rate: 0.0000
Episode_Reward/teacher_ensemble_match: 0.1508
  Episode_Reward/wheel_forward_use: 0.0082
 Episode_Reward/wheel_turn_support: 0.0000
   Metrics/locomotion/error_vel_xy: 0.1270
  Metrics/locomotion/error_vel_yaw: 0.1716
      Episode_Termination/time_out: 0.6921
   Episode_Termination/bad_contact: 0.0000
          Episode_Termination/tilt: 0.0000
    Episode_Termination/low_height: 0.0000
--------------------------------------------------------------------------------
                   Total timesteps: 13824
                    Iteration time: 3.65s
                      Time elapsed: 00:00:35
                               ETA: 00:05:59

################################################################################
                       [1m Learning iteration 9/100 [0m                       

                       Computation: 417 steps/s (collection: 3.602s, learning 0.072s)
             Mean action noise std: 0.04
          Mean value_function loss: 0.9351
               Mean surrogate loss: 0.0508
                 Mean entropy loss: -27.1771
                       Mean reward: -15.03
               Mean episode length: 128.09
   Episode_Reward/term_bad_contact: 0.0000
          Episode_Reward/term_tilt: 0.0000
    Episode_Reward/term_low_height: 0.0000
      Episode_Reward/leg_action_l2: -0.0000
   Episode_Reward/tracking_lin_vel: 0.4145
Episode_Reward/tracking_lin_vel_x_exp: 0.7129
Episode_Reward/tracking_ang_vel_yaw_l1: 0.0000
Episode_Reward/tracking_ang_vel_yaw_exp: 0.6016
Episode_Reward/tracking_lin_vel_y_l2: 0.0000
Episode_Reward/tracking_lin_vel_z_l2: 0.0000
            Episode_Reward/survive: 0.0000
    Episode_Reward/foot_contacts_z: 0.0000
            Episode_Reward/torques: -0.0897
 Episode_Reward/tracking_lin_vel_y: 0.0000
          Episode_Reward/lin_vel_z: -0.0026
         Episode_Reward/ang_vel_xy: -0.0004
   Episode_Reward/tracking_ang_vel: 0.1912
               Episode_Reward/work: -0.0119
            Episode_Reward/dof_acc: -0.0001
        Episode_Reward/action_rate: -0.0000
     Episode_Reward/dof_pos_limits: 0.0000
      Episode_Reward/delta_torques: -0.0001
          Episode_Reward/collision: -4.7767
        Episode_Reward/walking_dof: 0.0057
            Episode_Reward/hip_pos: -0.0002
          Episode_Reward/feet_jerk: 0.0000
              Episode_Reward/alive: 0.2268
          Episode_Reward/feet_drag: -0.0025
Episode_Reward/feet_contact_forces: -0.1474
               Episode_Reward/roll: -0.0017
        Episode_Reward/base_height: -0.0164
Episode_Reward/tracking_lin_vel_max: 0.2625
Episode_Reward/flat_orientation_l2: -0.0085
  Episode_Reward/air_time_variance: -0.0000
        Episode_Reward/feet_height: 0.0000
      Episode_Reward/feet_air_time: -0.0000
Episode_Reward/update_last_buffers: 0.0000
   Episode_Reward/wheel_idle_speed: -0.0005
    Episode_Reward/wheel_action_l2: -0.0000
  Episode_Reward/wheel_action_rate: 0.0000
Episode_Reward/teacher_ensemble_match: 0.1700
  Episode_Reward/wheel_forward_use: 0.0261
 Episode_Reward/wheel_turn_support: 0.0000
   Metrics/locomotion/error_vel_xy: 0.1381
  Metrics/locomotion/error_vel_yaw: 0.1977
      Episode_Termination/time_out: 0.7741
   Episode_Termination/bad_contact: 0.0000
          Episode_Termination/tilt: 0.0000
    Episode_Termination/low_height: 0.0000
--------------------------------------------------------------------------------
                   Total timesteps: 15360
                    Iteration time: 3.67s
                      Time elapsed: 00:00:38
                               ETA: 00:05:53

################################################################################
                      [1m Learning iteration 10/100 [0m                       

                       Computation: 421 steps/s (collection: 3.572s, learning 0.072s)
             Mean action noise std: 0.04
          Mean value_function loss: 0.7536
               Mean surrogate loss: 0.0661
                 Mean entropy loss: -27.1771
                       Mean reward: -16.79
               Mean episode length: 139.24
   Episode_Reward/term_bad_contact: 0.0000
          Episode_Reward/term_tilt: 0.0000
    Episode_Reward/term_low_height: 0.0000
      Episode_Reward/leg_action_l2: -0.0000
   Episode_Reward/tracking_lin_vel: 0.3977
Episode_Reward/tracking_lin_vel_x_exp: 0.5318
Episode_Reward/tracking_ang_vel_yaw_l1: 0.0000
Episode_Reward/tracking_ang_vel_yaw_exp: 0.7007
Episode_Reward/tracking_lin_vel_y_l2: 0.0000
Episode_Reward/tracking_lin_vel_z_l2: 0.0000
            Episode_Reward/survive: 0.0000
    Episode_Reward/foot_contacts_z: 0.0000
            Episode_Reward/torques: -0.1228
 Episode_Reward/tracking_lin_vel_y: 0.0000
          Episode_Reward/lin_vel_z: -0.0027
         Episode_Reward/ang_vel_xy: -0.0008
   Episode_Reward/tracking_ang_vel: 0.2228
               Episode_Reward/work: -0.0158
            Episode_Reward/dof_acc: -0.0002
        Episode_Reward/action_rate: -0.0000
     Episode_Reward/dof_pos_limits: 0.0000
      Episode_Reward/delta_torques: -0.0001
          Episode_Reward/collision: -5.2638
        Episode_Reward/walking_dof: 0.0135
            Episode_Reward/hip_pos: -0.0004
          Episode_Reward/feet_jerk: 0.0000
              Episode_Reward/alive: 0.2495
          Episode_Reward/feet_drag: -0.0045
Episode_Reward/feet_contact_forces: -0.1617
               Episode_Reward/roll: -0.0025
        Episode_Reward/base_height: -0.0142
Episode_Reward/tracking_lin_vel_max: 0.1867
Episode_Reward/flat_orientation_l2: -0.0114
  Episode_Reward/air_time_variance: -0.0000
        Episode_Reward/feet_height: 0.0000
      Episode_Reward/feet_air_time: -0.0000
Episode_Reward/update_last_buffers: 0.0000
   Episode_Reward/wheel_idle_speed: -0.0003
    Episode_Reward/wheel_action_l2: -0.0000
  Episode_Reward/wheel_action_rate: 0.0000
Episode_Reward/teacher_ensemble_match: 0.1871
  Episode_Reward/wheel_forward_use: 0.0575
 Episode_Reward/wheel_turn_support: 0.0000
   Metrics/locomotion/error_vel_xy: 0.2726
  Metrics/locomotion/error_vel_yaw: 0.1815
      Episode_Termination/time_out: 0.8529
   Episode_Termination/bad_contact: 0.0000
          Episode_Termination/tilt: 0.0000
    Episode_Termination/low_height: 0.0000
--------------------------------------------------------------------------------
                   Total timesteps: 16896
                    Iteration time: 3.64s
                      Time elapsed: 00:00:42
                               ETA: 00:05:47

################################################################################
                      [1m Learning iteration 11/100 [0m                       

                       Computation: 429 steps/s (collection: 3.500s, learning 0.075s)
             Mean action noise std: 0.04
          Mean value_function loss: 0.6419
               Mean surrogate loss: 0.0535
                 Mean entropy loss: -27.1771
                       Mean reward: -16.79
               Mean episode length: 139.24
   Episode_Reward/term_bad_contact: 0.0000
          Episode_Reward/term_tilt: 0.0000
    Episode_Reward/term_low_height: 0.0000
      Episode_Reward/leg_action_l2: -0.0000
   Episode_Reward/tracking_lin_vel: 0.4179
Episode_Reward/tracking_lin_vel_x_exp: 0.5346
Episode_Reward/tracking_ang_vel_yaw_l1: 0.0000
Episode_Reward/tracking_ang_vel_yaw_exp: 0.7264
Episode_Reward/tracking_lin_vel_y_l2: 0.0000
Episode_Reward/tracking_lin_vel_z_l2: 0.0000
            Episode_Reward/survive: 0.0000
    Episode_Reward/foot_contacts_z: 0.0000
            Episode_Reward/torques: -0.2319
 Episode_Reward/tracking_lin_vel_y: 0.0000
          Episode_Reward/lin_vel_z: -0.0026
         Episode_Reward/ang_vel_xy: -0.0007
   Episode_Reward/tracking_ang_vel: 0.2368
               Episode_Reward/work: -0.0136
            Episode_Reward/dof_acc: -0.0001
        Episode_Reward/action_rate: -0.0000
     Episode_Reward/dof_pos_limits: 0.0000
      Episode_Reward/delta_torques: -0.0002
          Episode_Reward/collision: -7.1100
        Episode_Reward/walking_dof: 0.0239
            Episode_Reward/hip_pos: -0.0008
          Episode_Reward/feet_jerk: 0.0000
              Episode_Reward/alive: 0.2640
          Episode_Reward/feet_drag: -0.0028
Episode_Reward/feet_contact_forces: -0.1633
               Episode_Reward/roll: -0.0022
        Episode_Reward/base_height: -0.0210
Episode_Reward/tracking_lin_vel_max: 0.0760
Episode_Reward/flat_orientation_l2: -0.0490
  Episode_Reward/air_time_variance: -0.0000
        Episode_Reward/feet_height: 0.0000
      Episode_Reward/feet_air_time: -0.0001
Episode_Reward/update_last_buffers: 0.0000
   Episode_Reward/wheel_idle_speed: 0.0000
    Episode_Reward/wheel_action_l2: -0.0000
  Episode_Reward/wheel_action_rate: 0.0000
Episode_Reward/teacher_ensemble_match: 0.1979
  Episode_Reward/wheel_forward_use: 0.1098
 Episode_Reward/wheel_turn_support: 0.0000
   Metrics/locomotion/error_vel_xy: 0.2966
  Metrics/locomotion/error_vel_yaw: 0.1936
      Episode_Termination/time_out: 0.9062
   Episode_Termination/bad_contact: 0.0000
          Episode_Termination/tilt: 0.0000
    Episode_Termination/low_height: 0.0000
--------------------------------------------------------------------------------
                   Total timesteps: 18432
                    Iteration time: 3.58s
                      Time elapsed: 00:00:46
                               ETA: 00:05:41

################################################################################
                      [1m Learning iteration 12/100 [0m                       

                       Computation: 420 steps/s (collection: 3.580s, learning 0.073s)
             Mean action noise std: 0.04
          Mean value_function loss: 0.8505
               Mean surrogate loss: 0.0259
                 Mean entropy loss: -27.1771
                       Mean reward: -18.80
               Mean episode length: 155.75
   Episode_Reward/term_bad_contact: 0.0000
          Episode_Reward/term_tilt: 0.0000
    Episode_Reward/term_low_height: 0.0000
      Episode_Reward/leg_action_l2: -0.0000
   Episode_Reward/tracking_lin_vel: 0.4492
Episode_Reward/tracking_lin_vel_x_exp: 0.5725
Episode_Reward/tracking_ang_vel_yaw_l1: 0.0000
Episode_Reward/tracking_ang_vel_yaw_exp: 0.7439
Episode_Reward/tracking_lin_vel_y_l2: 0.0000
Episode_Reward/tracking_lin_vel_z_l2: 0.0000
            Episode_Reward/survive: 0.0000
    Episode_Reward/foot_contacts_z: 0.0000
            Episode_Reward/torques: -0.1423
 Episode_Reward/tracking_lin_vel_y: 0.0000
          Episode_Reward/lin_vel_z: -0.0025
         Episode_Reward/ang_vel_xy: -0.0004
   Episode_Reward/tracking_ang_vel: 0.2629
               Episode_Reward/work: -0.0120
            Episode_Reward/dof_acc: -0.0001
        Episode_Reward/action_rate: -0.0000
     Episode_Reward/dof_pos_limits: 0.0000
      Episode_Reward/delta_torques: -0.0001
          Episode_Reward/collision: -6.1979
        Episode_Reward/walking_dof: 0.0178
            Episode_Reward/hip_pos: -0.0004
          Episode_Reward/feet_jerk: 0.0000
              Episode_Reward/alive: 0.2952
          Episode_Reward/feet_drag: -0.0037
Episode_Reward/feet_contact_forces: -0.1923
               Episode_Reward/roll: -0.0025
        Episode_Reward/base_height: -0.0155
Episode_Reward/tracking_lin_vel_max: 0.1560
Episode_Reward/flat_orientation_l2: -0.0102
  Episode_Reward/air_time_variance: -0.0000
        Episode_Reward/feet_height: 0.0000
      Episode_Reward/feet_air_time: -0.0001
Episode_Reward/update_last_buffers: 0.0000
   Episode_Reward/wheel_idle_speed: -0.0003
    Episode_Reward/wheel_action_l2: -0.0000
  Episode_Reward/wheel_action_rate: 0.0000
Episode_Reward/teacher_ensemble_match: 0.2212
  Episode_Reward/wheel_forward_use: 0.0765
 Episode_Reward/wheel_turn_support: 0.0000
   Metrics/locomotion/error_vel_xy: 0.3584
  Metrics/locomotion/error_vel_yaw: 0.2364
      Episode_Termination/time_out: 0.9909
   Episode_Termination/bad_contact: 0.0000
          Episode_Termination/tilt: 0.0000
    Episode_Termination/low_height: 0.0000
--------------------------------------------------------------------------------
                   Total timesteps: 19968
                    Iteration time: 3.65s
                      Time elapsed: 00:00:49
                               ETA: 00:05:36

################################################################################
                      [1m Learning iteration 13/100 [0m                       

                       Computation: 426 steps/s (collection: 3.532s, learning 0.073s)
             Mean action noise std: 0.04
          Mean value_function loss: 0.5671
               Mean surrogate loss: 0.0313
                 Mean entropy loss: -27.1771
                       Mean reward: -20.44
               Mean episode length: 162.12
   Episode_Reward/term_bad_contact: 0.0000
          Episode_Reward/term_tilt: 0.0000
    Episode_Reward/term_low_height: 0.0000
      Episode_Reward/leg_action_l2: -0.0000
   Episode_Reward/tracking_lin_vel: 0.5142
Episode_Reward/tracking_lin_vel_x_exp: 0.7338
Episode_Reward/tracking_ang_vel_yaw_l1: 0.0000
Episode_Reward/tracking_ang_vel_yaw_exp: 0.8130
Episode_Reward/tracking_lin_vel_y_l2: 0.0000
Episode_Reward/tracking_lin_vel_z_l2: 0.0000
            Episode_Reward/survive: 0.0000
    Episode_Reward/foot_contacts_z: 0.0000
            Episode_Reward/torques: -0.2139
 Episode_Reward/tracking_lin_vel_y: 0.0000
          Episode_Reward/lin_vel_z: -0.0026
         Episode_Reward/ang_vel_xy: -0.0007
   Episode_Reward/tracking_ang_vel: 0.2630
               Episode_Reward/work: -0.0137
            Episode_Reward/dof_acc: -0.0001
        Episode_Reward/action_rate: -0.0000
     Episode_Reward/dof_pos_limits: 0.0000
      Episode_Reward/delta_torques: -0.0002
          Episode_Reward/collision: -7.4283
        Episode_Reward/walking_dof: 0.0075
            Episode_Reward/hip_pos: -0.0008
          Episode_Reward/feet_jerk: 0.0000
              Episode_Reward/alive: 0.3000
          Episode_Reward/feet_drag: -0.0030
Episode_Reward/feet_contact_forces: -0.1889
               Episode_Reward/roll: -0.0017
        Episode_Reward/base_height: -0.0233
Episode_Reward/tracking_lin_vel_max: 0.3439
Episode_Reward/flat_orientation_l2: -0.0407
  Episode_Reward/air_time_variance: -0.0000
        Episode_Reward/feet_height: 0.0000
      Episode_Reward/feet_air_time: -0.0000
Episode_Reward/update_last_buffers: 0.0000
   Episode_Reward/wheel_idle_speed: -0.0005
    Episode_Reward/wheel_action_l2: -0.0000
  Episode_Reward/wheel_action_rate: 0.0000
Episode_Reward/teacher_ensemble_match: 0.2249
  Episode_Reward/wheel_forward_use: 0.0300
 Episode_Reward/wheel_turn_support: 0.0000
   Metrics/locomotion/error_vel_xy: 0.2687
  Metrics/locomotion/error_vel_yaw: 0.2376
      Episode_Termination/time_out: 1.0000
   Episode_Termination/bad_contact: 0.0000
          Episode_Termination/tilt: 0.0000
    Episode_Termination/low_height: 0.0000
--------------------------------------------------------------------------------
                   Total timesteps: 21504
                    Iteration time: 3.61s
                      Time elapsed: 00:00:53
                               ETA: 00:05:31

################################################################################
                      [1m Learning iteration 14/100 [0m                       

                       Computation: 420 steps/s (collection: 3.577s, learning 0.073s)
             Mean action noise std: 0.04
          Mean value_function loss: 0.7297
               Mean surrogate loss: 0.0320
                 Mean entropy loss: -27.1771
                       Mean reward: -22.88
               Mean episode length: 174.99
   Episode_Reward/term_bad_contact: 0.0000
          Episode_Reward/term_tilt: 0.0000
    Episode_Reward/term_low_height: 0.0000
      Episode_Reward/leg_action_l2: -0.0000
   Episode_Reward/tracking_lin_vel: 0.4865
Episode_Reward/tracking_lin_vel_x_exp: 0.6858
Episode_Reward/tracking_ang_vel_yaw_l1: 0.0000
Episode_Reward/tracking_ang_vel_yaw_exp: 0.7333
Episode_Reward/tracking_lin_vel_y_l2: 0.0000
Episode_Reward/tracking_lin_vel_z_l2: 0.0000
            Episode_Reward/survive: 0.0000
    Episode_Reward/foot_contacts_z: 0.0000
            Episode_Reward/torques: -0.1878
 Episode_Reward/tracking_lin_vel_y: 0.0000
          Episode_Reward/lin_vel_z: -0.0026
         Episode_Reward/ang_vel_xy: -0.0007
   Episode_Reward/tracking_ang_vel: 0.2394
               Episode_Reward/work: -0.0160
            Episode_Reward/dof_acc: -0.0002
        Episode_Reward/action_rate: -0.0000
     Episode_Reward/dof_pos_limits: 0.0000
      Episode_Reward/delta_torques: -0.0002
          Episode_Reward/collision: -6.9271
        Episode_Reward/walking_dof: 0.0167
            Episode_Reward/hip_pos: -0.0007
          Episode_Reward/feet_jerk: 0.0000
              Episode_Reward/alive: 0.3000
          Episode_Reward/feet_drag: -0.0043
Episode_Reward/feet_contact_forces: -0.1918
               Episode_Reward/roll: -0.0022
        Episode_Reward/base_height: -0.0197
Episode_Reward/tracking_lin_vel_max: 0.2098
Episode_Reward/flat_orientation_l2: -0.0283
  Episode_Reward/air_time_variance: -0.0000
        Episode_Reward/feet_height: 0.0000
      Episode_Reward/feet_air_time: -0.0000
Episode_Reward/update_last_buffers: 0.0000
   Episode_Reward/wheel_idle_speed: -0.0004
    Episode_Reward/wheel_action_l2: -0.0000
  Episode_Reward/wheel_action_rate: 0.0000
Episode_Reward/teacher_ensemble_match: 0.2249
  Episode_Reward/wheel_forward_use: 0.0671
 Episode_Reward/wheel_turn_support: 0.0000
   Metrics/locomotion/error_vel_xy: 0.3093
  Metrics/locomotion/error_vel_yaw: 0.3062
      Episode_Termination/time_out: 1.0000
   Episode_Termination/bad_contact: 0.0000
          Episode_Termination/tilt: 0.0000
    Episode_Termination/low_height: 0.0000
--------------------------------------------------------------------------------
                   Total timesteps: 23040
                    Iteration time: 3.65s
                      Time elapsed: 00:00:56
                               ETA: 00:05:26

################################################################################
                      [1m Learning iteration 15/100 [0m                       

                       Computation: 423 steps/s (collection: 3.554s, learning 0.073s)
             Mean action noise std: 0.04
          Mean value_function loss: 0.5445
               Mean surrogate loss: 0.0306
                 Mean entropy loss: -27.1771
                       Mean reward: -23.29
               Mean episode length: 181.32
   Episode_Reward/term_bad_contact: 0.0000
          Episode_Reward/term_tilt: 0.0000
    Episode_Reward/term_low_height: 0.0000
      Episode_Reward/leg_action_l2: -0.0000
   Episode_Reward/tracking_lin_vel: 0.5512
Episode_Reward/tracking_lin_vel_x_exp: 0.9404
Episode_Reward/tracking_ang_vel_yaw_l1: 0.0000
Episode_Reward/tracking_ang_vel_yaw_exp: 0.7422
Episode_Reward/tracking_lin_vel_y_l2: 0.0000
Episode_Reward/tracking_lin_vel_z_l2: 0.0000
            Episode_Reward/survive: 0.0000
    Episode_Reward/foot_contacts_z: 0.0000
            Episode_Reward/torques: -0.0914
 Episode_Reward/tracking_lin_vel_y: 0.0000
          Episode_Reward/lin_vel_z: -0.0026
         Episode_Reward/ang_vel_xy: -0.0003
   Episode_Reward/tracking_ang_vel: 0.2535
               Episode_Reward/work: -0.0113
            Episode_Reward/dof_acc: -0.0001
        Episode_Reward/action_rate: -0.0000
     Episode_Reward/dof_pos_limits: 0.0000
      Episode_Reward/delta_torques: -0.0001
          Episode_Reward/collision: -6.0075
        Episode_Reward/walking_dof: 0.0050
            Episode_Reward/hip_pos: -0.0002
          Episode_Reward/feet_jerk: 0.0000
              Episode_Reward/alive: 0.3000
          Episode_Reward/feet_drag: -0.0027
Episode_Reward/feet_contact_forces: -0.1965
               Episode_Reward/roll: -0.0023
        Episode_Reward/base_height: -0.0206
Episode_Reward/tracking_lin_vel_max: 0.3663
Episode_Reward/flat_orientation_l2: -0.0022
  Episode_Reward/air_time_variance: -0.0000
        Episode_Reward/feet_height: 0.0000
      Episode_Reward/feet_air_time: 0.0000
Episode_Reward/update_last_buffers: 0.0000
   Episode_Reward/wheel_idle_speed: -0.0005
    Episode_Reward/wheel_action_l2: -0.0000
  Episode_Reward/wheel_action_rate: 0.0000
Episode_Reward/teacher_ensemble_match: 0.2249
  Episode_Reward/wheel_forward_use: 0.0195
 Episode_Reward/wheel_turn_support: 0.0000
   Metrics/locomotion/error_vel_xy: 0.1801
  Metrics/locomotion/error_vel_yaw: 0.2725
      Episode_Termination/time_out: 1.0000
   Episode_Termination/bad_contact: 0.0000
          Episode_Termination/tilt: 0.0000
    Episode_Termination/low_height: 0.0000
--------------------------------------------------------------------------------
                   Total timesteps: 24576
                    Iteration time: 3.63s
                      Time elapsed: 00:01:00
                               ETA: 00:05:21

################################################################################
                      [1m Learning iteration 16/100 [0m                       

                       Computation: 421 steps/s (collection: 3.570s, learning 0.073s)
             Mean action noise std: 0.04
          Mean value_function loss: 0.6828
               Mean surrogate loss: 0.0255
                 Mean entropy loss: -27.1771
                       Mean reward: -24.12
               Mean episode length: 188.38
   Episode_Reward/term_bad_contact: 0.0000
          Episode_Reward/term_tilt: 0.0000
    Episode_Reward/term_low_height: 0.0000
      Episode_Reward/leg_action_l2: -0.0000
   Episode_Reward/tracking_lin_vel: 0.5102
Episode_Reward/tracking_lin_vel_x_exp: 0.7743
Episode_Reward/tracking_ang_vel_yaw_l1: 0.0000
Episode_Reward/tracking_ang_vel_yaw_exp: 0.6960
Episode_Reward/tracking_lin_vel_y_l2: 0.0000
Episode_Reward/tracking_lin_vel_z_l2: 0.0000
            Episode_Reward/survive: 0.0000
    Episode_Reward/foot_contacts_z: 0.0000
            Episode_Reward/torques: -0.1591
 Episode_Reward/tracking_lin_vel_y: 0.0000
          Episode_Reward/lin_vel_z: -0.0026
         Episode_Reward/ang_vel_xy: -0.0005
   Episode_Reward/tracking_ang_vel: 0.2583
               Episode_Reward/work: -0.0126
            Episode_Reward/dof_acc: -0.0001
        Episode_Reward/action_rate: -0.0000
     Episode_Reward/dof_pos_limits: 0.0000
      Episode_Reward/delta_torques: -0.0001
          Episode_Reward/collision: -6.6333
        Episode_Reward/walking_dof: 0.0125
            Episode_Reward/hip_pos: -0.0006
          Episode_Reward/feet_jerk: 0.0000
              Episode_Reward/alive: 0.3000
          Episode_Reward/feet_drag: -0.0035
Episode_Reward/feet_contact_forces: -0.1939
               Episode_Reward/roll: -0.0031
        Episode_Reward/base_height: -0.0214
Episode_Reward/tracking_lin_vel_max: 0.2602
Episode_Reward/flat_orientation_l2: -0.0213
  Episode_Reward/air_time_variance: -0.0000
        Episode_Reward/feet_height: 0.0000
      Episode_Reward/feet_air_time: -0.0000
Episode_Reward/update_last_buffers: 0.0000
   Episode_Reward/wheel_idle_speed: -0.0005
    Episode_Reward/wheel_action_l2: -0.0000
  Episode_Reward/wheel_action_rate: 0.0000
Episode_Reward/teacher_ensemble_match: 0.2249
  Episode_Reward/wheel_forward_use: 0.0554
 Episode_Reward/wheel_turn_support: 0.0000
   Metrics/locomotion/error_vel_xy: 0.2627
  Metrics/locomotion/error_vel_yaw: 0.2737
      Episode_Termination/time_out: 1.0000
   Episode_Termination/bad_contact: 0.0000
          Episode_Termination/tilt: 0.0000
    Episode_Termination/low_height: 0.0000
--------------------------------------------------------------------------------
                   Total timesteps: 26112
                    Iteration time: 3.64s
                      Time elapsed: 00:01:04
                               ETA: 00:05:17

################################################################################
                      [1m Learning iteration 17/100 [0m                       

                       Computation: 421 steps/s (collection: 3.567s, learning 0.073s)
             Mean action noise std: 0.04
          Mean value_function loss: 0.6207
               Mean surrogate loss: 0.0238
                 Mean entropy loss: -27.1771
                       Mean reward: -25.02
               Mean episode length: 195.82
   Episode_Reward/term_bad_contact: 0.0000
          Episode_Reward/term_tilt: 0.0000
    Episode_Reward/term_low_height: 0.0000
      Episode_Reward/leg_action_l2: -0.0000
   Episode_Reward/tracking_lin_vel: 0.4927
Episode_Reward/tracking_lin_vel_x_exp: 0.6945
Episode_Reward/tracking_ang_vel_yaw_l1: 0.0000
Episode_Reward/tracking_ang_vel_yaw_exp: 0.7701
Episode_Reward/tracking_lin_vel_y_l2: 0.0000
Episode_Reward/tracking_lin_vel_z_l2: 0.0000
            Episode_Reward/survive: 0.0000
    Episode_Reward/foot_contacts_z: 0.0000
            Episode_Reward/torques: -0.2018
 Episode_Reward/tracking_lin_vel_y: 0.0000
          Episode_Reward/lin_vel_z: -0.0027
         Episode_Reward/ang_vel_xy: -0.0011
   Episode_Reward/tracking_ang_vel: 0.2582
               Episode_Reward/work: -0.0197
            Episode_Reward/dof_acc: -0.0002
        Episode_Reward/action_rate: -0.0000
     Episode_Reward/dof_pos_limits: 0.0000
      Episode_Reward/delta_torques: -0.0002
          Episode_Reward/collision: -6.9529
        Episode_Reward/walking_dof: 0.0181
            Episode_Reward/hip_pos: -0.0007
          Episode_Reward/feet_jerk: 0.0000
              Episode_Reward/alive: 0.3000
          Episode_Reward/feet_drag: -0.0048
Episode_Reward/feet_contact_forces: -0.1911
               Episode_Reward/roll: -0.0027
        Episode_Reward/base_height: -0.0210
Episode_Reward/tracking_lin_vel_max: 0.2263
Episode_Reward/flat_orientation_l2: -0.0322
  Episode_Reward/air_time_variance: -0.0000
        Episode_Reward/feet_height: 0.0000
      Episode_Reward/feet_air_time: -0.0001
Episode_Reward/update_last_buffers: 0.0000
   Episode_Reward/wheel_idle_speed: -0.0002
    Episode_Reward/wheel_action_l2: -0.0000
  Episode_Reward/wheel_action_rate: 0.0000
Episode_Reward/teacher_ensemble_match: 0.2248
  Episode_Reward/wheel_forward_use: 0.0837
 Episode_Reward/wheel_turn_support: 0.0000
   Metrics/locomotion/error_vel_xy: 0.3004
  Metrics/locomotion/error_vel_yaw: 0.2567
      Episode_Termination/time_out: 1.0000
   Episode_Termination/bad_contact: 0.0000
          Episode_Termination/tilt: 0.0000
    Episode_Termination/low_height: 0.0000
--------------------------------------------------------------------------------
                   Total timesteps: 27648
                    Iteration time: 3.64s
                      Time elapsed: 00:01:07
                               ETA: 00:05:12

################################################################################
                      [1m Learning iteration 18/100 [0m                       

                       Computation: 415 steps/s (collection: 3.622s, learning 0.073s)
             Mean action noise std: 0.04
          Mean value_function loss: 0.8672
               Mean surrogate loss: 0.0285
                 Mean entropy loss: -27.1771
                       Mean reward: -25.91
               Mean episode length: 206.24
   Episode_Reward/term_bad_contact: 0.0000
          Episode_Reward/term_tilt: 0.0000
    Episode_Reward/term_low_height: 0.0000
      Episode_Reward/leg_action_l2: -0.0000
   Episode_Reward/tracking_lin_vel: 0.5112
Episode_Reward/tracking_lin_vel_x_exp: 0.7618
Episode_Reward/tracking_ang_vel_yaw_l1: 0.0000
Episode_Reward/tracking_ang_vel_yaw_exp: 0.6716
Episode_Reward/tracking_lin_vel_y_l2: 0.0000
Episode_Reward/tracking_lin_vel_z_l2: 0.0000
            Episode_Reward/survive: 0.0000
    Episode_Reward/foot_contacts_z: 0.0000
            Episode_Reward/torques: -0.1520
 Episode_Reward/tracking_lin_vel_y: 0.0000
          Episode_Reward/lin_vel_z: -0.0026
         Episode_Reward/ang_vel_xy: -0.0004
   Episode_Reward/tracking_ang_vel: 0.2399
               Episode_Reward/work: -0.0120
            Episode_Reward/dof_acc: -0.0001
        Episode_Reward/action_rate: -0.0000
     Episode_Reward/dof_pos_limits: 0.0000
      Episode_Reward/delta_torques: -0.0001
          Episode_Reward/collision: -6.3667
        Episode_Reward/walking_dof: 0.0072
            Episode_Reward/hip_pos: -0.0004
          Episode_Reward/feet_jerk: 0.0000
              Episode_Reward/alive: 0.3000
          Episode_Reward/feet_drag: -0.0036
Episode_Reward/feet_contact_forces: -0.1957
               Episode_Reward/roll: -0.0037
        Episode_Reward/base_height: -0.0184
Episode_Reward/tracking_lin_vel_max: 0.3262
Episode_Reward/flat_orientation_l2: -0.0141
  Episode_Reward/air_time_variance: -0.0000
        Episode_Reward/feet_height: 0.0000
      Episode_Reward/feet_air_time: -0.0000
Episode_Reward/update_last_buffers: 0.0000
   Episode_Reward/wheel_idle_speed: -0.0006
    Episode_Reward/wheel_action_l2: -0.0000
  Episode_Reward/wheel_action_rate: 0.0000
Episode_Reward/teacher_ensemble_match: 0.2248
  Episode_Reward/wheel_forward_use: 0.0283
 Episode_Reward/wheel_turn_support: 0.0000
   Metrics/locomotion/error_vel_xy: 0.2652
  Metrics/locomotion/error_vel_yaw: 0.3180
      Episode_Termination/time_out: 1.0000
   Episode_Termination/bad_contact: 0.0000
          Episode_Termination/tilt: 0.0000
    Episode_Termination/low_height: 0.0000
--------------------------------------------------------------------------------
                   Total timesteps: 29184
                    Iteration time: 3.69s
                      Time elapsed: 00:01:11
                               ETA: 00:05:08

################################################################################
                      [1m Learning iteration 19/100 [0m                       

                       Computation: 423 steps/s (collection: 3.558s, learning 0.073s)
             Mean action noise std: 0.04
          Mean value_function loss: 0.5781
               Mean surrogate loss: 0.0404
                 Mean entropy loss: -27.1771
                       Mean reward: -27.65
               Mean episode length: 217.34
   Episode_Reward/term_bad_contact: 0.0000
          Episode_Reward/term_tilt: 0.0000
    Episode_Reward/term_low_height: 0.0000
      Episode_Reward/leg_action_l2: -0.0000
   Episode_Reward/tracking_lin_vel: 0.4777
Episode_Reward/tracking_lin_vel_x_exp: 0.6572
Episode_Reward/tracking_ang_vel_yaw_l1: 0.0000
Episode_Reward/tracking_ang_vel_yaw_exp: 0.5855
Episode_Reward/tracking_lin_vel_y_l2: 0.0000
Episode_Reward/tracking_lin_vel_z_l2: 0.0000
            Episode_Reward/survive: 0.0000
    Episode_Reward/foot_contacts_z: 0.0000
            Episode_Reward/torques: -0.1797
 Episode_Reward/tracking_lin_vel_y: 0.0000
          Episode_Reward/lin_vel_z: -0.0026
         Episode_Reward/ang_vel_xy: -0.0007
   Episode_Reward/tracking_ang_vel: 0.2288
               Episode_Reward/work: -0.0146
            Episode_Reward/dof_acc: -0.0001
        Episode_Reward/action_rate: -0.0000
     Episode_Reward/dof_pos_limits: 0.0000
      Episode_Reward/delta_torques: -0.0001
          Episode_Reward/collision: -7.0142
        Episode_Reward/walking_dof: 0.0183
            Episode_Reward/hip_pos: -0.0006
          Episode_Reward/feet_jerk: 0.0000
              Episode_Reward/alive: 0.3000
          Episode_Reward/feet_drag: -0.0037
Episode_Reward/feet_contact_forces: -0.1900
               Episode_Reward/roll: -0.0021
        Episode_Reward/base_height: -0.0210
Episode_Reward/tracking_lin_vel_max: 0.1909
Episode_Reward/flat_orientation_l2: -0.0296
  Episode_Reward/air_time_variance: -0.0000
        Episode_Reward/feet_height: 0.0000
      Episode_Reward/feet_air_time: -0.0000
Episode_Reward/update_last_buffers: 0.0000
   Episode_Reward/wheel_idle_speed: -0.0003
    Episode_Reward/wheel_action_l2: -0.0000
  Episode_Reward/wheel_action_rate: 0.0000
Episode_Reward/teacher_ensemble_match: 0.2248
  Episode_Reward/wheel_forward_use: 0.0706
 Episode_Reward/wheel_turn_support: 0.0000
   Metrics/locomotion/error_vel_xy: 0.3247
  Metrics/locomotion/error_vel_yaw: 0.3624
      Episode_Termination/time_out: 1.0000
   Episode_Termination/bad_contact: 0.0000
          Episode_Termination/tilt: 0.0000
    Episode_Termination/low_height: 0.0000
--------------------------------------------------------------------------------
                   Total timesteps: 30720
                    Iteration time: 3.63s
                      Time elapsed: 00:01:15
                               ETA: 00:05:04

################################################################################
                      [1m Learning iteration 20/100 [0m                       

                       Computation: 421 steps/s (collection: 3.573s, learning 0.073s)
             Mean action noise std: 0.04
          Mean value_function loss: 0.5739
               Mean surrogate loss: 0.0208
                 Mean entropy loss: -27.1771
                       Mean reward: -29.28
               Mean episode length: 230.20
   Episode_Reward/term_bad_contact: 0.0000
          Episode_Reward/term_tilt: 0.0000
    Episode_Reward/term_low_height: 0.0000
      Episode_Reward/leg_action_l2: -0.0000
   Episode_Reward/tracking_lin_vel: 0.5146
Episode_Reward/tracking_lin_vel_x_exp: 0.7183
Episode_Reward/tracking_ang_vel_yaw_l1: 0.0000
Episode_Reward/tracking_ang_vel_yaw_exp: 0.7588
Episode_Reward/tracking_lin_vel_y_l2: 0.0000
Episode_Reward/tracking_lin_vel_z_l2: 0.0000
            Episode_Reward/survive: 0.0000
    Episode_Reward/foot_contacts_z: 0.0000
            Episode_Reward/torques: -0.1436
 Episode_Reward/tracking_lin_vel_y: 0.0000
          Episode_Reward/lin_vel_z: -0.0026
         Episode_Reward/ang_vel_xy: -0.0005
   Episode_Reward/tracking_ang_vel: 0.2483
               Episode_Reward/work: -0.0132
            Episode_Reward/dof_acc: -0.0001
        Episode_Reward/action_rate: -0.0000
     Episode_Reward/dof_pos_limits: 0.0000
      Episode_Reward/delta_torques: -0.0001
          Episode_Reward/collision: -6.2617
        Episode_Reward/walking_dof: 0.0140
            Episode_Reward/hip_pos: -0.0005
          Episode_Reward/feet_jerk: 0.0000
              Episode_Reward/alive: 0.3000
          Episode_Reward/feet_drag: -0.0033
Episode_Reward/feet_contact_forces: -0.1952
               Episode_Reward/roll: -0.0040
        Episode_Reward/base_height: -0.0188
Episode_Reward/tracking_lin_vel_max: 0.2471
Episode_Reward/flat_orientation_l2: -0.0134
  Episode_Reward/air_time_variance: -0.0000
        Episode_Reward/feet_height: 0.0000
      Episode_Reward/feet_air_time: -0.0000
Episode_Reward/update_last_buffers: 0.0000
   Episode_Reward/wheel_idle_speed: -0.0003
    Episode_Reward/wheel_action_l2: -0.0000
  Episode_Reward/wheel_action_rate: 0.0000
Episode_Reward/teacher_ensemble_match: 0.2248
  Episode_Reward/wheel_forward_use: 0.0642
 Episode_Reward/wheel_turn_support: 0.0000
   Metrics/locomotion/error_vel_xy: 0.2709
  Metrics/locomotion/error_vel_yaw: 0.2803
      Episode_Termination/time_out: 1.0000
   Episode_Termination/bad_contact: 0.0000
          Episode_Termination/tilt: 0.0000
    Episode_Termination/low_height: 0.0000
--------------------------------------------------------------------------------
                   Total timesteps: 32256
                    Iteration time: 3.65s
                      Time elapsed: 00:01:18
                               ETA: 00:05:00

################################################################################
                      [1m Learning iteration 21/100 [0m                       

                       Computation: 422 steps/s (collection: 3.563s, learning 0.073s)
             Mean action noise std: 0.04
          Mean value_function loss: 0.5706
               Mean surrogate loss: 0.0446
                 Mean entropy loss: -27.1771
                       Mean reward: -30.43
               Mean episode length: 239.78
   Episode_Reward/term_bad_contact: 0.0000
          Episode_Reward/term_tilt: 0.0000
    Episode_Reward/term_low_height: 0.0000
      Episode_Reward/leg_action_l2: -0.0000
   Episode_Reward/tracking_lin_vel: 0.5207
Episode_Reward/tracking_lin_vel_x_exp: 0.8477
Episode_Reward/tracking_ang_vel_yaw_l1: 0.0000
Episode_Reward/tracking_ang_vel_yaw_exp: 0.6464
Episode_Reward/tracking_lin_vel_y_l2: 0.0000
Episode_Reward/tracking_lin_vel_z_l2: 0.0000
            Episode_Reward/survive: 0.0000
    Episode_Reward/foot_contacts_z: 0.0000
            Episode_Reward/torques: -0.1099
 Episode_Reward/tracking_lin_vel_y: 0.0000
          Episode_Reward/lin_vel_z: -0.0025
         Episode_Reward/ang_vel_xy: -0.0005
   Episode_Reward/tracking_ang_vel: 0.2425
               Episode_Reward/work: -0.0129
            Episode_Reward/dof_acc: -0.0002
        Episode_Reward/action_rate: -0.0000
     Episode_Reward/dof_pos_limits: 0.0000
      Episode_Reward/delta_torques: -0.0001
          Episode_Reward/collision: -6.2017
        Episode_Reward/walking_dof: 0.0106
            Episode_Reward/hip_pos: -0.0003
          Episode_Reward/feet_jerk: 0.0000
              Episode_Reward/alive: 0.3000
          Episode_Reward/feet_drag: -0.0037
Episode_Reward/feet_contact_forces: -0.1952
               Episode_Reward/roll: -0.0036
        Episode_Reward/base_height: -0.0207
Episode_Reward/tracking_lin_vel_max: 0.2900
Episode_Reward/flat_orientation_l2: -0.0079
  Episode_Reward/air_time_variance: -0.0000
        Episode_Reward/feet_height: 0.0000
      Episode_Reward/feet_air_time: -0.0000
Episode_Reward/update_last_buffers: 0.0000
   Episode_Reward/wheel_idle_speed: -0.0006
    Episode_Reward/wheel_action_l2: -0.0000
  Episode_Reward/wheel_action_rate: 0.0000
Episode_Reward/teacher_ensemble_match: 0.2248
  Episode_Reward/wheel_forward_use: 0.0419
 Episode_Reward/wheel_turn_support: 0.0000
   Metrics/locomotion/error_vel_xy: 0.2341
  Metrics/locomotion/error_vel_yaw: 0.3185
      Episode_Termination/time_out: 1.0000
   Episode_Termination/bad_contact: 0.0000
          Episode_Termination/tilt: 0.0000
    Episode_Termination/low_height: 0.0000
--------------------------------------------------------------------------------
                   Total timesteps: 33792
                    Iteration time: 3.64s
                      Time elapsed: 00:01:22
                               ETA: 00:04:56

################################################################################
                      [1m Learning iteration 22/100 [0m                       

                       Computation: 420 steps/s (collection: 3.575s, learning 0.074s)
             Mean action noise std: 0.04
          Mean value_function loss: 0.7656
               Mean surrogate loss: 0.0519
                 Mean entropy loss: -27.1771
                       Mean reward: -31.89
               Mean episode length: 250.55
   Episode_Reward/term_bad_contact: 0.0000
          Episode_Reward/term_tilt: 0.0000
    Episode_Reward/term_low_height: 0.0000
      Episode_Reward/leg_action_l2: -0.0000
   Episode_Reward/tracking_lin_vel: 0.5091
Episode_Reward/tracking_lin_vel_x_exp: 0.8229
Episode_Reward/tracking_ang_vel_yaw_l1: 0.0000
Episode_Reward/tracking_ang_vel_yaw_exp: 0.8364
Episode_Reward/tracking_lin_vel_y_l2: 0.0000
Episode_Reward/tracking_lin_vel_z_l2: 0.0000
            Episode_Reward/survive: 0.0000
    Episode_Reward/foot_contacts_z: 0.0000
            Episode_Reward/torques: -0.1710
 Episode_Reward/tracking_lin_vel_y: 0.0000
          Episode_Reward/lin_vel_z: -0.0027
         Episode_Reward/ang_vel_xy: -0.0007
   Episode_Reward/tracking_ang_vel: 0.2671
               Episode_Reward/work: -0.0144
            Episode_Reward/dof_acc: -0.0002
        Episode_Reward/action_rate: -0.0000
     Episode_Reward/dof_pos_limits: 0.0000
      Episode_Reward/delta_torques: -0.0001
          Episode_Reward/collision: -6.8475
        Episode_Reward/walking_dof: 0.0133
            Episode_Reward/hip_pos: -0.0006
          Episode_Reward/feet_jerk: 0.0000
              Episode_Reward/alive: 0.3000
          Episode_Reward/feet_drag: -0.0039
Episode_Reward/feet_contact_forces: -0.1928
               Episode_Reward/roll: -0.0022
        Episode_Reward/base_height: -0.0209
Episode_Reward/tracking_lin_vel_max: 0.2669
Episode_Reward/flat_orientation_l2: -0.0239
  Episode_Reward/air_time_variance: -0.0000
        Episode_Reward/feet_height: 0.0000
      Episode_Reward/feet_air_time: -0.0000
Episode_Reward/update_last_buffers: 0.0000
   Episode_Reward/wheel_idle_speed: -0.0004
    Episode_Reward/wheel_action_l2: -0.0000
  Episode_Reward/wheel_action_rate: 0.0000
Episode_Reward/teacher_ensemble_match: 0.2248
  Episode_Reward/wheel_forward_use: 0.0612
 Episode_Reward/wheel_turn_support: 0.0000
   Metrics/locomotion/error_vel_xy: 0.2541
  Metrics/locomotion/error_vel_yaw: 0.2230
      Episode_Termination/time_out: 1.0000
   Episode_Termination/bad_contact: 0.0000
          Episode_Termination/tilt: 0.0000
    Episode_Termination/low_height: 0.0000
--------------------------------------------------------------------------------
                   Total timesteps: 35328
                    Iteration time: 3.65s
                      Time elapsed: 00:01:26
                               ETA: 00:04:52

################################################################################
                      [1m Learning iteration 23/100 [0m                       

                       Computation: 420 steps/s (collection: 3.576s, learning 0.073s)
             Mean action noise std: 0.04
          Mean value_function loss: 0.5479
               Mean surrogate loss: 0.0597
                 Mean entropy loss: -27.1771
                       Mean reward: -33.12
               Mean episode length: 258.23
   Episode_Reward/term_bad_contact: 0.0000
          Episode_Reward/term_tilt: 0.0000
    Episode_Reward/term_low_height: 0.0000
      Episode_Reward/leg_action_l2: -0.0000
   Episode_Reward/tracking_lin_vel: 0.4489
Episode_Reward/tracking_lin_vel_x_exp: 0.5880
Episode_Reward/tracking_ang_vel_yaw_l1: 0.0000
Episode_Reward/tracking_ang_vel_yaw_exp: 0.8531
Episode_Reward/tracking_lin_vel_y_l2: 0.0000
Episode_Reward/tracking_lin_vel_z_l2: 0.0000
            Episode_Reward/survive: 0.0000
    Episode_Reward/foot_contacts_z: 0.0000
            Episode_Reward/torques: -0.2196
 Episode_Reward/tracking_lin_vel_y: 0.0000
          Episode_Reward/lin_vel_z: -0.0027
         Episode_Reward/ang_vel_xy: -0.0009
   Episode_Reward/tracking_ang_vel: 0.2631
               Episode_Reward/work: -0.0152
            Episode_Reward/dof_acc: -0.0002
        Episode_Reward/action_rate: -0.0000
     Episode_Reward/dof_pos_limits: 0.0000
      Episode_Reward/delta_torques: -0.0002
          Episode_Reward/collision: -7.6525
        Episode_Reward/walking_dof: 0.0196
            Episode_Reward/hip_pos: -0.0010
          Episode_Reward/feet_jerk: 0.0000
              Episode_Reward/alive: 0.3000
          Episode_Reward/feet_drag: -0.0037
Episode_Reward/feet_contact_forces: -0.1873
               Episode_Reward/roll: -0.0022
        Episode_Reward/base_height: -0.0249
Episode_Reward/tracking_lin_vel_max: 0.1620
Episode_Reward/flat_orientation_l2: -0.0447
  Episode_Reward/air_time_variance: -0.0000
        Episode_Reward/feet_height: 0.0000
      Episode_Reward/feet_air_time: -0.0001
Episode_Reward/update_last_buffers: 0.0000
   Episode_Reward/wheel_idle_speed: -0.0001
    Episode_Reward/wheel_action_l2: -0.0000
  Episode_Reward/wheel_action_rate: 0.0000
Episode_Reward/teacher_ensemble_match: 0.2247
  Episode_Reward/wheel_forward_use: 0.0807
 Episode_Reward/wheel_turn_support: 0.0000
   Metrics/locomotion/error_vel_xy: 0.3719
  Metrics/locomotion/error_vel_yaw: 0.2263
      Episode_Termination/time_out: 1.0000
   Episode_Termination/bad_contact: 0.0000
          Episode_Termination/tilt: 0.0000
    Episode_Termination/low_height: 0.0000
--------------------------------------------------------------------------------
                   Total timesteps: 36864
                    Iteration time: 3.65s
                      Time elapsed: 00:01:29
                               ETA: 00:04:48

################################################################################
                      [1m Learning iteration 24/100 [0m                       

                       Computation: 424 steps/s (collection: 3.548s, learning 0.074s)
             Mean action noise std: 0.04
          Mean value_function loss: 0.4703
               Mean surrogate loss: 0.0707
                 Mean entropy loss: -27.1771
                       Mean reward: -34.71
               Mean episode length: 268.61
   Episode_Reward/term_bad_contact: 0.0000
          Episode_Reward/term_tilt: 0.0000
    Episode_Reward/term_low_height: 0.0000
      Episode_Reward/leg_action_l2: -0.0000
   Episode_Reward/tracking_lin_vel: 0.4519
Episode_Reward/tracking_lin_vel_x_exp: 0.5857
Episode_Reward/tracking_ang_vel_yaw_l1: 0.0000
Episode_Reward/tracking_ang_vel_yaw_exp: 0.8475
Episode_Reward/tracking_lin_vel_y_l2: 0.0000
Episode_Reward/tracking_lin_vel_z_l2: 0.0000
            Episode_Reward/survive: 0.0000
    Episode_Reward/foot_contacts_z: 0.0000
            Episode_Reward/torques: -0.2434
 Episode_Reward/tracking_lin_vel_y: 0.0000
          Episode_Reward/lin_vel_z: -0.0028
         Episode_Reward/ang_vel_xy: -0.0010
   Episode_Reward/tracking_ang_vel: 0.2622
               Episode_Reward/work: -0.0168
            Episode_Reward/dof_acc: -0.0002
        Episode_Reward/action_rate: -0.0000
     Episode_Reward/dof_pos_limits: 0.0000
      Episode_Reward/delta_torques: -0.0002
          Episode_Reward/collision: -7.8573
        Episode_Reward/walking_dof: 0.0223
            Episode_Reward/hip_pos: -0.0011
          Episode_Reward/feet_jerk: 0.0000
              Episode_Reward/alive: 0.3000
          Episode_Reward/feet_drag: -0.0041
Episode_Reward/feet_contact_forces: -0.1866
               Episode_Reward/roll: -0.0024
        Episode_Reward/base_height: -0.0246
Episode_Reward/tracking_lin_vel_max: 0.1302
Episode_Reward/flat_orientation_l2: -0.0501
  Episode_Reward/air_time_variance: -0.0000
        Episode_Reward/feet_height: 0.0000
      Episode_Reward/feet_air_time: -0.0001
Episode_Reward/update_last_buffers: 0.0000
   Episode_Reward/wheel_idle_speed: -0.0002
    Episode_Reward/wheel_action_l2: -0.0000
  Episode_Reward/wheel_action_rate: 0.0000
Episode_Reward/teacher_ensemble_match: 0.2247
  Episode_Reward/wheel_forward_use: 0.0942
 Episode_Reward/wheel_turn_support: 0.0000
   Metrics/locomotion/error_vel_xy: 0.3697
  Metrics/locomotion/error_vel_yaw: 0.2297
      Episode_Termination/time_out: 1.0000
   Episode_Termination/bad_contact: 0.0000
          Episode_Termination/tilt: 0.0000
    Episode_Termination/low_height: 0.0000
--------------------------------------------------------------------------------
                   Total timesteps: 38400
                    Iteration time: 3.62s
                      Time elapsed: 00:01:33
                               ETA: 00:04:43

################################################################################
                      [1m Learning iteration 25/100 [0m                       

                       Computation: 424 steps/s (collection: 3.543s, learning 0.074s)
             Mean action noise std: 0.04
          Mean value_function loss: 0.2743
               Mean surrogate loss: 0.0313
                 Mean entropy loss: -27.1771
                       Mean reward: -35.29
               Mean episode length: 271.82
   Episode_Reward/term_bad_contact: 0.0000
          Episode_Reward/term_tilt: 0.0000
    Episode_Reward/term_low_height: 0.0000
      Episode_Reward/leg_action_l2: -0.0000
   Episode_Reward/tracking_lin_vel: 0.5249
Episode_Reward/tracking_lin_vel_x_exp: 0.8026
Episode_Reward/tracking_ang_vel_yaw_l1: 0.0000
Episode_Reward/tracking_ang_vel_yaw_exp: 0.6824
Episode_Reward/tracking_lin_vel_y_l2: 0.0000
Episode_Reward/tracking_lin_vel_z_l2: 0.0000
            Episode_Reward/survive: 0.0000
    Episode_Reward/foot_contacts_z: 0.0000
            Episode_Reward/torques: -0.2190
 Episode_Reward/tracking_lin_vel_y: 0.0000
          Episode_Reward/lin_vel_z: -0.0028
         Episode_Reward/ang_vel_xy: -0.0009
   Episode_Reward/tracking_ang_vel: 0.2402
               Episode_Reward/work: -0.0180
            Episode_Reward/dof_acc: -0.0001
        Episode_Reward/action_rate: -0.0000
     Episode_Reward/dof_pos_limits: 0.0000
      Episode_Reward/delta_torques: -0.0002
          Episode_Reward/collision: -7.2833
        Episode_Reward/walking_dof: 0.0147
            Episode_Reward/hip_pos: -0.0009
          Episode_Reward/feet_jerk: 0.0000
              Episode_Reward/alive: 0.3000
          Episode_Reward/feet_drag: -0.0041
Episode_Reward/feet_contact_forces: -0.1903
               Episode_Reward/roll: -0.0027
        Episode_Reward/base_height: -0.0239
Episode_Reward/tracking_lin_vel_max: 0.2592
Episode_Reward/flat_orientation_l2: -0.0380
  Episode_Reward/air_time_variance: -0.0000
        Episode_Reward/feet_height: 0.0000
      Episode_Reward/feet_air_time: -0.0001
Episode_Reward/update_last_buffers: 0.0000
   Episode_Reward/wheel_idle_speed: -0.0007
    Episode_Reward/wheel_action_l2: -0.0000
  Episode_Reward/wheel_action_rate: 0.0000
Episode_Reward/teacher_ensemble_match: 0.2247
  Episode_Reward/wheel_forward_use: 0.0579
 Episode_Reward/wheel_turn_support: 0.0000
   Metrics/locomotion/error_vel_xy: 0.2410
  Metrics/locomotion/error_vel_yaw: 0.3170
      Episode_Termination/time_out: 1.0000
   Episode_Termination/bad_contact: 0.0000
          Episode_Termination/tilt: 0.0000
    Episode_Termination/low_height: 0.0000
--------------------------------------------------------------------------------
                   Total timesteps: 39936
                    Iteration time: 3.62s
                      Time elapsed: 00:01:37
                               ETA: 00:04:39

################################################################################
                      [1m Learning iteration 26/100 [0m                       

                       Computation: 421 steps/s (collection: 3.570s, learning 0.074s)
             Mean action noise std: 0.04
          Mean value_function loss: 0.5368
               Mean surrogate loss: 0.0323
                 Mean entropy loss: -27.1771
                       Mean reward: -36.25
               Mean episode length: 280.99
   Episode_Reward/term_bad_contact: 0.0000
          Episode_Reward/term_tilt: 0.0000
    Episode_Reward/term_low_height: 0.0000
      Episode_Reward/leg_action_l2: -0.0000
   Episode_Reward/tracking_lin_vel: 0.4820
Episode_Reward/tracking_lin_vel_x_exp: 0.6272
Episode_Reward/tracking_ang_vel_yaw_l1: 0.0000
Episode_Reward/tracking_ang_vel_yaw_exp: 0.6917
Episode_Reward/tracking_lin_vel_y_l2: 0.0000
Episode_Reward/tracking_lin_vel_z_l2: 0.0000
            Episode_Reward/survive: 0.0000
    Episode_Reward/foot_contacts_z: 0.0000
            Episode_Reward/torques: -0.1225
 Episode_Reward/tracking_lin_vel_y: 0.0000
          Episode_Reward/lin_vel_z: -0.0026
         Episode_Reward/ang_vel_xy: -0.0005
   Episode_Reward/tracking_ang_vel: 0.2447
               Episode_Reward/work: -0.0134
            Episode_Reward/dof_acc: -0.0002
        Episode_Reward/action_rate: -0.0000
     Episode_Reward/dof_pos_limits: 0.0000
      Episode_Reward/delta_torques: -0.0001
          Episode_Reward/collision: -6.0633
        Episode_Reward/walking_dof: 0.0146
            Episode_Reward/hip_pos: -0.0003
          Episode_Reward/feet_jerk: 0.0000
              Episode_Reward/alive: 0.3000
          Episode_Reward/feet_drag: -0.0042
Episode_Reward/feet_contact_forces: -0.1961
               Episode_Reward/roll: -0.0035
        Episode_Reward/base_height: -0.0155
Episode_Reward/tracking_lin_vel_max: 0.2324
Episode_Reward/flat_orientation_l2: -0.0054
  Episode_Reward/air_time_variance: -0.0000
        Episode_Reward/feet_height: 0.0000
      Episode_Reward/feet_air_time: -0.0000
Episode_Reward/update_last_buffers: 0.0000
   Episode_Reward/wheel_idle_speed: -0.0005
    Episode_Reward/wheel_action_l2: -0.0000
  Episode_Reward/wheel_action_rate: 0.0000
Episode_Reward/teacher_ensemble_match: 0.2247
  Episode_Reward/wheel_forward_use: 0.0559
 Episode_Reward/wheel_turn_support: 0.0000
   Metrics/locomotion/error_vel_xy: 0.3271
  Metrics/locomotion/error_vel_yaw: 0.3032
      Episode_Termination/time_out: 1.0000
   Episode_Termination/bad_contact: 0.0000
          Episode_Termination/tilt: 0.0000
    Episode_Termination/low_height: 0.0000
--------------------------------------------------------------------------------
                   Total timesteps: 41472
                    Iteration time: 3.64s
                      Time elapsed: 00:01:40
                               ETA: 00:04:35

################################################################################
                      [1m Learning iteration 27/100 [0m                       

                       Computation: 414 steps/s (collection: 3.626s, learning 0.077s)
             Mean action noise std: 0.04
          Mean value_function loss: 0.4543
               Mean surrogate loss: 0.0416
                 Mean entropy loss: -27.1771
                       Mean reward: -36.70
               Mean episode length: 286.21
   Episode_Reward/term_bad_contact: 0.0000
          Episode_Reward/term_tilt: 0.0000
    Episode_Reward/term_low_height: 0.0000
      Episode_Reward/leg_action_l2: -0.0000
   Episode_Reward/tracking_lin_vel: 0.5447
Episode_Reward/tracking_lin_vel_x_exp: 0.9948
Episode_Reward/tracking_ang_vel_yaw_l1: 0.0000
Episode_Reward/tracking_ang_vel_yaw_exp: 0.5724
Episode_Reward/tracking_lin_vel_y_l2: 0.0000
Episode_Reward/tracking_lin_vel_z_l2: 0.0000
            Episode_Reward/survive: 0.0000
    Episode_Reward/foot_contacts_z: 0.0000
            Episode_Reward/torques: -0.1157
 Episode_Reward/tracking_lin_vel_y: 0.0000
          Episode_Reward/lin_vel_z: -0.0026
         Episode_Reward/ang_vel_xy: -0.0006
   Episode_Reward/tracking_ang_vel: 0.2320
               Episode_Reward/work: -0.0142
            Episode_Reward/dof_acc: -0.0001
        Episode_Reward/action_rate: -0.0000
     Episode_Reward/dof_pos_limits: 0.0000
      Episode_Reward/delta_torques: -0.0001
          Episode_Reward/collision: -6.2600
        Episode_Reward/walking_dof: 0.0088
            Episode_Reward/hip_pos: -0.0003
          Episode_Reward/feet_jerk: 0.0000
              Episode_Reward/alive: 0.3000
          Episode_Reward/feet_drag: -0.0032
Episode_Reward/feet_contact_forces: -0.1946
               Episode_Reward/roll: -0.0044
        Episode_Reward/base_height: -0.0223
Episode_Reward/tracking_lin_vel_max: 0.3327
Episode_Reward/flat_orientation_l2: -0.0110
  Episode_Reward/air_time_variance: -0.0000
        Episode_Reward/feet_height: 0.0000
      Episode_Reward/feet_air_time: -0.0000
Episode_Reward/update_last_buffers: 0.0000
   Episode_Reward/wheel_idle_speed: -0.0004
    Episode_Reward/wheel_action_l2: -0.0000
  Episode_Reward/wheel_action_rate: 0.0000
Episode_Reward/teacher_ensemble_match: 0.2247
  Episode_Reward/wheel_forward_use: 0.0355
 Episode_Reward/wheel_turn_support: 0.0000
   Metrics/locomotion/error_vel_xy: 0.1747
  Metrics/locomotion/error_vel_yaw: 0.3580
      Episode_Termination/time_out: 1.0000
   Episode_Termination/bad_contact: 0.0000
          Episode_Termination/tilt: 0.0000
    Episode_Termination/low_height: 0.0000
--------------------------------------------------------------------------------
                   Total timesteps: 43008
                    Iteration time: 3.70s
                      Time elapsed: 00:01:44
                               ETA: 00:04:32

################################################################################
                      [1m Learning iteration 28/100 [0m                       

                       Computation: 421 steps/s (collection: 3.568s, learning 0.073s)
             Mean action noise std: 0.04
          Mean value_function loss: 0.5213
               Mean surrogate loss: 0.0292
                 Mean entropy loss: -27.1771
                       Mean reward: -37.48
               Mean episode length: 292.37
   Episode_Reward/term_bad_contact: 0.0000
          Episode_Reward/term_tilt: 0.0000
    Episode_Reward/term_low_height: 0.0000
      Episode_Reward/leg_action_l2: -0.0000
   Episode_Reward/tracking_lin_vel: 0.5092
Episode_Reward/tracking_lin_vel_x_exp: 0.7241
Episode_Reward/tracking_ang_vel_yaw_l1: 0.0000
Episode_Reward/tracking_ang_vel_yaw_exp: 0.7520
Episode_Reward/tracking_lin_vel_y_l2: 0.0000
Episode_Reward/tracking_lin_vel_z_l2: 0.0000
            Episode_Reward/survive: 0.0000
    Episode_Reward/foot_contacts_z: 0.0000
            Episode_Reward/torques: -0.1141
 Episode_Reward/tracking_lin_vel_y: 0.0000
          Episode_Reward/lin_vel_z: -0.0026
         Episode_Reward/ang_vel_xy: -0.0005
   Episode_Reward/tracking_ang_vel: 0.2552
               Episode_Reward/work: -0.0128
            Episode_Reward/dof_acc: -0.0001
        Episode_Reward/action_rate: -0.0000
     Episode_Reward/dof_pos_limits: 0.0000
      Episode_Reward/delta_torques: -0.0001
          Episode_Reward/collision: -6.0958
        Episode_Reward/walking_dof: 0.0140
            Episode_Reward/hip_pos: -0.0003
          Episode_Reward/feet_jerk: 0.0000
              Episode_Reward/alive: 0.3000
          Episode_Reward/feet_drag: -0.0036
Episode_Reward/feet_contact_forces: -0.1959
               Episode_Reward/roll: -0.0040
        Episode_Reward/base_height: -0.0183
Episode_Reward/tracking_lin_vel_max: 0.2463
Episode_Reward/flat_orientation_l2: -0.0054
  Episode_Reward/air_time_variance: -0.0000
        Episode_Reward/feet_height: 0.0000
      Episode_Reward/feet_air_time: 0.0000
Episode_Reward/update_last_buffers: 0.0000
   Episode_Reward/wheel_idle_speed: -0.0003
    Episode_Reward/wheel_action_l2: -0.0000
  Episode_Reward/wheel_action_rate: 0.0000
Episode_Reward/teacher_ensemble_match: 0.2248
  Episode_Reward/wheel_forward_use: 0.0622
 Episode_Reward/wheel_turn_support: 0.0000
   Metrics/locomotion/error_vel_xy: 0.2747
  Metrics/locomotion/error_vel_yaw: 0.2675
      Episode_Termination/time_out: 1.0000
   Episode_Termination/bad_contact: 0.0000
          Episode_Termination/tilt: 0.0000
    Episode_Termination/low_height: 0.0000
--------------------------------------------------------------------------------
                   Total timesteps: 44544
                    Iteration time: 3.64s
                      Time elapsed: 00:01:47
                               ETA: 00:04:28

################################################################################
                      [1m Learning iteration 29/100 [0m                       

                       Computation: 424 steps/s (collection: 3.549s, learning 0.073s)
             Mean action noise std: 0.04
          Mean value_function loss: 0.4551
               Mean surrogate loss: 0.0944
                 Mean entropy loss: -27.1771
                       Mean reward: -38.41
               Mean episode length: 296.11
   Episode_Reward/term_bad_contact: 0.0000
          Episode_Reward/term_tilt: 0.0000
    Episode_Reward/term_low_height: 0.0000
      Episode_Reward/leg_action_l2: -0.0000
   Episode_Reward/tracking_lin_vel: 0.5211
Episode_Reward/tracking_lin_vel_x_exp: 0.7952
Episode_Reward/tracking_ang_vel_yaw_l1: 0.0000
Episode_Reward/tracking_ang_vel_yaw_exp: 0.8803
Episode_Reward/tracking_lin_vel_y_l2: 0.0000
Episode_Reward/tracking_lin_vel_z_l2: 0.0000
            Episode_Reward/survive: 0.0000
    Episode_Reward/foot_contacts_z: 0.0000
            Episode_Reward/torques: -0.2329
 Episode_Reward/tracking_lin_vel_y: 0.0000
          Episode_Reward/lin_vel_z: -0.0027
         Episode_Reward/ang_vel_xy: -0.0008
   Episode_Reward/tracking_ang_vel: 0.2737
               Episode_Reward/work: -0.0165
            Episode_Reward/dof_acc: -0.0001
        Episode_Reward/action_rate: -0.0000
     Episode_Reward/dof_pos_limits: 0.0000
      Episode_Reward/delta_torques: -0.0002
          Episode_Reward/collision: -7.4967
        Episode_Reward/walking_dof: 0.0144
            Episode_Reward/hip_pos: -0.0011
          Episode_Reward/feet_jerk: 0.0000
              Episode_Reward/alive: 0.3000
          Episode_Reward/feet_drag: -0.0035
Episode_Reward/feet_contact_forces: -0.1905
               Episode_Reward/roll: -0.0027
        Episode_Reward/base_height: -0.0251
Episode_Reward/tracking_lin_vel_max: 0.2542
Episode_Reward/flat_orientation_l2: -0.0425
  Episode_Reward/air_time_variance: -0.0000
        Episode_Reward/feet_height: 0.0000
      Episode_Reward/feet_air_time: -0.0001
Episode_Reward/update_last_buffers: 0.0000
   Episode_Reward/wheel_idle_speed: -0.0002
    Episode_Reward/wheel_action_l2: -0.0000
  Episode_Reward/wheel_action_rate: 0.0000
Episode_Reward/teacher_ensemble_match: 0.2246
  Episode_Reward/wheel_forward_use: 0.0688
 Episode_Reward/wheel_turn_support: 0.0000
   Metrics/locomotion/error_vel_xy: 0.2472
  Metrics/locomotion/error_vel_yaw: 0.1984
      Episode_Termination/time_out: 1.0000
   Episode_Termination/bad_contact: 0.0000
          Episode_Termination/tilt: 0.0000
    Episode_Termination/low_height: 0.0000
--------------------------------------------------------------------------------
                   Total timesteps: 46080
                    Iteration time: 3.62s
                      Time elapsed: 00:01:51
                               ETA: 00:04:24

################################################################################
                      [1m Learning iteration 30/100 [0m                       

                       Computation: 417 steps/s (collection: 3.606s, learning 0.073s)
             Mean action noise std: 0.04
          Mean value_function loss: 0.6421
               Mean surrogate loss: 0.0367
                 Mean entropy loss: -27.1771
                       Mean reward: -38.98
               Mean episode length: 299.80
   Episode_Reward/term_bad_contact: 0.0000
          Episode_Reward/term_tilt: 0.0000
    Episode_Reward/term_low_height: 0.0000
      Episode_Reward/leg_action_l2: -0.0000
   Episode_Reward/tracking_lin_vel: 0.5298
Episode_Reward/tracking_lin_vel_x_exp: 0.8151
Episode_Reward/tracking_ang_vel_yaw_l1: 0.0000
Episode_Reward/tracking_ang_vel_yaw_exp: 0.8951
Episode_Reward/tracking_lin_vel_y_l2: 0.0000
Episode_Reward/tracking_lin_vel_z_l2: 0.0000
            Episode_Reward/survive: 0.0000
    Episode_Reward/foot_contacts_z: 0.0000
            Episode_Reward/torques: -0.1814
 Episode_Reward/tracking_lin_vel_y: 0.0000
          Episode_Reward/lin_vel_z: -0.0027
         Episode_Reward/ang_vel_xy: -0.0008
   Episode_Reward/tracking_ang_vel: 0.2709
               Episode_Reward/work: -0.0149
            Episode_Reward/dof_acc: -0.0001
        Episode_Reward/action_rate: -0.0000
     Episode_Reward/dof_pos_limits: 0.0000
      Episode_Reward/delta_torques: -0.0001
          Episode_Reward/collision: -7.0185
        Episode_Reward/walking_dof: 0.0091
            Episode_Reward/hip_pos: -0.0008
          Episode_Reward/feet_jerk: 0.0000
              Episode_Reward/alive: 0.3000
          Episode_Reward/feet_drag: -0.0034
Episode_Reward/feet_contact_forces: -0.1918
               Episode_Reward/roll: -0.0028
        Episode_Reward/base_height: -0.0239
Episode_Reward/tracking_lin_vel_max: 0.3375
Episode_Reward/flat_orientation_l2: -0.0299
  Episode_Reward/air_time_variance: -0.0000
        Episode_Reward/feet_height: 0.0000
      Episode_Reward/feet_air_time: -0.0000
Episode_Reward/update_last_buffers: 0.0000
   Episode_Reward/wheel_idle_speed: -0.0004
    Episode_Reward/wheel_action_l2: -0.0000
  Episode_Reward/wheel_action_rate: 0.0000
Episode_Reward/teacher_ensemble_match: 0.2246
  Episode_Reward/wheel_forward_use: 0.0413
 Episode_Reward/wheel_turn_support: 0.0000
   Metrics/locomotion/error_vel_xy: 0.2331
  Metrics/locomotion/error_vel_yaw: 0.2008
      Episode_Termination/time_out: 1.0000
   Episode_Termination/bad_contact: 0.0000
          Episode_Termination/tilt: 0.0000
    Episode_Termination/low_height: 0.0000
--------------------------------------------------------------------------------
                   Total timesteps: 47616
                    Iteration time: 3.68s
                      Time elapsed: 00:01:55
                               ETA: 00:04:20

################################################################################
                      [1m Learning iteration 31/100 [0m                       

                       Computation: 411 steps/s (collection: 3.659s, learning 0.077s)
             Mean action noise std: 0.04
          Mean value_function loss: 0.5213
               Mean surrogate loss: 0.0299
                 Mean entropy loss: -27.1771
                       Mean reward: -38.74
               Mean episode length: 300.00
   Episode_Reward/term_bad_contact: 0.0000
          Episode_Reward/term_tilt: 0.0000
    Episode_Reward/term_low_height: 0.0000
      Episode_Reward/leg_action_l2: -0.0000
   Episode_Reward/tracking_lin_vel: 0.4868
Episode_Reward/tracking_lin_vel_x_exp: 0.6724
Episode_Reward/tracking_ang_vel_yaw_l1: 0.0000
Episode_Reward/tracking_ang_vel_yaw_exp: 0.6797
Episode_Reward/tracking_lin_vel_y_l2: 0.0000
Episode_Reward/tracking_lin_vel_z_l2: 0.0000
            Episode_Reward/survive: 0.0000
    Episode_Reward/foot_contacts_z: 0.0000
            Episode_Reward/torques: -0.1629
 Episode_Reward/tracking_lin_vel_y: 0.0000
          Episode_Reward/lin_vel_z: -0.0026
         Episode_Reward/ang_vel_xy: -0.0006
   Episode_Reward/tracking_ang_vel: 0.2435
               Episode_Reward/work: -0.0129
            Episode_Reward/dof_acc: -0.0001
        Episode_Reward/action_rate: -0.0000
     Episode_Reward/dof_pos_limits: 0.0000
      Episode_Reward/delta_torques: -0.0001
          Episode_Reward/collision: -6.3433
        Episode_Reward/walking_dof: 0.0118
            Episode_Reward/hip_pos: -0.0006
          Episode_Reward/feet_jerk: 0.0000
              Episode_Reward/alive: 0.3000
          Episode_Reward/feet_drag: -0.0040
Episode_Reward/feet_contact_forces: -0.1931
               Episode_Reward/roll: -0.0042
        Episode_Reward/base_height: -0.0187
Episode_Reward/tracking_lin_vel_max: 0.2725
Episode_Reward/flat_orientation_l2: -0.0206
  Episode_Reward/air_time_variance: -0.0000
        Episode_Reward/feet_height: 0.0000
      Episode_Reward/feet_air_time: -0.0001
Episode_Reward/update_last_buffers: 0.0000
   Episode_Reward/wheel_idle_speed: -0.0005
    Episode_Reward/wheel_action_l2: -0.0000
  Episode_Reward/wheel_action_rate: 0.0000
Episode_Reward/teacher_ensemble_match: 0.2246
  Episode_Reward/wheel_forward_use: 0.0494
 Episode_Reward/wheel_turn_support: 0.0000
   Metrics/locomotion/error_vel_xy: 0.3125
  Metrics/locomotion/error_vel_yaw: 0.3090
      Episode_Termination/time_out: 1.0000
   Episode_Termination/bad_contact: 0.0000
          Episode_Termination/tilt: 0.0000
    Episode_Termination/low_height: 0.0000
--------------------------------------------------------------------------------
                   Total timesteps: 49152
                    Iteration time: 3.74s
                      Time elapsed: 00:01:59
                               ETA: 00:04:16

################################################################################
                      [1m Learning iteration 32/100 [0m                       

                       Computation: 420 steps/s (collection: 3.579s, learning 0.073s)
             Mean action noise std: 0.04
          Mean value_function loss: 0.4218
               Mean surrogate loss: 0.0450
                 Mean entropy loss: -27.1771
                       Mean reward: -38.11
               Mean episode length: 300.00
   Episode_Reward/term_bad_contact: 0.0000
          Episode_Reward/term_tilt: 0.0000
    Episode_Reward/term_low_height: 0.0000
      Episode_Reward/leg_action_l2: -0.0000
   Episode_Reward/tracking_lin_vel: 0.4912
Episode_Reward/tracking_lin_vel_x_exp: 0.7097
Episode_Reward/tracking_ang_vel_yaw_l1: 0.0000
Episode_Reward/tracking_ang_vel_yaw_exp: 0.6095
Episode_Reward/tracking_lin_vel_y_l2: 0.0000
Episode_Reward/tracking_lin_vel_z_l2: 0.0000
            Episode_Reward/survive: 0.0000
    Episode_Reward/foot_contacts_z: 0.0000
            Episode_Reward/torques: -0.1524
 Episode_Reward/tracking_lin_vel_y: 0.0000
          Episode_Reward/lin_vel_z: -0.0027
         Episode_Reward/ang_vel_xy: -0.0010
   Episode_Reward/tracking_ang_vel: 0.2403
               Episode_Reward/work: -0.0170
            Episode_Reward/dof_acc: -0.0002
        Episode_Reward/action_rate: -0.0000
     Episode_Reward/dof_pos_limits: 0.0000
      Episode_Reward/delta_torques: -0.0001
          Episode_Reward/collision: -6.5779
        Episode_Reward/walking_dof: 0.0164
            Episode_Reward/hip_pos: -0.0006
          Episode_Reward/feet_jerk: 0.0000
              Episode_Reward/alive: 0.3000
          Episode_Reward/feet_drag: -0.0043
Episode_Reward/feet_contact_forces: -0.1922
               Episode_Reward/roll: -0.0024
        Episode_Reward/base_height: -0.0212
Episode_Reward/tracking_lin_vel_max: 0.2161
Episode_Reward/flat_orientation_l2: -0.0210
  Episode_Reward/air_time_variance: -0.0000
        Episode_Reward/feet_height: 0.0000
      Episode_Reward/feet_air_time: -0.0000
Episode_Reward/update_last_buffers: 0.0000
   Episode_Reward/wheel_idle_speed: -0.0003
    Episode_Reward/wheel_action_l2: -0.0000
  Episode_Reward/wheel_action_rate: 0.0000
Episode_Reward/teacher_ensemble_match: 0.2245
  Episode_Reward/wheel_forward_use: 0.0690
 Episode_Reward/wheel_turn_support: 0.0000
   Metrics/locomotion/error_vel_xy: 0.2984
  Metrics/locomotion/error_vel_yaw: 0.3321
      Episode_Termination/time_out: 1.0000
   Episode_Termination/bad_contact: 0.0000
          Episode_Termination/tilt: 0.0000
    Episode_Termination/low_height: 0.0000
--------------------------------------------------------------------------------
                   Total timesteps: 50688
                    Iteration time: 3.65s
                      Time elapsed: 00:02:02
                               ETA: 00:04:12

################################################################################
                      [1m Learning iteration 33/100 [0m                       

                       Computation: 424 steps/s (collection: 3.544s, learning 0.079s)
             Mean action noise std: 0.04
          Mean value_function loss: 0.4146
               Mean surrogate loss: 0.0625
                 Mean entropy loss: -27.1771
                       Mean reward: -37.40
               Mean episode length: 300.00
   Episode_Reward/term_bad_contact: 0.0000
          Episode_Reward/term_tilt: 0.0000
    Episode_Reward/term_low_height: 0.0000
      Episode_Reward/leg_action_l2: -0.0000
   Episode_Reward/tracking_lin_vel: 0.5416
Episode_Reward/tracking_lin_vel_x_exp: 0.8696
Episode_Reward/tracking_ang_vel_yaw_l1: 0.0000
Episode_Reward/tracking_ang_vel_yaw_exp: 0.7832
Episode_Reward/tracking_lin_vel_y_l2: 0.0000
Episode_Reward/tracking_lin_vel_z_l2: 0.0000
            Episode_Reward/survive: 0.0000
    Episode_Reward/foot_contacts_z: 0.0000
            Episode_Reward/torques: -0.1041
 Episode_Reward/tracking_lin_vel_y: 0.0000
          Episode_Reward/lin_vel_z: -0.0027
         Episode_Reward/ang_vel_xy: -0.0006
   Episode_Reward/tracking_ang_vel: 0.2589
               Episode_Reward/work: -0.0138
            Episode_Reward/dof_acc: -0.0001
        Episode_Reward/action_rate: -0.0000
     Episode_Reward/dof_pos_limits: 0.0000
      Episode_Reward/delta_torques: -0.0001
          Episode_Reward/collision: -6.2179
        Episode_Reward/walking_dof: 0.0049
            Episode_Reward/hip_pos: -0.0003
          Episode_Reward/feet_jerk: 0.0000
              Episode_Reward/alive: 0.3000
          Episode_Reward/feet_drag: -0.0034
Episode_Reward/feet_contact_forces: -0.1949
               Episode_Reward/roll: -0.0021
        Episode_Reward/base_height: -0.0216
Episode_Reward/tracking_lin_vel_max: 0.3784
Episode_Reward/flat_orientation_l2: -0.0079
  Episode_Reward/air_time_variance: -0.0000
        Episode_Reward/feet_height: 0.0000
      Episode_Reward/feet_air_time: 0.0000
Episode_Reward/update_last_buffers: 0.0000
   Episode_Reward/wheel_idle_speed: -0.0007
    Episode_Reward/wheel_action_l2: -0.0000
  Episode_Reward/wheel_action_rate: 0.0000
Episode_Reward/teacher_ensemble_match: 0.2246
  Episode_Reward/wheel_forward_use: 0.0215
 Episode_Reward/wheel_turn_support: 0.0000
   Metrics/locomotion/error_vel_xy: 0.2070
  Metrics/locomotion/error_vel_yaw: 0.2522
      Episode_Termination/time_out: 1.0000
   Episode_Termination/bad_contact: 0.0000
          Episode_Termination/tilt: 0.0000
    Episode_Termination/low_height: 0.0000
--------------------------------------------------------------------------------
                   Total timesteps: 52224
                    Iteration time: 3.62s
                      Time elapsed: 00:02:06
                               ETA: 00:04:08

################################################################################
                      [1m Learning iteration 34/100 [0m                       

                       Computation: 421 steps/s (collection: 3.569s, learning 0.073s)
             Mean action noise std: 0.04
          Mean value_function loss: 0.5207
               Mean surrogate loss: 0.0639
                 Mean entropy loss: -27.1771
                       Mean reward: -37.64
               Mean episode length: 300.00
   Episode_Reward/term_bad_contact: 0.0000
          Episode_Reward/term_tilt: 0.0000
    Episode_Reward/term_low_height: 0.0000
      Episode_Reward/leg_action_l2: -0.0000
   Episode_Reward/tracking_lin_vel: 0.5480
Episode_Reward/tracking_lin_vel_x_exp: 0.9684
Episode_Reward/tracking_ang_vel_yaw_l1: 0.0000
Episode_Reward/tracking_ang_vel_yaw_exp: 0.7228
Episode_Reward/tracking_lin_vel_y_l2: 0.0000
Episode_Reward/tracking_lin_vel_z_l2: 0.0000
            Episode_Reward/survive: 0.0000
    Episode_Reward/foot_contacts_z: 0.0000
            Episode_Reward/torques: -0.1143
 Episode_Reward/tracking_lin_vel_y: 0.0000
          Episode_Reward/lin_vel_z: -0.0027
         Episode_Reward/ang_vel_xy: -0.0005
   Episode_Reward/tracking_ang_vel: 0.2460
               Episode_Reward/work: -0.0119
            Episode_Reward/dof_acc: -0.0001
        Episode_Reward/action_rate: -0.0000
     Episode_Reward/dof_pos_limits: 0.0000
      Episode_Reward/delta_torques: -0.0001
          Episode_Reward/collision: -6.2083
        Episode_Reward/walking_dof: 0.0057
            Episode_Reward/hip_pos: -0.0003
          Episode_Reward/feet_jerk: 0.0000
              Episode_Reward/alive: 0.3000
          Episode_Reward/feet_drag: -0.0029
Episode_Reward/feet_contact_forces: -0.1955
               Episode_Reward/roll: -0.0028
        Episode_Reward/base_height: -0.0194
Episode_Reward/tracking_lin_vel_max: 0.3615
Episode_Reward/flat_orientation_l2: -0.0078
  Episode_Reward/air_time_variance: -0.0000
        Episode_Reward/feet_height: 0.0000
      Episode_Reward/feet_air_time: -0.0000
Episode_Reward/update_last_buffers: 0.0000
   Episode_Reward/wheel_idle_speed: -0.0005
    Episode_Reward/wheel_action_l2: -0.0000
  Episode_Reward/wheel_action_rate: 0.0000
Episode_Reward/teacher_ensemble_match: 0.2247
  Episode_Reward/wheel_forward_use: 0.0234
 Episode_Reward/wheel_turn_support: 0.0000
   Metrics/locomotion/error_vel_xy: 0.1786
  Metrics/locomotion/error_vel_yaw: 0.2948
      Episode_Termination/time_out: 1.0000
   Episode_Termination/bad_contact: 0.0000
          Episode_Termination/tilt: 0.0000
    Episode_Termination/low_height: 0.0000
--------------------------------------------------------------------------------
                   Total timesteps: 53760
                    Iteration time: 3.64s
                      Time elapsed: 00:02:09
                               ETA: 00:04:05

################################################################################
                      [1m Learning iteration 35/100 [0m                       

                       Computation: 426 steps/s (collection: 3.526s, learning 0.073s)
             Mean action noise std: 0.04
          Mean value_function loss: 0.4106
               Mean surrogate loss: 0.0632
                 Mean entropy loss: -27.1771
                       Mean reward: -37.89
               Mean episode length: 300.00
   Episode_Reward/term_bad_contact: 0.0000
          Episode_Reward/term_tilt: 0.0000
    Episode_Reward/term_low_height: 0.0000
      Episode_Reward/leg_action_l2: -0.0000
   Episode_Reward/tracking_lin_vel: 0.5240
Episode_Reward/tracking_lin_vel_x_exp: 0.8594
Episode_Reward/tracking_ang_vel_yaw_l1: 0.0000
Episode_Reward/tracking_ang_vel_yaw_exp: 0.8379
Episode_Reward/tracking_lin_vel_y_l2: 0.0000
Episode_Reward/tracking_lin_vel_z_l2: 0.0000
            Episode_Reward/survive: 0.0000
    Episode_Reward/foot_contacts_z: 0.0000
            Episode_Reward/torques: -0.1462
 Episode_Reward/tracking_lin_vel_y: 0.0000
          Episode_Reward/lin_vel_z: -0.0027
         Episode_Reward/ang_vel_xy: -0.0007
   Episode_Reward/tracking_ang_vel: 0.2700
               Episode_Reward/work: -0.0140
            Episode_Reward/dof_acc: -0.0001
        Episode_Reward/action_rate: -0.0000
     Episode_Reward/dof_pos_limits: 0.0000
      Episode_Reward/delta_torques: -0.0001
          Episode_Reward/collision: -6.6038
        Episode_Reward/walking_dof: 0.0098
            Episode_Reward/hip_pos: -0.0005
          Episode_Reward/feet_jerk: 0.0000
              Episode_Reward/alive: 0.3000
          Episode_Reward/feet_drag: -0.0031
Episode_Reward/feet_contact_forces: -0.1926
               Episode_Reward/roll: -0.0028
        Episode_Reward/base_height: -0.0224
Episode_Reward/tracking_lin_vel_max: 0.3071
Episode_Reward/flat_orientation_l2: -0.0201
  Episode_Reward/air_time_variance: -0.0000
        Episode_Reward/feet_height: 0.0000
      Episode_Reward/feet_air_time: -0.0000
Episode_Reward/update_last_buffers: 0.0000
   Episode_Reward/wheel_idle_speed: -0.0003
    Episode_Reward/wheel_action_l2: -0.0000
  Episode_Reward/wheel_action_rate: 0.0000
Episode_Reward/teacher_ensemble_match: 0.2246
  Episode_Reward/wheel_forward_use: 0.0454
 Episode_Reward/wheel_turn_support: 0.0000
   Metrics/locomotion/error_vel_xy: 0.2289
  Metrics/locomotion/error_vel_yaw: 0.2161
      Episode_Termination/time_out: 1.0000
   Episode_Termination/bad_contact: 0.0000
          Episode_Termination/tilt: 0.0000
    Episode_Termination/low_height: 0.0000
--------------------------------------------------------------------------------
                   Total timesteps: 55296
                    Iteration time: 3.60s
                      Time elapsed: 00:02:13
                               ETA: 00:04:01

################################################################################
                      [1m Learning iteration 36/100 [0m                       

                       Computation: 428 steps/s (collection: 3.506s, learning 0.074s)
             Mean action noise std: 0.04
          Mean value_function loss: 0.2721
               Mean surrogate loss: 0.0646
                 Mean entropy loss: -27.1771
                       Mean reward: -37.89
               Mean episode length: 300.00
   Episode_Reward/term_bad_contact: 0.0000
          Episode_Reward/term_tilt: 0.0000
    Episode_Reward/term_low_height: 0.0000
      Episode_Reward/leg_action_l2: -0.0000
   Episode_Reward/tracking_lin_vel: 0.4281
Episode_Reward/tracking_lin_vel_x_exp: 0.5058
Episode_Reward/tracking_ang_vel_yaw_l1: 0.0000
Episode_Reward/tracking_ang_vel_yaw_exp: 0.7679
Episode_Reward/tracking_lin_vel_y_l2: 0.0000
Episode_Reward/tracking_lin_vel_z_l2: 0.0000
            Episode_Reward/survive: 0.0000
    Episode_Reward/foot_contacts_z: 0.0000
            Episode_Reward/torques: -0.2160
 Episode_Reward/tracking_lin_vel_y: 0.0000
          Episode_Reward/lin_vel_z: -0.0032
         Episode_Reward/ang_vel_xy: -0.0018
   Episode_Reward/tracking_ang_vel: 0.2717
               Episode_Reward/work: -0.0264
            Episode_Reward/dof_acc: -0.0003
        Episode_Reward/action_rate: -0.0000
     Episode_Reward/dof_pos_limits: 0.0000
      Episode_Reward/delta_torques: -0.0002
          Episode_Reward/collision: -7.1300
        Episode_Reward/walking_dof: 0.0273
            Episode_Reward/hip_pos: -0.0011
          Episode_Reward/feet_jerk: 0.0000
              Episode_Reward/alive: 0.3000
          Episode_Reward/feet_drag: -0.0060
Episode_Reward/feet_contact_forces: -0.1895
               Episode_Reward/roll: -0.0043
        Episode_Reward/base_height: -0.0205
Episode_Reward/tracking_lin_vel_max: 0.1055
Episode_Reward/flat_orientation_l2: -0.0368
  Episode_Reward/air_time_variance: -0.0000
        Episode_Reward/feet_height: 0.0000
      Episode_Reward/feet_air_time: -0.0001
Episode_Reward/update_last_buffers: 0.0000
   Episode_Reward/wheel_idle_speed: 0.0000
    Episode_Reward/wheel_action_l2: -0.0000
  Episode_Reward/wheel_action_rate: 0.0000
Episode_Reward/teacher_ensemble_match: 0.2243
  Episode_Reward/wheel_forward_use: 0.1180
 Episode_Reward/wheel_turn_support: 0.0000
   Metrics/locomotion/error_vel_xy: 0.4141
  Metrics/locomotion/error_vel_yaw: 0.2286
      Episode_Termination/time_out: 1.0000
   Episode_Termination/bad_contact: 0.0000
          Episode_Termination/tilt: 0.0000
    Episode_Termination/low_height: 0.0000
--------------------------------------------------------------------------------
                   Total timesteps: 56832
                    Iteration time: 3.58s
                      Time elapsed: 00:02:17
                               ETA: 00:03:57

################################################################################
                      [1m Learning iteration 37/100 [0m                       

                       Computation: 416 steps/s (collection: 3.613s, learning 0.074s)
             Mean action noise std: 0.04
          Mean value_function loss: 0.5181
               Mean surrogate loss: 0.0587
                 Mean entropy loss: -27.1771
                       Mean reward: -38.17
               Mean episode length: 300.00
   Episode_Reward/term_bad_contact: 0.0000
          Episode_Reward/term_tilt: 0.0000
    Episode_Reward/term_low_height: 0.0000
      Episode_Reward/leg_action_l2: -0.0000
   Episode_Reward/tracking_lin_vel: 0.4946
Episode_Reward/tracking_lin_vel_x_exp: 0.7769
Episode_Reward/tracking_ang_vel_yaw_l1: 0.0000
Episode_Reward/tracking_ang_vel_yaw_exp: 0.6265
Episode_Reward/tracking_lin_vel_y_l2: 0.0000
Episode_Reward/tracking_lin_vel_z_l2: 0.0000
            Episode_Reward/survive: 0.0000
    Episode_Reward/foot_contacts_z: 0.0000
            Episode_Reward/torques: -0.1518
 Episode_Reward/tracking_lin_vel_y: 0.0000
          Episode_Reward/lin_vel_z: -0.0028
         Episode_Reward/ang_vel_xy: -0.0006
   Episode_Reward/tracking_ang_vel: 0.2400
               Episode_Reward/work: -0.0136
            Episode_Reward/dof_acc: -0.0001
        Episode_Reward/action_rate: -0.0000
     Episode_Reward/dof_pos_limits: 0.0000
      Episode_Reward/delta_torques: -0.0001
          Episode_Reward/collision: -6.5621
        Episode_Reward/walking_dof: 0.0139
            Episode_Reward/hip_pos: -0.0006
          Episode_Reward/feet_jerk: 0.0000
              Episode_Reward/alive: 0.3000
          Episode_Reward/feet_drag: -0.0035
Episode_Reward/feet_contact_forces: -0.1936
               Episode_Reward/roll: -0.0031
        Episode_Reward/base_height: -0.0195
Episode_Reward/tracking_lin_vel_max: 0.2413
Episode_Reward/flat_orientation_l2: -0.0175
  Episode_Reward/air_time_variance: -0.0000
        Episode_Reward/feet_height: 0.0000
      Episode_Reward/feet_air_time: -0.0000
Episode_Reward/update_last_buffers: 0.0000
   Episode_Reward/wheel_idle_speed: -0.0003
    Episode_Reward/wheel_action_l2: -0.0000
  Episode_Reward/wheel_action_rate: 0.0000
Episode_Reward/teacher_ensemble_match: 0.2244
  Episode_Reward/wheel_forward_use: 0.0504
 Episode_Reward/wheel_turn_support: 0.0000
   Metrics/locomotion/error_vel_xy: 0.2799
  Metrics/locomotion/error_vel_yaw: 0.3291
      Episode_Termination/time_out: 1.0000
   Episode_Termination/bad_contact: 0.0000
          Episode_Termination/tilt: 0.0000
    Episode_Termination/low_height: 0.0000
--------------------------------------------------------------------------------
                   Total timesteps: 58368
                    Iteration time: 3.69s
                      Time elapsed: 00:02:20
                               ETA: 00:03:53

################################################################################
                      [1m Learning iteration 38/100 [0m                       

                       Computation: 423 steps/s (collection: 3.551s, learning 0.073s)
             Mean action noise std: 0.04
          Mean value_function loss: 0.3751
               Mean surrogate loss: 0.0407
                 Mean entropy loss: -27.1771
                       Mean reward: -38.57
               Mean episode length: 300.00
   Episode_Reward/term_bad_contact: 0.0000
          Episode_Reward/term_tilt: 0.0000
    Episode_Reward/term_low_height: 0.0000
      Episode_Reward/leg_action_l2: -0.0000
   Episode_Reward/tracking_lin_vel: 0.4773
Episode_Reward/tracking_lin_vel_x_exp: 0.6229
Episode_Reward/tracking_ang_vel_yaw_l1: 0.0000
Episode_Reward/tracking_ang_vel_yaw_exp: 0.7061
Episode_Reward/tracking_lin_vel_y_l2: 0.0000
Episode_Reward/tracking_lin_vel_z_l2: 0.0000
            Episode_Reward/survive: 0.0000
    Episode_Reward/foot_contacts_z: 0.0000
            Episode_Reward/torques: -0.1847
 Episode_Reward/tracking_lin_vel_y: 0.0000
          Episode_Reward/lin_vel_z: -0.0029
         Episode_Reward/ang_vel_xy: -0.0010
   Episode_Reward/tracking_ang_vel: 0.2487
               Episode_Reward/work: -0.0171
            Episode_Reward/dof_acc: -0.0002
        Episode_Reward/action_rate: -0.0000
     Episode_Reward/dof_pos_limits: 0.0000
      Episode_Reward/delta_torques: -0.0001
          Episode_Reward/collision: -6.9488
        Episode_Reward/walking_dof: 0.0215
            Episode_Reward/hip_pos: -0.0008
          Episode_Reward/feet_jerk: 0.0000
              Episode_Reward/alive: 0.3000
          Episode_Reward/feet_drag: -0.0044
Episode_Reward/feet_contact_forces: -0.1900
               Episode_Reward/roll: -0.0036
        Episode_Reward/base_height: -0.0208
Episode_Reward/tracking_lin_vel_max: 0.1472
Episode_Reward/flat_orientation_l2: -0.0306
  Episode_Reward/air_time_variance: -0.0000
        Episode_Reward/feet_height: 0.0000
      Episode_Reward/feet_air_time: -0.0001
Episode_Reward/update_last_buffers: 0.0000
   Episode_Reward/wheel_idle_speed: -0.0002
    Episode_Reward/wheel_action_l2: -0.0000
  Episode_Reward/wheel_action_rate: 0.0000
Episode_Reward/teacher_ensemble_match: 0.2242
  Episode_Reward/wheel_forward_use: 0.0911
 Episode_Reward/wheel_turn_support: 0.0000
   Metrics/locomotion/error_vel_xy: 0.3341
  Metrics/locomotion/error_vel_yaw: 0.2927
      Episode_Termination/time_out: 1.0000
   Episode_Termination/bad_contact: 0.0000
          Episode_Termination/tilt: 0.0000
    Episode_Termination/low_height: 0.0000
--------------------------------------------------------------------------------
                   Total timesteps: 59904
                    Iteration time: 3.62s
                      Time elapsed: 00:02:24
                               ETA: 00:03:49

################################################################################
                      [1m Learning iteration 39/100 [0m                       

                       Computation: 418 steps/s (collection: 3.596s, learning 0.073s)
             Mean action noise std: 0.04
          Mean value_function loss: 0.4623
               Mean surrogate loss: 0.0628
                 Mean entropy loss: -27.1771
                       Mean reward: -37.57
               Mean episode length: 300.00
   Episode_Reward/term_bad_contact: 0.0000
          Episode_Reward/term_tilt: 0.0000
    Episode_Reward/term_low_height: 0.0000
      Episode_Reward/leg_action_l2: -0.0000
   Episode_Reward/tracking_lin_vel: 0.5358
Episode_Reward/tracking_lin_vel_x_exp: 0.9060
Episode_Reward/tracking_ang_vel_yaw_l1: 0.0000
Episode_Reward/tracking_ang_vel_yaw_exp: 0.7318
Episode_Reward/tracking_lin_vel_y_l2: 0.0000
Episode_Reward/tracking_lin_vel_z_l2: 0.0000
            Episode_Reward/survive: 0.0000
    Episode_Reward/foot_contacts_z: 0.0000
            Episode_Reward/torques: -0.0951
 Episode_Reward/tracking_lin_vel_y: 0.0000
          Episode_Reward/lin_vel_z: -0.0027
         Episode_Reward/ang_vel_xy: -0.0005
   Episode_Reward/tracking_ang_vel: 0.2451
               Episode_Reward/work: -0.0120
            Episode_Reward/dof_acc: -0.0001
        Episode_Reward/action_rate: -0.0000
     Episode_Reward/dof_pos_limits: 0.0000
      Episode_Reward/delta_torques: -0.0001
          Episode_Reward/collision: -5.9958
        Episode_Reward/walking_dof: 0.0065
            Episode_Reward/hip_pos: -0.0002
          Episode_Reward/feet_jerk: 0.0000
              Episode_Reward/alive: 0.3000
          Episode_Reward/feet_drag: -0.0030
Episode_Reward/feet_contact_forces: -0.1965
               Episode_Reward/roll: -0.0037
        Episode_Reward/base_height: -0.0197
Episode_Reward/tracking_lin_vel_max: 0.3423
Episode_Reward/flat_orientation_l2: -0.0023
  Episode_Reward/air_time_variance: -0.0000
        Episode_Reward/feet_height: 0.0000
      Episode_Reward/feet_air_time: -0.0000
Episode_Reward/update_last_buffers: 0.0000
   Episode_Reward/wheel_idle_speed: -0.0006
    Episode_Reward/wheel_action_l2: -0.0000
  Episode_Reward/wheel_action_rate: 0.0000
Episode_Reward/teacher_ensemble_match: 0.2245
  Episode_Reward/wheel_forward_use: 0.0303
 Episode_Reward/wheel_turn_support: 0.0000
   Metrics/locomotion/error_vel_xy: 0.2058
  Metrics/locomotion/error_vel_yaw: 0.2938
      Episode_Termination/time_out: 1.0000
   Episode_Termination/bad_contact: 0.0000
          Episode_Termination/tilt: 0.0000
    Episode_Termination/low_height: 0.0000
--------------------------------------------------------------------------------
                   Total timesteps: 61440
                    Iteration time: 3.67s
                      Time elapsed: 00:02:28
                               ETA: 00:03:45

################################################################################
                      [1m Learning iteration 40/100 [0m                       

                       Computation: 421 steps/s (collection: 3.570s, learning 0.073s)
             Mean action noise std: 0.04
          Mean value_function loss: 0.3669
               Mean surrogate loss: 0.0763
                 Mean entropy loss: -27.1771
                       Mean reward: -37.97
               Mean episode length: 300.00
   Episode_Reward/term_bad_contact: 0.0000
          Episode_Reward/term_tilt: 0.0000
    Episode_Reward/term_low_height: 0.0000
      Episode_Reward/leg_action_l2: -0.0000
   Episode_Reward/tracking_lin_vel: 0.5196
Episode_Reward/tracking_lin_vel_x_exp: 0.7610
Episode_Reward/tracking_ang_vel_yaw_l1: 0.0000
Episode_Reward/tracking_ang_vel_yaw_exp: 0.7213
Episode_Reward/tracking_lin_vel_y_l2: 0.0000
Episode_Reward/tracking_lin_vel_z_l2: 0.0000
            Episode_Reward/survive: 0.0000
    Episode_Reward/foot_contacts_z: 0.0000
            Episode_Reward/torques: -0.1760
 Episode_Reward/tracking_lin_vel_y: 0.0000
          Episode_Reward/lin_vel_z: -0.0028
         Episode_Reward/ang_vel_xy: -0.0009
   Episode_Reward/tracking_ang_vel: 0.2471
               Episode_Reward/work: -0.0151
            Episode_Reward/dof_acc: -0.0002
        Episode_Reward/action_rate: -0.0000
     Episode_Reward/dof_pos_limits: 0.0000
      Episode_Reward/delta_torques: -0.0001
          Episode_Reward/collision: -6.8608
        Episode_Reward/walking_dof: 0.0067
            Episode_Reward/hip_pos: -0.0006
          Episode_Reward/feet_jerk: 0.0000
              Episode_Reward/alive: 0.3000
          Episode_Reward/feet_drag: -0.0036
Episode_Reward/feet_contact_forces: -0.1904
               Episode_Reward/roll: -0.0040
        Episode_Reward/base_height: -0.0204
Episode_Reward/tracking_lin_vel_max: 0.3424
Episode_Reward/flat_orientation_l2: -0.0288
  Episode_Reward/air_time_variance: -0.0000
        Episode_Reward/feet_height: 0.0000
      Episode_Reward/feet_air_time: -0.0000
Episode_Reward/update_last_buffers: 0.0000
   Episode_Reward/wheel_idle_speed: -0.0006
    Episode_Reward/wheel_action_l2: -0.0000
  Episode_Reward/wheel_action_rate: 0.0000
Episode_Reward/teacher_ensemble_match: 0.2241
  Episode_Reward/wheel_forward_use: 0.0266
 Episode_Reward/wheel_turn_support: 0.0000
   Metrics/locomotion/error_vel_xy: 0.2577
  Metrics/locomotion/error_vel_yaw: 0.2905
      Episode_Termination/time_out: 1.0000
   Episode_Termination/bad_contact: 0.0000
          Episode_Termination/tilt: 0.0000
    Episode_Termination/low_height: 0.0000
--------------------------------------------------------------------------------
                   Total timesteps: 62976
                    Iteration time: 3.64s
                      Time elapsed: 00:02:31
                               ETA: 00:03:42

################################################################################
                      [1m Learning iteration 41/100 [0m                       

                       Computation: 421 steps/s (collection: 3.571s, learning 0.073s)
             Mean action noise std: 0.04
          Mean value_function loss: 0.4291
               Mean surrogate loss: 0.0720
                 Mean entropy loss: -27.1771
                       Mean reward: -38.27
               Mean episode length: 300.00
   Episode_Reward/term_bad_contact: 0.0000
          Episode_Reward/term_tilt: 0.0000
    Episode_Reward/term_low_height: 0.0000
      Episode_Reward/leg_action_l2: -0.0000
   Episode_Reward/tracking_lin_vel: 0.4966
Episode_Reward/tracking_lin_vel_x_exp: 0.6804
Episode_Reward/tracking_ang_vel_yaw_l1: 0.0000
Episode_Reward/tracking_ang_vel_yaw_exp: 0.7637
Episode_Reward/tracking_lin_vel_y_l2: 0.0000
Episode_Reward/tracking_lin_vel_z_l2: 0.0000
            Episode_Reward/survive: 0.0000
    Episode_Reward/foot_contacts_z: 0.0000
            Episode_Reward/torques: -0.2098
 Episode_Reward/tracking_lin_vel_y: 0.0000
          Episode_Reward/lin_vel_z: -0.0030
         Episode_Reward/ang_vel_xy: -0.0014
   Episode_Reward/tracking_ang_vel: 0.2510
               Episode_Reward/work: -0.0211
            Episode_Reward/dof_acc: -0.0002
        Episode_Reward/action_rate: -0.0000
     Episode_Reward/dof_pos_limits: 0.0000
      Episode_Reward/delta_torques: -0.0002
          Episode_Reward/collision: -7.0254
        Episode_Reward/walking_dof: 0.0181
            Episode_Reward/hip_pos: -0.0009
          Episode_Reward/feet_jerk: 0.0000
              Episode_Reward/alive: 0.3000
          Episode_Reward/feet_drag: -0.0047
Episode_Reward/feet_contact_forces: -0.1891
               Episode_Reward/roll: -0.0032
        Episode_Reward/base_height: -0.0234
Episode_Reward/tracking_lin_vel_max: 0.2352
Episode_Reward/flat_orientation_l2: -0.0386
  Episode_Reward/air_time_variance: -0.0000
        Episode_Reward/feet_height: 0.0000
      Episode_Reward/feet_air_time: -0.0001
Episode_Reward/update_last_buffers: 0.0000
   Episode_Reward/wheel_idle_speed: -0.0003
    Episode_Reward/wheel_action_l2: -0.0000
  Episode_Reward/wheel_action_rate: 0.0000
Episode_Reward/teacher_ensemble_match: 0.2240
  Episode_Reward/wheel_forward_use: 0.0794
 Episode_Reward/wheel_turn_support: 0.0000
   Metrics/locomotion/error_vel_xy: 0.2999
  Metrics/locomotion/error_vel_yaw: 0.2737
      Episode_Termination/time_out: 1.0000
   Episode_Termination/bad_contact: 0.0000
          Episode_Termination/tilt: 0.0000
    Episode_Termination/low_height: 0.0000
--------------------------------------------------------------------------------
                   Total timesteps: 64512
                    Iteration time: 3.64s
                      Time elapsed: 00:02:35
                               ETA: 00:03:38

################################################################################
                      [1m Learning iteration 42/100 [0m                       

                       Computation: 423 steps/s (collection: 3.552s, learning 0.072s)
             Mean action noise std: 0.04
          Mean value_function loss: 0.4280
               Mean surrogate loss: 0.0480
                 Mean entropy loss: -27.1771
                       Mean reward: -38.21
               Mean episode length: 300.00
   Episode_Reward/term_bad_contact: 0.0000
          Episode_Reward/term_tilt: 0.0000
    Episode_Reward/term_low_height: 0.0000
      Episode_Reward/leg_action_l2: -0.0000
   Episode_Reward/tracking_lin_vel: 0.5317
Episode_Reward/tracking_lin_vel_x_exp: 0.8530
Episode_Reward/tracking_ang_vel_yaw_l1: 0.0000
Episode_Reward/tracking_ang_vel_yaw_exp: 0.8199
Episode_Reward/tracking_lin_vel_y_l2: 0.0000
Episode_Reward/tracking_lin_vel_z_l2: 0.0000
            Episode_Reward/survive: 0.0000
    Episode_Reward/foot_contacts_z: 0.0000
            Episode_Reward/torques: -0.1673
 Episode_Reward/tracking_lin_vel_y: 0.0000
          Episode_Reward/lin_vel_z: -0.0029
         Episode_Reward/ang_vel_xy: -0.0010
   Episode_Reward/tracking_ang_vel: 0.2578
               Episode_Reward/work: -0.0169
            Episode_Reward/dof_acc: -0.0002
        Episode_Reward/action_rate: -0.0000
     Episode_Reward/dof_pos_limits: 0.0000
      Episode_Reward/delta_torques: -0.0001
          Episode_Reward/collision: -6.7744
        Episode_Reward/walking_dof: 0.0117
            Episode_Reward/hip_pos: -0.0008
          Episode_Reward/feet_jerk: 0.0000
              Episode_Reward/alive: 0.3000
          Episode_Reward/feet_drag: -0.0038
Episode_Reward/feet_contact_forces: -0.1919
               Episode_Reward/roll: -0.0032
        Episode_Reward/base_height: -0.0228
Episode_Reward/tracking_lin_vel_max: 0.3047
Episode_Reward/flat_orientation_l2: -0.0255
  Episode_Reward/air_time_variance: -0.0000
        Episode_Reward/feet_height: 0.0000
      Episode_Reward/feet_air_time: -0.0000
Episode_Reward/update_last_buffers: 0.0000
   Episode_Reward/wheel_idle_speed: -0.0005
    Episode_Reward/wheel_action_l2: -0.0000
  Episode_Reward/wheel_action_rate: 0.0000
Episode_Reward/teacher_ensemble_match: 0.2241
  Episode_Reward/wheel_forward_use: 0.0524
 Episode_Reward/wheel_turn_support: 0.0000
   Metrics/locomotion/error_vel_xy: 0.2232
  Metrics/locomotion/error_vel_yaw: 0.2462
      Episode_Termination/time_out: 1.0000
   Episode_Termination/bad_contact: 0.0000
          Episode_Termination/tilt: 0.0000
    Episode_Termination/low_height: 0.0000
--------------------------------------------------------------------------------
                   Total timesteps: 66048
                    Iteration time: 3.62s
                      Time elapsed: 00:02:39
                               ETA: 00:03:34

################################################################################
                      [1m Learning iteration 43/100 [0m                       

                       Computation: 417 steps/s (collection: 3.604s, learning 0.073s)
             Mean action noise std: 0.04
          Mean value_function loss: 0.5009
               Mean surrogate loss: 0.0149
                 Mean entropy loss: -27.1771
                       Mean reward: -38.62
               Mean episode length: 300.00
   Episode_Reward/term_bad_contact: 0.0000
          Episode_Reward/term_tilt: 0.0000
    Episode_Reward/term_low_height: 0.0000
      Episode_Reward/leg_action_l2: -0.0000
   Episode_Reward/tracking_lin_vel: 0.4939
Episode_Reward/tracking_lin_vel_x_exp: 0.6825
Episode_Reward/tracking_ang_vel_yaw_l1: 0.0000
Episode_Reward/tracking_ang_vel_yaw_exp: 0.7408
Episode_Reward/tracking_lin_vel_y_l2: 0.0000
Episode_Reward/tracking_lin_vel_z_l2: 0.0000
            Episode_Reward/survive: 0.0000
    Episode_Reward/foot_contacts_z: 0.0000
            Episode_Reward/torques: -0.1831
 Episode_Reward/tracking_lin_vel_y: 0.0000
          Episode_Reward/lin_vel_z: -0.0029
         Episode_Reward/ang_vel_xy: -0.0009
   Episode_Reward/tracking_ang_vel: 0.2511
               Episode_Reward/work: -0.0154
            Episode_Reward/dof_acc: -0.0002
        Episode_Reward/action_rate: -0.0000
     Episode_Reward/dof_pos_limits: 0.0000
      Episode_Reward/delta_torques: -0.0001
          Episode_Reward/collision: -7.0533
        Episode_Reward/walking_dof: 0.0143
            Episode_Reward/hip_pos: -0.0008
          Episode_Reward/feet_jerk: 0.0000
              Episode_Reward/alive: 0.3000
          Episode_Reward/feet_drag: -0.0033
Episode_Reward/feet_contact_forces: -0.1901
               Episode_Reward/roll: -0.0024
        Episode_Reward/base_height: -0.0245
Episode_Reward/tracking_lin_vel_max: 0.2463
Episode_Reward/flat_orientation_l2: -0.0326
  Episode_Reward/air_time_variance: -0.0000
        Episode_Reward/feet_height: 0.0000
      Episode_Reward/feet_air_time: -0.0000
Episode_Reward/update_last_buffers: 0.0000
   Episode_Reward/wheel_idle_speed: -0.0002
    Episode_Reward/wheel_action_l2: -0.0000
  Episode_Reward/wheel_action_rate: 0.0000
Episode_Reward/teacher_ensemble_match: 0.2239
  Episode_Reward/wheel_forward_use: 0.0560
 Episode_Reward/wheel_turn_support: 0.0000
   Metrics/locomotion/error_vel_xy: 0.3033
  Metrics/locomotion/error_vel_yaw: 0.2785
      Episode_Termination/time_out: 1.0000
   Episode_Termination/bad_contact: 0.0000
          Episode_Termination/tilt: 0.0000
    Episode_Termination/low_height: 0.0000
--------------------------------------------------------------------------------
                   Total timesteps: 67584
                    Iteration time: 3.68s
                      Time elapsed: 00:02:42
                               ETA: 00:03:30

################################################################################
                      [1m Learning iteration 44/100 [0m                       

                       Computation: 422 steps/s (collection: 3.564s, learning 0.072s)
             Mean action noise std: 0.04
          Mean value_function loss: 0.3499
               Mean surrogate loss: 0.0338
                 Mean entropy loss: -27.1771
                       Mean reward: -38.24
               Mean episode length: 300.00
   Episode_Reward/term_bad_contact: 0.0000
          Episode_Reward/term_tilt: 0.0000
    Episode_Reward/term_low_height: 0.0000
      Episode_Reward/leg_action_l2: -0.0000
   Episode_Reward/tracking_lin_vel: 0.5095
Episode_Reward/tracking_lin_vel_x_exp: 0.7888
Episode_Reward/tracking_ang_vel_yaw_l1: 0.0000
Episode_Reward/tracking_ang_vel_yaw_exp: 0.7466
Episode_Reward/tracking_lin_vel_y_l2: 0.0000
Episode_Reward/tracking_lin_vel_z_l2: 0.0000
            Episode_Reward/survive: 0.0000
    Episode_Reward/foot_contacts_z: 0.0000
            Episode_Reward/torques: -0.1262
 Episode_Reward/tracking_lin_vel_y: 0.0000
          Episode_Reward/lin_vel_z: -0.0030
         Episode_Reward/ang_vel_xy: -0.0008
   Episode_Reward/tracking_ang_vel: 0.2573
               Episode_Reward/work: -0.0144
            Episode_Reward/dof_acc: -0.0002
        Episode_Reward/action_rate: -0.0000
     Episode_Reward/dof_pos_limits: 0.0000
      Episode_Reward/delta_torques: -0.0001
          Episode_Reward/collision: -6.5383
        Episode_Reward/walking_dof: 0.0079
            Episode_Reward/hip_pos: -0.0005
          Episode_Reward/feet_jerk: 0.0000
              Episode_Reward/alive: 0.3000
          Episode_Reward/feet_drag: -0.0036
Episode_Reward/feet_contact_forces: -0.1925
               Episode_Reward/roll: -0.0031
        Episode_Reward/base_height: -0.0214
Episode_Reward/tracking_lin_vel_max: 0.3308
Episode_Reward/flat_orientation_l2: -0.0161
  Episode_Reward/air_time_variance: -0.0000
        Episode_Reward/feet_height: 0.0000
      Episode_Reward/feet_air_time: -0.0000
Episode_Reward/update_last_buffers: 0.0000
   Episode_Reward/wheel_idle_speed: -0.0007
    Episode_Reward/wheel_action_l2: -0.0000
  Episode_Reward/wheel_action_rate: 0.0000
Episode_Reward/teacher_ensemble_match: 0.2241
  Episode_Reward/wheel_forward_use: 0.0277
 Episode_Reward/wheel_turn_support: 0.0000
   Metrics/locomotion/error_vel_xy: 0.2610
  Metrics/locomotion/error_vel_yaw: 0.2643
      Episode_Termination/time_out: 1.0000
   Episode_Termination/bad_contact: 0.0000
          Episode_Termination/tilt: 0.0000
    Episode_Termination/low_height: 0.0000
--------------------------------------------------------------------------------
                   Total timesteps: 69120
                    Iteration time: 3.64s
                      Time elapsed: 00:02:46
                               ETA: 00:03:26

################################################################################
                      [1m Learning iteration 45/100 [0m                       

                       Computation: 419 steps/s (collection: 3.589s, learning 0.073s)
             Mean action noise std: 0.04
          Mean value_function loss: 0.3150
               Mean surrogate loss: 0.0046
                 Mean entropy loss: -27.1771
                       Mean reward: -38.55
               Mean episode length: 300.00
   Episode_Reward/term_bad_contact: 0.0000
          Episode_Reward/term_tilt: 0.0000
    Episode_Reward/term_low_height: 0.0000
      Episode_Reward/leg_action_l2: -0.0000
   Episode_Reward/tracking_lin_vel: 0.5238
Episode_Reward/tracking_lin_vel_x_exp: 0.8135
Episode_Reward/tracking_ang_vel_yaw_l1: 0.0000
Episode_Reward/tracking_ang_vel_yaw_exp: 0.7061
Episode_Reward/tracking_lin_vel_y_l2: 0.0000
Episode_Reward/tracking_lin_vel_z_l2: 0.0000
            Episode_Reward/survive: 0.0000
    Episode_Reward/foot_contacts_z: 0.0000
            Episode_Reward/torques: -0.1924
 Episode_Reward/tracking_lin_vel_y: 0.0000
          Episode_Reward/lin_vel_z: -0.0031
         Episode_Reward/ang_vel_xy: -0.0011
   Episode_Reward/tracking_ang_vel: 0.2450
               Episode_Reward/work: -0.0167
            Episode_Reward/dof_acc: -0.0002
        Episode_Reward/action_rate: -0.0000
     Episode_Reward/dof_pos_limits: 0.0000
      Episode_Reward/delta_torques: -0.0002
          Episode_Reward/collision: -6.5950
        Episode_Reward/walking_dof: 0.0143
            Episode_Reward/hip_pos: -0.0008
          Episode_Reward/feet_jerk: 0.0000
              Episode_Reward/alive: 0.3000
          Episode_Reward/feet_drag: -0.0039
Episode_Reward/feet_contact_forces: -0.1909
               Episode_Reward/roll: -0.0027
        Episode_Reward/base_height: -0.0236
Episode_Reward/tracking_lin_vel_max: 0.2692
Episode_Reward/flat_orientation_l2: -0.0330
  Episode_Reward/air_time_variance: -0.0000
        Episode_Reward/feet_height: 0.0000
      Episode_Reward/feet_air_time: -0.0001
Episode_Reward/update_last_buffers: 0.0000
   Episode_Reward/wheel_idle_speed: -0.0003
    Episode_Reward/wheel_action_l2: -0.0000
  Episode_Reward/wheel_action_rate: 0.0000
Episode_Reward/teacher_ensemble_match: 0.2239
  Episode_Reward/wheel_forward_use: 0.0609
 Episode_Reward/wheel_turn_support: 0.0000
   Metrics/locomotion/error_vel_xy: 0.2408
  Metrics/locomotion/error_vel_yaw: 0.2993
      Episode_Termination/time_out: 1.0000
   Episode_Termination/bad_contact: 0.0000
          Episode_Termination/tilt: 0.0000
    Episode_Termination/low_height: 0.0000
--------------------------------------------------------------------------------
                   Total timesteps: 70656
                    Iteration time: 3.66s
                      Time elapsed: 00:02:49
                               ETA: 00:03:23

################################################################################
                      [1m Learning iteration 46/100 [0m                       

                       Computation: 424 steps/s (collection: 3.549s, learning 0.073s)
             Mean action noise std: 0.04
          Mean value_function loss: 0.3109
               Mean surrogate loss: 0.0825
                 Mean entropy loss: -27.1771
                       Mean reward: -38.58
               Mean episode length: 300.00
   Episode_Reward/term_bad_contact: 0.0000
          Episode_Reward/term_tilt: 0.0000
    Episode_Reward/term_low_height: 0.0000
      Episode_Reward/leg_action_l2: -0.0000
   Episode_Reward/tracking_lin_vel: 0.5162
Episode_Reward/tracking_lin_vel_x_exp: 0.7092
Episode_Reward/tracking_ang_vel_yaw_l1: 0.0000
Episode_Reward/tracking_ang_vel_yaw_exp: 0.8344
Episode_Reward/tracking_lin_vel_y_l2: 0.0000
Episode_Reward/tracking_lin_vel_z_l2: 0.0000
            Episode_Reward/survive: 0.0000
    Episode_Reward/foot_contacts_z: 0.0000
            Episode_Reward/torques: -0.1568
 Episode_Reward/tracking_lin_vel_y: 0.0000
          Episode_Reward/lin_vel_z: -0.0030
         Episode_Reward/ang_vel_xy: -0.0009
   Episode_Reward/tracking_ang_vel: 0.2657
               Episode_Reward/work: -0.0166
            Episode_Reward/dof_acc: -0.0002
        Episode_Reward/action_rate: -0.0000
     Episode_Reward/dof_pos_limits: 0.0000
      Episode_Reward/delta_torques: -0.0001
          Episode_Reward/collision: -6.3821
        Episode_Reward/walking_dof: 0.0117
            Episode_Reward/hip_pos: -0.0005
          Episode_Reward/feet_jerk: 0.0000
              Episode_Reward/alive: 0.3000
          Episode_Reward/feet_drag: -0.0041
Episode_Reward/feet_contact_forces: -0.1935
               Episode_Reward/roll: -0.0029
        Episode_Reward/base_height: -0.0194
Episode_Reward/tracking_lin_vel_max: 0.2955
Episode_Reward/flat_orientation_l2: -0.0192
  Episode_Reward/air_time_variance: -0.0000
        Episode_Reward/feet_height: 0.0000
      Episode_Reward/feet_air_time: -0.0000
Episode_Reward/update_last_buffers: 0.0000
   Episode_Reward/wheel_idle_speed: -0.0007
    Episode_Reward/wheel_action_l2: -0.0000
  Episode_Reward/wheel_action_rate: 0.0000
Episode_Reward/teacher_ensemble_match: 0.2239
  Episode_Reward/wheel_forward_use: 0.0532
 Episode_Reward/wheel_turn_support: 0.0000
   Metrics/locomotion/error_vel_xy: 0.2731
  Metrics/locomotion/error_vel_yaw: 0.2264
      Episode_Termination/time_out: 1.0000
   Episode_Termination/bad_contact: 0.0000
          Episode_Termination/tilt: 0.0000
    Episode_Termination/low_height: 0.0000
--------------------------------------------------------------------------------
                   Total timesteps: 72192
                    Iteration time: 3.62s
                      Time elapsed: 00:02:53
                               ETA: 00:03:19

################################################################################
                      [1m Learning iteration 47/100 [0m                       

                       Computation: 420 steps/s (collection: 3.579s, learning 0.073s)
             Mean action noise std: 0.04
          Mean value_function loss: 0.3215
               Mean surrogate loss: 0.0384
                 Mean entropy loss: -27.1771
                       Mean reward: -38.64
               Mean episode length: 300.00
   Episode_Reward/term_bad_contact: 0.0000
          Episode_Reward/term_tilt: 0.0000
    Episode_Reward/term_low_height: 0.0000
      Episode_Reward/leg_action_l2: -0.0000
   Episode_Reward/tracking_lin_vel: 0.5024
Episode_Reward/tracking_lin_vel_x_exp: 0.7597
Episode_Reward/tracking_ang_vel_yaw_l1: 0.0000
Episode_Reward/tracking_ang_vel_yaw_exp: 0.8093
Episode_Reward/tracking_lin_vel_y_l2: 0.0000
Episode_Reward/tracking_lin_vel_z_l2: 0.0000
            Episode_Reward/survive: 0.0000
    Episode_Reward/foot_contacts_z: 0.0000
            Episode_Reward/torques: -0.1366
 Episode_Reward/tracking_lin_vel_y: 0.0000
          Episode_Reward/lin_vel_z: -0.0031
         Episode_Reward/ang_vel_xy: -0.0009
   Episode_Reward/tracking_ang_vel: 0.2545
               Episode_Reward/work: -0.0169
            Episode_Reward/dof_acc: -0.0002
        Episode_Reward/action_rate: -0.0000
     Episode_Reward/dof_pos_limits: 0.0000
      Episode_Reward/delta_torques: -0.0001
          Episode_Reward/collision: -6.2629
        Episode_Reward/walking_dof: 0.0138
            Episode_Reward/hip_pos: -0.0004
          Episode_Reward/feet_jerk: 0.0000
              Episode_Reward/alive: 0.3000
          Episode_Reward/feet_drag: -0.0042
Episode_Reward/feet_contact_forces: -0.1951
               Episode_Reward/roll: -0.0044
        Episode_Reward/base_height: -0.0178
Episode_Reward/tracking_lin_vel_max: 0.2531
Episode_Reward/flat_orientation_l2: -0.0114
  Episode_Reward/air_time_variance: -0.0000
        Episode_Reward/feet_height: 0.0000
      Episode_Reward/feet_air_time: -0.0000
Episode_Reward/update_last_buffers: 0.0000
   Episode_Reward/wheel_idle_speed: -0.0006
    Episode_Reward/wheel_action_l2: -0.0000
  Episode_Reward/wheel_action_rate: 0.0000
Episode_Reward/teacher_ensemble_match: 0.2241
  Episode_Reward/wheel_forward_use: 0.0528
 Episode_Reward/wheel_turn_support: 0.0000
   Metrics/locomotion/error_vel_xy: 0.2774
  Metrics/locomotion/error_vel_yaw: 0.2553
      Episode_Termination/time_out: 1.0000
   Episode_Termination/bad_contact: 0.0000
          Episode_Termination/tilt: 0.0000
    Episode_Termination/low_height: 0.0000
--------------------------------------------------------------------------------
                   Total timesteps: 73728
                    Iteration time: 3.65s
                      Time elapsed: 00:02:57
                               ETA: 00:03:15

################################################################################
                      [1m Learning iteration 48/100 [0m                       

                       Computation: 420 steps/s (collection: 3.576s, learning 0.073s)
             Mean action noise std: 0.04
          Mean value_function loss: 0.3169
               Mean surrogate loss: 0.0553
                 Mean entropy loss: -27.1771
                       Mean reward: -38.68
               Mean episode length: 300.00
   Episode_Reward/term_bad_contact: 0.0000
          Episode_Reward/term_tilt: 0.0000
    Episode_Reward/term_low_height: 0.0000
      Episode_Reward/leg_action_l2: -0.0000
   Episode_Reward/tracking_lin_vel: 0.4431
Episode_Reward/tracking_lin_vel_x_exp: 0.5395
Episode_Reward/tracking_ang_vel_yaw_l1: 0.0000
Episode_Reward/tracking_ang_vel_yaw_exp: 0.6036
Episode_Reward/tracking_lin_vel_y_l2: 0.0000
Episode_Reward/tracking_lin_vel_z_l2: 0.0000
            Episode_Reward/survive: 0.0000
    Episode_Reward/foot_contacts_z: 0.0000
            Episode_Reward/torques: -0.1432
 Episode_Reward/tracking_lin_vel_y: 0.0000
          Episode_Reward/lin_vel_z: -0.0031
         Episode_Reward/ang_vel_xy: -0.0007
   Episode_Reward/tracking_ang_vel: 0.2287
               Episode_Reward/work: -0.0143
            Episode_Reward/dof_acc: -0.0002
        Episode_Reward/action_rate: -0.0000
     Episode_Reward/dof_pos_limits: 0.0000
      Episode_Reward/delta_torques: -0.0001
          Episode_Reward/collision: -6.1604
        Episode_Reward/walking_dof: 0.0225
            Episode_Reward/hip_pos: -0.0004
          Episode_Reward/feet_jerk: 0.0000
              Episode_Reward/alive: 0.3000
          Episode_Reward/feet_drag: -0.0046
Episode_Reward/feet_contact_forces: -0.1952
               Episode_Reward/roll: -0.0077
        Episode_Reward/base_height: -0.0127
Episode_Reward/tracking_lin_vel_max: 0.0928
Episode_Reward/flat_orientation_l2: -0.0084
  Episode_Reward/air_time_variance: -0.0000
        Episode_Reward/feet_height: 0.0000
      Episode_Reward/feet_air_time: -0.0001
Episode_Reward/update_last_buffers: 0.0000
   Episode_Reward/wheel_idle_speed: -0.0002
    Episode_Reward/wheel_action_l2: -0.0000
  Episode_Reward/wheel_action_rate: 0.0000
Episode_Reward/teacher_ensemble_match: 0.2239
  Episode_Reward/wheel_forward_use: 0.0874
 Episode_Reward/wheel_turn_support: 0.0000
   Metrics/locomotion/error_vel_xy: 0.3909
  Metrics/locomotion/error_vel_yaw: 0.3596
      Episode_Termination/time_out: 1.0000
   Episode_Termination/bad_contact: 0.0000
          Episode_Termination/tilt: 0.0000
    Episode_Termination/low_height: 0.0000
--------------------------------------------------------------------------------
                   Total timesteps: 75264
                    Iteration time: 3.65s
                      Time elapsed: 00:03:00
                               ETA: 00:03:11

################################################################################
                      [1m Learning iteration 49/100 [0m                       

                       Computation: 423 steps/s (collection: 3.558s, learning 0.072s)
             Mean action noise std: 0.04
          Mean value_function loss: 0.3630
               Mean surrogate loss: 0.1379
                 Mean entropy loss: -27.1771
                       Mean reward: -39.15
               Mean episode length: 300.00
   Episode_Reward/term_bad_contact: 0.0000
          Episode_Reward/term_tilt: 0.0000
    Episode_Reward/term_low_height: 0.0000
      Episode_Reward/leg_action_l2: -0.0000
   Episode_Reward/tracking_lin_vel: 0.4541
Episode_Reward/tracking_lin_vel_x_exp: 0.5274
Episode_Reward/tracking_ang_vel_yaw_l1: 0.0000
Episode_Reward/tracking_ang_vel_yaw_exp: 0.7215
Episode_Reward/tracking_lin_vel_y_l2: 0.0000
Episode_Reward/tracking_lin_vel_z_l2: 0.0000
            Episode_Reward/survive: 0.0000
    Episode_Reward/foot_contacts_z: 0.0000
            Episode_Reward/torques: -0.1522
 Episode_Reward/tracking_lin_vel_y: 0.0000
          Episode_Reward/lin_vel_z: -0.0031
         Episode_Reward/ang_vel_xy: -0.0007
   Episode_Reward/tracking_ang_vel: 0.2453
               Episode_Reward/work: -0.0136
            Episode_Reward/dof_acc: -0.0001
        Episode_Reward/action_rate: -0.0000
     Episode_Reward/dof_pos_limits: 0.0000
      Episode_Reward/delta_torques: -0.0001
          Episode_Reward/collision: -6.1942
        Episode_Reward/walking_dof: 0.0213
            Episode_Reward/hip_pos: -0.0005
          Episode_Reward/feet_jerk: 0.0000
              Episode_Reward/alive: 0.3000
          Episode_Reward/feet_drag: -0.0043
Episode_Reward/feet_contact_forces: -0.1954
               Episode_Reward/roll: -0.0073
        Episode_Reward/base_height: -0.0137
Episode_Reward/tracking_lin_vel_max: 0.1033
Episode_Reward/flat_orientation_l2: -0.0109
  Episode_Reward/air_time_variance: -0.0000
        Episode_Reward/feet_height: 0.0000
      Episode_Reward/feet_air_time: -0.0001
Episode_Reward/update_last_buffers: 0.0000
   Episode_Reward/wheel_idle_speed: -0.0003
    Episode_Reward/wheel_action_l2: -0.0000
  Episode_Reward/wheel_action_rate: 0.0000
Episode_Reward/teacher_ensemble_match: 0.2239
  Episode_Reward/wheel_forward_use: 0.0887
 Episode_Reward/wheel_turn_support: 0.0000
   Metrics/locomotion/error_vel_xy: 0.3812
  Metrics/locomotion/error_vel_yaw: 0.2968
      Episode_Termination/time_out: 1.0000
   Episode_Termination/bad_contact: 0.0000
          Episode_Termination/tilt: 0.0000
    Episode_Termination/low_height: 0.0000
--------------------------------------------------------------------------------
                   Total timesteps: 76800
                    Iteration time: 3.63s
                      Time elapsed: 00:03:04
                               ETA: 00:03:08

################################################################################
                      [1m Learning iteration 50/100 [0m                       

                       Computation: 430 steps/s (collection: 3.499s, learning 0.073s)
             Mean action noise std: 0.04
          Mean value_function loss: 0.2509
               Mean surrogate loss: 0.0551
                 Mean entropy loss: -27.1771
                       Mean reward: -39.02
               Mean episode length: 300.00
   Episode_Reward/term_bad_contact: 0.0000
          Episode_Reward/term_tilt: 0.0000
    Episode_Reward/term_low_height: 0.0000
      Episode_Reward/leg_action_l2: -0.0000
   Episode_Reward/tracking_lin_vel: 0.4693
Episode_Reward/tracking_lin_vel_x_exp: 0.6000
Episode_Reward/tracking_ang_vel_yaw_l1: 0.0000
Episode_Reward/tracking_ang_vel_yaw_exp: 0.7584
Episode_Reward/tracking_lin_vel_y_l2: 0.0000
Episode_Reward/tracking_lin_vel_z_l2: 0.0000
            Episode_Reward/survive: 0.0000
    Episode_Reward/foot_contacts_z: 0.0000
            Episode_Reward/torques: -0.1736
 Episode_Reward/tracking_lin_vel_y: 0.0000
          Episode_Reward/lin_vel_z: -0.0032
         Episode_Reward/ang_vel_xy: -0.0008
   Episode_Reward/tracking_ang_vel: 0.2591
               Episode_Reward/work: -0.0153
            Episode_Reward/dof_acc: -0.0002
        Episode_Reward/action_rate: -0.0000
     Episode_Reward/dof_pos_limits: 0.0000
      Episode_Reward/delta_torques: -0.0001
          Episode_Reward/collision: -6.5971
        Episode_Reward/walking_dof: 0.0199
            Episode_Reward/hip_pos: -0.0007
          Episode_Reward/feet_jerk: 0.0000
              Episode_Reward/alive: 0.3000
          Episode_Reward/feet_drag: -0.0040
Episode_Reward/feet_contact_forces: -0.1925
               Episode_Reward/roll: -0.0046
        Episode_Reward/base_height: -0.0177
Episode_Reward/tracking_lin_vel_max: 0.1183
Episode_Reward/flat_orientation_l2: -0.0244
  Episode_Reward/air_time_variance: -0.0000
        Episode_Reward/feet_height: 0.0000
      Episode_Reward/feet_air_time: -0.0000
Episode_Reward/update_last_buffers: 0.0000
   Episode_Reward/wheel_idle_speed: -0.0004
    Episode_Reward/wheel_action_l2: -0.0000
  Episode_Reward/wheel_action_rate: 0.0000
Episode_Reward/teacher_ensemble_match: 0.2238
  Episode_Reward/wheel_forward_use: 0.0904
 Episode_Reward/wheel_turn_support: 0.0000
   Metrics/locomotion/error_vel_xy: 0.3489
  Metrics/locomotion/error_vel_yaw: 0.2571
      Episode_Termination/time_out: 1.0000
   Episode_Termination/bad_contact: 0.0000
          Episode_Termination/tilt: 0.0000
    Episode_Termination/low_height: 0.0000
--------------------------------------------------------------------------------
                   Total timesteps: 78336
                    Iteration time: 3.57s
                      Time elapsed: 00:03:08
                               ETA: 00:03:04

################################################################################
                      [1m Learning iteration 51/100 [0m                       

                       Computation: 423 steps/s (collection: 3.551s, learning 0.072s)
             Mean action noise std: 0.04
          Mean value_function loss: 0.3653
               Mean surrogate loss: 0.0383
                 Mean entropy loss: -27.1771
                       Mean reward: -38.83
               Mean episode length: 300.00
   Episode_Reward/term_bad_contact: 0.0000
          Episode_Reward/term_tilt: 0.0000
    Episode_Reward/term_low_height: 0.0000
      Episode_Reward/leg_action_l2: -0.0000
   Episode_Reward/tracking_lin_vel: 0.5246
Episode_Reward/tracking_lin_vel_x_exp: 0.8092
Episode_Reward/tracking_ang_vel_yaw_l1: 0.0000
Episode_Reward/tracking_ang_vel_yaw_exp: 0.7135
Episode_Reward/tracking_lin_vel_y_l2: 0.0000
Episode_Reward/tracking_lin_vel_z_l2: 0.0000
            Episode_Reward/survive: 0.0000
    Episode_Reward/foot_contacts_z: 0.0000
            Episode_Reward/torques: -0.1267
 Episode_Reward/tracking_lin_vel_y: 0.0000
          Episode_Reward/lin_vel_z: -0.0032
         Episode_Reward/ang_vel_xy: -0.0008
   Episode_Reward/tracking_ang_vel: 0.2496
               Episode_Reward/work: -0.0146
            Episode_Reward/dof_acc: -0.0003
        Episode_Reward/action_rate: -0.0000
     Episode_Reward/dof_pos_limits: 0.0000
      Episode_Reward/delta_torques: -0.0001
          Episode_Reward/collision: -6.2154
        Episode_Reward/walking_dof: 0.0112
            Episode_Reward/hip_pos: -0.0005
          Episode_Reward/feet_jerk: 0.0000
              Episode_Reward/alive: 0.3000
          Episode_Reward/feet_drag: -0.0034
Episode_Reward/feet_contact_forces: -0.1950
               Episode_Reward/roll: -0.0045
        Episode_Reward/base_height: -0.0184
Episode_Reward/tracking_lin_vel_max: 0.2828
Episode_Reward/flat_orientation_l2: -0.0110
  Episode_Reward/air_time_variance: -0.0000
        Episode_Reward/feet_height: 0.0000
      Episode_Reward/feet_air_time: -0.0000
Episode_Reward/update_last_buffers: 0.0000
   Episode_Reward/wheel_idle_speed: -0.0005
    Episode_Reward/wheel_action_l2: -0.0000
  Episode_Reward/wheel_action_rate: 0.0000
Episode_Reward/teacher_ensemble_match: 0.2240
  Episode_Reward/wheel_forward_use: 0.0506
 Episode_Reward/wheel_turn_support: 0.0000
   Metrics/locomotion/error_vel_xy: 0.2415
  Metrics/locomotion/error_vel_yaw: 0.2891
      Episode_Termination/time_out: 1.0000
   Episode_Termination/bad_contact: 0.0000
          Episode_Termination/tilt: 0.0000
    Episode_Termination/low_height: 0.0000
--------------------------------------------------------------------------------
                   Total timesteps: 79872
                    Iteration time: 3.62s
                      Time elapsed: 00:03:11
                               ETA: 00:03:00

################################################################################
                      [1m Learning iteration 52/100 [0m                       

                       Computation: 428 steps/s (collection: 3.510s, learning 0.072s)
             Mean action noise std: 0.04
          Mean value_function loss: 0.2437
               Mean surrogate loss: 0.0698
                 Mean entropy loss: -27.1771
                       Mean reward: -38.72
               Mean episode length: 300.00
   Episode_Reward/term_bad_contact: 0.0000
          Episode_Reward/term_tilt: 0.0000
    Episode_Reward/term_low_height: 0.0000
      Episode_Reward/leg_action_l2: -0.0000
   Episode_Reward/tracking_lin_vel: 0.5408
Episode_Reward/tracking_lin_vel_x_exp: 0.8498
Episode_Reward/tracking_ang_vel_yaw_l1: 0.0000
Episode_Reward/tracking_ang_vel_yaw_exp: 0.6065
Episode_Reward/tracking_lin_vel_y_l2: 0.0000
Episode_Reward/tracking_lin_vel_z_l2: 0.0000
            Episode_Reward/survive: 0.0000
    Episode_Reward/foot_contacts_z: 0.0000
            Episode_Reward/torques: -0.1136
 Episode_Reward/tracking_lin_vel_y: 0.0000
          Episode_Reward/lin_vel_z: -0.0030
         Episode_Reward/ang_vel_xy: -0.0007
   Episode_Reward/tracking_ang_vel: 0.2403
               Episode_Reward/work: -0.0137
            Episode_Reward/dof_acc: -0.0001
        Episode_Reward/action_rate: -0.0000
     Episode_Reward/dof_pos_limits: 0.0000
      Episode_Reward/delta_torques: -0.0001
          Episode_Reward/collision: -6.1138
        Episode_Reward/walking_dof: 0.0072
            Episode_Reward/hip_pos: -0.0004
          Episode_Reward/feet_jerk: 0.0000
              Episode_Reward/alive: 0.3000
          Episode_Reward/feet_drag: -0.0033
Episode_Reward/feet_contact_forces: -0.1958
               Episode_Reward/roll: -0.0044
        Episode_Reward/base_height: -0.0174
Episode_Reward/tracking_lin_vel_max: 0.3367
Episode_Reward/flat_orientation_l2: -0.0058
  Episode_Reward/air_time_variance: -0.0000
        Episode_Reward/feet_height: 0.0000
      Episode_Reward/feet_air_time: -0.0000
Episode_Reward/update_last_buffers: 0.0000
   Episode_Reward/wheel_idle_speed: -0.0005
    Episode_Reward/wheel_action_l2: -0.0000
  Episode_Reward/wheel_action_rate: 0.0000
Episode_Reward/teacher_ensemble_match: 0.2241
  Episode_Reward/wheel_forward_use: 0.0355
 Episode_Reward/wheel_turn_support: 0.0000
   Metrics/locomotion/error_vel_xy: 0.2146
  Metrics/locomotion/error_vel_yaw: 0.3331
      Episode_Termination/time_out: 1.0000
   Episode_Termination/bad_contact: 0.0000
          Episode_Termination/tilt: 0.0000
    Episode_Termination/low_height: 0.0000
--------------------------------------------------------------------------------
                   Total timesteps: 81408
                    Iteration time: 3.58s
                      Time elapsed: 00:03:15
                               ETA: 00:02:56

################################################################################
                      [1m Learning iteration 53/100 [0m                       

                       Computation: 422 steps/s (collection: 3.561s, learning 0.073s)
             Mean action noise std: 0.04
          Mean value_function loss: 0.3410
               Mean surrogate loss: 0.0298
                 Mean entropy loss: -27.1771
                       Mean reward: -38.89
               Mean episode length: 300.00
   Episode_Reward/term_bad_contact: 0.0000
          Episode_Reward/term_tilt: 0.0000
    Episode_Reward/term_low_height: 0.0000
      Episode_Reward/leg_action_l2: -0.0000
   Episode_Reward/tracking_lin_vel: 0.5477
Episode_Reward/tracking_lin_vel_x_exp: 0.8904
Episode_Reward/tracking_ang_vel_yaw_l1: 0.0000
Episode_Reward/tracking_ang_vel_yaw_exp: 0.6065
Episode_Reward/tracking_lin_vel_y_l2: 0.0000
Episode_Reward/tracking_lin_vel_z_l2: 0.0000
            Episode_Reward/survive: 0.0000
    Episode_Reward/foot_contacts_z: 0.0000
            Episode_Reward/torques: -0.1211
 Episode_Reward/tracking_lin_vel_y: 0.0000
          Episode_Reward/lin_vel_z: -0.0031
         Episode_Reward/ang_vel_xy: -0.0008
   Episode_Reward/tracking_ang_vel: 0.2400
               Episode_Reward/work: -0.0144
            Episode_Reward/dof_acc: -0.0002
        Episode_Reward/action_rate: -0.0000
     Episode_Reward/dof_pos_limits: 0.0000
      Episode_Reward/delta_torques: -0.0001
          Episode_Reward/collision: -6.2463
        Episode_Reward/walking_dof: 0.0034
            Episode_Reward/hip_pos: -0.0005
          Episode_Reward/feet_jerk: 0.0000
              Episode_Reward/alive: 0.3000
          Episode_Reward/feet_drag: -0.0037
Episode_Reward/feet_contact_forces: -0.1951
               Episode_Reward/roll: -0.0047
        Episode_Reward/base_height: -0.0195
Episode_Reward/tracking_lin_vel_max: 0.3967
Episode_Reward/flat_orientation_l2: -0.0107
  Episode_Reward/air_time_variance: -0.0000
        Episode_Reward/feet_height: 0.0000
      Episode_Reward/feet_air_time: 0.0000
Episode_Reward/update_last_buffers: 0.0000
   Episode_Reward/wheel_idle_speed: -0.0010
    Episode_Reward/wheel_action_l2: -0.0000
  Episode_Reward/wheel_action_rate: 0.0000
Episode_Reward/teacher_ensemble_match: 0.2240
  Episode_Reward/wheel_forward_use: 0.0156
 Episode_Reward/wheel_turn_support: 0.0000
   Metrics/locomotion/error_vel_xy: 0.1991
  Metrics/locomotion/error_vel_yaw: 0.3334
      Episode_Termination/time_out: 1.0000
   Episode_Termination/bad_contact: 0.0000
          Episode_Termination/tilt: 0.0000
    Episode_Termination/low_height: 0.0000
--------------------------------------------------------------------------------
                   Total timesteps: 82944
                    Iteration time: 3.63s
                      Time elapsed: 00:03:18
                               ETA: 00:02:53

################################################################################
                      [1m Learning iteration 54/100 [0m                       

                       Computation: 426 steps/s (collection: 3.531s, learning 0.072s)
             Mean action noise std: 0.04
          Mean value_function loss: 0.3158
               Mean surrogate loss: 0.0491
                 Mean entropy loss: -27.1771
                       Mean reward: -39.14
               Mean episode length: 300.00
   Episode_Reward/term_bad_contact: 0.0000
          Episode_Reward/term_tilt: 0.0000
    Episode_Reward/term_low_height: 0.0000
      Episode_Reward/leg_action_l2: -0.0000
   Episode_Reward/tracking_lin_vel: 0.5289
Episode_Reward/tracking_lin_vel_x_exp: 0.7698
Episode_Reward/tracking_ang_vel_yaw_l1: 0.0000
Episode_Reward/tracking_ang_vel_yaw_exp: 0.5452
Episode_Reward/tracking_lin_vel_y_l2: 0.0000
Episode_Reward/tracking_lin_vel_z_l2: 0.0000
            Episode_Reward/survive: 0.0000
    Episode_Reward/foot_contacts_z: 0.0000
            Episode_Reward/torques: -0.1218
 Episode_Reward/tracking_lin_vel_y: 0.0000
          Episode_Reward/lin_vel_z: -0.0031
         Episode_Reward/ang_vel_xy: -0.0008
   Episode_Reward/tracking_ang_vel: 0.2260
               Episode_Reward/work: -0.0146
            Episode_Reward/dof_acc: -0.0002
        Episode_Reward/action_rate: -0.0000
     Episode_Reward/dof_pos_limits: 0.0000
      Episode_Reward/delta_torques: -0.0001
          Episode_Reward/collision: -6.2231
        Episode_Reward/walking_dof: 0.0062
            Episode_Reward/hip_pos: -0.0006
          Episode_Reward/feet_jerk: 0.0000
              Episode_Reward/alive: 0.3000
          Episode_Reward/feet_drag: -0.0038
Episode_Reward/feet_contact_forces: -0.1949
               Episode_Reward/roll: -0.0044
        Episode_Reward/base_height: -0.0195
Episode_Reward/tracking_lin_vel_max: 0.3505
Episode_Reward/flat_orientation_l2: -0.0108
  Episode_Reward/air_time_variance: -0.0000
        Episode_Reward/feet_height: 0.0000
      Episode_Reward/feet_air_time: -0.0000
Episode_Reward/update_last_buffers: 0.0000
   Episode_Reward/wheel_idle_speed: -0.0010
    Episode_Reward/wheel_action_l2: -0.0000
  Episode_Reward/wheel_action_rate: 0.0000
Episode_Reward/teacher_ensemble_match: 0.2238
  Episode_Reward/wheel_forward_use: 0.0246
 Episode_Reward/wheel_turn_support: 0.0000
   Metrics/locomotion/error_vel_xy: 0.2464
  Metrics/locomotion/error_vel_yaw: 0.3789
      Episode_Termination/time_out: 1.0000
   Episode_Termination/bad_contact: 0.0000
          Episode_Termination/tilt: 0.0000
    Episode_Termination/low_height: 0.0000
--------------------------------------------------------------------------------
                   Total timesteps: 84480
                    Iteration time: 3.60s
                      Time elapsed: 00:03:22
                               ETA: 00:02:49

################################################################################
                      [1m Learning iteration 55/100 [0m                       

                       Computation: 418 steps/s (collection: 3.596s, learning 0.072s)
             Mean action noise std: 0.04
          Mean value_function loss: 0.3827
               Mean surrogate loss: 0.0426
                 Mean entropy loss: -27.1771
                       Mean reward: -39.05
               Mean episode length: 300.00
   Episode_Reward/term_bad_contact: 0.0000
          Episode_Reward/term_tilt: 0.0000
    Episode_Reward/term_low_height: 0.0000
      Episode_Reward/leg_action_l2: -0.0001
   Episode_Reward/tracking_lin_vel: 0.4914
Episode_Reward/tracking_lin_vel_x_exp: 0.7166
Episode_Reward/tracking_ang_vel_yaw_l1: 0.0000
Episode_Reward/tracking_ang_vel_yaw_exp: 0.8128
Episode_Reward/tracking_lin_vel_y_l2: 0.0000
Episode_Reward/tracking_lin_vel_z_l2: 0.0000
            Episode_Reward/survive: 0.0000
    Episode_Reward/foot_contacts_z: 0.0000
            Episode_Reward/torques: -0.1717
 Episode_Reward/tracking_lin_vel_y: 0.0000
          Episode_Reward/lin_vel_z: -0.0031
         Episode_Reward/ang_vel_xy: -0.0012
   Episode_Reward/tracking_ang_vel: 0.2563
               Episode_Reward/work: -0.0165
            Episode_Reward/dof_acc: -0.0003
        Episode_Reward/action_rate: -0.0000
     Episode_Reward/dof_pos_limits: 0.0000
      Episode_Reward/delta_torques: -0.0001
          Episode_Reward/collision: -6.5750
        Episode_Reward/walking_dof: 0.0142
            Episode_Reward/hip_pos: -0.0008
          Episode_Reward/feet_jerk: 0.0000
              Episode_Reward/alive: 0.3000
          Episode_Reward/feet_drag: -0.0043
Episode_Reward/feet_contact_forces: -0.1917
               Episode_Reward/roll: -0.0042
        Episode_Reward/base_height: -0.0199
Episode_Reward/tracking_lin_vel_max: 0.2457
Episode_Reward/flat_orientation_l2: -0.0251
  Episode_Reward/air_time_variance: -0.0000
        Episode_Reward/feet_height: 0.0000
      Episode_Reward/feet_air_time: -0.0000
Episode_Reward/update_last_buffers: 0.0000
   Episode_Reward/wheel_idle_speed: -0.0006
    Episode_Reward/wheel_action_l2: -0.0000
  Episode_Reward/wheel_action_rate: 0.0000
Episode_Reward/teacher_ensemble_match: 0.2235
  Episode_Reward/wheel_forward_use: 0.0592
 Episode_Reward/wheel_turn_support: 0.0000
   Metrics/locomotion/error_vel_xy: 0.3002
  Metrics/locomotion/error_vel_yaw: 0.2506
      Episode_Termination/time_out: 1.0000
   Episode_Termination/bad_contact: 0.0000
          Episode_Termination/tilt: 0.0000
    Episode_Termination/low_height: 0.0000
--------------------------------------------------------------------------------
                   Total timesteps: 86016
                    Iteration time: 3.67s
                      Time elapsed: 00:03:26
                               ETA: 00:02:45

################################################################################
                      [1m Learning iteration 56/100 [0m                       

                       Computation: 424 steps/s (collection: 3.544s, learning 0.073s)
             Mean action noise std: 0.04
          Mean value_function loss: 0.3284
               Mean surrogate loss: 0.0513
                 Mean entropy loss: -27.1771
                       Mean reward: -38.94
               Mean episode length: 300.00
   Episode_Reward/term_bad_contact: 0.0000
          Episode_Reward/term_tilt: 0.0000
    Episode_Reward/term_low_height: 0.0000
      Episode_Reward/leg_action_l2: -0.0001
   Episode_Reward/tracking_lin_vel: 0.4959
Episode_Reward/tracking_lin_vel_x_exp: 0.7023
Episode_Reward/tracking_ang_vel_yaw_l1: 0.0000
Episode_Reward/tracking_ang_vel_yaw_exp: 0.6735
Episode_Reward/tracking_lin_vel_y_l2: 0.0000
Episode_Reward/tracking_lin_vel_z_l2: 0.0000
            Episode_Reward/survive: 0.0000
    Episode_Reward/foot_contacts_z: 0.0000
            Episode_Reward/torques: -0.1855
 Episode_Reward/tracking_lin_vel_y: 0.0000
          Episode_Reward/lin_vel_z: -0.0032
         Episode_Reward/ang_vel_xy: -0.0012
   Episode_Reward/tracking_ang_vel: 0.2403
               Episode_Reward/work: -0.0181
            Episode_Reward/dof_acc: -0.0002
        Episode_Reward/action_rate: -0.0000
     Episode_Reward/dof_pos_limits: 0.0000
      Episode_Reward/delta_torques: -0.0002
          Episode_Reward/collision: -6.5721
        Episode_Reward/walking_dof: 0.0143
            Episode_Reward/hip_pos: -0.0009
          Episode_Reward/feet_jerk: 0.0000
              Episode_Reward/alive: 0.3000
          Episode_Reward/feet_drag: -0.0044
Episode_Reward/feet_contact_forces: -0.1914
               Episode_Reward/roll: -0.0064
        Episode_Reward/base_height: -0.0218
Episode_Reward/tracking_lin_vel_max: 0.2574
Episode_Reward/flat_orientation_l2: -0.0301
  Episode_Reward/air_time_variance: -0.0000
        Episode_Reward/feet_height: 0.0000
      Episode_Reward/feet_air_time: -0.0001
Episode_Reward/update_last_buffers: 0.0000
   Episode_Reward/wheel_idle_speed: -0.0005
    Episode_Reward/wheel_action_l2: -0.0000
  Episode_Reward/wheel_action_rate: 0.0000
Episode_Reward/teacher_ensemble_match: 0.2234
  Episode_Reward/wheel_forward_use: 0.0569
 Episode_Reward/wheel_turn_support: 0.0000
   Metrics/locomotion/error_vel_xy: 0.2981
  Metrics/locomotion/error_vel_yaw: 0.3183
      Episode_Termination/time_out: 1.0000
   Episode_Termination/bad_contact: 0.0000
          Episode_Termination/tilt: 0.0000
    Episode_Termination/low_height: 0.0000
--------------------------------------------------------------------------------
                   Total timesteps: 87552
                    Iteration time: 3.62s
                      Time elapsed: 00:03:29
                               ETA: 00:02:41

################################################################################
                      [1m Learning iteration 57/100 [0m                       

                       Computation: 425 steps/s (collection: 3.535s, learning 0.072s)
             Mean action noise std: 0.04
          Mean value_function loss: 0.3932
               Mean surrogate loss: 0.0464
                 Mean entropy loss: -27.1771
                       Mean reward: -39.21
               Mean episode length: 300.00
   Episode_Reward/term_bad_contact: 0.0000
          Episode_Reward/term_tilt: 0.0000
    Episode_Reward/term_low_height: 0.0000
      Episode_Reward/leg_action_l2: -0.0000
   Episode_Reward/tracking_lin_vel: 0.5194
Episode_Reward/tracking_lin_vel_x_exp: 0.8303
Episode_Reward/tracking_ang_vel_yaw_l1: 0.0000
Episode_Reward/tracking_ang_vel_yaw_exp: 0.6518
Episode_Reward/tracking_lin_vel_y_l2: 0.0000
Episode_Reward/tracking_lin_vel_z_l2: 0.0000
            Episode_Reward/survive: 0.0000
    Episode_Reward/foot_contacts_z: 0.0000
            Episode_Reward/torques: -0.1412
 Episode_Reward/tracking_lin_vel_y: 0.0000
          Episode_Reward/lin_vel_z: -0.0031
         Episode_Reward/ang_vel_xy: -0.0012
   Episode_Reward/tracking_ang_vel: 0.2439
               Episode_Reward/work: -0.0177
            Episode_Reward/dof_acc: -0.0002
        Episode_Reward/action_rate: -0.0000
     Episode_Reward/dof_pos_limits: 0.0000
      Episode_Reward/delta_torques: -0.0001
          Episode_Reward/collision: -6.5113
        Episode_Reward/walking_dof: 0.0159
            Episode_Reward/hip_pos: -0.0005
          Episode_Reward/feet_jerk: 0.0000
              Episode_Reward/alive: 0.3000
          Episode_Reward/feet_drag: -0.0041
Episode_Reward/feet_contact_forces: -0.1935
               Episode_Reward/roll: -0.0042
        Episode_Reward/base_height: -0.0215
Episode_Reward/tracking_lin_vel_max: 0.2310
Episode_Reward/flat_orientation_l2: -0.0181
  Episode_Reward/air_time_variance: -0.0000
        Episode_Reward/feet_height: 0.0000
      Episode_Reward/feet_air_time: -0.0000
Episode_Reward/update_last_buffers: 0.0000
   Episode_Reward/wheel_idle_speed: -0.0003
    Episode_Reward/wheel_action_l2: -0.0000
  Episode_Reward/wheel_action_rate: 0.0000
Episode_Reward/teacher_ensemble_match: 0.2236
  Episode_Reward/wheel_forward_use: 0.0678
 Episode_Reward/wheel_turn_support: 0.0000
   Metrics/locomotion/error_vel_xy: 0.2439
  Metrics/locomotion/error_vel_yaw: 0.3147
      Episode_Termination/time_out: 1.0000
   Episode_Termination/bad_contact: 0.0000
          Episode_Termination/tilt: 0.0000
    Episode_Termination/low_height: 0.0000
--------------------------------------------------------------------------------
                   Total timesteps: 89088
                    Iteration time: 3.61s
                      Time elapsed: 00:03:33
                               ETA: 00:02:38

################################################################################
                      [1m Learning iteration 58/100 [0m                       

                       Computation: 425 steps/s (collection: 3.537s, learning 0.074s)
             Mean action noise std: 0.04
          Mean value_function loss: 0.2616
               Mean surrogate loss: 0.0738
                 Mean entropy loss: -27.1771
                       Mean reward: -39.36
               Mean episode length: 300.00
   Episode_Reward/term_bad_contact: 0.0000
          Episode_Reward/term_tilt: 0.0000
    Episode_Reward/term_low_height: 0.0000
      Episode_Reward/leg_action_l2: -0.0000
   Episode_Reward/tracking_lin_vel: 0.5310
Episode_Reward/tracking_lin_vel_x_exp: 0.9233
Episode_Reward/tracking_ang_vel_yaw_l1: 0.0000
Episode_Reward/tracking_ang_vel_yaw_exp: 0.7433
Episode_Reward/tracking_lin_vel_y_l2: 0.0000
Episode_Reward/tracking_lin_vel_z_l2: 0.0000
            Episode_Reward/survive: 0.0000
    Episode_Reward/foot_contacts_z: 0.0000
            Episode_Reward/torques: -0.1514
 Episode_Reward/tracking_lin_vel_y: 0.0000
          Episode_Reward/lin_vel_z: -0.0032
         Episode_Reward/ang_vel_xy: -0.0011
   Episode_Reward/tracking_ang_vel: 0.2505
               Episode_Reward/work: -0.0173
            Episode_Reward/dof_acc: -0.0003
        Episode_Reward/action_rate: -0.0000
     Episode_Reward/dof_pos_limits: 0.0000
      Episode_Reward/delta_torques: -0.0001
          Episode_Reward/collision: -6.5438
        Episode_Reward/walking_dof: 0.0100
            Episode_Reward/hip_pos: -0.0006
          Episode_Reward/feet_jerk: 0.0000
              Episode_Reward/alive: 0.3000
          Episode_Reward/feet_drag: -0.0035
Episode_Reward/feet_contact_forces: -0.1939
               Episode_Reward/roll: -0.0028
        Episode_Reward/base_height: -0.0216
Episode_Reward/tracking_lin_vel_max: 0.3132
Episode_Reward/flat_orientation_l2: -0.0192
  Episode_Reward/air_time_variance: -0.0000
        Episode_Reward/feet_height: 0.0000
      Episode_Reward/feet_air_time: -0.0000
Episode_Reward/update_last_buffers: 0.0000
   Episode_Reward/wheel_idle_speed: -0.0005
    Episode_Reward/wheel_action_l2: -0.0000
  Episode_Reward/wheel_action_rate: 0.0000
Episode_Reward/teacher_ensemble_match: 0.2236
  Episode_Reward/wheel_forward_use: 0.0417
 Episode_Reward/wheel_turn_support: 0.0000
   Metrics/locomotion/error_vel_xy: 0.2102
  Metrics/locomotion/error_vel_yaw: 0.2801
      Episode_Termination/time_out: 1.0000
   Episode_Termination/bad_contact: 0.0000
          Episode_Termination/tilt: 0.0000
    Episode_Termination/low_height: 0.0000
--------------------------------------------------------------------------------
                   Total timesteps: 90624
                    Iteration time: 3.61s
                      Time elapsed: 00:03:37
                               ETA: 00:02:34

################################################################################
                      [1m Learning iteration 59/100 [0m                       

                       Computation: 419 steps/s (collection: 3.585s, learning 0.073s)
             Mean action noise std: 0.04
          Mean value_function loss: 0.3012
               Mean surrogate loss: 0.0472
                 Mean entropy loss: -27.1771
                       Mean reward: -39.15
               Mean episode length: 300.00
   Episode_Reward/term_bad_contact: 0.0000
          Episode_Reward/term_tilt: 0.0000
    Episode_Reward/term_low_height: 0.0000
      Episode_Reward/leg_action_l2: -0.0001
   Episode_Reward/tracking_lin_vel: 0.4893
Episode_Reward/tracking_lin_vel_x_exp: 0.6913
Episode_Reward/tracking_ang_vel_yaw_l1: 0.0000
Episode_Reward/tracking_ang_vel_yaw_exp: 0.8547
Episode_Reward/tracking_lin_vel_y_l2: 0.0000
Episode_Reward/tracking_lin_vel_z_l2: 0.0000
            Episode_Reward/survive: 0.0000
    Episode_Reward/foot_contacts_z: 0.0000
            Episode_Reward/torques: -0.1649
 Episode_Reward/tracking_lin_vel_y: 0.0000
          Episode_Reward/lin_vel_z: -0.0032
         Episode_Reward/ang_vel_xy: -0.0011
   Episode_Reward/tracking_ang_vel: 0.2664
               Episode_Reward/work: -0.0171
            Episode_Reward/dof_acc: -0.0003
        Episode_Reward/action_rate: -0.0000
     Episode_Reward/dof_pos_limits: 0.0000
      Episode_Reward/delta_torques: -0.0001
          Episode_Reward/collision: -6.6483
        Episode_Reward/walking_dof: 0.0128
            Episode_Reward/hip_pos: -0.0007
          Episode_Reward/feet_jerk: 0.0000
              Episode_Reward/alive: 0.3000
          Episode_Reward/feet_drag: -0.0038
Episode_Reward/feet_contact_forces: -0.1914
               Episode_Reward/roll: -0.0026
        Episode_Reward/base_height: -0.0196
Episode_Reward/tracking_lin_vel_max: 0.2587
Episode_Reward/flat_orientation_l2: -0.0252
  Episode_Reward/air_time_variance: -0.0000
        Episode_Reward/feet_height: 0.0000
      Episode_Reward/feet_air_time: -0.0000
Episode_Reward/update_last_buffers: 0.0000
   Episode_Reward/wheel_idle_speed: -0.0007
    Episode_Reward/wheel_action_l2: -0.0000
  Episode_Reward/wheel_action_rate: 0.0000
Episode_Reward/teacher_ensemble_match: 0.2231
  Episode_Reward/wheel_forward_use: 0.0531
 Episode_Reward/wheel_turn_support: 0.0000
   Metrics/locomotion/error_vel_xy: 0.3080
  Metrics/locomotion/error_vel_yaw: 0.2196
      Episode_Termination/time_out: 1.0000
   Episode_Termination/bad_contact: 0.0000
          Episode_Termination/tilt: 0.0000
    Episode_Termination/low_height: 0.0000
--------------------------------------------------------------------------------
                   Total timesteps: 92160
                    Iteration time: 3.66s
                      Time elapsed: 00:03:40
                               ETA: 00:02:30

################################################################################
                      [1m Learning iteration 60/100 [0m                       

                       Computation: 424 steps/s (collection: 3.545s, learning 0.073s)
             Mean action noise std: 0.04
          Mean value_function loss: 0.2837
               Mean surrogate loss: 0.0486
                 Mean entropy loss: -27.1771
                       Mean reward: -38.82
               Mean episode length: 300.00
   Episode_Reward/term_bad_contact: 0.0000
          Episode_Reward/term_tilt: 0.0000
    Episode_Reward/term_low_height: 0.0000
      Episode_Reward/leg_action_l2: -0.0000
   Episode_Reward/tracking_lin_vel: 0.5191
Episode_Reward/tracking_lin_vel_x_exp: 0.7518
Episode_Reward/tracking_ang_vel_yaw_l1: 0.0000
Episode_Reward/tracking_ang_vel_yaw_exp: 0.7781
Episode_Reward/tracking_lin_vel_y_l2: 0.0000
Episode_Reward/tracking_lin_vel_z_l2: 0.0000
            Episode_Reward/survive: 0.0000
    Episode_Reward/foot_contacts_z: 0.0000
            Episode_Reward/torques: -0.1168
 Episode_Reward/tracking_lin_vel_y: 0.0000
          Episode_Reward/lin_vel_z: -0.0030
         Episode_Reward/ang_vel_xy: -0.0007
   Episode_Reward/tracking_ang_vel: 0.2531
               Episode_Reward/work: -0.0134
            Episode_Reward/dof_acc: -0.0003
        Episode_Reward/action_rate: -0.0000
     Episode_Reward/dof_pos_limits: 0.0000
      Episode_Reward/delta_torques: -0.0001
          Episode_Reward/collision: -5.9733
        Episode_Reward/walking_dof: 0.0080
            Episode_Reward/hip_pos: -0.0003
          Episode_Reward/feet_jerk: 0.0000
              Episode_Reward/alive: 0.3000
          Episode_Reward/feet_drag: -0.0038
Episode_Reward/feet_contact_forces: -0.1968
               Episode_Reward/roll: -0.0026
        Episode_Reward/base_height: -0.0128
Episode_Reward/tracking_lin_vel_max: 0.3151
Episode_Reward/flat_orientation_l2: -0.0033
  Episode_Reward/air_time_variance: -0.0000
        Episode_Reward/feet_height: 0.0000
      Episode_Reward/feet_air_time: -0.0001
Episode_Reward/update_last_buffers: 0.0000
   Episode_Reward/wheel_idle_speed: -0.0006
    Episode_Reward/wheel_action_l2: -0.0000
  Episode_Reward/wheel_action_rate: 0.0000
Episode_Reward/teacher_ensemble_match: 0.2236
  Episode_Reward/wheel_forward_use: 0.0366
 Episode_Reward/wheel_turn_support: 0.0000
   Metrics/locomotion/error_vel_xy: 0.2606
  Metrics/locomotion/error_vel_yaw: 0.2664
      Episode_Termination/time_out: 1.0000
   Episode_Termination/bad_contact: 0.0000
          Episode_Termination/tilt: 0.0000
    Episode_Termination/low_height: 0.0000
--------------------------------------------------------------------------------
                   Total timesteps: 93696
                    Iteration time: 3.62s
                      Time elapsed: 00:03:44
                               ETA: 00:02:27
[13.673s] Simulation App Startup Complete
[17.435s] [ext: omni.physx.fabric-107.3.26] startup
2026-08-17T23:05:59Z [56,245ms] [Warning] [omni.fabric.plugin] getAttributeCount called on non-existent path /World/envs/env_9/Robot/base/visuals/trunk
2026-08-17T23:05:59Z [56,245ms] [Warning] [omni.fabric.plugin] getTypes called on non-existent path /World/envs/env_9/Robot/base/visuals/trunk
2026-08-17T23:06:03Z [60,042ms] [Warning] [omni.physx.fabric.plugin] FabricManager::initializePointInstancer mismatched prototypes on point instancer: /Visuals/Command/velocity_goal.
2026-08-17T23:06:03Z [60,042ms] [Warning] [omni.physx.fabric.plugin] FabricManager::initializePointInstancer mismatched prototypes on point instancer: /Visuals/ee_current.
2026-08-17T23:06:03Z [60,042ms] [Warning] [omni.physx.fabric.plugin] FabricManager::initializePointInstancer mismatched prototypes on point instancer: /Visuals/Command/velocity_current.
2026-08-17T23:06:03Z [60,042ms] [Warning] [omni.physx.fabric.plugin] FabricManager::initializePointInstancer mismatched prototypes on point instancer: /Visuals/ee_goal_center.
2026-08-17T23:06:03Z [60,042ms] [Warning] [omni.physx.fabric.plugin] FabricManager::initializePointInstancer mismatched prototypes on point instancer: /Visuals/ee_goal.
2026-08-17T23:06:04Z [61,684ms] [Warning] [omni.physx.fabric.plugin] FabricManager::initializePointInstancer mismatched prototypes on point instancer: /Visuals/ee_current.
2026-08-17T23:06:04Z [61,684ms] [Warning] [omni.physx.fabric.plugin] FabricManager::initializePointInstancer mismatched prototypes on point instancer: /Visuals/ee_goal.
2026-08-17T23:06:04Z [61,684ms] [Warning] [omni.physx.fabric.plugin] FabricManager::initializePointInstancer mismatched prototypes on point instancer: /Visuals/Command/velocity_current.
2026-08-17T23:06:04Z [61,684ms] [Warning] [omni.physx.fabric.plugin] FabricManager::initializePointInstancer mismatched prototypes on point instancer: /Visuals/Command/velocity_goal.
2026-08-17T23:06:20Z [77,156ms] [Warning] [carb] Client gpu.foundation.plugin has acquired [gpu::unstable::IMemoryBudgetManagerFactory v0.1] 100 times. Consider accessing this interface with carb::getCachedInterface() (Performance warning)
