[INFO][AppLauncher]: Using device: cuda:0
[INFO][AppLauncher]: Loading experience file: /workspace/isaaclab/apps/isaaclab.python.headless.kit
[INFO]: Parsing configuration from: quadruped_arm.tasks.manager_based.maniploco.maniploco_env_cfg:ManipLocoEnvCfg
======Missing terms====== 
[]
 =======================
[INFO]: Parsing configuration from: quadruped_arm.tasks.manager_based.maniploco.agents.rsl_rl_ppo_cfg:ManiPLocoPPORunnerCfg
[INFO] Logging experiment in directory: /root/gpufree-data/tandem_hrl_620d798/logs/rsl_rl/maniploco
Exact experiment name requested from command line: 2026-08-18_00-49-17

[36m======================================================================================[0m
[36m[1m[INFO][IsaacLab]: Logging to file: /tmp/isaaclab/logs/isaaclab_2026-08-18_00-49-17.log[0m
[36m======================================================================================[0m

[33m00:49:17 [simulation_context.py] WARNING: The `enable_external_forces_every_iteration` parameter in the PhysxCfg is set to False. If you are experiencing noisy velocities, consider enabling this flag. You may need to slightly increase the number of velocity iterations (setting it to 1 or 2 rather than 0), together with this flag, to improve the accuracy of velocity updates.[0m
[INFO]: Base environment:
	Environment device    : cuda:0
	Environment seed      : 42
	Physics step-size     : 0.008333333333333333
	Rendering step-size   : 0.03333333333333333
	Environment step-size : 0.03333333333333333
[33m00:49:18 [terrain_importer.py] WARNING: Visual material specified for ground plane but no diffuse color found. Using default color: (0.0, 0.0, 0.0)[0m
[INFO]: Time taken for scene creation : 142.402700 seconds
[INFO]: Scene manager:  <class InteractiveScene>
	Number of environments: 64
	Environment spacing   : 4.0
	Source prim name      : /World/envs/env_0
	Global prim paths     : ['/World/ground']
	Replicate physics     : True
[INFO]: Starting the simulation. This may take a few seconds. Please wait...
[INFO]: Time taken for simulation start : 0.941184 seconds
[33m00:51:42 [velocity_command.py] WARNING: The velocity command has the 'ranges.heading' attribute set to '(-3.141592653589793, 3.141592653589793)' but the heading command is not active. Consider setting the flag for the heading command to True.[0m
[INFO] Command Manager:  <CommandManager> contains 2 active terms.
+---------------------------------------------+
|             Active Command Terms            |
+-------+------------+------------------------+
| Index | Name       |          Type          |
+-------+------------+------------------------+
|   0   | locomotion | UniformVelocityCommand |
|   1   | ee_goal    | EeSphericalGoalCommand |
+-------+------------+------------------------+

[INFO] Event Manager:  <EventManager> contains 1 active terms.
+------------------------------------+
| Active Event Terms in Mode: 'reset' |
+-----------+------------------------+
|   Index   | Name                   |
+-----------+------------------------+
|     0     | reset_root             |
|     1     | reset_joints           |
|     2     | init_priv              |
|     3     | reset_rewards          |
+-----------+------------------------+

[INFO] Recorder Manager:  <RecorderManager> contains 0 active terms.
+---------------------+
| Active Recorder Terms |
+-----------+---------+
|   Index   | Name    |
+-----------+---------+
+-----------+---------+

[INFO] Action Manager:  <ActionManager> contains 3 active terms.
+------------------------------------+
|  Active Action Terms (shape: 16)   |
+--------+-------------+-------------+
| Index  | Name        |   Dimension |
+--------+-------------+-------------+
|   0    | leg_pos     |          12 |
|   1    | wheel_vel   |           4 |
|   2    | arm_ik      |           0 |
+--------+-------------+-------------+

[INFO] Observation Manager: <ObservationManager> contains 1 groups.
+--------------------------------------------------+
| Active Observation Terms in Group: 'policy' (shape: (876,)) |
+----------------+-------------+-------------------+
|     Index      | Name        |       Shape       |
+----------------+-------------+-------------------+
|       0        | obs         |       (876,)      |
+----------------+-------------+-------------------+

[INFO] Termination Manager:  <TerminationManager> contains 4 active terms.
+--------------------------------+
|    Active Termination Terms    |
+-------+-------------+----------+
| Index | Name        | Time Out |
+-------+-------------+----------+
|   0   | time_out    |   True   |
|   1   | bad_contact |  False   |
|   2   | tilt        |  False   |
|   3   | low_height  |  False   |
+-------+-------------+----------+

[INFO] Reward Manager:  <RewardManager> contains 43 active terms.
+---------------------------------------------------------+
|                   Active Reward Terms                   |
+-------+--------------------------+----------------------+
| Index | Name                     |               Weight |
+-------+--------------------------+----------------------+
|   0   | term_bad_contact         |              -3000.0 |
|   1   | term_tilt                |              -3000.0 |
|   2   | term_low_height          |              -3000.0 |
|   3   | leg_action_l2            |               -0.003 |
|   4   | tracking_lin_vel         |                  0.6 |
|   5   | tracking_lin_vel_x_exp   |                  1.5 |
|   6   | tracking_ang_vel_yaw_l1  |                  0.0 |
|   7   | tracking_ang_vel_yaw_exp |                  1.5 |
|   8   | tracking_lin_vel_y_l2    |                  0.0 |
|   9   | tracking_lin_vel_z_l2    |                  0.0 |
|   10  | survive                  |                  0.0 |
|   11  | foot_contacts_z          |                  0.0 |
|   12  | torques                  |             -7.5e-06 |
|   13  | tracking_lin_vel_y       |                  0.0 |
|   14  | lin_vel_z                | -0.44999999999999996 |
|   15  | ang_vel_xy               |                -0.06 |
|   16  | tracking_ang_vel         |                  0.3 |
|   17  | work                     |              -0.0009 |
|   18  | dof_acc                  |            -2.25e-07 |
|   19  | action_rate              |              -0.0045 |
|   20  | dof_pos_limits           |                 -3.0 |
|   21  | delta_torques            |               -3e-08 |
|   22  | collision                |                 -3.0 |
|   23  | walking_dof              |                 0.03 |
|   24  | hip_pos                  |                -0.06 |
|   25  | feet_jerk                |               -6e-05 |
|   26  | alive                    |                  0.3 |
|   27  | feet_drag                |               -0.024 |
|   28  | feet_contact_forces      |              -0.0003 |
|   29  | roll                     |                 -0.3 |
|   30  | base_height              |                 -0.6 |
|   31  | tracking_lin_vel_max     |  0.44999999999999996 |
|   32  | flat_orientation_l2      |                 -0.6 |
|   33  | air_time_variance        |                 -0.3 |
|   34  | feet_height              |                  0.0 |
|   35  | feet_air_time            |                0.015 |
|   36  | update_last_buffers      |                  0.0 |
|   37  | wheel_idle_speed         |              -0.0009 |
|   38  | wheel_action_l2          |              -0.0003 |
|   39  | wheel_action_rate        |              -0.0006 |
|   40  | teacher_ensemble_match   |  0.22499999999999998 |
|   41  | wheel_forward_use        |                 0.18 |
|   42  | wheel_turn_support       |                0.135 |
+-------+--------------------------+----------------------+

[INFO] Curriculum Manager:  <CurriculumManager> contains 0 active terms.
+----------------------+
| Active Curriculum Terms |
+-----------+----------+
|   Index   | Name     |
+-----------+----------+
+-----------+----------+

[INFO]: Completed setting up the environment...
[INFO] Multi-teacher lower-body mode enabled: ZYB stability + conservative transient + neutral recovery.
--------------------------------------------------------------------------------
Resolved observation sets: 
	 policy :  ['policy']
	 critic :  ['policy']
--------------------------------------------------------------------------------
Actor MLP: MLP(
  (0): Linear(in_features=876, out_features=256, bias=True)
  (1): ELU(alpha=1.0)
  (2): Linear(in_features=256, out_features=128, bias=True)
  (3): ELU(alpha=1.0)
  (4): Linear(in_features=128, out_features=16, bias=True)
)
Critic MLP: MLP(
  (0): Linear(in_features=876, out_features=256, bias=True)
  (1): ELU(alpha=1.0)
  (2): Linear(in_features=256, out_features=128, bias=True)
  (3): ELU(alpha=1.0)
  (4): Linear(in_features=128, out_features=1, bias=True)
)
[INFO]: Loading model checkpoint from: /root/gpufree-data/zyb_v0_model_1023.pt
[INFO] Action exploration std fixed to: 0.020000
################################################################################
                     [1m Learning iteration 1023/1073 [0m                     

                       Computation: 466 steps/s (collection: 3.138s, learning 0.156s)
             Mean action noise std: 0.02
                    value_function: 5183.9195
                         surrogate: 0.0126
                           entropy: -39.8894
   Episode_Reward/term_bad_contact: 0.0000
          Episode_Reward/term_tilt: 0.0000
    Episode_Reward/term_low_height: 0.0000
      Episode_Reward/leg_action_l2: 0.0000
   Episode_Reward/tracking_lin_vel: 0.0000
Episode_Reward/tracking_lin_vel_x_exp: 0.0000
Episode_Reward/tracking_ang_vel_yaw_l1: 0.0000
Episode_Reward/tracking_ang_vel_yaw_exp: 0.0000
Episode_Reward/tracking_lin_vel_y_l2: 0.0000
Episode_Reward/tracking_lin_vel_z_l2: 0.0000
            Episode_Reward/survive: 0.0000
    Episode_Reward/foot_contacts_z: 0.0000
            Episode_Reward/torques: 0.0000
 Episode_Reward/tracking_lin_vel_y: 0.0000
          Episode_Reward/lin_vel_z: 0.0000
         Episode_Reward/ang_vel_xy: 0.0000
   Episode_Reward/tracking_ang_vel: 0.0000
               Episode_Reward/work: 0.0000
            Episode_Reward/dof_acc: 0.0000
        Episode_Reward/action_rate: 0.0000
     Episode_Reward/dof_pos_limits: 0.0000
      Episode_Reward/delta_torques: 0.0000
          Episode_Reward/collision: 0.0000
        Episode_Reward/walking_dof: 0.0000
            Episode_Reward/hip_pos: 0.0000
          Episode_Reward/feet_jerk: 0.0000
              Episode_Reward/alive: 0.0000
          Episode_Reward/feet_drag: 0.0000
Episode_Reward/feet_contact_forces: 0.0000
               Episode_Reward/roll: 0.0000
        Episode_Reward/base_height: 0.0000
Episode_Reward/tracking_lin_vel_max: 0.0000
Episode_Reward/flat_orientation_l2: 0.0000
  Episode_Reward/air_time_variance: 0.0000
        Episode_Reward/feet_height: 0.0000
      Episode_Reward/feet_air_time: 0.0000
Episode_Reward/update_last_buffers: 0.0000
   Episode_Reward/wheel_idle_speed: 0.0000
    Episode_Reward/wheel_action_l2: 0.0000
  Episode_Reward/wheel_action_rate: 0.0000
Episode_Reward/teacher_ensemble_match: 0.0000
  Episode_Reward/wheel_forward_use: 0.0000
 Episode_Reward/wheel_turn_support: 0.0000
   Metrics/locomotion/error_vel_xy: 0.0000
  Metrics/locomotion/error_vel_yaw: 0.0000
      Episode_Termination/time_out: 0.0000
   Episode_Termination/bad_contact: 0.0000
          Episode_Termination/tilt: 0.0000
    Episode_Termination/low_height: 0.0000
--------------------------------------------------------------------------------
                   Total timesteps: 1536
                    Iteration time: 3.29s
                      Time elapsed: 00:00:03
                               ETA: 00:02:44

Could not find git repository in /workspace/isaaclab/_isaac_sim/kit/python/lib/python3.11/site-packages/rsl_rl/__init__.py. Skipping.
Could not find git repository in /root/gpufree-data/tandem_hrl_620d798/scripts/rsl_rl/train.py. Skipping.
################################################################################
                     [1m Learning iteration 1024/1073 [0m                     

                       Computation: 520 steps/s (collection: 2.877s, learning 0.075s)
             Mean action noise std: 0.02
                    value_function: 4.3149
                         surrogate: 0.0186
                           entropy: -39.8894
   Episode_Reward/term_bad_contact: 0.0000
          Episode_Reward/term_tilt: 0.0000
    Episode_Reward/term_low_height: 0.0000
      Episode_Reward/leg_action_l2: 0.0000
   Episode_Reward/tracking_lin_vel: 0.0000
Episode_Reward/tracking_lin_vel_x_exp: 0.0000
Episode_Reward/tracking_ang_vel_yaw_l1: 0.0000
Episode_Reward/tracking_ang_vel_yaw_exp: 0.0000
Episode_Reward/tracking_lin_vel_y_l2: 0.0000
Episode_Reward/tracking_lin_vel_z_l2: 0.0000
            Episode_Reward/survive: 0.0000
    Episode_Reward/foot_contacts_z: 0.0000
            Episode_Reward/torques: 0.0000
 Episode_Reward/tracking_lin_vel_y: 0.0000
          Episode_Reward/lin_vel_z: 0.0000
         Episode_Reward/ang_vel_xy: 0.0000
   Episode_Reward/tracking_ang_vel: 0.0000
               Episode_Reward/work: 0.0000
            Episode_Reward/dof_acc: 0.0000
        Episode_Reward/action_rate: 0.0000
     Episode_Reward/dof_pos_limits: 0.0000
      Episode_Reward/delta_torques: 0.0000
          Episode_Reward/collision: 0.0000
        Episode_Reward/walking_dof: 0.0000
            Episode_Reward/hip_pos: 0.0000
          Episode_Reward/feet_jerk: 0.0000
              Episode_Reward/alive: 0.0000
          Episode_Reward/feet_drag: 0.0000
Episode_Reward/feet_contact_forces: 0.0000
               Episode_Reward/roll: 0.0000
        Episode_Reward/base_height: 0.0000
Episode_Reward/tracking_lin_vel_max: 0.0000
Episode_Reward/flat_orientation_l2: 0.0000
  Episode_Reward/air_time_variance: 0.0000
        Episode_Reward/feet_height: 0.0000
      Episode_Reward/feet_air_time: 0.0000
Episode_Reward/update_last_buffers: 0.0000
   Episode_Reward/wheel_idle_speed: 0.0000
    Episode_Reward/wheel_action_l2: 0.0000
  Episode_Reward/wheel_action_rate: 0.0000
Episode_Reward/teacher_ensemble_match: 0.0000
  Episode_Reward/wheel_forward_use: 0.0000
 Episode_Reward/wheel_turn_support: 0.0000
   Metrics/locomotion/error_vel_xy: 0.0000
  Metrics/locomotion/error_vel_yaw: 0.0000
      Episode_Termination/time_out: 0.0000
   Episode_Termination/bad_contact: 0.0000
          Episode_Termination/tilt: 0.0000
    Episode_Termination/low_height: 0.0000
--------------------------------------------------------------------------------
                   Total timesteps: 3072
                    Iteration time: 2.95s
                      Time elapsed: 00:00:06
                               ETA: 00:02:33

################################################################################
                     [1m Learning iteration 1025/1073 [0m                     

                       Computation: 524 steps/s (collection: 2.854s, learning 0.075s)
             Mean action noise std: 0.02
                    value_function: 3.9282
                         surrogate: 0.0095
                           entropy: -39.8894
   Episode_Reward/term_bad_contact: 0.0000
          Episode_Reward/term_tilt: 0.0000
    Episode_Reward/term_low_height: 0.0000
      Episode_Reward/leg_action_l2: 0.0000
   Episode_Reward/tracking_lin_vel: 0.0000
Episode_Reward/tracking_lin_vel_x_exp: 0.0000
Episode_Reward/tracking_ang_vel_yaw_l1: 0.0000
Episode_Reward/tracking_ang_vel_yaw_exp: 0.0000
Episode_Reward/tracking_lin_vel_y_l2: 0.0000
Episode_Reward/tracking_lin_vel_z_l2: 0.0000
            Episode_Reward/survive: 0.0000
    Episode_Reward/foot_contacts_z: 0.0000
            Episode_Reward/torques: 0.0000
 Episode_Reward/tracking_lin_vel_y: 0.0000
          Episode_Reward/lin_vel_z: 0.0000
         Episode_Reward/ang_vel_xy: 0.0000
   Episode_Reward/tracking_ang_vel: 0.0000
               Episode_Reward/work: 0.0000
            Episode_Reward/dof_acc: 0.0000
        Episode_Reward/action_rate: 0.0000
     Episode_Reward/dof_pos_limits: 0.0000
      Episode_Reward/delta_torques: 0.0000
          Episode_Reward/collision: 0.0000
        Episode_Reward/walking_dof: 0.0000
            Episode_Reward/hip_pos: 0.0000
          Episode_Reward/feet_jerk: 0.0000
              Episode_Reward/alive: 0.0000
          Episode_Reward/feet_drag: 0.0000
Episode_Reward/feet_contact_forces: 0.0000
               Episode_Reward/roll: 0.0000
        Episode_Reward/base_height: 0.0000
Episode_Reward/tracking_lin_vel_max: 0.0000
Episode_Reward/flat_orientation_l2: 0.0000
  Episode_Reward/air_time_variance: 0.0000
        Episode_Reward/feet_height: 0.0000
      Episode_Reward/feet_air_time: 0.0000
Episode_Reward/update_last_buffers: 0.0000
   Episode_Reward/wheel_idle_speed: 0.0000
    Episode_Reward/wheel_action_l2: 0.0000
  Episode_Reward/wheel_action_rate: 0.0000
Episode_Reward/teacher_ensemble_match: 0.0000
  Episode_Reward/wheel_forward_use: 0.0000
 Episode_Reward/wheel_turn_support: 0.0000
   Metrics/locomotion/error_vel_xy: 0.0000
  Metrics/locomotion/error_vel_yaw: 0.0000
      Episode_Termination/time_out: 0.0000
   Episode_Termination/bad_contact: 0.0000
          Episode_Termination/tilt: 0.0000
    Episode_Termination/low_height: 0.0000
--------------------------------------------------------------------------------
                   Total timesteps: 4608
                    Iteration time: 2.93s
                      Time elapsed: 00:00:09
                               ETA: 00:02:26

################################################################################
                     [1m Learning iteration 1026/1073 [0m                     

                       Computation: 518 steps/s (collection: 2.883s, learning 0.077s)
             Mean action noise std: 0.02
                    value_function: 3.8861
                         surrogate: 0.0010
                           entropy: -39.8894
   Episode_Reward/term_bad_contact: 0.0000
          Episode_Reward/term_tilt: 0.0000
    Episode_Reward/term_low_height: 0.0000
      Episode_Reward/leg_action_l2: 0.0000
   Episode_Reward/tracking_lin_vel: 0.0000
Episode_Reward/tracking_lin_vel_x_exp: 0.0000
Episode_Reward/tracking_ang_vel_yaw_l1: 0.0000
Episode_Reward/tracking_ang_vel_yaw_exp: 0.0000
Episode_Reward/tracking_lin_vel_y_l2: 0.0000
Episode_Reward/tracking_lin_vel_z_l2: 0.0000
            Episode_Reward/survive: 0.0000
    Episode_Reward/foot_contacts_z: 0.0000
            Episode_Reward/torques: 0.0000
 Episode_Reward/tracking_lin_vel_y: 0.0000
          Episode_Reward/lin_vel_z: 0.0000
         Episode_Reward/ang_vel_xy: 0.0000
   Episode_Reward/tracking_ang_vel: 0.0000
               Episode_Reward/work: 0.0000
            Episode_Reward/dof_acc: 0.0000
        Episode_Reward/action_rate: 0.0000
     Episode_Reward/dof_pos_limits: 0.0000
      Episode_Reward/delta_torques: 0.0000
          Episode_Reward/collision: 0.0000
        Episode_Reward/walking_dof: 0.0000
            Episode_Reward/hip_pos: 0.0000
          Episode_Reward/feet_jerk: 0.0000
              Episode_Reward/alive: 0.0000
          Episode_Reward/feet_drag: 0.0000
Episode_Reward/feet_contact_forces: 0.0000
               Episode_Reward/roll: 0.0000
        Episode_Reward/base_height: 0.0000
Episode_Reward/tracking_lin_vel_max: 0.0000
Episode_Reward/flat_orientation_l2: 0.0000
  Episode_Reward/air_time_variance: 0.0000
        Episode_Reward/feet_height: 0.0000
      Episode_Reward/feet_air_time: 0.0000
Episode_Reward/update_last_buffers: 0.0000
   Episode_Reward/wheel_idle_speed: 0.0000
    Episode_Reward/wheel_action_l2: 0.0000
  Episode_Reward/wheel_action_rate: 0.0000
Episode_Reward/teacher_ensemble_match: 0.0000
  Episode_Reward/wheel_forward_use: 0.0000
 Episode_Reward/wheel_turn_support: 0.0000
   Metrics/locomotion/error_vel_xy: 0.0000
  Metrics/locomotion/error_vel_yaw: 0.0000
      Episode_Termination/time_out: 0.0000
   Episode_Termination/bad_contact: 0.0000
          Episode_Termination/tilt: 0.0000
    Episode_Termination/low_height: 0.0000
--------------------------------------------------------------------------------
                   Total timesteps: 6144
                    Iteration time: 2.96s
                      Time elapsed: 00:00:12
                               ETA: 00:02:22

################################################################################
                     [1m Learning iteration 1027/1073 [0m                     

                       Computation: 523 steps/s (collection: 2.860s, learning 0.077s)
             Mean action noise std: 0.02
                    value_function: 4.1451
                         surrogate: 0.0003
                           entropy: -39.8894
   Episode_Reward/term_bad_contact: 0.0000
          Episode_Reward/term_tilt: 0.0000
    Episode_Reward/term_low_height: 0.0000
      Episode_Reward/leg_action_l2: 0.0000
   Episode_Reward/tracking_lin_vel: 0.0000
Episode_Reward/tracking_lin_vel_x_exp: 0.0000
Episode_Reward/tracking_ang_vel_yaw_l1: 0.0000
Episode_Reward/tracking_ang_vel_yaw_exp: 0.0000
Episode_Reward/tracking_lin_vel_y_l2: 0.0000
Episode_Reward/tracking_lin_vel_z_l2: 0.0000
            Episode_Reward/survive: 0.0000
    Episode_Reward/foot_contacts_z: 0.0000
            Episode_Reward/torques: 0.0000
 Episode_Reward/tracking_lin_vel_y: 0.0000
          Episode_Reward/lin_vel_z: 0.0000
         Episode_Reward/ang_vel_xy: 0.0000
   Episode_Reward/tracking_ang_vel: 0.0000
               Episode_Reward/work: 0.0000
            Episode_Reward/dof_acc: 0.0000
        Episode_Reward/action_rate: 0.0000
     Episode_Reward/dof_pos_limits: 0.0000
      Episode_Reward/delta_torques: 0.0000
          Episode_Reward/collision: 0.0000
        Episode_Reward/walking_dof: 0.0000
            Episode_Reward/hip_pos: 0.0000
          Episode_Reward/feet_jerk: 0.0000
              Episode_Reward/alive: 0.0000
          Episode_Reward/feet_drag: 0.0000
Episode_Reward/feet_contact_forces: 0.0000
               Episode_Reward/roll: 0.0000
        Episode_Reward/base_height: 0.0000
Episode_Reward/tracking_lin_vel_max: 0.0000
Episode_Reward/flat_orientation_l2: 0.0000
  Episode_Reward/air_time_variance: 0.0000
        Episode_Reward/feet_height: 0.0000
      Episode_Reward/feet_air_time: 0.0000
Episode_Reward/update_last_buffers: 0.0000
   Episode_Reward/wheel_idle_speed: 0.0000
    Episode_Reward/wheel_action_l2: 0.0000
  Episode_Reward/wheel_action_rate: 0.0000
Episode_Reward/teacher_ensemble_match: 0.0000
  Episode_Reward/wheel_forward_use: 0.0000
 Episode_Reward/wheel_turn_support: 0.0000
   Metrics/locomotion/error_vel_xy: 0.0000
  Metrics/locomotion/error_vel_yaw: 0.0000
      Episode_Termination/time_out: 0.0000
   Episode_Termination/bad_contact: 0.0000
          Episode_Termination/tilt: 0.0000
    Episode_Termination/low_height: 0.0000
--------------------------------------------------------------------------------
                   Total timesteps: 7680
                    Iteration time: 2.94s
                      Time elapsed: 00:00:15
                               ETA: 00:02:18

################################################################################
                     [1m Learning iteration 1028/1073 [0m                     

                       Computation: 516 steps/s (collection: 2.898s, learning 0.078s)
             Mean action noise std: 0.02
                    value_function: 4.0438
                         surrogate: -0.0076
                           entropy: -39.8894
   Episode_Reward/term_bad_contact: 0.0000
          Episode_Reward/term_tilt: 0.0000
    Episode_Reward/term_low_height: 0.0000
      Episode_Reward/leg_action_l2: 0.0000
   Episode_Reward/tracking_lin_vel: 0.0000
Episode_Reward/tracking_lin_vel_x_exp: 0.0000
Episode_Reward/tracking_ang_vel_yaw_l1: 0.0000
Episode_Reward/tracking_ang_vel_yaw_exp: 0.0000
Episode_Reward/tracking_lin_vel_y_l2: 0.0000
Episode_Reward/tracking_lin_vel_z_l2: 0.0000
            Episode_Reward/survive: 0.0000
    Episode_Reward/foot_contacts_z: 0.0000
            Episode_Reward/torques: 0.0000
 Episode_Reward/tracking_lin_vel_y: 0.0000
          Episode_Reward/lin_vel_z: 0.0000
         Episode_Reward/ang_vel_xy: 0.0000
   Episode_Reward/tracking_ang_vel: 0.0000
               Episode_Reward/work: 0.0000
            Episode_Reward/dof_acc: 0.0000
        Episode_Reward/action_rate: 0.0000
     Episode_Reward/dof_pos_limits: 0.0000
      Episode_Reward/delta_torques: 0.0000
          Episode_Reward/collision: 0.0000
        Episode_Reward/walking_dof: 0.0000
            Episode_Reward/hip_pos: 0.0000
          Episode_Reward/feet_jerk: 0.0000
              Episode_Reward/alive: 0.0000
          Episode_Reward/feet_drag: 0.0000
Episode_Reward/feet_contact_forces: 0.0000
               Episode_Reward/roll: 0.0000
        Episode_Reward/base_height: 0.0000
Episode_Reward/tracking_lin_vel_max: 0.0000
Episode_Reward/flat_orientation_l2: 0.0000
  Episode_Reward/air_time_variance: 0.0000
        Episode_Reward/feet_height: 0.0000
      Episode_Reward/feet_air_time: 0.0000
Episode_Reward/update_last_buffers: 0.0000
   Episode_Reward/wheel_idle_speed: 0.0000
    Episode_Reward/wheel_action_l2: 0.0000
  Episode_Reward/wheel_action_rate: 0.0000
Episode_Reward/teacher_ensemble_match: 0.0000
  Episode_Reward/wheel_forward_use: 0.0000
 Episode_Reward/wheel_turn_support: 0.0000
   Metrics/locomotion/error_vel_xy: 0.0000
  Metrics/locomotion/error_vel_yaw: 0.0000
      Episode_Termination/time_out: 0.0000
   Episode_Termination/bad_contact: 0.0000
          Episode_Termination/tilt: 0.0000
    Episode_Termination/low_height: 0.0000
--------------------------------------------------------------------------------
                   Total timesteps: 9216
                    Iteration time: 2.98s
                      Time elapsed: 00:00:18
                               ETA: 00:02:15

################################################################################
                     [1m Learning iteration 1029/1073 [0m                     

                       Computation: 517 steps/s (collection: 2.891s, learning 0.076s)
             Mean action noise std: 0.02
                    value_function: 3.5819
                         surrogate: -0.0072
                           entropy: -39.8894
   Episode_Reward/term_bad_contact: 0.0000
          Episode_Reward/term_tilt: 0.0000
    Episode_Reward/term_low_height: 0.0000
      Episode_Reward/leg_action_l2: 0.0000
   Episode_Reward/tracking_lin_vel: 0.0000
Episode_Reward/tracking_lin_vel_x_exp: 0.0000
Episode_Reward/tracking_ang_vel_yaw_l1: 0.0000
Episode_Reward/tracking_ang_vel_yaw_exp: 0.0000
Episode_Reward/tracking_lin_vel_y_l2: 0.0000
Episode_Reward/tracking_lin_vel_z_l2: 0.0000
            Episode_Reward/survive: 0.0000
    Episode_Reward/foot_contacts_z: 0.0000
            Episode_Reward/torques: 0.0000
 Episode_Reward/tracking_lin_vel_y: 0.0000
          Episode_Reward/lin_vel_z: 0.0000
         Episode_Reward/ang_vel_xy: 0.0000
   Episode_Reward/tracking_ang_vel: 0.0000
               Episode_Reward/work: 0.0000
            Episode_Reward/dof_acc: 0.0000
        Episode_Reward/action_rate: 0.0000
     Episode_Reward/dof_pos_limits: 0.0000
      Episode_Reward/delta_torques: 0.0000
          Episode_Reward/collision: 0.0000
        Episode_Reward/walking_dof: 0.0000
            Episode_Reward/hip_pos: 0.0000
          Episode_Reward/feet_jerk: 0.0000
              Episode_Reward/alive: 0.0000
          Episode_Reward/feet_drag: 0.0000
Episode_Reward/feet_contact_forces: 0.0000
               Episode_Reward/roll: 0.0000
        Episode_Reward/base_height: 0.0000
Episode_Reward/tracking_lin_vel_max: 0.0000
Episode_Reward/flat_orientation_l2: 0.0000
  Episode_Reward/air_time_variance: 0.0000
        Episode_Reward/feet_height: 0.0000
      Episode_Reward/feet_air_time: 0.0000
Episode_Reward/update_last_buffers: 0.0000
   Episode_Reward/wheel_idle_speed: 0.0000
    Episode_Reward/wheel_action_l2: 0.0000
  Episode_Reward/wheel_action_rate: 0.0000
Episode_Reward/teacher_ensemble_match: 0.0000
  Episode_Reward/wheel_forward_use: 0.0000
 Episode_Reward/wheel_turn_support: 0.0000
   Metrics/locomotion/error_vel_xy: 0.0000
  Metrics/locomotion/error_vel_yaw: 0.0000
      Episode_Termination/time_out: 0.0000
   Episode_Termination/bad_contact: 0.0000
          Episode_Termination/tilt: 0.0000
    Episode_Termination/low_height: 0.0000
--------------------------------------------------------------------------------
                   Total timesteps: 10752
                    Iteration time: 2.97s
                      Time elapsed: 00:00:21
                               ETA: 00:02:12

################################################################################
                     [1m Learning iteration 1030/1073 [0m                     

                       Computation: 521 steps/s (collection: 2.869s, learning 0.075s)
             Mean action noise std: 0.02
                    value_function: 3.3207
                         surrogate: 0.0016
                           entropy: -39.8894
   Episode_Reward/term_bad_contact: 0.0000
          Episode_Reward/term_tilt: 0.0000
    Episode_Reward/term_low_height: 0.0000
      Episode_Reward/leg_action_l2: 0.0000
   Episode_Reward/tracking_lin_vel: 0.0000
Episode_Reward/tracking_lin_vel_x_exp: 0.0000
Episode_Reward/tracking_ang_vel_yaw_l1: 0.0000
Episode_Reward/tracking_ang_vel_yaw_exp: 0.0000
Episode_Reward/tracking_lin_vel_y_l2: 0.0000
Episode_Reward/tracking_lin_vel_z_l2: 0.0000
            Episode_Reward/survive: 0.0000
    Episode_Reward/foot_contacts_z: 0.0000
            Episode_Reward/torques: 0.0000
 Episode_Reward/tracking_lin_vel_y: 0.0000
          Episode_Reward/lin_vel_z: 0.0000
         Episode_Reward/ang_vel_xy: 0.0000
   Episode_Reward/tracking_ang_vel: 0.0000
               Episode_Reward/work: 0.0000
            Episode_Reward/dof_acc: 0.0000
        Episode_Reward/action_rate: 0.0000
     Episode_Reward/dof_pos_limits: 0.0000
      Episode_Reward/delta_torques: 0.0000
          Episode_Reward/collision: 0.0000
        Episode_Reward/walking_dof: 0.0000
            Episode_Reward/hip_pos: 0.0000
          Episode_Reward/feet_jerk: 0.0000
              Episode_Reward/alive: 0.0000
          Episode_Reward/feet_drag: 0.0000
Episode_Reward/feet_contact_forces: 0.0000
               Episode_Reward/roll: 0.0000
        Episode_Reward/base_height: 0.0000
Episode_Reward/tracking_lin_vel_max: 0.0000
Episode_Reward/flat_orientation_l2: 0.0000
  Episode_Reward/air_time_variance: 0.0000
        Episode_Reward/feet_height: 0.0000
      Episode_Reward/feet_air_time: 0.0000
Episode_Reward/update_last_buffers: 0.0000
   Episode_Reward/wheel_idle_speed: 0.0000
    Episode_Reward/wheel_action_l2: 0.0000
  Episode_Reward/wheel_action_rate: 0.0000
Episode_Reward/teacher_ensemble_match: 0.0000
  Episode_Reward/wheel_forward_use: 0.0000
 Episode_Reward/wheel_turn_support: 0.0000
   Metrics/locomotion/error_vel_xy: 0.0000
  Metrics/locomotion/error_vel_yaw: 0.0000
      Episode_Termination/time_out: 0.0000
   Episode_Termination/bad_contact: 0.0000
          Episode_Termination/tilt: 0.0000
    Episode_Termination/low_height: 0.0000
--------------------------------------------------------------------------------
                   Total timesteps: 12288
                    Iteration time: 2.94s
                      Time elapsed: 00:00:23
                               ETA: 00:02:08

################################################################################
                     [1m Learning iteration 1031/1073 [0m                     

                       Computation: 520 steps/s (collection: 2.880s, learning 0.073s)
             Mean action noise std: 0.02
                    value_function: 3.1334
                         surrogate: 0.0024
                           entropy: -39.8894
   Episode_Reward/term_bad_contact: 0.0000
          Episode_Reward/term_tilt: 0.0000
    Episode_Reward/term_low_height: 0.0000
      Episode_Reward/leg_action_l2: 0.0000
   Episode_Reward/tracking_lin_vel: 0.0000
Episode_Reward/tracking_lin_vel_x_exp: 0.0000
Episode_Reward/tracking_ang_vel_yaw_l1: 0.0000
Episode_Reward/tracking_ang_vel_yaw_exp: 0.0000
Episode_Reward/tracking_lin_vel_y_l2: 0.0000
Episode_Reward/tracking_lin_vel_z_l2: 0.0000
            Episode_Reward/survive: 0.0000
    Episode_Reward/foot_contacts_z: 0.0000
            Episode_Reward/torques: 0.0000
 Episode_Reward/tracking_lin_vel_y: 0.0000
          Episode_Reward/lin_vel_z: 0.0000
         Episode_Reward/ang_vel_xy: 0.0000
   Episode_Reward/tracking_ang_vel: 0.0000
               Episode_Reward/work: 0.0000
            Episode_Reward/dof_acc: 0.0000
        Episode_Reward/action_rate: 0.0000
     Episode_Reward/dof_pos_limits: 0.0000
      Episode_Reward/delta_torques: 0.0000
          Episode_Reward/collision: 0.0000
        Episode_Reward/walking_dof: 0.0000
            Episode_Reward/hip_pos: 0.0000
          Episode_Reward/feet_jerk: 0.0000
              Episode_Reward/alive: 0.0000
          Episode_Reward/feet_drag: 0.0000
Episode_Reward/feet_contact_forces: 0.0000
               Episode_Reward/roll: 0.0000
        Episode_Reward/base_height: 0.0000
Episode_Reward/tracking_lin_vel_max: 0.0000
Episode_Reward/flat_orientation_l2: 0.0000
  Episode_Reward/air_time_variance: 0.0000
        Episode_Reward/feet_height: 0.0000
      Episode_Reward/feet_air_time: 0.0000
Episode_Reward/update_last_buffers: 0.0000
   Episode_Reward/wheel_idle_speed: 0.0000
    Episode_Reward/wheel_action_l2: 0.0000
  Episode_Reward/wheel_action_rate: 0.0000
Episode_Reward/teacher_ensemble_match: 0.0000
  Episode_Reward/wheel_forward_use: 0.0000
 Episode_Reward/wheel_turn_support: 0.0000
   Metrics/locomotion/error_vel_xy: 0.0000
  Metrics/locomotion/error_vel_yaw: 0.0000
      Episode_Termination/time_out: 0.0000
   Episode_Termination/bad_contact: 0.0000
          Episode_Termination/tilt: 0.0000
    Episode_Termination/low_height: 0.0000
--------------------------------------------------------------------------------
                   Total timesteps: 13824
                    Iteration time: 2.95s
                      Time elapsed: 00:00:26
                               ETA: 00:02:05

################################################################################
                     [1m Learning iteration 1032/1073 [0m                     

                       Computation: 520 steps/s (collection: 2.878s, learning 0.075s)
             Mean action noise std: 0.02
                    value_function: 2.9453
                         surrogate: -0.0093
                           entropy: -39.8894
   Episode_Reward/term_bad_contact: 0.0000
          Episode_Reward/term_tilt: 0.0000
    Episode_Reward/term_low_height: 0.0000
      Episode_Reward/leg_action_l2: 0.0000
   Episode_Reward/tracking_lin_vel: 0.0000
Episode_Reward/tracking_lin_vel_x_exp: 0.0000
Episode_Reward/tracking_ang_vel_yaw_l1: 0.0000
Episode_Reward/tracking_ang_vel_yaw_exp: 0.0000
Episode_Reward/tracking_lin_vel_y_l2: 0.0000
Episode_Reward/tracking_lin_vel_z_l2: 0.0000
            Episode_Reward/survive: 0.0000
    Episode_Reward/foot_contacts_z: 0.0000
            Episode_Reward/torques: 0.0000
 Episode_Reward/tracking_lin_vel_y: 0.0000
          Episode_Reward/lin_vel_z: 0.0000
         Episode_Reward/ang_vel_xy: 0.0000
   Episode_Reward/tracking_ang_vel: 0.0000
               Episode_Reward/work: 0.0000
            Episode_Reward/dof_acc: 0.0000
        Episode_Reward/action_rate: 0.0000
     Episode_Reward/dof_pos_limits: 0.0000
      Episode_Reward/delta_torques: 0.0000
          Episode_Reward/collision: 0.0000
        Episode_Reward/walking_dof: 0.0000
            Episode_Reward/hip_pos: 0.0000
          Episode_Reward/feet_jerk: 0.0000
              Episode_Reward/alive: 0.0000
          Episode_Reward/feet_drag: 0.0000
Episode_Reward/feet_contact_forces: 0.0000
               Episode_Reward/roll: 0.0000
        Episode_Reward/base_height: 0.0000
Episode_Reward/tracking_lin_vel_max: 0.0000
Episode_Reward/flat_orientation_l2: 0.0000
  Episode_Reward/air_time_variance: 0.0000
        Episode_Reward/feet_height: 0.0000
      Episode_Reward/feet_air_time: 0.0000
Episode_Reward/update_last_buffers: 0.0000
   Episode_Reward/wheel_idle_speed: 0.0000
    Episode_Reward/wheel_action_l2: 0.0000
  Episode_Reward/wheel_action_rate: 0.0000
Episode_Reward/teacher_ensemble_match: 0.0000
  Episode_Reward/wheel_forward_use: 0.0000
 Episode_Reward/wheel_turn_support: 0.0000
   Metrics/locomotion/error_vel_xy: 0.0000
  Metrics/locomotion/error_vel_yaw: 0.0000
      Episode_Termination/time_out: 0.0000
   Episode_Termination/bad_contact: 0.0000
          Episode_Termination/tilt: 0.0000
    Episode_Termination/low_height: 0.0000
--------------------------------------------------------------------------------
                   Total timesteps: 15360
                    Iteration time: 2.95s
                      Time elapsed: 00:00:29
                               ETA: 00:02:02

################################################################################
                     [1m Learning iteration 1033/1073 [0m                     

                       Computation: 514 steps/s (collection: 2.909s, learning 0.074s)
             Mean action noise std: 0.02
                    value_function: 2.7054
                         surrogate: -0.0138
                           entropy: -39.8894
   Episode_Reward/term_bad_contact: 0.0000
          Episode_Reward/term_tilt: 0.0000
    Episode_Reward/term_low_height: 0.0000
      Episode_Reward/leg_action_l2: 0.0000
   Episode_Reward/tracking_lin_vel: 0.0000
Episode_Reward/tracking_lin_vel_x_exp: 0.0000
Episode_Reward/tracking_ang_vel_yaw_l1: 0.0000
Episode_Reward/tracking_ang_vel_yaw_exp: 0.0000
Episode_Reward/tracking_lin_vel_y_l2: 0.0000
Episode_Reward/tracking_lin_vel_z_l2: 0.0000
            Episode_Reward/survive: 0.0000
    Episode_Reward/foot_contacts_z: 0.0000
            Episode_Reward/torques: 0.0000
 Episode_Reward/tracking_lin_vel_y: 0.0000
          Episode_Reward/lin_vel_z: 0.0000
         Episode_Reward/ang_vel_xy: 0.0000
   Episode_Reward/tracking_ang_vel: 0.0000
               Episode_Reward/work: 0.0000
            Episode_Reward/dof_acc: 0.0000
        Episode_Reward/action_rate: 0.0000
     Episode_Reward/dof_pos_limits: 0.0000
      Episode_Reward/delta_torques: 0.0000
          Episode_Reward/collision: 0.0000
        Episode_Reward/walking_dof: 0.0000
            Episode_Reward/hip_pos: 0.0000
          Episode_Reward/feet_jerk: 0.0000
              Episode_Reward/alive: 0.0000
          Episode_Reward/feet_drag: 0.0000
Episode_Reward/feet_contact_forces: 0.0000
               Episode_Reward/roll: 0.0000
        Episode_Reward/base_height: 0.0000
Episode_Reward/tracking_lin_vel_max: 0.0000
Episode_Reward/flat_orientation_l2: 0.0000
  Episode_Reward/air_time_variance: 0.0000
        Episode_Reward/feet_height: 0.0000
      Episode_Reward/feet_air_time: 0.0000
Episode_Reward/update_last_buffers: 0.0000
   Episode_Reward/wheel_idle_speed: 0.0000
    Episode_Reward/wheel_action_l2: 0.0000
  Episode_Reward/wheel_action_rate: 0.0000
Episode_Reward/teacher_ensemble_match: 0.0000
  Episode_Reward/wheel_forward_use: 0.0000
 Episode_Reward/wheel_turn_support: 0.0000
   Metrics/locomotion/error_vel_xy: 0.0000
  Metrics/locomotion/error_vel_yaw: 0.0000
      Episode_Termination/time_out: 0.0000
   Episode_Termination/bad_contact: 0.0000
          Episode_Termination/tilt: 0.0000
    Episode_Termination/low_height: 0.0000
--------------------------------------------------------------------------------
                   Total timesteps: 16896
                    Iteration time: 2.98s
                      Time elapsed: 00:00:32
                               ETA: 00:01:59

################################################################################
                     [1m Learning iteration 1034/1073 [0m                     

                       Computation: 517 steps/s (collection: 2.898s, learning 0.073s)
             Mean action noise std: 0.02
                    value_function: 2.4887
                         surrogate: -0.0099
                           entropy: -39.8894
   Episode_Reward/term_bad_contact: 0.0000
          Episode_Reward/term_tilt: 0.0000
    Episode_Reward/term_low_height: 0.0000
      Episode_Reward/leg_action_l2: 0.0000
   Episode_Reward/tracking_lin_vel: 0.0000
Episode_Reward/tracking_lin_vel_x_exp: 0.0000
Episode_Reward/tracking_ang_vel_yaw_l1: 0.0000
Episode_Reward/tracking_ang_vel_yaw_exp: 0.0000
Episode_Reward/tracking_lin_vel_y_l2: 0.0000
Episode_Reward/tracking_lin_vel_z_l2: 0.0000
            Episode_Reward/survive: 0.0000
    Episode_Reward/foot_contacts_z: 0.0000
            Episode_Reward/torques: 0.0000
 Episode_Reward/tracking_lin_vel_y: 0.0000
          Episode_Reward/lin_vel_z: 0.0000
         Episode_Reward/ang_vel_xy: 0.0000
   Episode_Reward/tracking_ang_vel: 0.0000
               Episode_Reward/work: 0.0000
            Episode_Reward/dof_acc: 0.0000
        Episode_Reward/action_rate: 0.0000
     Episode_Reward/dof_pos_limits: 0.0000
      Episode_Reward/delta_torques: 0.0000
          Episode_Reward/collision: 0.0000
        Episode_Reward/walking_dof: 0.0000
            Episode_Reward/hip_pos: 0.0000
          Episode_Reward/feet_jerk: 0.0000
              Episode_Reward/alive: 0.0000
          Episode_Reward/feet_drag: 0.0000
Episode_Reward/feet_contact_forces: 0.0000
               Episode_Reward/roll: 0.0000
        Episode_Reward/base_height: 0.0000
Episode_Reward/tracking_lin_vel_max: 0.0000
Episode_Reward/flat_orientation_l2: 0.0000
  Episode_Reward/air_time_variance: 0.0000
        Episode_Reward/feet_height: 0.0000
      Episode_Reward/feet_air_time: 0.0000
Episode_Reward/update_last_buffers: 0.0000
   Episode_Reward/wheel_idle_speed: 0.0000
    Episode_Reward/wheel_action_l2: 0.0000
  Episode_Reward/wheel_action_rate: 0.0000
Episode_Reward/teacher_ensemble_match: 0.0000
  Episode_Reward/wheel_forward_use: 0.0000
 Episode_Reward/wheel_turn_support: 0.0000
   Metrics/locomotion/error_vel_xy: 0.0000
  Metrics/locomotion/error_vel_yaw: 0.0000
      Episode_Termination/time_out: 0.0000
   Episode_Termination/bad_contact: 0.0000
          Episode_Termination/tilt: 0.0000
    Episode_Termination/low_height: 0.0000
--------------------------------------------------------------------------------
                   Total timesteps: 18432
                    Iteration time: 2.97s
                      Time elapsed: 00:00:35
                               ETA: 00:01:56

################################################################################
                     [1m Learning iteration 1035/1073 [0m                     

                       Computation: 465 steps/s (collection: 3.229s, learning 0.074s)
             Mean action noise std: 0.02
          Mean value_function loss: 5.7192
               Mean surrogate loss: -0.0090
                 Mean entropy loss: -39.8894
                       Mean reward: -56.37
               Mean episode length: 300.00
   Episode_Reward/term_bad_contact: 0.0000
          Episode_Reward/term_tilt: 0.0000
    Episode_Reward/term_low_height: 0.0000
      Episode_Reward/leg_action_l2: -0.0025
   Episode_Reward/tracking_lin_vel: 0.2233
Episode_Reward/tracking_lin_vel_x_exp: 0.2939
Episode_Reward/tracking_ang_vel_yaw_l1: 0.0000
Episode_Reward/tracking_ang_vel_yaw_exp: 0.2429
Episode_Reward/tracking_lin_vel_y_l2: 0.0000
Episode_Reward/tracking_lin_vel_z_l2: 0.0000
            Episode_Reward/survive: 0.0000
    Episode_Reward/foot_contacts_z: 0.0000
            Episode_Reward/torques: -0.1031
 Episode_Reward/tracking_lin_vel_y: 0.0000
          Episode_Reward/lin_vel_z: -0.0044
         Episode_Reward/ang_vel_xy: -0.0042
   Episode_Reward/tracking_ang_vel: 0.0931
               Episode_Reward/work: -0.0151
            Episode_Reward/dof_acc: -0.0005
        Episode_Reward/action_rate: -0.0000
     Episode_Reward/dof_pos_limits: -0.0001
      Episode_Reward/delta_torques: -0.0000
          Episode_Reward/collision: -3.9141
        Episode_Reward/walking_dof: 0.0093
            Episode_Reward/hip_pos: -0.0246
          Episode_Reward/feet_jerk: 0.0000
              Episode_Reward/alive: 0.1625
          Episode_Reward/feet_drag: -0.0018
Episode_Reward/feet_contact_forces: -0.0928
               Episode_Reward/roll: -0.0216
        Episode_Reward/base_height: -0.0434
Episode_Reward/tracking_lin_vel_max: 0.0964
Episode_Reward/flat_orientation_l2: -0.0361
  Episode_Reward/air_time_variance: -0.0013
        Episode_Reward/feet_height: 0.0000
      Episode_Reward/feet_air_time: -0.0000
Episode_Reward/update_last_buffers: 0.0000
   Episode_Reward/wheel_idle_speed: -0.0007
    Episode_Reward/wheel_action_l2: -0.0000
  Episode_Reward/wheel_action_rate: 0.0000
Episode_Reward/teacher_ensemble_match: 0.0685
  Episode_Reward/wheel_forward_use: 0.0141
 Episode_Reward/wheel_turn_support: 0.0087
   Metrics/locomotion/error_vel_xy: 0.2360
  Metrics/locomotion/error_vel_yaw: 0.3126
      Episode_Termination/time_out: 0.5417
   Episode_Termination/bad_contact: 0.0000
          Episode_Termination/tilt: 0.0000
    Episode_Termination/low_height: 0.0000
--------------------------------------------------------------------------------
                   Total timesteps: 19968
                    Iteration time: 3.30s
                      Time elapsed: 00:00:39
                               ETA: 00:01:54

################################################################################
                     [1m Learning iteration 1036/1073 [0m                     

                       Computation: 522 steps/s (collection: 2.866s, learning 0.074s)
             Mean action noise std: 0.02
          Mean value_function loss: 2.1326
               Mean surrogate loss: -0.0347
                 Mean entropy loss: -39.8894
                       Mean reward: -56.37
               Mean episode length: 300.00
   Episode_Reward/term_bad_contact: 0.0000
          Episode_Reward/term_tilt: 0.0000
    Episode_Reward/term_low_height: 0.0000
      Episode_Reward/leg_action_l2: -0.0046
   Episode_Reward/tracking_lin_vel: 0.4123
Episode_Reward/tracking_lin_vel_x_exp: 0.5426
Episode_Reward/tracking_ang_vel_yaw_l1: 0.0000
Episode_Reward/tracking_ang_vel_yaw_exp: 0.4485
Episode_Reward/tracking_lin_vel_y_l2: 0.0000
Episode_Reward/tracking_lin_vel_z_l2: 0.0000
            Episode_Reward/survive: 0.0000
    Episode_Reward/foot_contacts_z: 0.0000
            Episode_Reward/torques: -0.1904
 Episode_Reward/tracking_lin_vel_y: 0.0000
          Episode_Reward/lin_vel_z: -0.0081
         Episode_Reward/ang_vel_xy: -0.0078
   Episode_Reward/tracking_ang_vel: 0.1720
               Episode_Reward/work: -0.0278
            Episode_Reward/dof_acc: -0.0009
        Episode_Reward/action_rate: -0.0001
     Episode_Reward/dof_pos_limits: -0.0002
      Episode_Reward/delta_torques: -0.0000
          Episode_Reward/collision: -7.2260
        Episode_Reward/walking_dof: 0.0171
            Episode_Reward/hip_pos: -0.0454
          Episode_Reward/feet_jerk: 0.0000
              Episode_Reward/alive: 0.3000
          Episode_Reward/feet_drag: -0.0033
Episode_Reward/feet_contact_forces: -0.1712
               Episode_Reward/roll: -0.0398
        Episode_Reward/base_height: -0.0802
Episode_Reward/tracking_lin_vel_max: 0.1780
Episode_Reward/flat_orientation_l2: -0.0667
  Episode_Reward/air_time_variance: -0.0023
        Episode_Reward/feet_height: 0.0000
      Episode_Reward/feet_air_time: -0.0000
Episode_Reward/update_last_buffers: 0.0000
   Episode_Reward/wheel_idle_speed: -0.0013
    Episode_Reward/wheel_action_l2: -0.0000
  Episode_Reward/wheel_action_rate: 0.0000
Episode_Reward/teacher_ensemble_match: 0.1265
  Episode_Reward/wheel_forward_use: 0.0261
 Episode_Reward/wheel_turn_support: 0.0161
   Metrics/locomotion/error_vel_xy: 0.4356
  Metrics/locomotion/error_vel_yaw: 0.5771
      Episode_Termination/time_out: 1.0000
   Episode_Termination/bad_contact: 0.0000
          Episode_Termination/tilt: 0.0000
    Episode_Termination/low_height: 0.0000
--------------------------------------------------------------------------------
                   Total timesteps: 21504
                    Iteration time: 2.94s
                      Time elapsed: 00:00:42
                               ETA: 00:01:51

################################################################################
                     [1m Learning iteration 1037/1073 [0m                     

                       Computation: 519 steps/s (collection: 2.883s, learning 0.076s)
             Mean action noise std: 0.02
          Mean value_function loss: 2.3644
               Mean surrogate loss: 0.0012
                 Mean entropy loss: -39.8894
                       Mean reward: -56.37
               Mean episode length: 300.00
   Episode_Reward/term_bad_contact: 0.0000
          Episode_Reward/term_tilt: 0.0000
    Episode_Reward/term_low_height: 0.0000
      Episode_Reward/leg_action_l2: -0.0046
   Episode_Reward/tracking_lin_vel: 0.4123
Episode_Reward/tracking_lin_vel_x_exp: 0.5426
Episode_Reward/tracking_ang_vel_yaw_l1: 0.0000
Episode_Reward/tracking_ang_vel_yaw_exp: 0.4485
Episode_Reward/tracking_lin_vel_y_l2: 0.0000
Episode_Reward/tracking_lin_vel_z_l2: 0.0000
            Episode_Reward/survive: 0.0000
    Episode_Reward/foot_contacts_z: 0.0000
            Episode_Reward/torques: -0.1904
 Episode_Reward/tracking_lin_vel_y: 0.0000
          Episode_Reward/lin_vel_z: -0.0081
         Episode_Reward/ang_vel_xy: -0.0078
   Episode_Reward/tracking_ang_vel: 0.1720
               Episode_Reward/work: -0.0278
            Episode_Reward/dof_acc: -0.0009
        Episode_Reward/action_rate: -0.0001
     Episode_Reward/dof_pos_limits: -0.0002
      Episode_Reward/delta_torques: -0.0000
          Episode_Reward/collision: -7.2260
        Episode_Reward/walking_dof: 0.0171
            Episode_Reward/hip_pos: -0.0454
          Episode_Reward/feet_jerk: 0.0000
              Episode_Reward/alive: 0.3000
          Episode_Reward/feet_drag: -0.0033
Episode_Reward/feet_contact_forces: -0.1712
               Episode_Reward/roll: -0.0398
        Episode_Reward/base_height: -0.0802
Episode_Reward/tracking_lin_vel_max: 0.1780
Episode_Reward/flat_orientation_l2: -0.0667
  Episode_Reward/air_time_variance: -0.0023
        Episode_Reward/feet_height: 0.0000
      Episode_Reward/feet_air_time: -0.0000
Episode_Reward/update_last_buffers: 0.0000
   Episode_Reward/wheel_idle_speed: -0.0013
    Episode_Reward/wheel_action_l2: -0.0000
  Episode_Reward/wheel_action_rate: 0.0000
Episode_Reward/teacher_ensemble_match: 0.1265
  Episode_Reward/wheel_forward_use: 0.0261
 Episode_Reward/wheel_turn_support: 0.0161
   Metrics/locomotion/error_vel_xy: 0.4356
  Metrics/locomotion/error_vel_yaw: 0.5771
      Episode_Termination/time_out: 1.0000
   Episode_Termination/bad_contact: 0.0000
          Episode_Termination/tilt: 0.0000
    Episode_Termination/low_height: 0.0000
--------------------------------------------------------------------------------
                   Total timesteps: 23040
                    Iteration time: 2.96s
                      Time elapsed: 00:00:45
                               ETA: 00:01:48

################################################################################
                     [1m Learning iteration 1038/1073 [0m                     

                       Computation: 511 steps/s (collection: 2.925s, learning 0.078s)
             Mean action noise std: 0.02
          Mean value_function loss: 2.3740
               Mean surrogate loss: -0.0134
                 Mean entropy loss: -39.8894
                       Mean reward: -56.37
               Mean episode length: 300.00
   Episode_Reward/term_bad_contact: 0.0000
          Episode_Reward/term_tilt: 0.0000
    Episode_Reward/term_low_height: 0.0000
      Episode_Reward/leg_action_l2: -0.0046
   Episode_Reward/tracking_lin_vel: 0.4123
Episode_Reward/tracking_lin_vel_x_exp: 0.5426
Episode_Reward/tracking_ang_vel_yaw_l1: 0.0000
Episode_Reward/tracking_ang_vel_yaw_exp: 0.4485
Episode_Reward/tracking_lin_vel_y_l2: 0.0000
Episode_Reward/tracking_lin_vel_z_l2: 0.0000
            Episode_Reward/survive: 0.0000
    Episode_Reward/foot_contacts_z: 0.0000
            Episode_Reward/torques: -0.1904
 Episode_Reward/tracking_lin_vel_y: 0.0000
          Episode_Reward/lin_vel_z: -0.0081
         Episode_Reward/ang_vel_xy: -0.0078
   Episode_Reward/tracking_ang_vel: 0.1720
               Episode_Reward/work: -0.0278
            Episode_Reward/dof_acc: -0.0009
        Episode_Reward/action_rate: -0.0001
     Episode_Reward/dof_pos_limits: -0.0002
      Episode_Reward/delta_torques: -0.0000
          Episode_Reward/collision: -7.2260
        Episode_Reward/walking_dof: 0.0171
            Episode_Reward/hip_pos: -0.0454
          Episode_Reward/feet_jerk: 0.0000
              Episode_Reward/alive: 0.3000
          Episode_Reward/feet_drag: -0.0033
Episode_Reward/feet_contact_forces: -0.1712
               Episode_Reward/roll: -0.0398
        Episode_Reward/base_height: -0.0802
Episode_Reward/tracking_lin_vel_max: 0.1780
Episode_Reward/flat_orientation_l2: -0.0667
  Episode_Reward/air_time_variance: -0.0023
        Episode_Reward/feet_height: 0.0000
      Episode_Reward/feet_air_time: -0.0000
Episode_Reward/update_last_buffers: 0.0000
   Episode_Reward/wheel_idle_speed: -0.0013
    Episode_Reward/wheel_action_l2: -0.0000
  Episode_Reward/wheel_action_rate: 0.0000
Episode_Reward/teacher_ensemble_match: 0.1265
  Episode_Reward/wheel_forward_use: 0.0261
 Episode_Reward/wheel_turn_support: 0.0161
   Metrics/locomotion/error_vel_xy: 0.4356
  Metrics/locomotion/error_vel_yaw: 0.5771
      Episode_Termination/time_out: 1.0000
   Episode_Termination/bad_contact: 0.0000
          Episode_Termination/tilt: 0.0000
    Episode_Termination/low_height: 0.0000
--------------------------------------------------------------------------------
                   Total timesteps: 24576
                    Iteration time: 3.00s
                      Time elapsed: 00:00:48
                               ETA: 00:01:45

################################################################################
                     [1m Learning iteration 1039/1073 [0m                     

                       Computation: 520 steps/s (collection: 2.874s, learning 0.074s)
             Mean action noise std: 0.02
          Mean value_function loss: 2.1773
               Mean surrogate loss: -0.0120
                 Mean entropy loss: -39.8894
                       Mean reward: -56.37
               Mean episode length: 300.00
   Episode_Reward/term_bad_contact: 0.0000
          Episode_Reward/term_tilt: 0.0000
    Episode_Reward/term_low_height: 0.0000
      Episode_Reward/leg_action_l2: -0.0046
   Episode_Reward/tracking_lin_vel: 0.4123
Episode_Reward/tracking_lin_vel_x_exp: 0.5426
Episode_Reward/tracking_ang_vel_yaw_l1: 0.0000
Episode_Reward/tracking_ang_vel_yaw_exp: 0.4485
Episode_Reward/tracking_lin_vel_y_l2: 0.0000
Episode_Reward/tracking_lin_vel_z_l2: 0.0000
            Episode_Reward/survive: 0.0000
    Episode_Reward/foot_contacts_z: 0.0000
            Episode_Reward/torques: -0.1904
 Episode_Reward/tracking_lin_vel_y: 0.0000
          Episode_Reward/lin_vel_z: -0.0081
         Episode_Reward/ang_vel_xy: -0.0078
   Episode_Reward/tracking_ang_vel: 0.1720
               Episode_Reward/work: -0.0278
            Episode_Reward/dof_acc: -0.0009
        Episode_Reward/action_rate: -0.0001
     Episode_Reward/dof_pos_limits: -0.0002
      Episode_Reward/delta_torques: -0.0000
          Episode_Reward/collision: -7.2260
        Episode_Reward/walking_dof: 0.0171
            Episode_Reward/hip_pos: -0.0454
          Episode_Reward/feet_jerk: 0.0000
              Episode_Reward/alive: 0.3000
          Episode_Reward/feet_drag: -0.0033
Episode_Reward/feet_contact_forces: -0.1712
               Episode_Reward/roll: -0.0398
        Episode_Reward/base_height: -0.0802
Episode_Reward/tracking_lin_vel_max: 0.1780
Episode_Reward/flat_orientation_l2: -0.0667
  Episode_Reward/air_time_variance: -0.0023
        Episode_Reward/feet_height: 0.0000
      Episode_Reward/feet_air_time: -0.0000
Episode_Reward/update_last_buffers: 0.0000
   Episode_Reward/wheel_idle_speed: -0.0013
    Episode_Reward/wheel_action_l2: -0.0000
  Episode_Reward/wheel_action_rate: 0.0000
Episode_Reward/teacher_ensemble_match: 0.1265
  Episode_Reward/wheel_forward_use: 0.0261
 Episode_Reward/wheel_turn_support: 0.0161
   Metrics/locomotion/error_vel_xy: 0.4356
  Metrics/locomotion/error_vel_yaw: 0.5771
      Episode_Termination/time_out: 1.0000
   Episode_Termination/bad_contact: 0.0000
          Episode_Termination/tilt: 0.0000
    Episode_Termination/low_height: 0.0000
--------------------------------------------------------------------------------
                   Total timesteps: 26112
                    Iteration time: 2.95s
                      Time elapsed: 00:00:50
                               ETA: 00:01:41

################################################################################
                     [1m Learning iteration 1040/1073 [0m                     

                       Computation: 521 steps/s (collection: 2.872s, learning 0.075s)
             Mean action noise std: 0.02
          Mean value_function loss: 1.9536
               Mean surrogate loss: -0.0140
                 Mean entropy loss: -39.8894
                       Mean reward: -56.37
               Mean episode length: 300.00
   Episode_Reward/term_bad_contact: 0.0000
          Episode_Reward/term_tilt: 0.0000
    Episode_Reward/term_low_height: 0.0000
      Episode_Reward/leg_action_l2: -0.0046
   Episode_Reward/tracking_lin_vel: 0.4123
Episode_Reward/tracking_lin_vel_x_exp: 0.5426
Episode_Reward/tracking_ang_vel_yaw_l1: 0.0000
Episode_Reward/tracking_ang_vel_yaw_exp: 0.4485
Episode_Reward/tracking_lin_vel_y_l2: 0.0000
Episode_Reward/tracking_lin_vel_z_l2: 0.0000
            Episode_Reward/survive: 0.0000
    Episode_Reward/foot_contacts_z: 0.0000
            Episode_Reward/torques: -0.1904
 Episode_Reward/tracking_lin_vel_y: 0.0000
          Episode_Reward/lin_vel_z: -0.0081
         Episode_Reward/ang_vel_xy: -0.0078
   Episode_Reward/tracking_ang_vel: 0.1720
               Episode_Reward/work: -0.0278
            Episode_Reward/dof_acc: -0.0009
        Episode_Reward/action_rate: -0.0001
     Episode_Reward/dof_pos_limits: -0.0002
      Episode_Reward/delta_torques: -0.0000
          Episode_Reward/collision: -7.2260
        Episode_Reward/walking_dof: 0.0171
            Episode_Reward/hip_pos: -0.0454
          Episode_Reward/feet_jerk: 0.0000
              Episode_Reward/alive: 0.3000
          Episode_Reward/feet_drag: -0.0033
Episode_Reward/feet_contact_forces: -0.1712
               Episode_Reward/roll: -0.0398
        Episode_Reward/base_height: -0.0802
Episode_Reward/tracking_lin_vel_max: 0.1780
Episode_Reward/flat_orientation_l2: -0.0667
  Episode_Reward/air_time_variance: -0.0023
        Episode_Reward/feet_height: 0.0000
      Episode_Reward/feet_air_time: -0.0000
Episode_Reward/update_last_buffers: 0.0000
   Episode_Reward/wheel_idle_speed: -0.0013
    Episode_Reward/wheel_action_l2: -0.0000
  Episode_Reward/wheel_action_rate: 0.0000
Episode_Reward/teacher_ensemble_match: 0.1265
  Episode_Reward/wheel_forward_use: 0.0261
 Episode_Reward/wheel_turn_support: 0.0161
   Metrics/locomotion/error_vel_xy: 0.4356
  Metrics/locomotion/error_vel_yaw: 0.5771
      Episode_Termination/time_out: 1.0000
   Episode_Termination/bad_contact: 0.0000
          Episode_Termination/tilt: 0.0000
    Episode_Termination/low_height: 0.0000
--------------------------------------------------------------------------------
                   Total timesteps: 27648
                    Iteration time: 2.95s
                      Time elapsed: 00:00:53
                               ETA: 00:01:38

################################################################################
                     [1m Learning iteration 1041/1073 [0m                     

                       Computation: 518 steps/s (collection: 2.885s, learning 0.079s)
             Mean action noise std: 0.02
          Mean value_function loss: 1.9107
               Mean surrogate loss: -0.0068
                 Mean entropy loss: -39.8894
                       Mean reward: -56.37
               Mean episode length: 300.00
   Episode_Reward/term_bad_contact: 0.0000
          Episode_Reward/term_tilt: 0.0000
    Episode_Reward/term_low_height: 0.0000
      Episode_Reward/leg_action_l2: -0.0046
   Episode_Reward/tracking_lin_vel: 0.4123
Episode_Reward/tracking_lin_vel_x_exp: 0.5426
Episode_Reward/tracking_ang_vel_yaw_l1: 0.0000
Episode_Reward/tracking_ang_vel_yaw_exp: 0.4485
Episode_Reward/tracking_lin_vel_y_l2: 0.0000
Episode_Reward/tracking_lin_vel_z_l2: 0.0000
            Episode_Reward/survive: 0.0000
    Episode_Reward/foot_contacts_z: 0.0000
            Episode_Reward/torques: -0.1904
 Episode_Reward/tracking_lin_vel_y: 0.0000
          Episode_Reward/lin_vel_z: -0.0081
         Episode_Reward/ang_vel_xy: -0.0078
   Episode_Reward/tracking_ang_vel: 0.1720
               Episode_Reward/work: -0.0278
            Episode_Reward/dof_acc: -0.0009
        Episode_Reward/action_rate: -0.0001
     Episode_Reward/dof_pos_limits: -0.0002
      Episode_Reward/delta_torques: -0.0000
          Episode_Reward/collision: -7.2260
        Episode_Reward/walking_dof: 0.0171
            Episode_Reward/hip_pos: -0.0454
          Episode_Reward/feet_jerk: 0.0000
              Episode_Reward/alive: 0.3000
          Episode_Reward/feet_drag: -0.0033
Episode_Reward/feet_contact_forces: -0.1712
               Episode_Reward/roll: -0.0398
        Episode_Reward/base_height: -0.0802
Episode_Reward/tracking_lin_vel_max: 0.1780
Episode_Reward/flat_orientation_l2: -0.0667
  Episode_Reward/air_time_variance: -0.0023
        Episode_Reward/feet_height: 0.0000
      Episode_Reward/feet_air_time: -0.0000
Episode_Reward/update_last_buffers: 0.0000
   Episode_Reward/wheel_idle_speed: -0.0013
    Episode_Reward/wheel_action_l2: -0.0000
  Episode_Reward/wheel_action_rate: 0.0000
Episode_Reward/teacher_ensemble_match: 0.1265
  Episode_Reward/wheel_forward_use: 0.0261
 Episode_Reward/wheel_turn_support: 0.0161
   Metrics/locomotion/error_vel_xy: 0.4356
  Metrics/locomotion/error_vel_yaw: 0.5771
      Episode_Termination/time_out: 1.0000
   Episode_Termination/bad_contact: 0.0000
          Episode_Termination/tilt: 0.0000
    Episode_Termination/low_height: 0.0000
--------------------------------------------------------------------------------
                   Total timesteps: 29184
                    Iteration time: 2.96s
                      Time elapsed: 00:00:56
                               ETA: 00:01:35

################################################################################
                     [1m Learning iteration 1042/1073 [0m                     

                       Computation: 523 steps/s (collection: 2.861s, learning 0.075s)
             Mean action noise std: 0.02
          Mean value_function loss: 2.0971
               Mean surrogate loss: -0.0092
                 Mean entropy loss: -39.8894
                       Mean reward: -56.37
               Mean episode length: 300.00
   Episode_Reward/term_bad_contact: 0.0000
          Episode_Reward/term_tilt: 0.0000
    Episode_Reward/term_low_height: 0.0000
      Episode_Reward/leg_action_l2: -0.0046
   Episode_Reward/tracking_lin_vel: 0.4123
Episode_Reward/tracking_lin_vel_x_exp: 0.5426
Episode_Reward/tracking_ang_vel_yaw_l1: 0.0000
Episode_Reward/tracking_ang_vel_yaw_exp: 0.4485
Episode_Reward/tracking_lin_vel_y_l2: 0.0000
Episode_Reward/tracking_lin_vel_z_l2: 0.0000
            Episode_Reward/survive: 0.0000
    Episode_Reward/foot_contacts_z: 0.0000
            Episode_Reward/torques: -0.1904
 Episode_Reward/tracking_lin_vel_y: 0.0000
          Episode_Reward/lin_vel_z: -0.0081
         Episode_Reward/ang_vel_xy: -0.0078
   Episode_Reward/tracking_ang_vel: 0.1720
               Episode_Reward/work: -0.0278
            Episode_Reward/dof_acc: -0.0009
        Episode_Reward/action_rate: -0.0001
     Episode_Reward/dof_pos_limits: -0.0002
      Episode_Reward/delta_torques: -0.0000
          Episode_Reward/collision: -7.2260
        Episode_Reward/walking_dof: 0.0171
            Episode_Reward/hip_pos: -0.0454
          Episode_Reward/feet_jerk: 0.0000
              Episode_Reward/alive: 0.3000
          Episode_Reward/feet_drag: -0.0033
Episode_Reward/feet_contact_forces: -0.1712
               Episode_Reward/roll: -0.0398
        Episode_Reward/base_height: -0.0802
Episode_Reward/tracking_lin_vel_max: 0.1780
Episode_Reward/flat_orientation_l2: -0.0667
  Episode_Reward/air_time_variance: -0.0023
        Episode_Reward/feet_height: 0.0000
      Episode_Reward/feet_air_time: -0.0000
Episode_Reward/update_last_buffers: 0.0000
   Episode_Reward/wheel_idle_speed: -0.0013
    Episode_Reward/wheel_action_l2: -0.0000
  Episode_Reward/wheel_action_rate: 0.0000
Episode_Reward/teacher_ensemble_match: 0.1265
  Episode_Reward/wheel_forward_use: 0.0261
 Episode_Reward/wheel_turn_support: 0.0161
   Metrics/locomotion/error_vel_xy: 0.4356
  Metrics/locomotion/error_vel_yaw: 0.5771
      Episode_Termination/time_out: 1.0000
   Episode_Termination/bad_contact: 0.0000
          Episode_Termination/tilt: 0.0000
    Episode_Termination/low_height: 0.0000
--------------------------------------------------------------------------------
                   Total timesteps: 30720
                    Iteration time: 2.94s
                      Time elapsed: 00:00:59
                               ETA: 00:01:32

################################################################################
                     [1m Learning iteration 1043/1073 [0m                     

                       Computation: 515 steps/s (collection: 2.903s, learning 0.074s)
             Mean action noise std: 0.02
          Mean value_function loss: 1.8487
               Mean surrogate loss: -0.0090
                 Mean entropy loss: -39.8894
                       Mean reward: -56.37
               Mean episode length: 300.00
   Episode_Reward/term_bad_contact: 0.0000
          Episode_Reward/term_tilt: 0.0000
    Episode_Reward/term_low_height: 0.0000
      Episode_Reward/leg_action_l2: -0.0046
   Episode_Reward/tracking_lin_vel: 0.4123
Episode_Reward/tracking_lin_vel_x_exp: 0.5426
Episode_Reward/tracking_ang_vel_yaw_l1: 0.0000
Episode_Reward/tracking_ang_vel_yaw_exp: 0.4485
Episode_Reward/tracking_lin_vel_y_l2: 0.0000
Episode_Reward/tracking_lin_vel_z_l2: 0.0000
            Episode_Reward/survive: 0.0000
    Episode_Reward/foot_contacts_z: 0.0000
            Episode_Reward/torques: -0.1904
 Episode_Reward/tracking_lin_vel_y: 0.0000
          Episode_Reward/lin_vel_z: -0.0081
         Episode_Reward/ang_vel_xy: -0.0078
   Episode_Reward/tracking_ang_vel: 0.1720
               Episode_Reward/work: -0.0278
            Episode_Reward/dof_acc: -0.0009
        Episode_Reward/action_rate: -0.0001
     Episode_Reward/dof_pos_limits: -0.0002
      Episode_Reward/delta_torques: -0.0000
          Episode_Reward/collision: -7.2260
        Episode_Reward/walking_dof: 0.0171
            Episode_Reward/hip_pos: -0.0454
          Episode_Reward/feet_jerk: 0.0000
              Episode_Reward/alive: 0.3000
          Episode_Reward/feet_drag: -0.0033
Episode_Reward/feet_contact_forces: -0.1712
               Episode_Reward/roll: -0.0398
        Episode_Reward/base_height: -0.0802
Episode_Reward/tracking_lin_vel_max: 0.1780
Episode_Reward/flat_orientation_l2: -0.0667
  Episode_Reward/air_time_variance: -0.0023
        Episode_Reward/feet_height: 0.0000
      Episode_Reward/feet_air_time: -0.0000
Episode_Reward/update_last_buffers: 0.0000
   Episode_Reward/wheel_idle_speed: -0.0013
    Episode_Reward/wheel_action_l2: -0.0000
  Episode_Reward/wheel_action_rate: 0.0000
Episode_Reward/teacher_ensemble_match: 0.1265
  Episode_Reward/wheel_forward_use: 0.0261
 Episode_Reward/wheel_turn_support: 0.0161
   Metrics/locomotion/error_vel_xy: 0.4356
  Metrics/locomotion/error_vel_yaw: 0.5771
      Episode_Termination/time_out: 1.0000
   Episode_Termination/bad_contact: 0.0000
          Episode_Termination/tilt: 0.0000
    Episode_Termination/low_height: 0.0000
--------------------------------------------------------------------------------
                   Total timesteps: 32256
                    Iteration time: 2.98s
                      Time elapsed: 00:01:02
                               ETA: 00:01:29

################################################################################
                     [1m Learning iteration 1044/1073 [0m                     

                       Computation: 520 steps/s (collection: 2.872s, learning 0.079s)
             Mean action noise std: 0.02
          Mean value_function loss: 1.7200
               Mean surrogate loss: -0.0047
                 Mean entropy loss: -39.8894
                       Mean reward: -56.37
               Mean episode length: 300.00
   Episode_Reward/term_bad_contact: 0.0000
          Episode_Reward/term_tilt: 0.0000
    Episode_Reward/term_low_height: 0.0000
      Episode_Reward/leg_action_l2: -0.0046
   Episode_Reward/tracking_lin_vel: 0.4123
Episode_Reward/tracking_lin_vel_x_exp: 0.5426
Episode_Reward/tracking_ang_vel_yaw_l1: 0.0000
Episode_Reward/tracking_ang_vel_yaw_exp: 0.4485
Episode_Reward/tracking_lin_vel_y_l2: 0.0000
Episode_Reward/tracking_lin_vel_z_l2: 0.0000
            Episode_Reward/survive: 0.0000
    Episode_Reward/foot_contacts_z: 0.0000
            Episode_Reward/torques: -0.1904
 Episode_Reward/tracking_lin_vel_y: 0.0000
          Episode_Reward/lin_vel_z: -0.0081
         Episode_Reward/ang_vel_xy: -0.0078
   Episode_Reward/tracking_ang_vel: 0.1720
               Episode_Reward/work: -0.0278
            Episode_Reward/dof_acc: -0.0009
        Episode_Reward/action_rate: -0.0001
     Episode_Reward/dof_pos_limits: -0.0002
      Episode_Reward/delta_torques: -0.0000
          Episode_Reward/collision: -7.2260
        Episode_Reward/walking_dof: 0.0171
            Episode_Reward/hip_pos: -0.0454
          Episode_Reward/feet_jerk: 0.0000
              Episode_Reward/alive: 0.3000
          Episode_Reward/feet_drag: -0.0033
Episode_Reward/feet_contact_forces: -0.1712
               Episode_Reward/roll: -0.0398
        Episode_Reward/base_height: -0.0802
Episode_Reward/tracking_lin_vel_max: 0.1780
Episode_Reward/flat_orientation_l2: -0.0667
  Episode_Reward/air_time_variance: -0.0023
        Episode_Reward/feet_height: 0.0000
      Episode_Reward/feet_air_time: -0.0000
Episode_Reward/update_last_buffers: 0.0000
   Episode_Reward/wheel_idle_speed: -0.0013
    Episode_Reward/wheel_action_l2: -0.0000
  Episode_Reward/wheel_action_rate: 0.0000
Episode_Reward/teacher_ensemble_match: 0.1265
  Episode_Reward/wheel_forward_use: 0.0261
 Episode_Reward/wheel_turn_support: 0.0161
   Metrics/locomotion/error_vel_xy: 0.4356
  Metrics/locomotion/error_vel_yaw: 0.5771
      Episode_Termination/time_out: 1.0000
   Episode_Termination/bad_contact: 0.0000
          Episode_Termination/tilt: 0.0000
    Episode_Termination/low_height: 0.0000
--------------------------------------------------------------------------------
                   Total timesteps: 33792
                    Iteration time: 2.95s
                      Time elapsed: 00:01:05
                               ETA: 00:01:26

################################################################################
                     [1m Learning iteration 1045/1073 [0m                     

                       Computation: 524 steps/s (collection: 2.855s, learning 0.075s)
             Mean action noise std: 0.02
          Mean value_function loss: 1.6029
               Mean surrogate loss: -0.0115
                 Mean entropy loss: -39.8894
                       Mean reward: -56.37
               Mean episode length: 300.00
   Episode_Reward/term_bad_contact: 0.0000
          Episode_Reward/term_tilt: 0.0000
    Episode_Reward/term_low_height: 0.0000
      Episode_Reward/leg_action_l2: -0.0046
   Episode_Reward/tracking_lin_vel: 0.4123
Episode_Reward/tracking_lin_vel_x_exp: 0.5426
Episode_Reward/tracking_ang_vel_yaw_l1: 0.0000
Episode_Reward/tracking_ang_vel_yaw_exp: 0.4485
Episode_Reward/tracking_lin_vel_y_l2: 0.0000
Episode_Reward/tracking_lin_vel_z_l2: 0.0000
            Episode_Reward/survive: 0.0000
    Episode_Reward/foot_contacts_z: 0.0000
            Episode_Reward/torques: -0.1904
 Episode_Reward/tracking_lin_vel_y: 0.0000
          Episode_Reward/lin_vel_z: -0.0081
         Episode_Reward/ang_vel_xy: -0.0078
   Episode_Reward/tracking_ang_vel: 0.1720
               Episode_Reward/work: -0.0278
            Episode_Reward/dof_acc: -0.0009
        Episode_Reward/action_rate: -0.0001
     Episode_Reward/dof_pos_limits: -0.0002
      Episode_Reward/delta_torques: -0.0000
          Episode_Reward/collision: -7.2260
        Episode_Reward/walking_dof: 0.0171
            Episode_Reward/hip_pos: -0.0454
          Episode_Reward/feet_jerk: 0.0000
              Episode_Reward/alive: 0.3000
          Episode_Reward/feet_drag: -0.0033
Episode_Reward/feet_contact_forces: -0.1712
               Episode_Reward/roll: -0.0398
        Episode_Reward/base_height: -0.0802
Episode_Reward/tracking_lin_vel_max: 0.1780
Episode_Reward/flat_orientation_l2: -0.0667
  Episode_Reward/air_time_variance: -0.0023
        Episode_Reward/feet_height: 0.0000
      Episode_Reward/feet_air_time: -0.0000
Episode_Reward/update_last_buffers: 0.0000
   Episode_Reward/wheel_idle_speed: -0.0013
    Episode_Reward/wheel_action_l2: -0.0000
  Episode_Reward/wheel_action_rate: 0.0000
Episode_Reward/teacher_ensemble_match: 0.1265
  Episode_Reward/wheel_forward_use: 0.0261
 Episode_Reward/wheel_turn_support: 0.0161
   Metrics/locomotion/error_vel_xy: 0.4356
  Metrics/locomotion/error_vel_yaw: 0.5771
      Episode_Termination/time_out: 1.0000
   Episode_Termination/bad_contact: 0.0000
          Episode_Termination/tilt: 0.0000
    Episode_Termination/low_height: 0.0000
--------------------------------------------------------------------------------
                   Total timesteps: 35328
                    Iteration time: 2.93s
                      Time elapsed: 00:01:08
                               ETA: 00:01:23

################################################################################
                     [1m Learning iteration 1046/1073 [0m                     

                       Computation: 521 steps/s (collection: 2.870s, learning 0.074s)
             Mean action noise std: 0.02
          Mean value_function loss: 1.6619
               Mean surrogate loss: -0.0059
                 Mean entropy loss: -39.8894
                       Mean reward: -56.37
               Mean episode length: 300.00
   Episode_Reward/term_bad_contact: 0.0000
          Episode_Reward/term_tilt: 0.0000
    Episode_Reward/term_low_height: 0.0000
      Episode_Reward/leg_action_l2: -0.0046
   Episode_Reward/tracking_lin_vel: 0.4123
Episode_Reward/tracking_lin_vel_x_exp: 0.5426
Episode_Reward/tracking_ang_vel_yaw_l1: 0.0000
Episode_Reward/tracking_ang_vel_yaw_exp: 0.4485
Episode_Reward/tracking_lin_vel_y_l2: 0.0000
Episode_Reward/tracking_lin_vel_z_l2: 0.0000
            Episode_Reward/survive: 0.0000
    Episode_Reward/foot_contacts_z: 0.0000
            Episode_Reward/torques: -0.1904
 Episode_Reward/tracking_lin_vel_y: 0.0000
          Episode_Reward/lin_vel_z: -0.0081
         Episode_Reward/ang_vel_xy: -0.0078
   Episode_Reward/tracking_ang_vel: 0.1720
               Episode_Reward/work: -0.0278
            Episode_Reward/dof_acc: -0.0009
        Episode_Reward/action_rate: -0.0001
     Episode_Reward/dof_pos_limits: -0.0002
      Episode_Reward/delta_torques: -0.0000
          Episode_Reward/collision: -7.2260
        Episode_Reward/walking_dof: 0.0171
            Episode_Reward/hip_pos: -0.0454
          Episode_Reward/feet_jerk: 0.0000
              Episode_Reward/alive: 0.3000
          Episode_Reward/feet_drag: -0.0033
Episode_Reward/feet_contact_forces: -0.1712
               Episode_Reward/roll: -0.0398
        Episode_Reward/base_height: -0.0802
Episode_Reward/tracking_lin_vel_max: 0.1780
Episode_Reward/flat_orientation_l2: -0.0667
  Episode_Reward/air_time_variance: -0.0023
        Episode_Reward/feet_height: 0.0000
      Episode_Reward/feet_air_time: -0.0000
Episode_Reward/update_last_buffers: 0.0000
   Episode_Reward/wheel_idle_speed: -0.0013
    Episode_Reward/wheel_action_l2: -0.0000
  Episode_Reward/wheel_action_rate: 0.0000
Episode_Reward/teacher_ensemble_match: 0.1265
  Episode_Reward/wheel_forward_use: 0.0261
 Episode_Reward/wheel_turn_support: 0.0161
   Metrics/locomotion/error_vel_xy: 0.4356
  Metrics/locomotion/error_vel_yaw: 0.5771
      Episode_Termination/time_out: 1.0000
   Episode_Termination/bad_contact: 0.0000
          Episode_Termination/tilt: 0.0000
    Episode_Termination/low_height: 0.0000
--------------------------------------------------------------------------------
                   Total timesteps: 36864
                    Iteration time: 2.94s
                      Time elapsed: 00:01:11
                               ETA: 00:01:20

################################################################################
                     [1m Learning iteration 1047/1073 [0m                     

                       Computation: 521 steps/s (collection: 2.873s, learning 0.074s)
             Mean action noise std: 0.02
          Mean value_function loss: 1.5531
               Mean surrogate loss: -0.0080
                 Mean entropy loss: -39.8894
                       Mean reward: -55.09
               Mean episode length: 300.00
   Episode_Reward/term_bad_contact: 0.0000
          Episode_Reward/term_tilt: 0.0000
    Episode_Reward/term_low_height: 0.0000
      Episode_Reward/leg_action_l2: -0.0046
   Episode_Reward/tracking_lin_vel: 0.4125
Episode_Reward/tracking_lin_vel_x_exp: 0.5419
Episode_Reward/tracking_ang_vel_yaw_l1: 0.0000
Episode_Reward/tracking_ang_vel_yaw_exp: 0.4477
Episode_Reward/tracking_lin_vel_y_l2: 0.0000
Episode_Reward/tracking_lin_vel_z_l2: 0.0000
            Episode_Reward/survive: 0.0000
    Episode_Reward/foot_contacts_z: 0.0000
            Episode_Reward/torques: -0.1903
 Episode_Reward/tracking_lin_vel_y: 0.0000
          Episode_Reward/lin_vel_z: -0.0081
         Episode_Reward/ang_vel_xy: -0.0078
   Episode_Reward/tracking_ang_vel: 0.1716
               Episode_Reward/work: -0.0277
            Episode_Reward/dof_acc: -0.0009
        Episode_Reward/action_rate: -0.0001
     Episode_Reward/dof_pos_limits: -0.0003
      Episode_Reward/delta_torques: -0.0000
          Episode_Reward/collision: -7.2186
        Episode_Reward/walking_dof: 0.0172
            Episode_Reward/hip_pos: -0.0455
          Episode_Reward/feet_jerk: 0.0000
              Episode_Reward/alive: 0.3000
          Episode_Reward/feet_drag: -0.0033
Episode_Reward/feet_contact_forces: -0.1714
               Episode_Reward/roll: -0.0399
        Episode_Reward/base_height: -0.0803
Episode_Reward/tracking_lin_vel_max: 0.1775
Episode_Reward/flat_orientation_l2: -0.0667
  Episode_Reward/air_time_variance: -0.0023
        Episode_Reward/feet_height: 0.0000
      Episode_Reward/feet_air_time: -0.0000
Episode_Reward/update_last_buffers: 0.0000
   Episode_Reward/wheel_idle_speed: -0.0013
    Episode_Reward/wheel_action_l2: -0.0000
  Episode_Reward/wheel_action_rate: 0.0000
Episode_Reward/teacher_ensemble_match: 0.1264
  Episode_Reward/wheel_forward_use: 0.0262
 Episode_Reward/wheel_turn_support: 0.0162
   Metrics/locomotion/error_vel_xy: 0.4356
  Metrics/locomotion/error_vel_yaw: 0.5781
      Episode_Termination/time_out: 1.0000
   Episode_Termination/bad_contact: 0.0000
          Episode_Termination/tilt: 0.0000
    Episode_Termination/low_height: 0.0000
--------------------------------------------------------------------------------
                   Total timesteps: 38400
                    Iteration time: 2.95s
                      Time elapsed: 00:01:14
                               ETA: 00:01:17

################################################################################
                     [1m Learning iteration 1048/1073 [0m                     

                       Computation: 531 steps/s (collection: 2.817s, learning 0.071s)
             Mean action noise std: 0.02
          Mean value_function loss: 6.2702
               Mean surrogate loss: -0.0133
                 Mean entropy loss: -39.8894
                       Mean reward: -55.09
               Mean episode length: 300.00
   Episode_Reward/term_bad_contact: 0.0000
          Episode_Reward/term_tilt: 0.0000
    Episode_Reward/term_low_height: 0.0000
      Episode_Reward/leg_action_l2: -0.0046
   Episode_Reward/tracking_lin_vel: 0.4165
Episode_Reward/tracking_lin_vel_x_exp: 0.5241
Episode_Reward/tracking_ang_vel_yaw_l1: 0.0000
Episode_Reward/tracking_ang_vel_yaw_exp: 0.4306
Episode_Reward/tracking_lin_vel_y_l2: 0.0000
Episode_Reward/tracking_lin_vel_z_l2: 0.0000
            Episode_Reward/survive: 0.0000
    Episode_Reward/foot_contacts_z: 0.0000
            Episode_Reward/torques: -0.1882
 Episode_Reward/tracking_lin_vel_y: 0.0000
          Episode_Reward/lin_vel_z: -0.0083
         Episode_Reward/ang_vel_xy: -0.0071
   Episode_Reward/tracking_ang_vel: 0.1626
               Episode_Reward/work: -0.0250
            Episode_Reward/dof_acc: -0.0008
        Episode_Reward/action_rate: -0.0003
     Episode_Reward/dof_pos_limits: -0.0004
      Episode_Reward/delta_torques: -0.0000
          Episode_Reward/collision: -7.0506
        Episode_Reward/walking_dof: 0.0189
            Episode_Reward/hip_pos: -0.0487
          Episode_Reward/feet_jerk: 0.0000
              Episode_Reward/alive: 0.3000
          Episode_Reward/feet_drag: -0.0032
Episode_Reward/feet_contact_forces: -0.1763
               Episode_Reward/roll: -0.0403
        Episode_Reward/base_height: -0.0827
Episode_Reward/tracking_lin_vel_max: 0.1656
Episode_Reward/flat_orientation_l2: -0.0666
  Episode_Reward/air_time_variance: -0.0025
        Episode_Reward/feet_height: 0.0000
      Episode_Reward/feet_air_time: -0.0000
Episode_Reward/update_last_buffers: 0.0000
   Episode_Reward/wheel_idle_speed: -0.0011
    Episode_Reward/wheel_action_l2: -0.0000
  Episode_Reward/wheel_action_rate: 0.0000
Episode_Reward/teacher_ensemble_match: 0.1253
  Episode_Reward/wheel_forward_use: 0.0286
 Episode_Reward/wheel_turn_support: 0.0179
   Metrics/locomotion/error_vel_xy: 0.4344
  Metrics/locomotion/error_vel_yaw: 0.6013
      Episode_Termination/time_out: 1.0000
   Episode_Termination/bad_contact: 0.0000
          Episode_Termination/tilt: 0.0000
    Episode_Termination/low_height: 0.0000
--------------------------------------------------------------------------------
                   Total timesteps: 39936
                    Iteration time: 2.89s
                      Time elapsed: 00:01:17
                               ETA: 00:01:14

################################################################################
                     [1m Learning iteration 1049/1073 [0m                     

                       Computation: 561 steps/s (collection: 2.667s, learning 0.071s)
             Mean action noise std: 0.02
          Mean value_function loss: 1.1791
               Mean surrogate loss: -0.0169
                 Mean entropy loss: -39.8894
                       Mean reward: -55.09
               Mean episode length: 300.00
   Episode_Reward/term_bad_contact: 0.0000
          Episode_Reward/term_tilt: 0.0000
    Episode_Reward/term_low_height: 0.0000
      Episode_Reward/leg_action_l2: -0.0046
   Episode_Reward/tracking_lin_vel: 0.4165
Episode_Reward/tracking_lin_vel_x_exp: 0.5241
Episode_Reward/tracking_ang_vel_yaw_l1: 0.0000
Episode_Reward/tracking_ang_vel_yaw_exp: 0.4306
Episode_Reward/tracking_lin_vel_y_l2: 0.0000
Episode_Reward/tracking_lin_vel_z_l2: 0.0000
            Episode_Reward/survive: 0.0000
    Episode_Reward/foot_contacts_z: 0.0000
            Episode_Reward/torques: -0.1882
 Episode_Reward/tracking_lin_vel_y: 0.0000
          Episode_Reward/lin_vel_z: -0.0083
         Episode_Reward/ang_vel_xy: -0.0071
   Episode_Reward/tracking_ang_vel: 0.1626
               Episode_Reward/work: -0.0250
            Episode_Reward/dof_acc: -0.0008
        Episode_Reward/action_rate: -0.0003
     Episode_Reward/dof_pos_limits: -0.0004
      Episode_Reward/delta_torques: -0.0000
          Episode_Reward/collision: -7.0506
        Episode_Reward/walking_dof: 0.0189
            Episode_Reward/hip_pos: -0.0487
          Episode_Reward/feet_jerk: 0.0000
              Episode_Reward/alive: 0.3000
          Episode_Reward/feet_drag: -0.0032
Episode_Reward/feet_contact_forces: -0.1763
               Episode_Reward/roll: -0.0403
        Episode_Reward/base_height: -0.0827
Episode_Reward/tracking_lin_vel_max: 0.1656
Episode_Reward/flat_orientation_l2: -0.0666
  Episode_Reward/air_time_variance: -0.0025
        Episode_Reward/feet_height: 0.0000
      Episode_Reward/feet_air_time: -0.0000
Episode_Reward/update_last_buffers: 0.0000
   Episode_Reward/wheel_idle_speed: -0.0011
    Episode_Reward/wheel_action_l2: -0.0000
  Episode_Reward/wheel_action_rate: 0.0000
Episode_Reward/teacher_ensemble_match: 0.1253
  Episode_Reward/wheel_forward_use: 0.0286
 Episode_Reward/wheel_turn_support: 0.0179
   Metrics/locomotion/error_vel_xy: 0.4344
  Metrics/locomotion/error_vel_yaw: 0.6013
      Episode_Termination/time_out: 1.0000
   Episode_Termination/bad_contact: 0.0000
          Episode_Termination/tilt: 0.0000
    Episode_Termination/low_height: 0.0000
--------------------------------------------------------------------------------
                   Total timesteps: 41472
                    Iteration time: 2.74s
                      Time elapsed: 00:01:20
                               ETA: 00:01:11

################################################################################
                     [1m Learning iteration 1050/1073 [0m                     

                       Computation: 560 steps/s (collection: 2.668s, learning 0.072s)
             Mean action noise std: 0.02
          Mean value_function loss: 1.3423
               Mean surrogate loss: -0.0045
                 Mean entropy loss: -39.8894
                       Mean reward: -55.09
               Mean episode length: 300.00
   Episode_Reward/term_bad_contact: 0.0000
          Episode_Reward/term_tilt: 0.0000
    Episode_Reward/term_low_height: 0.0000
      Episode_Reward/leg_action_l2: -0.0046
   Episode_Reward/tracking_lin_vel: 0.4165
Episode_Reward/tracking_lin_vel_x_exp: 0.5241
Episode_Reward/tracking_ang_vel_yaw_l1: 0.0000
Episode_Reward/tracking_ang_vel_yaw_exp: 0.4306
Episode_Reward/tracking_lin_vel_y_l2: 0.0000
Episode_Reward/tracking_lin_vel_z_l2: 0.0000
            Episode_Reward/survive: 0.0000
    Episode_Reward/foot_contacts_z: 0.0000
            Episode_Reward/torques: -0.1882
 Episode_Reward/tracking_lin_vel_y: 0.0000
          Episode_Reward/lin_vel_z: -0.0083
         Episode_Reward/ang_vel_xy: -0.0071
   Episode_Reward/tracking_ang_vel: 0.1626
               Episode_Reward/work: -0.0250
            Episode_Reward/dof_acc: -0.0008
        Episode_Reward/action_rate: -0.0003
     Episode_Reward/dof_pos_limits: -0.0004
      Episode_Reward/delta_torques: -0.0000
          Episode_Reward/collision: -7.0506
        Episode_Reward/walking_dof: 0.0189
            Episode_Reward/hip_pos: -0.0487
          Episode_Reward/feet_jerk: 0.0000
              Episode_Reward/alive: 0.3000
          Episode_Reward/feet_drag: -0.0032
Episode_Reward/feet_contact_forces: -0.1763
               Episode_Reward/roll: -0.0403
        Episode_Reward/base_height: -0.0827
Episode_Reward/tracking_lin_vel_max: 0.1656
Episode_Reward/flat_orientation_l2: -0.0666
  Episode_Reward/air_time_variance: -0.0025
        Episode_Reward/feet_height: 0.0000
      Episode_Reward/feet_air_time: -0.0000
Episode_Reward/update_last_buffers: 0.0000
   Episode_Reward/wheel_idle_speed: -0.0011
    Episode_Reward/wheel_action_l2: -0.0000
  Episode_Reward/wheel_action_rate: 0.0000
Episode_Reward/teacher_ensemble_match: 0.1253
  Episode_Reward/wheel_forward_use: 0.0286
 Episode_Reward/wheel_turn_support: 0.0179
   Metrics/locomotion/error_vel_xy: 0.4344
  Metrics/locomotion/error_vel_yaw: 0.6013
      Episode_Termination/time_out: 1.0000
   Episode_Termination/bad_contact: 0.0000
          Episode_Termination/tilt: 0.0000
    Episode_Termination/low_height: 0.0000
--------------------------------------------------------------------------------
                   Total timesteps: 43008
                    Iteration time: 2.74s
                      Time elapsed: 00:01:22
                               ETA: 00:01:08

################################################################################
                     [1m Learning iteration 1051/1073 [0m                     

                       Computation: 564 steps/s (collection: 2.654s, learning 0.070s)
             Mean action noise std: 0.02
          Mean value_function loss: 1.2743
               Mean surrogate loss: -0.0142
                 Mean entropy loss: -39.8894
                       Mean reward: -55.09
               Mean episode length: 300.00
   Episode_Reward/term_bad_contact: 0.0000
          Episode_Reward/term_tilt: 0.0000
    Episode_Reward/term_low_height: 0.0000
      Episode_Reward/leg_action_l2: -0.0046
   Episode_Reward/tracking_lin_vel: 0.4165
Episode_Reward/tracking_lin_vel_x_exp: 0.5241
Episode_Reward/tracking_ang_vel_yaw_l1: 0.0000
Episode_Reward/tracking_ang_vel_yaw_exp: 0.4306
Episode_Reward/tracking_lin_vel_y_l2: 0.0000
Episode_Reward/tracking_lin_vel_z_l2: 0.0000
            Episode_Reward/survive: 0.0000
    Episode_Reward/foot_contacts_z: 0.0000
            Episode_Reward/torques: -0.1882
 Episode_Reward/tracking_lin_vel_y: 0.0000
          Episode_Reward/lin_vel_z: -0.0083
         Episode_Reward/ang_vel_xy: -0.0071
   Episode_Reward/tracking_ang_vel: 0.1626
               Episode_Reward/work: -0.0250
            Episode_Reward/dof_acc: -0.0008
        Episode_Reward/action_rate: -0.0003
     Episode_Reward/dof_pos_limits: -0.0004
      Episode_Reward/delta_torques: -0.0000
          Episode_Reward/collision: -7.0506
        Episode_Reward/walking_dof: 0.0189
            Episode_Reward/hip_pos: -0.0487
          Episode_Reward/feet_jerk: 0.0000
              Episode_Reward/alive: 0.3000
          Episode_Reward/feet_drag: -0.0032
Episode_Reward/feet_contact_forces: -0.1763
               Episode_Reward/roll: -0.0403
        Episode_Reward/base_height: -0.0827
Episode_Reward/tracking_lin_vel_max: 0.1656
Episode_Reward/flat_orientation_l2: -0.0666
  Episode_Reward/air_time_variance: -0.0025
        Episode_Reward/feet_height: 0.0000
      Episode_Reward/feet_air_time: -0.0000
Episode_Reward/update_last_buffers: 0.0000
   Episode_Reward/wheel_idle_speed: -0.0011
    Episode_Reward/wheel_action_l2: -0.0000
  Episode_Reward/wheel_action_rate: 0.0000
Episode_Reward/teacher_ensemble_match: 0.1253
  Episode_Reward/wheel_forward_use: 0.0286
 Episode_Reward/wheel_turn_support: 0.0179
   Metrics/locomotion/error_vel_xy: 0.4344
  Metrics/locomotion/error_vel_yaw: 0.6013
      Episode_Termination/time_out: 1.0000
   Episode_Termination/bad_contact: 0.0000
          Episode_Termination/tilt: 0.0000
    Episode_Termination/low_height: 0.0000
--------------------------------------------------------------------------------
                   Total timesteps: 44544
                    Iteration time: 2.72s
                      Time elapsed: 00:01:25
                               ETA: 00:01:04

################################################################################
                     [1m Learning iteration 1052/1073 [0m                     

                       Computation: 565 steps/s (collection: 2.647s, learning 0.070s)
             Mean action noise std: 0.02
          Mean value_function loss: 1.1709
               Mean surrogate loss: -0.0108
                 Mean entropy loss: -39.8894
                       Mean reward: -55.09
               Mean episode length: 300.00
   Episode_Reward/term_bad_contact: 0.0000
          Episode_Reward/term_tilt: 0.0000
    Episode_Reward/term_low_height: 0.0000
      Episode_Reward/leg_action_l2: -0.0046
   Episode_Reward/tracking_lin_vel: 0.4165
Episode_Reward/tracking_lin_vel_x_exp: 0.5241
Episode_Reward/tracking_ang_vel_yaw_l1: 0.0000
Episode_Reward/tracking_ang_vel_yaw_exp: 0.4306
Episode_Reward/tracking_lin_vel_y_l2: 0.0000
Episode_Reward/tracking_lin_vel_z_l2: 0.0000
            Episode_Reward/survive: 0.0000
    Episode_Reward/foot_contacts_z: 0.0000
            Episode_Reward/torques: -0.1882
 Episode_Reward/tracking_lin_vel_y: 0.0000
          Episode_Reward/lin_vel_z: -0.0083
         Episode_Reward/ang_vel_xy: -0.0071
   Episode_Reward/tracking_ang_vel: 0.1626
               Episode_Reward/work: -0.0250
            Episode_Reward/dof_acc: -0.0008
        Episode_Reward/action_rate: -0.0003
     Episode_Reward/dof_pos_limits: -0.0004
      Episode_Reward/delta_torques: -0.0000
          Episode_Reward/collision: -7.0506
        Episode_Reward/walking_dof: 0.0189
            Episode_Reward/hip_pos: -0.0487
          Episode_Reward/feet_jerk: 0.0000
              Episode_Reward/alive: 0.3000
          Episode_Reward/feet_drag: -0.0032
Episode_Reward/feet_contact_forces: -0.1763
               Episode_Reward/roll: -0.0403
        Episode_Reward/base_height: -0.0827
Episode_Reward/tracking_lin_vel_max: 0.1656
Episode_Reward/flat_orientation_l2: -0.0666
  Episode_Reward/air_time_variance: -0.0025
        Episode_Reward/feet_height: 0.0000
      Episode_Reward/feet_air_time: -0.0000
Episode_Reward/update_last_buffers: 0.0000
   Episode_Reward/wheel_idle_speed: -0.0011
    Episode_Reward/wheel_action_l2: -0.0000
  Episode_Reward/wheel_action_rate: 0.0000
Episode_Reward/teacher_ensemble_match: 0.1253
  Episode_Reward/wheel_forward_use: 0.0286
 Episode_Reward/wheel_turn_support: 0.0179
   Metrics/locomotion/error_vel_xy: 0.4344
  Metrics/locomotion/error_vel_yaw: 0.6013
      Episode_Termination/time_out: 1.0000
   Episode_Termination/bad_contact: 0.0000
          Episode_Termination/tilt: 0.0000
    Episode_Termination/low_height: 0.0000
--------------------------------------------------------------------------------
                   Total timesteps: 46080
                    Iteration time: 2.72s
                      Time elapsed: 00:01:28
                               ETA: 00:01:01

################################################################################
                     [1m Learning iteration 1053/1073 [0m                     

                       Computation: 559 steps/s (collection: 2.674s, learning 0.070s)
             Mean action noise std: 0.02
          Mean value_function loss: 1.1255
               Mean surrogate loss: -0.0165
                 Mean entropy loss: -39.8894
                       Mean reward: -55.09
               Mean episode length: 300.00
   Episode_Reward/term_bad_contact: 0.0000
          Episode_Reward/term_tilt: 0.0000
    Episode_Reward/term_low_height: 0.0000
      Episode_Reward/leg_action_l2: -0.0046
   Episode_Reward/tracking_lin_vel: 0.4165
Episode_Reward/tracking_lin_vel_x_exp: 0.5241
Episode_Reward/tracking_ang_vel_yaw_l1: 0.0000
Episode_Reward/tracking_ang_vel_yaw_exp: 0.4306
Episode_Reward/tracking_lin_vel_y_l2: 0.0000
Episode_Reward/tracking_lin_vel_z_l2: 0.0000
            Episode_Reward/survive: 0.0000
    Episode_Reward/foot_contacts_z: 0.0000
            Episode_Reward/torques: -0.1882
 Episode_Reward/tracking_lin_vel_y: 0.0000
          Episode_Reward/lin_vel_z: -0.0083
         Episode_Reward/ang_vel_xy: -0.0071
   Episode_Reward/tracking_ang_vel: 0.1626
               Episode_Reward/work: -0.0250
            Episode_Reward/dof_acc: -0.0008
        Episode_Reward/action_rate: -0.0003
     Episode_Reward/dof_pos_limits: -0.0004
      Episode_Reward/delta_torques: -0.0000
          Episode_Reward/collision: -7.0506
        Episode_Reward/walking_dof: 0.0189
            Episode_Reward/hip_pos: -0.0487
          Episode_Reward/feet_jerk: 0.0000
              Episode_Reward/alive: 0.3000
          Episode_Reward/feet_drag: -0.0032
Episode_Reward/feet_contact_forces: -0.1763
               Episode_Reward/roll: -0.0403
        Episode_Reward/base_height: -0.0827
Episode_Reward/tracking_lin_vel_max: 0.1656
Episode_Reward/flat_orientation_l2: -0.0666
  Episode_Reward/air_time_variance: -0.0025
        Episode_Reward/feet_height: 0.0000
      Episode_Reward/feet_air_time: -0.0000
Episode_Reward/update_last_buffers: 0.0000
   Episode_Reward/wheel_idle_speed: -0.0011
    Episode_Reward/wheel_action_l2: -0.0000
  Episode_Reward/wheel_action_rate: 0.0000
Episode_Reward/teacher_ensemble_match: 0.1253
  Episode_Reward/wheel_forward_use: 0.0286
 Episode_Reward/wheel_turn_support: 0.0179
   Metrics/locomotion/error_vel_xy: 0.4344
  Metrics/locomotion/error_vel_yaw: 0.6013
      Episode_Termination/time_out: 1.0000
   Episode_Termination/bad_contact: 0.0000
          Episode_Termination/tilt: 0.0000
    Episode_Termination/low_height: 0.0000
--------------------------------------------------------------------------------
                   Total timesteps: 47616
                    Iteration time: 2.74s
                      Time elapsed: 00:01:31
                               ETA: 00:00:58

################################################################################
                     [1m Learning iteration 1054/1073 [0m                     

                       Computation: 558 steps/s (collection: 2.681s, learning 0.071s)
             Mean action noise std: 0.02
          Mean value_function loss: 1.0676
               Mean surrogate loss: -0.0107
                 Mean entropy loss: -39.8894
                       Mean reward: -55.09
               Mean episode length: 300.00
   Episode_Reward/term_bad_contact: 0.0000
          Episode_Reward/term_tilt: 0.0000
    Episode_Reward/term_low_height: 0.0000
      Episode_Reward/leg_action_l2: -0.0046
   Episode_Reward/tracking_lin_vel: 0.4165
Episode_Reward/tracking_lin_vel_x_exp: 0.5241
Episode_Reward/tracking_ang_vel_yaw_l1: 0.0000
Episode_Reward/tracking_ang_vel_yaw_exp: 0.4306
Episode_Reward/tracking_lin_vel_y_l2: 0.0000
Episode_Reward/tracking_lin_vel_z_l2: 0.0000
            Episode_Reward/survive: 0.0000
    Episode_Reward/foot_contacts_z: 0.0000
            Episode_Reward/torques: -0.1882
 Episode_Reward/tracking_lin_vel_y: 0.0000
          Episode_Reward/lin_vel_z: -0.0083
         Episode_Reward/ang_vel_xy: -0.0071
   Episode_Reward/tracking_ang_vel: 0.1626
               Episode_Reward/work: -0.0250
            Episode_Reward/dof_acc: -0.0008
        Episode_Reward/action_rate: -0.0003
     Episode_Reward/dof_pos_limits: -0.0004
      Episode_Reward/delta_torques: -0.0000
          Episode_Reward/collision: -7.0506
        Episode_Reward/walking_dof: 0.0189
            Episode_Reward/hip_pos: -0.0487
          Episode_Reward/feet_jerk: 0.0000
              Episode_Reward/alive: 0.3000
          Episode_Reward/feet_drag: -0.0032
Episode_Reward/feet_contact_forces: -0.1763
               Episode_Reward/roll: -0.0403
        Episode_Reward/base_height: -0.0827
Episode_Reward/tracking_lin_vel_max: 0.1656
Episode_Reward/flat_orientation_l2: -0.0666
  Episode_Reward/air_time_variance: -0.0025
        Episode_Reward/feet_height: 0.0000
      Episode_Reward/feet_air_time: -0.0000
Episode_Reward/update_last_buffers: 0.0000
   Episode_Reward/wheel_idle_speed: -0.0011
    Episode_Reward/wheel_action_l2: -0.0000
  Episode_Reward/wheel_action_rate: 0.0000
Episode_Reward/teacher_ensemble_match: 0.1253
  Episode_Reward/wheel_forward_use: 0.0286
 Episode_Reward/wheel_turn_support: 0.0179
   Metrics/locomotion/error_vel_xy: 0.4344
  Metrics/locomotion/error_vel_yaw: 0.6013
      Episode_Termination/time_out: 1.0000
   Episode_Termination/bad_contact: 0.0000
          Episode_Termination/tilt: 0.0000
    Episode_Termination/low_height: 0.0000
--------------------------------------------------------------------------------
                   Total timesteps: 49152
                    Iteration time: 2.75s
                      Time elapsed: 00:01:33
                               ETA: 00:00:55

################################################################################
                     [1m Learning iteration 1055/1073 [0m                     

                       Computation: 558 steps/s (collection: 2.679s, learning 0.071s)
             Mean action noise std: 0.02
          Mean value_function loss: 0.9657
               Mean surrogate loss: -0.0030
                 Mean entropy loss: -39.8894
                       Mean reward: -55.09
               Mean episode length: 300.00
   Episode_Reward/term_bad_contact: 0.0000
          Episode_Reward/term_tilt: 0.0000
    Episode_Reward/term_low_height: 0.0000
      Episode_Reward/leg_action_l2: -0.0046
   Episode_Reward/tracking_lin_vel: 0.4165
Episode_Reward/tracking_lin_vel_x_exp: 0.5241
Episode_Reward/tracking_ang_vel_yaw_l1: 0.0000
Episode_Reward/tracking_ang_vel_yaw_exp: 0.4306
Episode_Reward/tracking_lin_vel_y_l2: 0.0000
Episode_Reward/tracking_lin_vel_z_l2: 0.0000
            Episode_Reward/survive: 0.0000
    Episode_Reward/foot_contacts_z: 0.0000
            Episode_Reward/torques: -0.1882
 Episode_Reward/tracking_lin_vel_y: 0.0000
          Episode_Reward/lin_vel_z: -0.0083
         Episode_Reward/ang_vel_xy: -0.0071
   Episode_Reward/tracking_ang_vel: 0.1626
               Episode_Reward/work: -0.0250
            Episode_Reward/dof_acc: -0.0008
        Episode_Reward/action_rate: -0.0003
     Episode_Reward/dof_pos_limits: -0.0004
      Episode_Reward/delta_torques: -0.0000
          Episode_Reward/collision: -7.0506
        Episode_Reward/walking_dof: 0.0189
            Episode_Reward/hip_pos: -0.0487
          Episode_Reward/feet_jerk: 0.0000
              Episode_Reward/alive: 0.3000
          Episode_Reward/feet_drag: -0.0032
Episode_Reward/feet_contact_forces: -0.1763
               Episode_Reward/roll: -0.0403
        Episode_Reward/base_height: -0.0827
Episode_Reward/tracking_lin_vel_max: 0.1656
Episode_Reward/flat_orientation_l2: -0.0666
  Episode_Reward/air_time_variance: -0.0025
        Episode_Reward/feet_height: 0.0000
      Episode_Reward/feet_air_time: -0.0000
Episode_Reward/update_last_buffers: 0.0000
   Episode_Reward/wheel_idle_speed: -0.0011
    Episode_Reward/wheel_action_l2: -0.0000
  Episode_Reward/wheel_action_rate: 0.0000
Episode_Reward/teacher_ensemble_match: 0.1253
  Episode_Reward/wheel_forward_use: 0.0286
 Episode_Reward/wheel_turn_support: 0.0179
   Metrics/locomotion/error_vel_xy: 0.4344
  Metrics/locomotion/error_vel_yaw: 0.6013
      Episode_Termination/time_out: 1.0000
   Episode_Termination/bad_contact: 0.0000
          Episode_Termination/tilt: 0.0000
    Episode_Termination/low_height: 0.0000
--------------------------------------------------------------------------------
                   Total timesteps: 50688
                    Iteration time: 2.75s
                      Time elapsed: 00:01:36
                               ETA: 00:00:52

################################################################################
                     [1m Learning iteration 1056/1073 [0m                     

                       Computation: 559 steps/s (collection: 2.673s, learning 0.070s)
             Mean action noise std: 0.02
          Mean value_function loss: 0.8294
               Mean surrogate loss: -0.0013
                 Mean entropy loss: -39.8894
                       Mean reward: -55.09
               Mean episode length: 300.00
   Episode_Reward/term_bad_contact: 0.0000
          Episode_Reward/term_tilt: 0.0000
    Episode_Reward/term_low_height: 0.0000
      Episode_Reward/leg_action_l2: -0.0046
   Episode_Reward/tracking_lin_vel: 0.4165
Episode_Reward/tracking_lin_vel_x_exp: 0.5241
Episode_Reward/tracking_ang_vel_yaw_l1: 0.0000
Episode_Reward/tracking_ang_vel_yaw_exp: 0.4306
Episode_Reward/tracking_lin_vel_y_l2: 0.0000
Episode_Reward/tracking_lin_vel_z_l2: 0.0000
            Episode_Reward/survive: 0.0000
    Episode_Reward/foot_contacts_z: 0.0000
            Episode_Reward/torques: -0.1882
 Episode_Reward/tracking_lin_vel_y: 0.0000
          Episode_Reward/lin_vel_z: -0.0083
         Episode_Reward/ang_vel_xy: -0.0071
   Episode_Reward/tracking_ang_vel: 0.1626
               Episode_Reward/work: -0.0250
            Episode_Reward/dof_acc: -0.0008
        Episode_Reward/action_rate: -0.0003
     Episode_Reward/dof_pos_limits: -0.0004
      Episode_Reward/delta_torques: -0.0000
          Episode_Reward/collision: -7.0506
        Episode_Reward/walking_dof: 0.0189
            Episode_Reward/hip_pos: -0.0487
          Episode_Reward/feet_jerk: 0.0000
              Episode_Reward/alive: 0.3000
          Episode_Reward/feet_drag: -0.0032
Episode_Reward/feet_contact_forces: -0.1763
               Episode_Reward/roll: -0.0403
        Episode_Reward/base_height: -0.0827
Episode_Reward/tracking_lin_vel_max: 0.1656
Episode_Reward/flat_orientation_l2: -0.0666
  Episode_Reward/air_time_variance: -0.0025
        Episode_Reward/feet_height: 0.0000
      Episode_Reward/feet_air_time: -0.0000
Episode_Reward/update_last_buffers: 0.0000
   Episode_Reward/wheel_idle_speed: -0.0011
    Episode_Reward/wheel_action_l2: -0.0000
  Episode_Reward/wheel_action_rate: 0.0000
Episode_Reward/teacher_ensemble_match: 0.1253
  Episode_Reward/wheel_forward_use: 0.0286
 Episode_Reward/wheel_turn_support: 0.0179
   Metrics/locomotion/error_vel_xy: 0.4344
  Metrics/locomotion/error_vel_yaw: 0.6013
      Episode_Termination/time_out: 1.0000
   Episode_Termination/bad_contact: 0.0000
          Episode_Termination/tilt: 0.0000
    Episode_Termination/low_height: 0.0000
--------------------------------------------------------------------------------
                   Total timesteps: 52224
                    Iteration time: 2.74s
                      Time elapsed: 00:01:39
                               ETA: 00:00:49

################################################################################
                     [1m Learning iteration 1057/1073 [0m                     

                       Computation: 559 steps/s (collection: 2.677s, learning 0.070s)
             Mean action noise std: 0.02
          Mean value_function loss: 0.7634
               Mean surrogate loss: -0.0107
                 Mean entropy loss: -39.8894
                       Mean reward: -55.09
               Mean episode length: 300.00
   Episode_Reward/term_bad_contact: 0.0000
          Episode_Reward/term_tilt: 0.0000
    Episode_Reward/term_low_height: 0.0000
      Episode_Reward/leg_action_l2: -0.0046
   Episode_Reward/tracking_lin_vel: 0.4165
Episode_Reward/tracking_lin_vel_x_exp: 0.5241
Episode_Reward/tracking_ang_vel_yaw_l1: 0.0000
Episode_Reward/tracking_ang_vel_yaw_exp: 0.4306
Episode_Reward/tracking_lin_vel_y_l2: 0.0000
Episode_Reward/tracking_lin_vel_z_l2: 0.0000
            Episode_Reward/survive: 0.0000
    Episode_Reward/foot_contacts_z: 0.0000
            Episode_Reward/torques: -0.1882
 Episode_Reward/tracking_lin_vel_y: 0.0000
          Episode_Reward/lin_vel_z: -0.0083
         Episode_Reward/ang_vel_xy: -0.0071
   Episode_Reward/tracking_ang_vel: 0.1626
               Episode_Reward/work: -0.0250
            Episode_Reward/dof_acc: -0.0008
        Episode_Reward/action_rate: -0.0003
     Episode_Reward/dof_pos_limits: -0.0004
      Episode_Reward/delta_torques: -0.0000
          Episode_Reward/collision: -7.0506
        Episode_Reward/walking_dof: 0.0189
            Episode_Reward/hip_pos: -0.0487
          Episode_Reward/feet_jerk: 0.0000
              Episode_Reward/alive: 0.3000
          Episode_Reward/feet_drag: -0.0032
Episode_Reward/feet_contact_forces: -0.1763
               Episode_Reward/roll: -0.0403
        Episode_Reward/base_height: -0.0827
Episode_Reward/tracking_lin_vel_max: 0.1656
Episode_Reward/flat_orientation_l2: -0.0666
  Episode_Reward/air_time_variance: -0.0025
        Episode_Reward/feet_height: 0.0000
      Episode_Reward/feet_air_time: -0.0000
Episode_Reward/update_last_buffers: 0.0000
   Episode_Reward/wheel_idle_speed: -0.0011
    Episode_Reward/wheel_action_l2: -0.0000
  Episode_Reward/wheel_action_rate: 0.0000
Episode_Reward/teacher_ensemble_match: 0.1253
  Episode_Reward/wheel_forward_use: 0.0286
 Episode_Reward/wheel_turn_support: 0.0179
   Metrics/locomotion/error_vel_xy: 0.4344
  Metrics/locomotion/error_vel_yaw: 0.6013
      Episode_Termination/time_out: 1.0000
   Episode_Termination/bad_contact: 0.0000
          Episode_Termination/tilt: 0.0000
    Episode_Termination/low_height: 0.0000
--------------------------------------------------------------------------------
                   Total timesteps: 53760
                    Iteration time: 2.75s
                      Time elapsed: 00:01:42
                               ETA: 00:00:46

################################################################################
                     [1m Learning iteration 1058/1073 [0m                     

                       Computation: 559 steps/s (collection: 2.677s, learning 0.071s)
             Mean action noise std: 0.02
          Mean value_function loss: 0.7649
               Mean surrogate loss: -0.0043
                 Mean entropy loss: -39.8894
                       Mean reward: -55.09
               Mean episode length: 300.00
   Episode_Reward/term_bad_contact: 0.0000
          Episode_Reward/term_tilt: 0.0000
    Episode_Reward/term_low_height: 0.0000
      Episode_Reward/leg_action_l2: -0.0046
   Episode_Reward/tracking_lin_vel: 0.4165
Episode_Reward/tracking_lin_vel_x_exp: 0.5241
Episode_Reward/tracking_ang_vel_yaw_l1: 0.0000
Episode_Reward/tracking_ang_vel_yaw_exp: 0.4306
Episode_Reward/tracking_lin_vel_y_l2: 0.0000
Episode_Reward/tracking_lin_vel_z_l2: 0.0000
            Episode_Reward/survive: 0.0000
    Episode_Reward/foot_contacts_z: 0.0000
            Episode_Reward/torques: -0.1882
 Episode_Reward/tracking_lin_vel_y: 0.0000
          Episode_Reward/lin_vel_z: -0.0083
         Episode_Reward/ang_vel_xy: -0.0071
   Episode_Reward/tracking_ang_vel: 0.1626
               Episode_Reward/work: -0.0250
            Episode_Reward/dof_acc: -0.0008
        Episode_Reward/action_rate: -0.0003
     Episode_Reward/dof_pos_limits: -0.0004
      Episode_Reward/delta_torques: -0.0000
          Episode_Reward/collision: -7.0506
        Episode_Reward/walking_dof: 0.0189
            Episode_Reward/hip_pos: -0.0487
          Episode_Reward/feet_jerk: 0.0000
              Episode_Reward/alive: 0.3000
          Episode_Reward/feet_drag: -0.0032
Episode_Reward/feet_contact_forces: -0.1763
               Episode_Reward/roll: -0.0403
        Episode_Reward/base_height: -0.0827
Episode_Reward/tracking_lin_vel_max: 0.1656
Episode_Reward/flat_orientation_l2: -0.0666
  Episode_Reward/air_time_variance: -0.0025
        Episode_Reward/feet_height: 0.0000
      Episode_Reward/feet_air_time: -0.0000
Episode_Reward/update_last_buffers: 0.0000
   Episode_Reward/wheel_idle_speed: -0.0011
    Episode_Reward/wheel_action_l2: -0.0000
  Episode_Reward/wheel_action_rate: 0.0000
Episode_Reward/teacher_ensemble_match: 0.1253
  Episode_Reward/wheel_forward_use: 0.0286
 Episode_Reward/wheel_turn_support: 0.0179
   Metrics/locomotion/error_vel_xy: 0.4344
  Metrics/locomotion/error_vel_yaw: 0.6013
      Episode_Termination/time_out: 1.0000
   Episode_Termination/bad_contact: 0.0000
          Episode_Termination/tilt: 0.0000
    Episode_Termination/low_height: 0.0000
--------------------------------------------------------------------------------
                   Total timesteps: 55296
                    Iteration time: 2.75s
                      Time elapsed: 00:01:44
                               ETA: 00:00:43

################################################################################
                     [1m Learning iteration 1059/1073 [0m                     

                       Computation: 556 steps/s (collection: 2.687s, learning 0.071s)
             Mean action noise std: 0.02
          Mean value_function loss: 0.7721
               Mean surrogate loss: -0.0060
                 Mean entropy loss: -39.8894
                       Mean reward: -55.09
               Mean episode length: 300.00
   Episode_Reward/term_bad_contact: 0.0000
          Episode_Reward/term_tilt: 0.0000
    Episode_Reward/term_low_height: 0.0000
      Episode_Reward/leg_action_l2: -0.0046
   Episode_Reward/tracking_lin_vel: 0.4165
Episode_Reward/tracking_lin_vel_x_exp: 0.5241
Episode_Reward/tracking_ang_vel_yaw_l1: 0.0000
Episode_Reward/tracking_ang_vel_yaw_exp: 0.4306
Episode_Reward/tracking_lin_vel_y_l2: 0.0000
Episode_Reward/tracking_lin_vel_z_l2: 0.0000
            Episode_Reward/survive: 0.0000
    Episode_Reward/foot_contacts_z: 0.0000
            Episode_Reward/torques: -0.1882
 Episode_Reward/tracking_lin_vel_y: 0.0000
          Episode_Reward/lin_vel_z: -0.0083
         Episode_Reward/ang_vel_xy: -0.0071
   Episode_Reward/tracking_ang_vel: 0.1626
               Episode_Reward/work: -0.0250
            Episode_Reward/dof_acc: -0.0008
        Episode_Reward/action_rate: -0.0003
     Episode_Reward/dof_pos_limits: -0.0004
      Episode_Reward/delta_torques: -0.0000
          Episode_Reward/collision: -7.0506
        Episode_Reward/walking_dof: 0.0189
            Episode_Reward/hip_pos: -0.0487
          Episode_Reward/feet_jerk: 0.0000
              Episode_Reward/alive: 0.3000
          Episode_Reward/feet_drag: -0.0032
Episode_Reward/feet_contact_forces: -0.1763
               Episode_Reward/roll: -0.0403
        Episode_Reward/base_height: -0.0827
Episode_Reward/tracking_lin_vel_max: 0.1656
Episode_Reward/flat_orientation_l2: -0.0666
  Episode_Reward/air_time_variance: -0.0025
        Episode_Reward/feet_height: 0.0000
      Episode_Reward/feet_air_time: -0.0000
Episode_Reward/update_last_buffers: 0.0000
   Episode_Reward/wheel_idle_speed: -0.0011
    Episode_Reward/wheel_action_l2: -0.0000
  Episode_Reward/wheel_action_rate: 0.0000
Episode_Reward/teacher_ensemble_match: 0.1253
  Episode_Reward/wheel_forward_use: 0.0286
 Episode_Reward/wheel_turn_support: 0.0179
   Metrics/locomotion/error_vel_xy: 0.4344
  Metrics/locomotion/error_vel_yaw: 0.6013
      Episode_Termination/time_out: 1.0000
   Episode_Termination/bad_contact: 0.0000
          Episode_Termination/tilt: 0.0000
    Episode_Termination/low_height: 0.0000
--------------------------------------------------------------------------------
                   Total timesteps: 56832
                    Iteration time: 2.76s
                      Time elapsed: 00:01:47
                               ETA: 00:00:40

################################################################################
                     [1m Learning iteration 1060/1073 [0m                     

                       Computation: 564 steps/s (collection: 2.650s, learning 0.073s)
             Mean action noise std: 0.02
          Mean value_function loss: 5.5404
               Mean surrogate loss: -0.0028
                 Mean entropy loss: -39.8894
                       Mean reward: -54.68
               Mean episode length: 300.00
   Episode_Reward/term_bad_contact: 0.0000
          Episode_Reward/term_tilt: 0.0000
    Episode_Reward/term_low_height: 0.0000
      Episode_Reward/leg_action_l2: -0.0045
   Episode_Reward/tracking_lin_vel: 0.4037
Episode_Reward/tracking_lin_vel_x_exp: 0.5056
Episode_Reward/tracking_ang_vel_yaw_l1: 0.0000
Episode_Reward/tracking_ang_vel_yaw_exp: 0.4474
Episode_Reward/tracking_lin_vel_y_l2: 0.0000
Episode_Reward/tracking_lin_vel_z_l2: 0.0000
            Episode_Reward/survive: 0.0000
    Episode_Reward/foot_contacts_z: 0.0000
            Episode_Reward/torques: -0.1887
 Episode_Reward/tracking_lin_vel_y: 0.0000
          Episode_Reward/lin_vel_z: -0.0083
         Episode_Reward/ang_vel_xy: -0.0072
   Episode_Reward/tracking_ang_vel: 0.1691
               Episode_Reward/work: -0.0247
            Episode_Reward/dof_acc: -0.0007
        Episode_Reward/action_rate: -0.0003
     Episode_Reward/dof_pos_limits: -0.0005
      Episode_Reward/delta_torques: -0.0000
          Episode_Reward/collision: -7.0378
        Episode_Reward/walking_dof: 0.0191
            Episode_Reward/hip_pos: -0.0502
          Episode_Reward/feet_jerk: 0.0000
              Episode_Reward/alive: 0.3000
          Episode_Reward/feet_drag: -0.0031
Episode_Reward/feet_contact_forces: -0.1773
               Episode_Reward/roll: -0.0396
        Episode_Reward/base_height: -0.0836
Episode_Reward/tracking_lin_vel_max: 0.1511
Episode_Reward/flat_orientation_l2: -0.0678
  Episode_Reward/air_time_variance: -0.0024
        Episode_Reward/feet_height: 0.0000
      Episode_Reward/feet_air_time: -0.0000
Episode_Reward/update_last_buffers: 0.0000
   Episode_Reward/wheel_idle_speed: -0.0011
    Episode_Reward/wheel_action_l2: -0.0000
  Episode_Reward/wheel_action_rate: 0.0000
Episode_Reward/teacher_ensemble_match: 0.1251
  Episode_Reward/wheel_forward_use: 0.0308
 Episode_Reward/wheel_turn_support: 0.0178
   Metrics/locomotion/error_vel_xy: 0.4547
  Metrics/locomotion/error_vel_yaw: 0.5771
      Episode_Termination/time_out: 1.0000
   Episode_Termination/bad_contact: 0.0000
          Episode_Termination/tilt: 0.0000
    Episode_Termination/low_height: 0.0000
--------------------------------------------------------------------------------
                   Total timesteps: 58368
                    Iteration time: 2.72s
                      Time elapsed: 00:01:50
                               ETA: 00:00:37

################################################################################
                     [1m Learning iteration 1061/1073 [0m                     

                       Computation: 556 steps/s (collection: 2.689s, learning 0.070s)
             Mean action noise std: 0.02
          Mean value_function loss: 0.7574
               Mean surrogate loss: -0.0250
                 Mean entropy loss: -39.8894
                       Mean reward: -54.68
               Mean episode length: 300.00
   Episode_Reward/term_bad_contact: 0.0000
          Episode_Reward/term_tilt: 0.0000
    Episode_Reward/term_low_height: 0.0000
      Episode_Reward/leg_action_l2: -0.0044
   Episode_Reward/tracking_lin_vel: 0.3928
Episode_Reward/tracking_lin_vel_x_exp: 0.4899
Episode_Reward/tracking_ang_vel_yaw_l1: 0.0000
Episode_Reward/tracking_ang_vel_yaw_exp: 0.4616
Episode_Reward/tracking_lin_vel_y_l2: 0.0000
Episode_Reward/tracking_lin_vel_z_l2: 0.0000
            Episode_Reward/survive: 0.0000
    Episode_Reward/foot_contacts_z: 0.0000
            Episode_Reward/torques: -0.1891
 Episode_Reward/tracking_lin_vel_y: 0.0000
          Episode_Reward/lin_vel_z: -0.0083
         Episode_Reward/ang_vel_xy: -0.0073
   Episode_Reward/tracking_ang_vel: 0.1746
               Episode_Reward/work: -0.0243
            Episode_Reward/dof_acc: -0.0006
        Episode_Reward/action_rate: -0.0002
     Episode_Reward/dof_pos_limits: -0.0005
      Episode_Reward/delta_torques: -0.0000
          Episode_Reward/collision: -7.0269
        Episode_Reward/walking_dof: 0.0193
            Episode_Reward/hip_pos: -0.0514
          Episode_Reward/feet_jerk: 0.0000
              Episode_Reward/alive: 0.3000
          Episode_Reward/feet_drag: -0.0031
Episode_Reward/feet_contact_forces: -0.1782
               Episode_Reward/roll: -0.0391
        Episode_Reward/base_height: -0.0843
Episode_Reward/tracking_lin_vel_max: 0.1387
Episode_Reward/flat_orientation_l2: -0.0687
  Episode_Reward/air_time_variance: -0.0024
        Episode_Reward/feet_height: 0.0000
      Episode_Reward/feet_air_time: -0.0000
Episode_Reward/update_last_buffers: 0.0000
   Episode_Reward/wheel_idle_speed: -0.0011
    Episode_Reward/wheel_action_l2: -0.0000
  Episode_Reward/wheel_action_rate: 0.0000
Episode_Reward/teacher_ensemble_match: 0.1248
  Episode_Reward/wheel_forward_use: 0.0326
 Episode_Reward/wheel_turn_support: 0.0176
   Metrics/locomotion/error_vel_xy: 0.4718
  Metrics/locomotion/error_vel_yaw: 0.5567
      Episode_Termination/time_out: 1.0000
   Episode_Termination/bad_contact: 0.0000
          Episode_Termination/tilt: 0.0000
    Episode_Termination/low_height: 0.0000
--------------------------------------------------------------------------------
                   Total timesteps: 59904
                    Iteration time: 2.76s
                      Time elapsed: 00:01:53
                               ETA: 00:00:34

################################################################################
                     [1m Learning iteration 1062/1073 [0m                     

                       Computation: 555 steps/s (collection: 2.693s, learning 0.070s)
             Mean action noise std: 0.02
          Mean value_function loss: 0.7133
               Mean surrogate loss: -0.0046
                 Mean entropy loss: -39.8894
                       Mean reward: -54.68
               Mean episode length: 300.00
   Episode_Reward/term_bad_contact: 0.0000
          Episode_Reward/term_tilt: 0.0000
    Episode_Reward/term_low_height: 0.0000
      Episode_Reward/leg_action_l2: -0.0044
   Episode_Reward/tracking_lin_vel: 0.3928
Episode_Reward/tracking_lin_vel_x_exp: 0.4899
Episode_Reward/tracking_ang_vel_yaw_l1: 0.0000
Episode_Reward/tracking_ang_vel_yaw_exp: 0.4616
Episode_Reward/tracking_lin_vel_y_l2: 0.0000
Episode_Reward/tracking_lin_vel_z_l2: 0.0000
            Episode_Reward/survive: 0.0000
    Episode_Reward/foot_contacts_z: 0.0000
            Episode_Reward/torques: -0.1891
 Episode_Reward/tracking_lin_vel_y: 0.0000
          Episode_Reward/lin_vel_z: -0.0083
         Episode_Reward/ang_vel_xy: -0.0073
   Episode_Reward/tracking_ang_vel: 0.1746
               Episode_Reward/work: -0.0243
            Episode_Reward/dof_acc: -0.0006
        Episode_Reward/action_rate: -0.0002
     Episode_Reward/dof_pos_limits: -0.0005
      Episode_Reward/delta_torques: -0.0000
          Episode_Reward/collision: -7.0269
        Episode_Reward/walking_dof: 0.0193
            Episode_Reward/hip_pos: -0.0514
          Episode_Reward/feet_jerk: 0.0000
              Episode_Reward/alive: 0.3000
          Episode_Reward/feet_drag: -0.0031
Episode_Reward/feet_contact_forces: -0.1782
               Episode_Reward/roll: -0.0391
        Episode_Reward/base_height: -0.0843
Episode_Reward/tracking_lin_vel_max: 0.1387
Episode_Reward/flat_orientation_l2: -0.0687
  Episode_Reward/air_time_variance: -0.0024
        Episode_Reward/feet_height: 0.0000
      Episode_Reward/feet_air_time: -0.0000
Episode_Reward/update_last_buffers: 0.0000
   Episode_Reward/wheel_idle_speed: -0.0011
    Episode_Reward/wheel_action_l2: -0.0000
  Episode_Reward/wheel_action_rate: 0.0000
Episode_Reward/teacher_ensemble_match: 0.1248
  Episode_Reward/wheel_forward_use: 0.0326
 Episode_Reward/wheel_turn_support: 0.0176
   Metrics/locomotion/error_vel_xy: 0.4718
  Metrics/locomotion/error_vel_yaw: 0.5567
      Episode_Termination/time_out: 1.0000
   Episode_Termination/bad_contact: 0.0000
          Episode_Termination/tilt: 0.0000
    Episode_Termination/low_height: 0.0000
--------------------------------------------------------------------------------
                   Total timesteps: 61440
                    Iteration time: 2.76s
                      Time elapsed: 00:01:55
                               ETA: 00:00:31

################################################################################
                     [1m Learning iteration 1063/1073 [0m                     

                       Computation: 548 steps/s (collection: 2.728s, learning 0.071s)
             Mean action noise std: 0.02
          Mean value_function loss: 0.7014
               Mean surrogate loss: -0.0105
                 Mean entropy loss: -39.8894
                       Mean reward: -54.68
               Mean episode length: 300.00
   Episode_Reward/term_bad_contact: 0.0000
          Episode_Reward/term_tilt: 0.0000
    Episode_Reward/term_low_height: 0.0000
      Episode_Reward/leg_action_l2: -0.0044
   Episode_Reward/tracking_lin_vel: 0.3928
Episode_Reward/tracking_lin_vel_x_exp: 0.4899
Episode_Reward/tracking_ang_vel_yaw_l1: 0.0000
Episode_Reward/tracking_ang_vel_yaw_exp: 0.4616
Episode_Reward/tracking_lin_vel_y_l2: 0.0000
Episode_Reward/tracking_lin_vel_z_l2: 0.0000
            Episode_Reward/survive: 0.0000
    Episode_Reward/foot_contacts_z: 0.0000
            Episode_Reward/torques: -0.1891
 Episode_Reward/tracking_lin_vel_y: 0.0000
          Episode_Reward/lin_vel_z: -0.0083
         Episode_Reward/ang_vel_xy: -0.0073
   Episode_Reward/tracking_ang_vel: 0.1746
               Episode_Reward/work: -0.0243
            Episode_Reward/dof_acc: -0.0006
        Episode_Reward/action_rate: -0.0002
     Episode_Reward/dof_pos_limits: -0.0005
      Episode_Reward/delta_torques: -0.0000
          Episode_Reward/collision: -7.0269
        Episode_Reward/walking_dof: 0.0193
            Episode_Reward/hip_pos: -0.0514
          Episode_Reward/feet_jerk: 0.0000
              Episode_Reward/alive: 0.3000
          Episode_Reward/feet_drag: -0.0031
Episode_Reward/feet_contact_forces: -0.1782
               Episode_Reward/roll: -0.0391
        Episode_Reward/base_height: -0.0843
Episode_Reward/tracking_lin_vel_max: 0.1387
Episode_Reward/flat_orientation_l2: -0.0687
  Episode_Reward/air_time_variance: -0.0024
        Episode_Reward/feet_height: 0.0000
      Episode_Reward/feet_air_time: -0.0000
Episode_Reward/update_last_buffers: 0.0000
   Episode_Reward/wheel_idle_speed: -0.0011
    Episode_Reward/wheel_action_l2: -0.0000
  Episode_Reward/wheel_action_rate: 0.0000
Episode_Reward/teacher_ensemble_match: 0.1248
  Episode_Reward/wheel_forward_use: 0.0326
 Episode_Reward/wheel_turn_support: 0.0176
   Metrics/locomotion/error_vel_xy: 0.4718
  Metrics/locomotion/error_vel_yaw: 0.5567
      Episode_Termination/time_out: 1.0000
   Episode_Termination/bad_contact: 0.0000
          Episode_Termination/tilt: 0.0000
    Episode_Termination/low_height: 0.0000
--------------------------------------------------------------------------------
                   Total timesteps: 62976
                    Iteration time: 2.80s
                      Time elapsed: 00:01:58
                               ETA: 00:00:28

################################################################################
                     [1m Learning iteration 1064/1073 [0m                     

                       Computation: 549 steps/s (collection: 2.724s, learning 0.070s)
             Mean action noise std: 0.02
          Mean value_function loss: 0.6519
               Mean surrogate loss: -0.0125
                 Mean entropy loss: -39.8894
                       Mean reward: -54.68
               Mean episode length: 300.00
   Episode_Reward/term_bad_contact: 0.0000
          Episode_Reward/term_tilt: 0.0000
    Episode_Reward/term_low_height: 0.0000
      Episode_Reward/leg_action_l2: -0.0044
   Episode_Reward/tracking_lin_vel: 0.3928
Episode_Reward/tracking_lin_vel_x_exp: 0.4899
Episode_Reward/tracking_ang_vel_yaw_l1: 0.0000
Episode_Reward/tracking_ang_vel_yaw_exp: 0.4616
Episode_Reward/tracking_lin_vel_y_l2: 0.0000
Episode_Reward/tracking_lin_vel_z_l2: 0.0000
            Episode_Reward/survive: 0.0000
    Episode_Reward/foot_contacts_z: 0.0000
            Episode_Reward/torques: -0.1891
 Episode_Reward/tracking_lin_vel_y: 0.0000
          Episode_Reward/lin_vel_z: -0.0083
         Episode_Reward/ang_vel_xy: -0.0073
   Episode_Reward/tracking_ang_vel: 0.1746
               Episode_Reward/work: -0.0243
            Episode_Reward/dof_acc: -0.0006
        Episode_Reward/action_rate: -0.0002
     Episode_Reward/dof_pos_limits: -0.0005
      Episode_Reward/delta_torques: -0.0000
          Episode_Reward/collision: -7.0269
        Episode_Reward/walking_dof: 0.0193
            Episode_Reward/hip_pos: -0.0514
          Episode_Reward/feet_jerk: 0.0000
              Episode_Reward/alive: 0.3000
          Episode_Reward/feet_drag: -0.0031
Episode_Reward/feet_contact_forces: -0.1782
               Episode_Reward/roll: -0.0391
        Episode_Reward/base_height: -0.0843
Episode_Reward/tracking_lin_vel_max: 0.1387
Episode_Reward/flat_orientation_l2: -0.0687
  Episode_Reward/air_time_variance: -0.0024
        Episode_Reward/feet_height: 0.0000
      Episode_Reward/feet_air_time: -0.0000
Episode_Reward/update_last_buffers: 0.0000
   Episode_Reward/wheel_idle_speed: -0.0011
    Episode_Reward/wheel_action_l2: -0.0000
  Episode_Reward/wheel_action_rate: 0.0000
Episode_Reward/teacher_ensemble_match: 0.1248
  Episode_Reward/wheel_forward_use: 0.0326
 Episode_Reward/wheel_turn_support: 0.0176
   Metrics/locomotion/error_vel_xy: 0.4718
  Metrics/locomotion/error_vel_yaw: 0.5567
      Episode_Termination/time_out: 1.0000
   Episode_Termination/bad_contact: 0.0000
          Episode_Termination/tilt: 0.0000
    Episode_Termination/low_height: 0.0000
--------------------------------------------------------------------------------
                   Total timesteps: 64512
                    Iteration time: 2.79s
                      Time elapsed: 00:02:01
                               ETA: 00:00:26

################################################################################
                     [1m Learning iteration 1065/1073 [0m                     

                       Computation: 549 steps/s (collection: 2.724s, learning 0.070s)
             Mean action noise std: 0.02
          Mean value_function loss: 0.6818
               Mean surrogate loss: -0.0018
                 Mean entropy loss: -39.8894
                       Mean reward: -54.68
               Mean episode length: 300.00
   Episode_Reward/term_bad_contact: 0.0000
          Episode_Reward/term_tilt: 0.0000
    Episode_Reward/term_low_height: 0.0000
      Episode_Reward/leg_action_l2: -0.0044
   Episode_Reward/tracking_lin_vel: 0.3928
Episode_Reward/tracking_lin_vel_x_exp: 0.4899
Episode_Reward/tracking_ang_vel_yaw_l1: 0.0000
Episode_Reward/tracking_ang_vel_yaw_exp: 0.4616
Episode_Reward/tracking_lin_vel_y_l2: 0.0000
Episode_Reward/tracking_lin_vel_z_l2: 0.0000
            Episode_Reward/survive: 0.0000
    Episode_Reward/foot_contacts_z: 0.0000
            Episode_Reward/torques: -0.1891
 Episode_Reward/tracking_lin_vel_y: 0.0000
          Episode_Reward/lin_vel_z: -0.0083
         Episode_Reward/ang_vel_xy: -0.0073
   Episode_Reward/tracking_ang_vel: 0.1746
               Episode_Reward/work: -0.0243
            Episode_Reward/dof_acc: -0.0006
        Episode_Reward/action_rate: -0.0002
     Episode_Reward/dof_pos_limits: -0.0005
      Episode_Reward/delta_torques: -0.0000
          Episode_Reward/collision: -7.0269
        Episode_Reward/walking_dof: 0.0193
            Episode_Reward/hip_pos: -0.0514
          Episode_Reward/feet_jerk: 0.0000
              Episode_Reward/alive: 0.3000
          Episode_Reward/feet_drag: -0.0031
Episode_Reward/feet_contact_forces: -0.1782
               Episode_Reward/roll: -0.0391
        Episode_Reward/base_height: -0.0843
Episode_Reward/tracking_lin_vel_max: 0.1387
Episode_Reward/flat_orientation_l2: -0.0687
  Episode_Reward/air_time_variance: -0.0024
        Episode_Reward/feet_height: 0.0000
      Episode_Reward/feet_air_time: -0.0000
Episode_Reward/update_last_buffers: 0.0000
   Episode_Reward/wheel_idle_speed: -0.0011
    Episode_Reward/wheel_action_l2: -0.0000
  Episode_Reward/wheel_action_rate: 0.0000
Episode_Reward/teacher_ensemble_match: 0.1248
  Episode_Reward/wheel_forward_use: 0.0326
 Episode_Reward/wheel_turn_support: 0.0176
   Metrics/locomotion/error_vel_xy: 0.4718
  Metrics/locomotion/error_vel_yaw: 0.5567
      Episode_Termination/time_out: 1.0000
   Episode_Termination/bad_contact: 0.0000
          Episode_Termination/tilt: 0.0000
    Episode_Termination/low_height: 0.0000
--------------------------------------------------------------------------------
                   Total timesteps: 66048
                    Iteration time: 2.79s
                      Time elapsed: 00:02:04
                               ETA: 00:00:23

################################################################################
                     [1m Learning iteration 1066/1073 [0m                     

                       Computation: 550 steps/s (collection: 2.719s, learning 0.070s)
             Mean action noise std: 0.02
          Mean value_function loss: 0.5621
               Mean surrogate loss: -0.0087
                 Mean entropy loss: -39.8894
                       Mean reward: -54.68
               Mean episode length: 300.00
   Episode_Reward/term_bad_contact: 0.0000
          Episode_Reward/term_tilt: 0.0000
    Episode_Reward/term_low_height: 0.0000
      Episode_Reward/leg_action_l2: -0.0044
   Episode_Reward/tracking_lin_vel: 0.3928
Episode_Reward/tracking_lin_vel_x_exp: 0.4899
Episode_Reward/tracking_ang_vel_yaw_l1: 0.0000
Episode_Reward/tracking_ang_vel_yaw_exp: 0.4616
Episode_Reward/tracking_lin_vel_y_l2: 0.0000
Episode_Reward/tracking_lin_vel_z_l2: 0.0000
            Episode_Reward/survive: 0.0000
    Episode_Reward/foot_contacts_z: 0.0000
            Episode_Reward/torques: -0.1891
 Episode_Reward/tracking_lin_vel_y: 0.0000
          Episode_Reward/lin_vel_z: -0.0083
         Episode_Reward/ang_vel_xy: -0.0073
   Episode_Reward/tracking_ang_vel: 0.1746
               Episode_Reward/work: -0.0243
            Episode_Reward/dof_acc: -0.0006
        Episode_Reward/action_rate: -0.0002
     Episode_Reward/dof_pos_limits: -0.0005
      Episode_Reward/delta_torques: -0.0000
          Episode_Reward/collision: -7.0269
        Episode_Reward/walking_dof: 0.0193
            Episode_Reward/hip_pos: -0.0514
          Episode_Reward/feet_jerk: 0.0000
              Episode_Reward/alive: 0.3000
          Episode_Reward/feet_drag: -0.0031
Episode_Reward/feet_contact_forces: -0.1782
               Episode_Reward/roll: -0.0391
        Episode_Reward/base_height: -0.0843
Episode_Reward/tracking_lin_vel_max: 0.1387
Episode_Reward/flat_orientation_l2: -0.0687
  Episode_Reward/air_time_variance: -0.0024
        Episode_Reward/feet_height: 0.0000
      Episode_Reward/feet_air_time: -0.0000
Episode_Reward/update_last_buffers: 0.0000
   Episode_Reward/wheel_idle_speed: -0.0011
    Episode_Reward/wheel_action_l2: -0.0000
  Episode_Reward/wheel_action_rate: 0.0000
Episode_Reward/teacher_ensemble_match: 0.1248
  Episode_Reward/wheel_forward_use: 0.0326
 Episode_Reward/wheel_turn_support: 0.0176
   Metrics/locomotion/error_vel_xy: 0.4718
  Metrics/locomotion/error_vel_yaw: 0.5567
      Episode_Termination/time_out: 1.0000
   Episode_Termination/bad_contact: 0.0000
          Episode_Termination/tilt: 0.0000
    Episode_Termination/low_height: 0.0000
--------------------------------------------------------------------------------
                   Total timesteps: 67584
                    Iteration time: 2.79s
                      Time elapsed: 00:02:07
                               ETA: 00:00:20

################################################################################
                     [1m Learning iteration 1067/1073 [0m                     

                       Computation: 549 steps/s (collection: 2.723s, learning 0.070s)
             Mean action noise std: 0.02
          Mean value_function loss: 0.6016
               Mean surrogate loss: -0.0089
                 Mean entropy loss: -39.8894
                       Mean reward: -54.68
               Mean episode length: 300.00
   Episode_Reward/term_bad_contact: 0.0000
          Episode_Reward/term_tilt: 0.0000
    Episode_Reward/term_low_height: 0.0000
      Episode_Reward/leg_action_l2: -0.0044
   Episode_Reward/tracking_lin_vel: 0.3928
Episode_Reward/tracking_lin_vel_x_exp: 0.4899
Episode_Reward/tracking_ang_vel_yaw_l1: 0.0000
Episode_Reward/tracking_ang_vel_yaw_exp: 0.4616
Episode_Reward/tracking_lin_vel_y_l2: 0.0000
Episode_Reward/tracking_lin_vel_z_l2: 0.0000
            Episode_Reward/survive: 0.0000
    Episode_Reward/foot_contacts_z: 0.0000
            Episode_Reward/torques: -0.1891
 Episode_Reward/tracking_lin_vel_y: 0.0000
          Episode_Reward/lin_vel_z: -0.0083
         Episode_Reward/ang_vel_xy: -0.0073
   Episode_Reward/tracking_ang_vel: 0.1746
               Episode_Reward/work: -0.0243
            Episode_Reward/dof_acc: -0.0006
        Episode_Reward/action_rate: -0.0002
     Episode_Reward/dof_pos_limits: -0.0005
      Episode_Reward/delta_torques: -0.0000
          Episode_Reward/collision: -7.0269
        Episode_Reward/walking_dof: 0.0193
            Episode_Reward/hip_pos: -0.0514
          Episode_Reward/feet_jerk: 0.0000
              Episode_Reward/alive: 0.3000
          Episode_Reward/feet_drag: -0.0031
Episode_Reward/feet_contact_forces: -0.1782
               Episode_Reward/roll: -0.0391
        Episode_Reward/base_height: -0.0843
Episode_Reward/tracking_lin_vel_max: 0.1387
Episode_Reward/flat_orientation_l2: -0.0687
  Episode_Reward/air_time_variance: -0.0024
        Episode_Reward/feet_height: 0.0000
      Episode_Reward/feet_air_time: -0.0000
Episode_Reward/update_last_buffers: 0.0000
   Episode_Reward/wheel_idle_speed: -0.0011
    Episode_Reward/wheel_action_l2: -0.0000
  Episode_Reward/wheel_action_rate: 0.0000
Episode_Reward/teacher_ensemble_match: 0.1248
  Episode_Reward/wheel_forward_use: 0.0326
 Episode_Reward/wheel_turn_support: 0.0176
   Metrics/locomotion/error_vel_xy: 0.4718
  Metrics/locomotion/error_vel_yaw: 0.5567
      Episode_Termination/time_out: 1.0000
   Episode_Termination/bad_contact: 0.0000
          Episode_Termination/tilt: 0.0000
    Episode_Termination/low_height: 0.0000
--------------------------------------------------------------------------------
                   Total timesteps: 69120
                    Iteration time: 2.79s
                      Time elapsed: 00:02:09
                               ETA: 00:00:17

################################################################################
                     [1m Learning iteration 1068/1073 [0m                     

                       Computation: 552 steps/s (collection: 2.707s, learning 0.070s)
             Mean action noise std: 0.02
          Mean value_function loss: 0.5499
               Mean surrogate loss: -0.0075
                 Mean entropy loss: -39.8894
                       Mean reward: -54.68
               Mean episode length: 300.00
   Episode_Reward/term_bad_contact: 0.0000
          Episode_Reward/term_tilt: 0.0000
    Episode_Reward/term_low_height: 0.0000
      Episode_Reward/leg_action_l2: -0.0044
   Episode_Reward/tracking_lin_vel: 0.3928
Episode_Reward/tracking_lin_vel_x_exp: 0.4899
Episode_Reward/tracking_ang_vel_yaw_l1: 0.0000
Episode_Reward/tracking_ang_vel_yaw_exp: 0.4616
Episode_Reward/tracking_lin_vel_y_l2: 0.0000
Episode_Reward/tracking_lin_vel_z_l2: 0.0000
            Episode_Reward/survive: 0.0000
    Episode_Reward/foot_contacts_z: 0.0000
            Episode_Reward/torques: -0.1891
 Episode_Reward/tracking_lin_vel_y: 0.0000
          Episode_Reward/lin_vel_z: -0.0083
         Episode_Reward/ang_vel_xy: -0.0073
   Episode_Reward/tracking_ang_vel: 0.1746
               Episode_Reward/work: -0.0243
            Episode_Reward/dof_acc: -0.0006
        Episode_Reward/action_rate: -0.0002
     Episode_Reward/dof_pos_limits: -0.0005
      Episode_Reward/delta_torques: -0.0000
          Episode_Reward/collision: -7.0269
        Episode_Reward/walking_dof: 0.0193
            Episode_Reward/hip_pos: -0.0514
          Episode_Reward/feet_jerk: 0.0000
              Episode_Reward/alive: 0.3000
          Episode_Reward/feet_drag: -0.0031
Episode_Reward/feet_contact_forces: -0.1782
               Episode_Reward/roll: -0.0391
        Episode_Reward/base_height: -0.0843
Episode_Reward/tracking_lin_vel_max: 0.1387
Episode_Reward/flat_orientation_l2: -0.0687
  Episode_Reward/air_time_variance: -0.0024
        Episode_Reward/feet_height: 0.0000
      Episode_Reward/feet_air_time: -0.0000
Episode_Reward/update_last_buffers: 0.0000
   Episode_Reward/wheel_idle_speed: -0.0011
    Episode_Reward/wheel_action_l2: -0.0000
  Episode_Reward/wheel_action_rate: 0.0000
Episode_Reward/teacher_ensemble_match: 0.1248
  Episode_Reward/wheel_forward_use: 0.0326
 Episode_Reward/wheel_turn_support: 0.0176
   Metrics/locomotion/error_vel_xy: 0.4718
  Metrics/locomotion/error_vel_yaw: 0.5567
      Episode_Termination/time_out: 1.0000
   Episode_Termination/bad_contact: 0.0000
          Episode_Termination/tilt: 0.0000
    Episode_Termination/low_height: 0.0000
--------------------------------------------------------------------------------
                   Total timesteps: 70656
                    Iteration time: 2.78s
                      Time elapsed: 00:02:12
                               ETA: 00:00:14

################################################################################
                     [1m Learning iteration 1069/1073 [0m                     

                       Computation: 556 steps/s (collection: 2.692s, learning 0.070s)
             Mean action noise std: 0.02
          Mean value_function loss: 0.5316
               Mean surrogate loss: -0.0067
                 Mean entropy loss: -39.8894
                       Mean reward: -54.68
               Mean episode length: 300.00
   Episode_Reward/term_bad_contact: 0.0000
          Episode_Reward/term_tilt: 0.0000
    Episode_Reward/term_low_height: 0.0000
      Episode_Reward/leg_action_l2: -0.0044
   Episode_Reward/tracking_lin_vel: 0.3928
Episode_Reward/tracking_lin_vel_x_exp: 0.4899
Episode_Reward/tracking_ang_vel_yaw_l1: 0.0000
Episode_Reward/tracking_ang_vel_yaw_exp: 0.4616
Episode_Reward/tracking_lin_vel_y_l2: 0.0000
Episode_Reward/tracking_lin_vel_z_l2: 0.0000
            Episode_Reward/survive: 0.0000
    Episode_Reward/foot_contacts_z: 0.0000
            Episode_Reward/torques: -0.1891
 Episode_Reward/tracking_lin_vel_y: 0.0000
          Episode_Reward/lin_vel_z: -0.0083
         Episode_Reward/ang_vel_xy: -0.0073
   Episode_Reward/tracking_ang_vel: 0.1746
               Episode_Reward/work: -0.0243
            Episode_Reward/dof_acc: -0.0006
        Episode_Reward/action_rate: -0.0002
     Episode_Reward/dof_pos_limits: -0.0005
      Episode_Reward/delta_torques: -0.0000
          Episode_Reward/collision: -7.0269
        Episode_Reward/walking_dof: 0.0193
            Episode_Reward/hip_pos: -0.0514
          Episode_Reward/feet_jerk: 0.0000
              Episode_Reward/alive: 0.3000
          Episode_Reward/feet_drag: -0.0031
Episode_Reward/feet_contact_forces: -0.1782
               Episode_Reward/roll: -0.0391
        Episode_Reward/base_height: -0.0843
Episode_Reward/tracking_lin_vel_max: 0.1387
Episode_Reward/flat_orientation_l2: -0.0687
  Episode_Reward/air_time_variance: -0.0024
        Episode_Reward/feet_height: 0.0000
      Episode_Reward/feet_air_time: -0.0000
Episode_Reward/update_last_buffers: 0.0000
   Episode_Reward/wheel_idle_speed: -0.0011
    Episode_Reward/wheel_action_l2: -0.0000
  Episode_Reward/wheel_action_rate: 0.0000
Episode_Reward/teacher_ensemble_match: 0.1248
  Episode_Reward/wheel_forward_use: 0.0326
 Episode_Reward/wheel_turn_support: 0.0176
   Metrics/locomotion/error_vel_xy: 0.4718
  Metrics/locomotion/error_vel_yaw: 0.5567
      Episode_Termination/time_out: 1.0000
   Episode_Termination/bad_contact: 0.0000
          Episode_Termination/tilt: 0.0000
    Episode_Termination/low_height: 0.0000
--------------------------------------------------------------------------------
                   Total timesteps: 72192
                    Iteration time: 2.76s
                      Time elapsed: 00:02:15
                               ETA: 00:00:11

################################################################################
                     [1m Learning iteration 1070/1073 [0m                     

                       Computation: 554 steps/s (collection: 2.698s, learning 0.070s)
             Mean action noise std: 0.02
          Mean value_function loss: 0.4704
               Mean surrogate loss: -0.0107
                 Mean entropy loss: -39.8894
                       Mean reward: -54.68
               Mean episode length: 300.00
   Episode_Reward/term_bad_contact: 0.0000
          Episode_Reward/term_tilt: 0.0000
    Episode_Reward/term_low_height: 0.0000
      Episode_Reward/leg_action_l2: -0.0044
   Episode_Reward/tracking_lin_vel: 0.3928
Episode_Reward/tracking_lin_vel_x_exp: 0.4899
Episode_Reward/tracking_ang_vel_yaw_l1: 0.0000
Episode_Reward/tracking_ang_vel_yaw_exp: 0.4616
Episode_Reward/tracking_lin_vel_y_l2: 0.0000
Episode_Reward/tracking_lin_vel_z_l2: 0.0000
            Episode_Reward/survive: 0.0000
    Episode_Reward/foot_contacts_z: 0.0000
            Episode_Reward/torques: -0.1891
 Episode_Reward/tracking_lin_vel_y: 0.0000
          Episode_Reward/lin_vel_z: -0.0083
         Episode_Reward/ang_vel_xy: -0.0073
   Episode_Reward/tracking_ang_vel: 0.1746
               Episode_Reward/work: -0.0243
            Episode_Reward/dof_acc: -0.0006
        Episode_Reward/action_rate: -0.0002
     Episode_Reward/dof_pos_limits: -0.0005
      Episode_Reward/delta_torques: -0.0000
          Episode_Reward/collision: -7.0269
        Episode_Reward/walking_dof: 0.0193
            Episode_Reward/hip_pos: -0.0514
          Episode_Reward/feet_jerk: 0.0000
              Episode_Reward/alive: 0.3000
          Episode_Reward/feet_drag: -0.0031
Episode_Reward/feet_contact_forces: -0.1782
               Episode_Reward/roll: -0.0391
        Episode_Reward/base_height: -0.0843
Episode_Reward/tracking_lin_vel_max: 0.1387
Episode_Reward/flat_orientation_l2: -0.0687
  Episode_Reward/air_time_variance: -0.0024
        Episode_Reward/feet_height: 0.0000
      Episode_Reward/feet_air_time: -0.0000
Episode_Reward/update_last_buffers: 0.0000
   Episode_Reward/wheel_idle_speed: -0.0011
    Episode_Reward/wheel_action_l2: -0.0000
  Episode_Reward/wheel_action_rate: 0.0000
Episode_Reward/teacher_ensemble_match: 0.1248
  Episode_Reward/wheel_forward_use: 0.0326
 Episode_Reward/wheel_turn_support: 0.0176
   Metrics/locomotion/error_vel_xy: 0.4718
  Metrics/locomotion/error_vel_yaw: 0.5567
      Episode_Termination/time_out: 1.0000
   Episode_Termination/bad_contact: 0.0000
          Episode_Termination/tilt: 0.0000
    Episode_Termination/low_height: 0.0000
--------------------------------------------------------------------------------
                   Total timesteps: 73728
                    Iteration time: 2.77s
                      Time elapsed: 00:02:18
                               ETA: 00:00:08

################################################################################
                     [1m Learning iteration 1071/1073 [0m                     

                       Computation: 554 steps/s (collection: 2.702s, learning 0.070s)
             Mean action noise std: 0.02
          Mean value_function loss: 0.5228
               Mean surrogate loss: -0.0096
                 Mean entropy loss: -39.8894
                       Mean reward: -54.68
               Mean episode length: 300.00
   Episode_Reward/term_bad_contact: 0.0000
          Episode_Reward/term_tilt: 0.0000
    Episode_Reward/term_low_height: 0.0000
      Episode_Reward/leg_action_l2: -0.0044
   Episode_Reward/tracking_lin_vel: 0.3928
Episode_Reward/tracking_lin_vel_x_exp: 0.4899
Episode_Reward/tracking_ang_vel_yaw_l1: 0.0000
Episode_Reward/tracking_ang_vel_yaw_exp: 0.4616
Episode_Reward/tracking_lin_vel_y_l2: 0.0000
Episode_Reward/tracking_lin_vel_z_l2: 0.0000
            Episode_Reward/survive: 0.0000
    Episode_Reward/foot_contacts_z: 0.0000
            Episode_Reward/torques: -0.1891
 Episode_Reward/tracking_lin_vel_y: 0.0000
          Episode_Reward/lin_vel_z: -0.0083
         Episode_Reward/ang_vel_xy: -0.0073
   Episode_Reward/tracking_ang_vel: 0.1746
               Episode_Reward/work: -0.0243
            Episode_Reward/dof_acc: -0.0006
        Episode_Reward/action_rate: -0.0002
     Episode_Reward/dof_pos_limits: -0.0005
      Episode_Reward/delta_torques: -0.0000
          Episode_Reward/collision: -7.0269
        Episode_Reward/walking_dof: 0.0193
            Episode_Reward/hip_pos: -0.0514
          Episode_Reward/feet_jerk: 0.0000
              Episode_Reward/alive: 0.3000
          Episode_Reward/feet_drag: -0.0031
Episode_Reward/feet_contact_forces: -0.1782
               Episode_Reward/roll: -0.0391
        Episode_Reward/base_height: -0.0843
Episode_Reward/tracking_lin_vel_max: 0.1387
Episode_Reward/flat_orientation_l2: -0.0687
  Episode_Reward/air_time_variance: -0.0024
        Episode_Reward/feet_height: 0.0000
      Episode_Reward/feet_air_time: -0.0000
Episode_Reward/update_last_buffers: 0.0000
   Episode_Reward/wheel_idle_speed: -0.0011
    Episode_Reward/wheel_action_l2: -0.0000
  Episode_Reward/wheel_action_rate: 0.0000
Episode_Reward/teacher_ensemble_match: 0.1248
  Episode_Reward/wheel_forward_use: 0.0326
 Episode_Reward/wheel_turn_support: 0.0176
   Metrics/locomotion/error_vel_xy: 0.4718
  Metrics/locomotion/error_vel_yaw: 0.5567
      Episode_Termination/time_out: 1.0000
   Episode_Termination/bad_contact: 0.0000
          Episode_Termination/tilt: 0.0000
    Episode_Termination/low_height: 0.0000
--------------------------------------------------------------------------------
                   Total timesteps: 75264
                    Iteration time: 2.77s
                      Time elapsed: 00:02:20
                               ETA: 00:00:05
Loading user config located at: '/isaac-sim/kit/data/Kit/Isaac-Sim/5.1/user.config.json'
[Info] [carb] Logging to file: /isaac-sim/kit/logs/Kit/Isaac-Sim/5.1/kit_20260818_004908.log
2026-08-17T16:49:09Z [471ms] [Warning] [omni.usd_config.extension] Enable omni.materialx.libs extension to use MaterialX
2026-08-17T16:49:09Z [1,068ms] [Warning] [carb] Acquiring non optional plugin interface which is not listed as dependency: [omni::physx::IPhysxBenchmarks v1.0] (plugin: <default plugin>), by client: omni.physics.physx.plugin. Add it to CARB_PLUGIN_IMPL_DEPS() macro of a client.
2026-08-17T16:49:09Z [1,361ms] [Warning] [omni.isaac.dynamic_control] omni.isaac.dynamic_control is deprecated as of Isaac Sim 4.5. No action is needed from end-users.

|---------------------------------------------------------------------------------------------|
| Driver Version: 580.126.09    | Graphics API: Vulkan
|=============================================================================================|
| GPU | Name                             | Active | LDA | GPU Memory | Vendor-ID | LUID       |
|     |                                  |        |     |            | Device-ID | UUID       |
|     |                                  |        |     |            | Bus-ID    |            |
|---------------------------------------------------------------------------------------------|
| 0   | NVIDIA L40                       | Yes: 0 |     | 46068   MB | 10de      | 0          |
|     |                                  |        |     |            | 26b5      | c3c5dcf0.. |
|     |                                  |        |     |            | 37        |            |
|=============================================================================================|
| OS: 24.04.3 LTS (Noble Numbat) ubuntu, Version: 24.04.3, Kernel: 5.15.0-168-generic
| XServer Vendor: The X.Org Foundation, XServer Version: 12101011 (1.21.1.11)
| Processor: Intel(R) Xeon(R) Platinum 8358 CPU @ 2.60GHz
| Bare Metal Cores: 64 | Bare Metal Logical Cores: 128
| Core Usage Quota: 14
|---------------------------------------------------------------------------------------------|
| Total Memory (MB): 122880 | Free Memory: 119645
| Total Page/Swap (MB): 0 | Free Page/Swap: 0
|---------------------------------------------------------------------------------------------|
2026-08-17T16:49:13Z [5,237ms] [Warning] [gpu.foundation.plugin] ECC is enabled on physical device 0
2026-08-17T16:51:42Z [153,850ms] [Warning] [omni.physx.fabric.plugin] FabricManager::initializePointInstancer mismatched prototypes on point instancer: /Visuals/Command/velocity_current.
2026-08-17T16:51:42Z [153,850ms] [Warning] [omni.physx.fabric.plugin] FabricManager::initializePointInstancer mismatched prototypes on point instancer: /Visuals/ee_goal.
2026-08-17T16:51:42Z [153,850ms] [Warning] [omni.physx.fabric.plugin] FabricManager::initializePointInstancer mismatched prototypes on point instancer: /Visuals/Command/velocity_goal.
2026-08-17T16:51:42Z [153,850ms] [Warning] [omni.physx.fabric.plugin] FabricManager::initializePointInstancer mismatched prototypes on point instancer: /Visuals/ee_goal_center.
2026-08-17T16:51:42Z [153,850ms] [Warning] [omni.physx.fabric.plugin] FabricManager::initializePointInstancer mismatched prototypes on point instancer: /Visuals/ee_current.
