[INFO][AppLauncher]: Using device: cuda:0
[INFO][AppLauncher]: Loading experience file: /workspace/isaaclab/apps/isaaclab.python.headless.kit
[INFO]: Parsing configuration from: quadruped_arm.tasks.manager_based.maniploco.mobility_lower_env_cfg:MobilityLowerEnvCfg
======Missing terms====== 
[]
 =======================
[INFO]: Parsing configuration from: quadruped_arm.tasks.manager_based.maniploco.agents.rsl_rl_ppo_cfg:ManiPLocoPPORunnerCfg
[INFO] Logging experiment in directory: /root/gpufree-data/tandem_hrl_620d798/logs/rsl_rl/maniploco
Exact experiment name requested from command line: 2026-08-18_08-58-24

[36m======================================================================================[0m
[36m[1m[INFO][IsaacLab]: Logging to file: /tmp/isaaclab/logs/isaaclab_2026-08-18_08-58-24.log[0m
[36m======================================================================================[0m

[33m08:58:24 [simulation_context.py] WARNING: The `enable_external_forces_every_iteration` parameter in the PhysxCfg is set to False. If you are experiencing noisy velocities, consider enabling this flag. You may need to slightly increase the number of velocity iterations (setting it to 1 or 2 rather than 0), together with this flag, to improve the accuracy of velocity updates.[0m
[INFO]: Base environment:
	Environment device    : cuda:0
	Environment seed      : 150
	Physics step-size     : 0.008333333333333333
	Rendering step-size   : 0.03333333333333333
	Environment step-size : 0.03333333333333333
[33m08:58:24 [terrain_importer.py] WARNING: Visual material specified for ground plane but no diffuse color found. Using default color: (0.0, 0.0, 0.0)[0m
[INFO]: Time taken for scene creation : 157.751670 seconds
[INFO]: Scene manager:  <class InteractiveScene>
	Number of environments: 64
	Environment spacing   : 4.0
	Source prim name      : /World/envs/env_0
	Global prim paths     : ['/World/ground']
	Replicate physics     : True
[INFO]: Starting the simulation. This may take a few seconds. Please wait...
[INFO]: Time taken for simulation start : 0.888666 seconds
[33m09:01:03 [velocity_command.py] WARNING: The velocity command has the 'ranges.heading' attribute set to '(-3.141592653589793, 3.141592653589793)' but the heading command is not active. Consider setting the flag for the heading command to True.[0m
[INFO] Command Manager:  <CommandManager> contains 2 active terms.
+---------------------------------------------+
|             Active Command Terms            |
+-------+------------+------------------------+
| Index | Name       |          Type          |
+-------+------------+------------------------+
|   0   | locomotion | UniformVelocityCommand |
|   1   | ee_goal    | EeSphericalGoalCommand |
+-------+------------+------------------------+

[INFO] Event Manager:  <EventManager> contains 1 active terms.
+------------------------------------+
| Active Event Terms in Mode: 'reset' |
+-----------+------------------------+
|   Index   | Name                   |
+-----------+------------------------+
|     0     | reset_root             |
|     1     | reset_joints           |
|     2     | init_priv              |
|     3     | reset_rewards          |
+-----------+------------------------+

[INFO] Recorder Manager:  <RecorderManager> contains 0 active terms.
+---------------------+
| Active Recorder Terms |
+-----------+---------+
|   Index   | Name    |
+-----------+---------+
+-----------+---------+

[INFO] Action Manager:  <ActionManager> contains 3 active terms.
+------------------------------------+
|  Active Action Terms (shape: 16)   |
+--------+-------------+-------------+
| Index  | Name        |   Dimension |
+--------+-------------+-------------+
|   0    | leg_pos     |          12 |
|   1    | wheel_vel   |           4 |
|   2    | arm_ik      |           0 |
+--------+-------------+-------------+

[INFO] Observation Manager: <ObservationManager> contains 1 groups.
+--------------------------------------------------+
| Active Observation Terms in Group: 'policy' (shape: (876,)) |
+----------------+-------------+-------------------+
|     Index      | Name        |       Shape       |
+----------------+-------------+-------------------+
|       0        | obs         |       (876,)      |
+----------------+-------------+-------------------+

[INFO] Termination Manager:  <TerminationManager> contains 4 active terms.
+--------------------------------+
|    Active Termination Terms    |
+-------+-------------+----------+
| Index | Name        | Time Out |
+-------+-------------+----------+
|   0   | time_out    |   True   |
|   1   | bad_contact |  False   |
|   2   | tilt        |  False   |
|   3   | low_height  |  False   |
+-------+-------------+----------+

[INFO] Reward Manager:  <RewardManager> contains 43 active terms.
+---------------------------------------------------------+
|                   Active Reward Terms                   |
+-------+--------------------------+----------------------+
| Index | Name                     |               Weight |
+-------+--------------------------+----------------------+
|   0   | term_bad_contact         |              -3000.0 |
|   1   | term_tilt                |              -3000.0 |
|   2   | term_low_height          |              -3000.0 |
|   3   | leg_action_l2            |               -0.003 |
|   4   | tracking_lin_vel         |                  0.6 |
|   5   | tracking_lin_vel_x_exp   |                  1.5 |
|   6   | tracking_ang_vel_yaw_l1  |                  0.0 |
|   7   | tracking_ang_vel_yaw_exp |                  1.5 |
|   8   | tracking_lin_vel_y_l2    |                  0.0 |
|   9   | tracking_lin_vel_z_l2    |                  0.0 |
|   10  | survive                  |                  0.0 |
|   11  | foot_contacts_z          |                  0.0 |
|   12  | torques                  |             -7.5e-06 |
|   13  | tracking_lin_vel_y       |                  0.0 |
|   14  | lin_vel_z                | -0.44999999999999996 |
|   15  | ang_vel_xy               |                -0.06 |
|   16  | tracking_ang_vel         |                  0.3 |
|   17  | work                     |              -0.0009 |
|   18  | dof_acc                  |            -2.25e-07 |
|   19  | action_rate              |              -0.0045 |
|   20  | dof_pos_limits           |                 -3.0 |
|   21  | delta_torques            |               -3e-08 |
|   22  | collision                |                 -3.0 |
|   23  | walking_dof              |                 0.03 |
|   24  | hip_pos                  |                -0.06 |
|   25  | feet_jerk                |               -6e-05 |
|   26  | alive                    |                  0.3 |
|   27  | feet_drag                |               -0.024 |
|   28  | feet_contact_forces      |              -0.0003 |
|   29  | roll                     |                 -0.3 |
|   30  | base_height              |                 -0.6 |
|   31  | tracking_lin_vel_max     |  0.44999999999999996 |
|   32  | flat_orientation_l2      |                 -0.6 |
|   33  | air_time_variance        |                 -0.3 |
|   34  | feet_height              |                  0.0 |
|   35  | feet_air_time            |                0.015 |
|   36  | update_last_buffers      |                  0.0 |
|   37  | wheel_idle_speed         |              -0.0009 |
|   38  | wheel_action_l2          |              -0.0003 |
|   39  | wheel_action_rate        |              -0.0006 |
|   40  | teacher_ensemble_match   |                  0.0 |
|   41  | wheel_forward_use        |                 0.18 |
|   42  | wheel_turn_support       |                0.135 |
+-------+--------------------------+----------------------+

[INFO] Curriculum Manager:  <CurriculumManager> contains 0 active terms.
+----------------------+
| Active Curriculum Terms |
+-----------+----------+
|   Index   | Name     |
+-----------+----------+
+-----------+----------+

[INFO]: Completed setting up the environment...
[INFO] Multi-teacher lower-body mode enabled: ZYB stability + conservative transient + neutral recovery.
--------------------------------------------------------------------------------
Resolved observation sets: 
	 policy :  ['policy']
	 critic :  ['policy']
--------------------------------------------------------------------------------
Actor MLP: MLP(
  (0): Linear(in_features=876, out_features=256, bias=True)
  (1): ELU(alpha=1.0)
  (2): Linear(in_features=256, out_features=128, bias=True)
  (3): ELU(alpha=1.0)
  (4): Linear(in_features=128, out_features=16, bias=True)
)
Critic MLP: MLP(
  (0): Linear(in_features=876, out_features=256, bias=True)
  (1): ELU(alpha=1.0)
  (2): Linear(in_features=256, out_features=128, bias=True)
  (3): ELU(alpha=1.0)
  (4): Linear(in_features=128, out_features=1, bias=True)
)
[INFO] Action exploration std fixed to: 0.025000
[INFO] Leg action exploration std set to: 0.025000
[INFO] Wheel action exploration std fixed to: 0.020000
################################################################################
                       [1m Learning iteration 0/100 [0m                       

                       Computation: 401 steps/s (collection: 3.692s, learning 0.135s)
             Mean action noise std: 0.02
          Mean value_function loss: 1.2146
               Mean surrogate loss: 0.1857
                 Mean entropy loss: -37.2116
                       Mean reward: -0.31
               Mean episode length: 6.60
   Episode_Reward/term_bad_contact: 0.0000
          Episode_Reward/term_tilt: 0.0000
    Episode_Reward/term_low_height: 0.0000
      Episode_Reward/leg_action_l2: -0.0002
   Episode_Reward/tracking_lin_vel: 0.0093
Episode_Reward/tracking_lin_vel_x_exp: 0.0194
Episode_Reward/tracking_ang_vel_yaw_l1: 0.0000
Episode_Reward/tracking_ang_vel_yaw_exp: 0.0115
Episode_Reward/tracking_lin_vel_y_l2: 0.0000
Episode_Reward/tracking_lin_vel_z_l2: 0.0000
            Episode_Reward/survive: 0.0000
    Episode_Reward/foot_contacts_z: 0.0000
            Episode_Reward/torques: -0.0057
 Episode_Reward/tracking_lin_vel_y: 0.0000
          Episode_Reward/lin_vel_z: -0.0056
         Episode_Reward/ang_vel_xy: -0.0012
   Episode_Reward/tracking_ang_vel: 0.0045
               Episode_Reward/work: -0.0091
            Episode_Reward/dof_acc: -0.0001
        Episode_Reward/action_rate: -0.0001
     Episode_Reward/dof_pos_limits: 0.0000
      Episode_Reward/delta_torques: -0.0000
          Episode_Reward/collision: -0.1025
        Episode_Reward/walking_dof: 0.0001
            Episode_Reward/hip_pos: -0.0002
          Episode_Reward/feet_jerk: 0.0000
              Episode_Reward/alive: 0.0090
          Episode_Reward/feet_drag: -0.0003
Episode_Reward/feet_contact_forces: -0.0061
               Episode_Reward/roll: -0.0011
        Episode_Reward/base_height: -0.0013
Episode_Reward/tracking_lin_vel_max: 0.0100
Episode_Reward/flat_orientation_l2: -0.0004
  Episode_Reward/air_time_variance: -0.0000
        Episode_Reward/feet_height: 0.0000
      Episode_Reward/feet_air_time: -0.0000
Episode_Reward/update_last_buffers: 0.0000
   Episode_Reward/wheel_idle_speed: -0.0002
    Episode_Reward/wheel_action_l2: -0.0000
  Episode_Reward/wheel_action_rate: 0.0000
Episode_Reward/teacher_ensemble_match: 0.0000
  Episode_Reward/wheel_forward_use: 0.0002
 Episode_Reward/wheel_turn_support: 0.0018
   Metrics/locomotion/error_vel_xy: 0.0163
  Metrics/locomotion/error_vel_yaw: 0.0196
      Episode_Termination/time_out: 0.0599
   Episode_Termination/bad_contact: 0.0000
          Episode_Termination/tilt: 0.0000
    Episode_Termination/low_height: 0.0000
--------------------------------------------------------------------------------
                   Total timesteps: 1536
                    Iteration time: 3.83s
                      Time elapsed: 00:00:03
                               ETA: 00:06:22

Could not find git repository in /workspace/isaaclab/_isaac_sim/kit/python/lib/python3.11/site-packages/rsl_rl/__init__.py. Skipping.
Could not find git repository in /root/gpufree-data/tandem_hrl_620d798/scripts/rsl_rl/train.py. Skipping.
################################################################################
                       [1m Learning iteration 1/100 [0m                       

                       Computation: 549 steps/s (collection: 2.721s, learning 0.073s)
             Mean action noise std: 0.02
          Mean value_function loss: 0.5510
               Mean surrogate loss: 0.1046
                 Mean entropy loss: -37.2116
                       Mean reward: -2.16
               Mean episode length: 21.90
   Episode_Reward/term_bad_contact: 0.0000
          Episode_Reward/term_tilt: 0.0000
    Episode_Reward/term_low_height: 0.0000
      Episode_Reward/leg_action_l2: -0.0003
   Episode_Reward/tracking_lin_vel: 0.0465
Episode_Reward/tracking_lin_vel_x_exp: 0.0847
Episode_Reward/tracking_ang_vel_yaw_l1: 0.0000
Episode_Reward/tracking_ang_vel_yaw_exp: 0.0722
Episode_Reward/tracking_lin_vel_y_l2: 0.0000
Episode_Reward/tracking_lin_vel_z_l2: 0.0000
            Episode_Reward/survive: 0.0000
    Episode_Reward/foot_contacts_z: 0.0000
            Episode_Reward/torques: -0.0214
 Episode_Reward/tracking_lin_vel_y: 0.0000
          Episode_Reward/lin_vel_z: -0.0083
         Episode_Reward/ang_vel_xy: -0.0021
   Episode_Reward/tracking_ang_vel: 0.0236
               Episode_Reward/work: -0.0165
            Episode_Reward/dof_acc: -0.0002
        Episode_Reward/action_rate: -0.0001
     Episode_Reward/dof_pos_limits: 0.0000
      Episode_Reward/delta_torques: -0.0000
          Episode_Reward/collision: -0.5942
        Episode_Reward/walking_dof: 0.0007
            Episode_Reward/hip_pos: -0.0012
          Episode_Reward/feet_jerk: 0.0000
              Episode_Reward/alive: 0.0337
          Episode_Reward/feet_drag: -0.0015
Episode_Reward/feet_contact_forces: -0.0212
               Episode_Reward/roll: -0.0037
        Episode_Reward/base_height: -0.0042
Episode_Reward/tracking_lin_vel_max: 0.0371
Episode_Reward/flat_orientation_l2: -0.0031
  Episode_Reward/air_time_variance: -0.0001
        Episode_Reward/feet_height: 0.0000
      Episode_Reward/feet_air_time: -0.0000
Episode_Reward/update_last_buffers: 0.0000
   Episode_Reward/wheel_idle_speed: -0.0005
    Episode_Reward/wheel_action_l2: -0.0000
  Episode_Reward/wheel_action_rate: 0.0000
Episode_Reward/teacher_ensemble_match: 0.0000
  Episode_Reward/wheel_forward_use: 0.0033
 Episode_Reward/wheel_turn_support: 0.0050
   Metrics/locomotion/error_vel_xy: 0.0491
  Metrics/locomotion/error_vel_yaw: 0.0483
      Episode_Termination/time_out: 0.1165
   Episode_Termination/bad_contact: 0.0000
          Episode_Termination/tilt: 0.0000
    Episode_Termination/low_height: 0.0000
--------------------------------------------------------------------------------
                   Total timesteps: 3072
                    Iteration time: 2.79s
                      Time elapsed: 00:00:06
                               ETA: 00:05:27

################################################################################
                       [1m Learning iteration 2/100 [0m                       

                       Computation: 464 steps/s (collection: 3.237s, learning 0.073s)
             Mean action noise std: 0.02
          Mean value_function loss: 0.4919
               Mean surrogate loss: 0.1245
                 Mean entropy loss: -37.2116
                       Mean reward: -3.30
               Mean episode length: 33.21
   Episode_Reward/term_bad_contact: 0.0000
          Episode_Reward/term_tilt: 0.0000
    Episode_Reward/term_low_height: 0.0000
      Episode_Reward/leg_action_l2: -0.0004
   Episode_Reward/tracking_lin_vel: 0.0886
Episode_Reward/tracking_lin_vel_x_exp: 0.1621
Episode_Reward/tracking_ang_vel_yaw_l1: 0.0000
Episode_Reward/tracking_ang_vel_yaw_exp: 0.1589
Episode_Reward/tracking_lin_vel_y_l2: 0.0000
Episode_Reward/tracking_lin_vel_z_l2: 0.0000
            Episode_Reward/survive: 0.0000
    Episode_Reward/foot_contacts_z: 0.0000
            Episode_Reward/torques: -0.0408
 Episode_Reward/tracking_lin_vel_y: 0.0000
          Episode_Reward/lin_vel_z: -0.0104
         Episode_Reward/ang_vel_xy: -0.0024
   Episode_Reward/tracking_ang_vel: 0.0453
               Episode_Reward/work: -0.0222
            Episode_Reward/dof_acc: -0.0003
        Episode_Reward/action_rate: -0.0001
     Episode_Reward/dof_pos_limits: 0.0000
      Episode_Reward/delta_torques: -0.0000
          Episode_Reward/collision: -1.0437
        Episode_Reward/walking_dof: 0.0017
            Episode_Reward/hip_pos: -0.0023
          Episode_Reward/feet_jerk: 0.0000
              Episode_Reward/alive: 0.0559
          Episode_Reward/feet_drag: -0.0021
Episode_Reward/feet_contact_forces: -0.0369
               Episode_Reward/roll: -0.0044
        Episode_Reward/base_height: -0.0082
Episode_Reward/tracking_lin_vel_max: 0.0669
Episode_Reward/flat_orientation_l2: -0.0056
  Episode_Reward/air_time_variance: -0.0001
        Episode_Reward/feet_height: 0.0000
      Episode_Reward/feet_air_time: -0.0000
Episode_Reward/update_last_buffers: 0.0000
   Episode_Reward/wheel_idle_speed: -0.0007
    Episode_Reward/wheel_action_l2: -0.0000
  Episode_Reward/wheel_action_rate: 0.0000
Episode_Reward/teacher_ensemble_match: 0.0000
  Episode_Reward/wheel_forward_use: 0.0075
 Episode_Reward/wheel_turn_support: 0.0134
   Metrics/locomotion/error_vel_xy: 0.0604
  Metrics/locomotion/error_vel_yaw: 0.0567
      Episode_Termination/time_out: 0.1862
   Episode_Termination/bad_contact: 0.0000
          Episode_Termination/tilt: 0.0000
    Episode_Termination/low_height: 0.0000
--------------------------------------------------------------------------------
                   Total timesteps: 4608
                    Iteration time: 3.31s
                      Time elapsed: 00:00:09
                               ETA: 00:05:24

################################################################################
                       [1m Learning iteration 3/100 [0m                       

                       Computation: 544 steps/s (collection: 2.744s, learning 0.076s)
             Mean action noise std: 0.02
          Mean value_function loss: 0.5190
               Mean surrogate loss: 0.2441
                 Mean entropy loss: -37.2116
                       Mean reward: -4.52
               Mean episode length: 46.44
   Episode_Reward/term_bad_contact: 0.0000
          Episode_Reward/term_tilt: 0.0000
    Episode_Reward/term_low_height: 0.0000
      Episode_Reward/leg_action_l2: -0.0003
   Episode_Reward/tracking_lin_vel: 0.1249
Episode_Reward/tracking_lin_vel_x_exp: 0.2072
Episode_Reward/tracking_ang_vel_yaw_l1: 0.0000
Episode_Reward/tracking_ang_vel_yaw_exp: 0.2641
Episode_Reward/tracking_lin_vel_y_l2: 0.0000
Episode_Reward/tracking_lin_vel_z_l2: 0.0000
            Episode_Reward/survive: 0.0000
    Episode_Reward/foot_contacts_z: 0.0000
            Episode_Reward/torques: -0.0631
 Episode_Reward/tracking_lin_vel_y: 0.0000
          Episode_Reward/lin_vel_z: -0.0096
         Episode_Reward/ang_vel_xy: -0.0020
   Episode_Reward/tracking_ang_vel: 0.0697
               Episode_Reward/work: -0.0210
            Episode_Reward/dof_acc: -0.0002
        Episode_Reward/action_rate: -0.0001
     Episode_Reward/dof_pos_limits: 0.0000
      Episode_Reward/delta_torques: -0.0000
          Episode_Reward/collision: -1.4596
        Episode_Reward/walking_dof: 0.0000
            Episode_Reward/hip_pos: -0.0035
          Episode_Reward/feet_jerk: 0.0000
              Episode_Reward/alive: 0.0759
          Episode_Reward/feet_drag: -0.0020
Episode_Reward/feet_contact_forces: -0.0497
               Episode_Reward/roll: -0.0055
        Episode_Reward/base_height: -0.0118
Episode_Reward/tracking_lin_vel_max: 0.1023
Episode_Reward/flat_orientation_l2: -0.0107
  Episode_Reward/air_time_variance: -0.0001
        Episode_Reward/feet_height: 0.0000
      Episode_Reward/feet_air_time: 0.0000
Episode_Reward/update_last_buffers: 0.0000
   Episode_Reward/wheel_idle_speed: -0.0009
    Episode_Reward/wheel_action_l2: -0.0000
  Episode_Reward/wheel_action_rate: 0.0000
Episode_Reward/teacher_ensemble_match: 0.0000
  Episode_Reward/wheel_forward_use: 0.0000
 Episode_Reward/wheel_turn_support: 0.0231
   Metrics/locomotion/error_vel_xy: 0.0737
  Metrics/locomotion/error_vel_yaw: 0.0403
      Episode_Termination/time_out: 0.2298
   Episode_Termination/bad_contact: 0.0000
          Episode_Termination/tilt: 0.0000
    Episode_Termination/low_height: 0.0000
--------------------------------------------------------------------------------
                   Total timesteps: 6144
                    Iteration time: 2.82s
                      Time elapsed: 00:00:12
                               ETA: 00:05:09

################################################################################
                       [1m Learning iteration 4/100 [0m                       

                       Computation: 536 steps/s (collection: 2.785s, learning 0.076s)
             Mean action noise std: 0.02
          Mean value_function loss: 0.5377
               Mean surrogate loss: 0.1087
                 Mean entropy loss: -37.2116
                       Mean reward: -5.75
               Mean episode length: 58.91
   Episode_Reward/term_bad_contact: 0.0000
          Episode_Reward/term_tilt: 0.0000
    Episode_Reward/term_low_height: 0.0000
      Episode_Reward/leg_action_l2: -0.0010
   Episode_Reward/tracking_lin_vel: 0.1750
Episode_Reward/tracking_lin_vel_x_exp: 0.3618
Episode_Reward/tracking_ang_vel_yaw_l1: 0.0000
Episode_Reward/tracking_ang_vel_yaw_exp: 0.3252
Episode_Reward/tracking_lin_vel_y_l2: 0.0000
Episode_Reward/tracking_lin_vel_z_l2: 0.0000
            Episode_Reward/survive: 0.0000
    Episode_Reward/foot_contacts_z: 0.0000
            Episode_Reward/torques: -0.0670
 Episode_Reward/tracking_lin_vel_y: 0.0000
          Episode_Reward/lin_vel_z: -0.0067
         Episode_Reward/ang_vel_xy: -0.0029
   Episode_Reward/tracking_ang_vel: 0.0905
               Episode_Reward/work: -0.0216
            Episode_Reward/dof_acc: -0.0003
        Episode_Reward/action_rate: -0.0003
     Episode_Reward/dof_pos_limits: 0.0000
      Episode_Reward/delta_torques: -0.0000
          Episode_Reward/collision: -2.0029
        Episode_Reward/walking_dof: 0.0056
            Episode_Reward/hip_pos: -0.0039
          Episode_Reward/feet_jerk: 0.0000
              Episode_Reward/alive: 0.1032
          Episode_Reward/feet_drag: -0.0052
Episode_Reward/feet_contact_forces: -0.0661
               Episode_Reward/roll: -0.0089
        Episode_Reward/base_height: -0.0126
Episode_Reward/tracking_lin_vel_max: 0.1311
Episode_Reward/flat_orientation_l2: -0.0102
  Episode_Reward/air_time_variance: -0.0006
        Episode_Reward/feet_height: 0.0000
      Episode_Reward/feet_air_time: -0.0000
Episode_Reward/update_last_buffers: 0.0000
   Episode_Reward/wheel_idle_speed: -0.0005
    Episode_Reward/wheel_action_l2: -0.0000
  Episode_Reward/wheel_action_rate: 0.0000
Episode_Reward/teacher_ensemble_match: 0.0000
  Episode_Reward/wheel_forward_use: 0.0321
 Episode_Reward/wheel_turn_support: 0.0403
   Metrics/locomotion/error_vel_xy: 0.0894
  Metrics/locomotion/error_vel_yaw: 0.0758
      Episode_Termination/time_out: 0.2969
   Episode_Termination/bad_contact: 0.0000
          Episode_Termination/tilt: 0.0000
    Episode_Termination/low_height: 0.0000
--------------------------------------------------------------------------------
                   Total timesteps: 7680
                    Iteration time: 2.86s
                      Time elapsed: 00:00:15
                               ETA: 00:04:59

################################################################################
                       [1m Learning iteration 5/100 [0m                       

                       Computation: 534 steps/s (collection: 2.800s, learning 0.076s)
             Mean action noise std: 0.02
          Mean value_function loss: 0.6260
               Mean surrogate loss: 0.0643
                 Mean entropy loss: -37.2116
                       Mean reward: -8.24
               Mean episode length: 77.67
   Episode_Reward/term_bad_contact: 0.0000
          Episode_Reward/term_tilt: 0.0000
    Episode_Reward/term_low_height: 0.0000
      Episode_Reward/leg_action_l2: -0.0005
   Episode_Reward/tracking_lin_vel: 0.2256
Episode_Reward/tracking_lin_vel_x_exp: 0.3764
Episode_Reward/tracking_ang_vel_yaw_l1: 0.0000
Episode_Reward/tracking_ang_vel_yaw_exp: 0.4395
Episode_Reward/tracking_lin_vel_y_l2: 0.0000
Episode_Reward/tracking_lin_vel_z_l2: 0.0000
            Episode_Reward/survive: 0.0000
    Episode_Reward/foot_contacts_z: 0.0000
            Episode_Reward/torques: -0.1141
 Episode_Reward/tracking_lin_vel_y: 0.0000
          Episode_Reward/lin_vel_z: -0.0082
         Episode_Reward/ang_vel_xy: -0.0019
   Episode_Reward/tracking_ang_vel: 0.1208
               Episode_Reward/work: -0.0184
            Episode_Reward/dof_acc: -0.0003
        Episode_Reward/action_rate: -0.0002
     Episode_Reward/dof_pos_limits: 0.0000
      Episode_Reward/delta_torques: -0.0001
          Episode_Reward/collision: -2.7838
        Episode_Reward/walking_dof: 0.0023
            Episode_Reward/hip_pos: -0.0074
          Episode_Reward/feet_jerk: 0.0000
              Episode_Reward/alive: 0.1306
          Episode_Reward/feet_drag: -0.0035
Episode_Reward/feet_contact_forces: -0.0821
               Episode_Reward/roll: -0.0097
        Episode_Reward/base_height: -0.0217
Episode_Reward/tracking_lin_vel_max: 0.1490
Episode_Reward/flat_orientation_l2: -0.0227
  Episode_Reward/air_time_variance: -0.0003
        Episode_Reward/feet_height: 0.0000
      Episode_Reward/feet_air_time: -0.0000
Episode_Reward/update_last_buffers: 0.0000
   Episode_Reward/wheel_idle_speed: -0.0013
    Episode_Reward/wheel_action_l2: -0.0000
  Episode_Reward/wheel_action_rate: 0.0000
Episode_Reward/teacher_ensemble_match: 0.0000
  Episode_Reward/wheel_forward_use: 0.0129
 Episode_Reward/wheel_turn_support: 0.0440
   Metrics/locomotion/error_vel_xy: 0.1098
  Metrics/locomotion/error_vel_yaw: 0.0713
      Episode_Termination/time_out: 0.4258
   Episode_Termination/bad_contact: 0.0000
          Episode_Termination/tilt: 0.0000
    Episode_Termination/low_height: 0.0000
--------------------------------------------------------------------------------
                   Total timesteps: 9216
                    Iteration time: 2.88s
                      Time elapsed: 00:00:18
                               ETA: 00:04:52

################################################################################
                       [1m Learning iteration 6/100 [0m                       

                       Computation: 531 steps/s (collection: 2.814s, learning 0.076s)
             Mean action noise std: 0.02
          Mean value_function loss: 0.4931
               Mean surrogate loss: 0.0609
                 Mean entropy loss: -37.2116
                       Mean reward: -9.59
               Mean episode length: 90.64
   Episode_Reward/term_bad_contact: 0.0000
          Episode_Reward/term_tilt: 0.0000
    Episode_Reward/term_low_height: 0.0000
      Episode_Reward/leg_action_l2: -0.0009
   Episode_Reward/tracking_lin_vel: 0.2756
Episode_Reward/tracking_lin_vel_x_exp: 0.4881
Episode_Reward/tracking_ang_vel_yaw_l1: 0.0000
Episode_Reward/tracking_ang_vel_yaw_exp: 0.5644
Episode_Reward/tracking_lin_vel_y_l2: 0.0000
Episode_Reward/tracking_lin_vel_z_l2: 0.0000
            Episode_Reward/survive: 0.0000
    Episode_Reward/foot_contacts_z: 0.0000
            Episode_Reward/torques: -0.1324
 Episode_Reward/tracking_lin_vel_y: 0.0000
          Episode_Reward/lin_vel_z: -0.0078
         Episode_Reward/ang_vel_xy: -0.0020
   Episode_Reward/tracking_ang_vel: 0.1468
               Episode_Reward/work: -0.0199
            Episode_Reward/dof_acc: -0.0003
        Episode_Reward/action_rate: -0.0003
     Episode_Reward/dof_pos_limits: -0.0000
      Episode_Reward/delta_torques: -0.0001
          Episode_Reward/collision: -3.1225
        Episode_Reward/walking_dof: 0.0018
            Episode_Reward/hip_pos: -0.0105
          Episode_Reward/feet_jerk: 0.0000
              Episode_Reward/alive: 0.1545
          Episode_Reward/feet_drag: -0.0037
Episode_Reward/feet_contact_forces: -0.0990
               Episode_Reward/roll: -0.0112
        Episode_Reward/base_height: -0.0258
Episode_Reward/tracking_lin_vel_max: 0.1974
Episode_Reward/flat_orientation_l2: -0.0237
  Episode_Reward/air_time_variance: -0.0004
        Episode_Reward/feet_height: 0.0000
      Episode_Reward/feet_air_time: -0.0000
Episode_Reward/update_last_buffers: 0.0000
   Episode_Reward/wheel_idle_speed: -0.0015
    Episode_Reward/wheel_action_l2: -0.0000
  Episode_Reward/wheel_action_rate: 0.0000
Episode_Reward/teacher_ensemble_match: 0.0000
  Episode_Reward/wheel_forward_use: 0.0105
 Episode_Reward/wheel_turn_support: 0.0492
   Metrics/locomotion/error_vel_xy: 0.1098
  Metrics/locomotion/error_vel_yaw: 0.0645
      Episode_Termination/time_out: 0.5215
   Episode_Termination/bad_contact: 0.0000
          Episode_Termination/tilt: 0.0000
    Episode_Termination/low_height: 0.0000
--------------------------------------------------------------------------------
                   Total timesteps: 10752
                    Iteration time: 2.89s
                      Time elapsed: 00:00:21
                               ETA: 00:04:47

################################################################################
                       [1m Learning iteration 7/100 [0m                       

                       Computation: 545 steps/s (collection: 2.739s, learning 0.076s)
             Mean action noise std: 0.02
          Mean value_function loss: 0.4148
               Mean surrogate loss: 0.0382
                 Mean entropy loss: -37.2116
                       Mean reward: -10.16
               Mean episode length: 96.90
   Episode_Reward/term_bad_contact: 0.0000
          Episode_Reward/term_tilt: 0.0000
    Episode_Reward/term_low_height: 0.0000
      Episode_Reward/leg_action_l2: -0.0006
   Episode_Reward/tracking_lin_vel: 0.3087
Episode_Reward/tracking_lin_vel_x_exp: 0.5555
Episode_Reward/tracking_ang_vel_yaw_l1: 0.0000
Episode_Reward/tracking_ang_vel_yaw_exp: 0.6421
Episode_Reward/tracking_lin_vel_y_l2: 0.0000
Episode_Reward/tracking_lin_vel_z_l2: 0.0000
            Episode_Reward/survive: 0.0000
    Episode_Reward/foot_contacts_z: 0.0000
            Episode_Reward/torques: -0.1627
 Episode_Reward/tracking_lin_vel_y: 0.0000
          Episode_Reward/lin_vel_z: -0.0085
         Episode_Reward/ang_vel_xy: -0.0024
   Episode_Reward/tracking_ang_vel: 0.1624
               Episode_Reward/work: -0.0190
            Episode_Reward/dof_acc: -0.0003
        Episode_Reward/action_rate: -0.0002
     Episode_Reward/dof_pos_limits: -0.0000
      Episode_Reward/delta_torques: -0.0001
          Episode_Reward/collision: -3.3608
        Episode_Reward/walking_dof: 0.0055
            Episode_Reward/hip_pos: -0.0159
          Episode_Reward/feet_jerk: 0.0000
              Episode_Reward/alive: 0.1722
          Episode_Reward/feet_drag: -0.0040
Episode_Reward/feet_contact_forces: -0.1089
               Episode_Reward/roll: -0.0204
        Episode_Reward/base_height: -0.0354
Episode_Reward/tracking_lin_vel_max: 0.1710
Episode_Reward/flat_orientation_l2: -0.0311
  Episode_Reward/air_time_variance: -0.0006
        Episode_Reward/feet_height: 0.0000
      Episode_Reward/feet_air_time: -0.0000
Episode_Reward/update_last_buffers: 0.0000
   Episode_Reward/wheel_idle_speed: -0.0006
    Episode_Reward/wheel_action_l2: -0.0000
  Episode_Reward/wheel_action_rate: 0.0000
Episode_Reward/teacher_ensemble_match: 0.0000
  Episode_Reward/wheel_forward_use: 0.0344
 Episode_Reward/wheel_turn_support: 0.0189
   Metrics/locomotion/error_vel_xy: 0.1212
  Metrics/locomotion/error_vel_yaw: 0.0724
      Episode_Termination/time_out: 0.6035
   Episode_Termination/bad_contact: 0.0000
          Episode_Termination/tilt: 0.0000
    Episode_Termination/low_height: 0.0000
--------------------------------------------------------------------------------
                   Total timesteps: 12288
                    Iteration time: 2.82s
                      Time elapsed: 00:00:24
                               ETA: 00:04:41

################################################################################
                       [1m Learning iteration 8/100 [0m                       

                       Computation: 538 steps/s (collection: 2.776s, learning 0.075s)
             Mean action noise std: 0.02
          Mean value_function loss: 0.4873
               Mean surrogate loss: 0.0461
                 Mean entropy loss: -37.2116
                       Mean reward: -11.12
               Mean episode length: 108.80
   Episode_Reward/term_bad_contact: 0.0000
          Episode_Reward/term_tilt: 0.0000
    Episode_Reward/term_low_height: 0.0000
      Episode_Reward/leg_action_l2: -0.0006
   Episode_Reward/tracking_lin_vel: 0.3653
Episode_Reward/tracking_lin_vel_x_exp: 0.6812
Episode_Reward/tracking_ang_vel_yaw_l1: 0.0000
Episode_Reward/tracking_ang_vel_yaw_exp: 0.7726
Episode_Reward/tracking_lin_vel_y_l2: 0.0000
Episode_Reward/tracking_lin_vel_z_l2: 0.0000
            Episode_Reward/survive: 0.0000
    Episode_Reward/foot_contacts_z: 0.0000
            Episode_Reward/torques: -0.1875
 Episode_Reward/tracking_lin_vel_y: 0.0000
          Episode_Reward/lin_vel_z: -0.0075
         Episode_Reward/ang_vel_xy: -0.0021
   Episode_Reward/tracking_ang_vel: 0.1914
               Episode_Reward/work: -0.0184
            Episode_Reward/dof_acc: -0.0003
        Episode_Reward/action_rate: -0.0002
     Episode_Reward/dof_pos_limits: 0.0000
      Episode_Reward/delta_torques: -0.0001
          Episode_Reward/collision: -4.0875
        Episode_Reward/walking_dof: 0.0005
            Episode_Reward/hip_pos: -0.0148
          Episode_Reward/feet_jerk: 0.0000
              Episode_Reward/alive: 0.2000
          Episode_Reward/feet_drag: -0.0049
Episode_Reward/feet_contact_forces: -0.1261
               Episode_Reward/roll: -0.0142
        Episode_Reward/base_height: -0.0376
Episode_Reward/tracking_lin_vel_max: 0.2731
Episode_Reward/flat_orientation_l2: -0.0366
  Episode_Reward/air_time_variance: -0.0006
        Episode_Reward/feet_height: 0.0000
      Episode_Reward/feet_air_time: -0.0000
Episode_Reward/update_last_buffers: 0.0000
   Episode_Reward/wheel_idle_speed: -0.0023
    Episode_Reward/wheel_action_l2: -0.0000
  Episode_Reward/wheel_action_rate: 0.0000
Episode_Reward/teacher_ensemble_match: 0.0000
  Episode_Reward/wheel_forward_use: 0.0032
 Episode_Reward/wheel_turn_support: 0.0614
   Metrics/locomotion/error_vel_xy: 0.1244
  Metrics/locomotion/error_vel_yaw: 0.0718
      Episode_Termination/time_out: 0.6595
   Episode_Termination/bad_contact: 0.0000
          Episode_Termination/tilt: 0.0000
    Episode_Termination/low_height: 0.0000
--------------------------------------------------------------------------------
                   Total timesteps: 13824
                    Iteration time: 2.85s
                      Time elapsed: 00:00:27
                               ETA: 00:04:36

################################################################################
                       [1m Learning iteration 9/100 [0m                       

                       Computation: 534 steps/s (collection: 2.799s, learning 0.077s)
             Mean action noise std: 0.02
          Mean value_function loss: 0.4202
               Mean surrogate loss: 0.0467
                 Mean entropy loss: -37.2116
                       Mean reward: -12.35
               Mean episode length: 121.22
   Episode_Reward/term_bad_contact: 0.0000
          Episode_Reward/term_tilt: 0.0000
    Episode_Reward/term_low_height: 0.0000
      Episode_Reward/leg_action_l2: -0.0008
   Episode_Reward/tracking_lin_vel: 0.4192
Episode_Reward/tracking_lin_vel_x_exp: 0.7863
Episode_Reward/tracking_ang_vel_yaw_l1: 0.0000
Episode_Reward/tracking_ang_vel_yaw_exp: 0.8961
Episode_Reward/tracking_lin_vel_y_l2: 0.0000
Episode_Reward/tracking_lin_vel_z_l2: 0.0000
            Episode_Reward/survive: 0.0000
    Episode_Reward/foot_contacts_z: 0.0000
            Episode_Reward/torques: -0.1980
 Episode_Reward/tracking_lin_vel_y: 0.0000
          Episode_Reward/lin_vel_z: -0.0091
         Episode_Reward/ang_vel_xy: -0.0021
   Episode_Reward/tracking_ang_vel: 0.2165
               Episode_Reward/work: -0.0214
            Episode_Reward/dof_acc: -0.0003
        Episode_Reward/action_rate: -0.0002
     Episode_Reward/dof_pos_limits: 0.0000
      Episode_Reward/delta_torques: -0.0001
          Episode_Reward/collision: -4.7046
        Episode_Reward/walking_dof: 0.0000
            Episode_Reward/hip_pos: -0.0133
          Episode_Reward/feet_jerk: 0.0000
              Episode_Reward/alive: 0.2258
          Episode_Reward/feet_drag: -0.0050
Episode_Reward/feet_contact_forces: -0.1451
               Episode_Reward/roll: -0.0127
        Episode_Reward/base_height: -0.0396
Episode_Reward/tracking_lin_vel_max: 0.3185
Episode_Reward/flat_orientation_l2: -0.0381
  Episode_Reward/air_time_variance: -0.0005
        Episode_Reward/feet_height: 0.0000
      Episode_Reward/feet_air_time: 0.0000
Episode_Reward/update_last_buffers: 0.0000
   Episode_Reward/wheel_idle_speed: -0.0020
    Episode_Reward/wheel_action_l2: -0.0000
  Episode_Reward/wheel_action_rate: 0.0000
Episode_Reward/teacher_ensemble_match: 0.0000
  Episode_Reward/wheel_forward_use: 0.0000
 Episode_Reward/wheel_turn_support: 0.0355
   Metrics/locomotion/error_vel_xy: 0.1248
  Metrics/locomotion/error_vel_yaw: 0.0765
      Episode_Termination/time_out: 0.7214
   Episode_Termination/bad_contact: 0.0000
          Episode_Termination/tilt: 0.0000
    Episode_Termination/low_height: 0.0000
--------------------------------------------------------------------------------
                   Total timesteps: 15360
                    Iteration time: 2.88s
                      Time elapsed: 00:00:29
                               ETA: 00:04:32

################################################################################
                      [1m Learning iteration 10/100 [0m                       

                       Computation: 523 steps/s (collection: 2.860s, learning 0.076s)
             Mean action noise std: 0.02
          Mean value_function loss: 12.3942
               Mean surrogate loss: 0.0010
                 Mean entropy loss: -37.2116
                       Mean reward: -15.35
               Mean episode length: 136.66
   Episode_Reward/term_bad_contact: 0.0000
          Episode_Reward/term_tilt: -0.8333
    Episode_Reward/term_low_height: 0.0000
      Episode_Reward/leg_action_l2: -0.0014
   Episode_Reward/tracking_lin_vel: 0.4604
Episode_Reward/tracking_lin_vel_x_exp: 0.9073
Episode_Reward/tracking_ang_vel_yaw_l1: 0.0000
Episode_Reward/tracking_ang_vel_yaw_exp: 0.9100
Episode_Reward/tracking_lin_vel_y_l2: 0.0000
Episode_Reward/tracking_lin_vel_z_l2: 0.0000
            Episode_Reward/survive: 0.0000
    Episode_Reward/foot_contacts_z: 0.0000
            Episode_Reward/torques: -0.2062
 Episode_Reward/tracking_lin_vel_y: 0.0000
          Episode_Reward/lin_vel_z: -0.0080
         Episode_Reward/ang_vel_xy: -0.0023
   Episode_Reward/tracking_ang_vel: 0.2327
               Episode_Reward/work: -0.0216
            Episode_Reward/dof_acc: -0.0003
        Episode_Reward/action_rate: -0.0004
     Episode_Reward/dof_pos_limits: -0.0000
      Episode_Reward/delta_torques: -0.0002
          Episode_Reward/collision: -4.8771
        Episode_Reward/walking_dof: 0.0015
            Episode_Reward/hip_pos: -0.0105
          Episode_Reward/feet_jerk: 0.0000
              Episode_Reward/alive: 0.2462
          Episode_Reward/feet_drag: -0.0053
Episode_Reward/feet_contact_forces: -0.1575
               Episode_Reward/roll: -0.0202
        Episode_Reward/base_height: -0.0356
Episode_Reward/tracking_lin_vel_max: 0.3352
Episode_Reward/flat_orientation_l2: -0.0363
  Episode_Reward/air_time_variance: -0.0006
        Episode_Reward/feet_height: 0.0000
      Episode_Reward/feet_air_time: -0.0000
Episode_Reward/update_last_buffers: 0.0000
   Episode_Reward/wheel_idle_speed: -0.0017
    Episode_Reward/wheel_action_l2: -0.0000
  Episode_Reward/wheel_action_rate: 0.0000
Episode_Reward/teacher_ensemble_match: 0.0000
  Episode_Reward/wheel_forward_use: 0.0089
 Episode_Reward/wheel_turn_support: 0.0913
   Metrics/locomotion/error_vel_xy: 0.1256
  Metrics/locomotion/error_vel_yaw: 0.1054
      Episode_Termination/time_out: 0.7982
   Episode_Termination/bad_contact: 0.0000
          Episode_Termination/tilt: 0.0150
    Episode_Termination/low_height: 0.0000
--------------------------------------------------------------------------------
                   Total timesteps: 16896
                    Iteration time: 2.94s
                      Time elapsed: 00:00:32
                               ETA: 00:04:28

################################################################################
                      [1m Learning iteration 11/100 [0m                       

                       Computation: 517 steps/s (collection: 2.892s, learning 0.078s)
             Mean action noise std: 0.02
          Mean value_function loss: 0.6588
               Mean surrogate loss: 0.0295
                 Mean entropy loss: -37.2116
                       Mean reward: -16.59
               Mean episode length: 151.86
   Episode_Reward/term_bad_contact: 0.0000
          Episode_Reward/term_tilt: 0.0000
    Episode_Reward/term_low_height: 0.0000
      Episode_Reward/leg_action_l2: -0.0009
   Episode_Reward/tracking_lin_vel: 0.4919
Episode_Reward/tracking_lin_vel_x_exp: 0.8393
Episode_Reward/tracking_ang_vel_yaw_l1: 0.0000
Episode_Reward/tracking_ang_vel_yaw_exp: 1.0130
Episode_Reward/tracking_lin_vel_y_l2: 0.0000
Episode_Reward/tracking_lin_vel_z_l2: 0.0000
            Episode_Reward/survive: 0.0000
    Episode_Reward/foot_contacts_z: 0.0000
            Episode_Reward/torques: -0.2267
 Episode_Reward/tracking_lin_vel_y: 0.0000
          Episode_Reward/lin_vel_z: -0.0065
         Episode_Reward/ang_vel_xy: -0.0025
   Episode_Reward/tracking_ang_vel: 0.2615
               Episode_Reward/work: -0.0232
            Episode_Reward/dof_acc: -0.0006
        Episode_Reward/action_rate: -0.0003
     Episode_Reward/dof_pos_limits: 0.0000
      Episode_Reward/delta_torques: -0.0002
          Episode_Reward/collision: -5.4242
        Episode_Reward/walking_dof: 0.0085
            Episode_Reward/hip_pos: -0.0176
          Episode_Reward/feet_jerk: 0.0000
              Episode_Reward/alive: 0.2744
          Episode_Reward/feet_drag: -0.0062
Episode_Reward/feet_contact_forces: -0.1696
               Episode_Reward/roll: -0.0328
        Episode_Reward/base_height: -0.0439
Episode_Reward/tracking_lin_vel_max: 0.2942
Episode_Reward/flat_orientation_l2: -0.0499
  Episode_Reward/air_time_variance: -0.0015
        Episode_Reward/feet_height: 0.0000
      Episode_Reward/feet_air_time: -0.0000
Episode_Reward/update_last_buffers: 0.0000
   Episode_Reward/wheel_idle_speed: -0.0020
    Episode_Reward/wheel_action_l2: -0.0000
  Episode_Reward/wheel_action_rate: 0.0000
Episode_Reward/teacher_ensemble_match: 0.0000
  Episode_Reward/wheel_forward_use: 0.0521
 Episode_Reward/wheel_turn_support: 0.1010
   Metrics/locomotion/error_vel_xy: 0.1958
  Metrics/locomotion/error_vel_yaw: 0.1118
      Episode_Termination/time_out: 0.9147
   Episode_Termination/bad_contact: 0.0000
          Episode_Termination/tilt: 0.0156
    Episode_Termination/low_height: 0.0000
--------------------------------------------------------------------------------
                   Total timesteps: 18432
                    Iteration time: 2.97s
                      Time elapsed: 00:00:35
                               ETA: 00:04:25

################################################################################
                      [1m Learning iteration 12/100 [0m                       

                       Computation: 527 steps/s (collection: 2.834s, learning 0.076s)
             Mean action noise std: 0.02
          Mean value_function loss: 0.4008
               Mean surrogate loss: 0.0223
                 Mean entropy loss: -37.2116
                       Mean reward: -17.63
               Mean episode length: 164.46
   Episode_Reward/term_bad_contact: 0.0000
          Episode_Reward/term_tilt: 0.0000
    Episode_Reward/term_low_height: 0.0000
      Episode_Reward/leg_action_l2: -0.0008
   Episode_Reward/tracking_lin_vel: 0.5376
Episode_Reward/tracking_lin_vel_x_exp: 0.9272
Episode_Reward/tracking_ang_vel_yaw_l1: 0.0000
Episode_Reward/tracking_ang_vel_yaw_exp: 1.1274
Episode_Reward/tracking_lin_vel_y_l2: 0.0000
Episode_Reward/tracking_lin_vel_z_l2: 0.0000
            Episode_Reward/survive: 0.0000
    Episode_Reward/foot_contacts_z: 0.0000
            Episode_Reward/torques: -0.2777
 Episode_Reward/tracking_lin_vel_y: 0.0000
          Episode_Reward/lin_vel_z: -0.0098
         Episode_Reward/ang_vel_xy: -0.0023
   Episode_Reward/tracking_ang_vel: 0.2846
               Episode_Reward/work: -0.0250
            Episode_Reward/dof_acc: -0.0005
        Episode_Reward/action_rate: -0.0003
     Episode_Reward/dof_pos_limits: 0.0000
      Episode_Reward/delta_torques: -0.0002
          Episode_Reward/collision: -5.8125
        Episode_Reward/walking_dof: 0.0121
            Episode_Reward/hip_pos: -0.0281
          Episode_Reward/feet_jerk: 0.0000
              Episode_Reward/alive: 0.2945
          Episode_Reward/feet_drag: -0.0078
Episode_Reward/feet_contact_forces: -0.1891
               Episode_Reward/roll: -0.0278
        Episode_Reward/base_height: -0.0556
Episode_Reward/tracking_lin_vel_max: 0.3098
Episode_Reward/flat_orientation_l2: -0.0419
  Episode_Reward/air_time_variance: -0.0007
        Episode_Reward/feet_height: 0.0000
      Episode_Reward/feet_air_time: -0.0000
Episode_Reward/update_last_buffers: 0.0000
   Episode_Reward/wheel_idle_speed: -0.0006
    Episode_Reward/wheel_action_l2: -0.0000
  Episode_Reward/wheel_action_rate: 0.0000
Episode_Reward/teacher_ensemble_match: 0.0000
  Episode_Reward/wheel_forward_use: 0.0750
 Episode_Reward/wheel_turn_support: 0.0484
   Metrics/locomotion/error_vel_xy: 0.1898
  Metrics/locomotion/error_vel_yaw: 0.1009
      Episode_Termination/time_out: 0.9824
   Episode_Termination/bad_contact: 0.0000
          Episode_Termination/tilt: 0.0156
    Episode_Termination/low_height: 0.0000
--------------------------------------------------------------------------------
                   Total timesteps: 19968
                    Iteration time: 2.91s
                      Time elapsed: 00:00:38
                               ETA: 00:04:22

################################################################################
                      [1m Learning iteration 13/100 [0m                       

                       Computation: 538 steps/s (collection: 2.774s, learning 0.080s)
             Mean action noise std: 0.02
          Mean value_function loss: 0.3545
               Mean surrogate loss: 0.0610
                 Mean entropy loss: -37.2116
                       Mean reward: -18.04
               Mean episode length: 170.11
   Episode_Reward/term_bad_contact: 0.0000
          Episode_Reward/term_tilt: 0.0000
    Episode_Reward/term_low_height: 0.0000
      Episode_Reward/leg_action_l2: -0.0009
   Episode_Reward/tracking_lin_vel: 0.5478
Episode_Reward/tracking_lin_vel_x_exp: 0.9370
Episode_Reward/tracking_ang_vel_yaw_l1: 0.0000
Episode_Reward/tracking_ang_vel_yaw_exp: 1.1528
Episode_Reward/tracking_lin_vel_y_l2: 0.0000
Episode_Reward/tracking_lin_vel_z_l2: 0.0000
            Episode_Reward/survive: 0.0000
    Episode_Reward/foot_contacts_z: 0.0000
            Episode_Reward/torques: -0.2397
 Episode_Reward/tracking_lin_vel_y: 0.0000
          Episode_Reward/lin_vel_z: -0.0070
         Episode_Reward/ang_vel_xy: -0.0023
   Episode_Reward/tracking_ang_vel: 0.2845
               Episode_Reward/work: -0.0197
            Episode_Reward/dof_acc: -0.0002
        Episode_Reward/action_rate: -0.0003
     Episode_Reward/dof_pos_limits: 0.0000
      Episode_Reward/delta_torques: -0.0002
          Episode_Reward/collision: -5.9088
        Episode_Reward/walking_dof: 0.0000
            Episode_Reward/hip_pos: -0.0137
          Episode_Reward/feet_jerk: 0.0000
              Episode_Reward/alive: 0.3000
          Episode_Reward/feet_drag: -0.0049
Episode_Reward/feet_contact_forces: -0.1898
               Episode_Reward/roll: -0.0454
        Episode_Reward/base_height: -0.0434
Episode_Reward/tracking_lin_vel_max: 0.4321
Episode_Reward/flat_orientation_l2: -0.0483
  Episode_Reward/air_time_variance: -0.0013
        Episode_Reward/feet_height: 0.0000
      Episode_Reward/feet_air_time: 0.0000
Episode_Reward/update_last_buffers: 0.0000
   Episode_Reward/wheel_idle_speed: -0.0013
    Episode_Reward/wheel_action_l2: -0.0000
  Episode_Reward/wheel_action_rate: 0.0000
Episode_Reward/teacher_ensemble_match: 0.0000
  Episode_Reward/wheel_forward_use: 0.0000
 Episode_Reward/wheel_turn_support: 0.0989
   Metrics/locomotion/error_vel_xy: 0.1969
  Metrics/locomotion/error_vel_yaw: 0.1192
      Episode_Termination/time_out: 0.9844
   Episode_Termination/bad_contact: 0.0000
          Episode_Termination/tilt: 0.0156
    Episode_Termination/low_height: 0.0000
--------------------------------------------------------------------------------
                   Total timesteps: 21504
                    Iteration time: 2.85s
                      Time elapsed: 00:00:41
                               ETA: 00:04:18

################################################################################
                      [1m Learning iteration 14/100 [0m                       

                       Computation: 534 steps/s (collection: 2.799s, learning 0.076s)
             Mean action noise std: 0.02
          Mean value_function loss: 0.3350
               Mean surrogate loss: 0.0317
                 Mean entropy loss: -37.2116
                       Mean reward: -18.72
               Mean episode length: 178.55
   Episode_Reward/term_bad_contact: 0.0000
          Episode_Reward/term_tilt: 0.0000
    Episode_Reward/term_low_height: 0.0000
      Episode_Reward/leg_action_l2: -0.0013
   Episode_Reward/tracking_lin_vel: 0.5743
Episode_Reward/tracking_lin_vel_x_exp: 1.1842
Episode_Reward/tracking_ang_vel_yaw_l1: 0.0000
Episode_Reward/tracking_ang_vel_yaw_exp: 1.1560
Episode_Reward/tracking_lin_vel_y_l2: 0.0000
Episode_Reward/tracking_lin_vel_z_l2: 0.0000
            Episode_Reward/survive: 0.0000
    Episode_Reward/foot_contacts_z: 0.0000
            Episode_Reward/torques: -0.2133
 Episode_Reward/tracking_lin_vel_y: 0.0000
          Episode_Reward/lin_vel_z: -0.0091
         Episode_Reward/ang_vel_xy: -0.0016
   Episode_Reward/tracking_ang_vel: 0.2904
               Episode_Reward/work: -0.0219
            Episode_Reward/dof_acc: -0.0003
        Episode_Reward/action_rate: -0.0004
     Episode_Reward/dof_pos_limits: 0.0000
      Episode_Reward/delta_torques: -0.0002
          Episode_Reward/collision: -5.9650
        Episode_Reward/walking_dof: 0.0000
            Episode_Reward/hip_pos: -0.0131
          Episode_Reward/feet_jerk: 0.0000
              Episode_Reward/alive: 0.3000
          Episode_Reward/feet_drag: -0.0059
Episode_Reward/feet_contact_forces: -0.1939
               Episode_Reward/roll: -0.0230
        Episode_Reward/base_height: -0.0391
Episode_Reward/tracking_lin_vel_max: 0.4222
Episode_Reward/flat_orientation_l2: -0.0276
  Episode_Reward/air_time_variance: -0.0004
        Episode_Reward/feet_height: 0.0000
      Episode_Reward/feet_air_time: 0.0000
Episode_Reward/update_last_buffers: 0.0000
   Episode_Reward/wheel_idle_speed: -0.0019
    Episode_Reward/wheel_action_l2: -0.0000
  Episode_Reward/wheel_action_rate: 0.0000
Episode_Reward/teacher_ensemble_match: 0.0000
  Episode_Reward/wheel_forward_use: 0.0000
 Episode_Reward/wheel_turn_support: 0.1258
   Metrics/locomotion/error_vel_xy: 0.1082
  Metrics/locomotion/error_vel_yaw: 0.1007
      Episode_Termination/time_out: 0.9844
   Episode_Termination/bad_contact: 0.0000
          Episode_Termination/tilt: 0.0156
    Episode_Termination/low_height: 0.0000
--------------------------------------------------------------------------------
                   Total timesteps: 23040
                    Iteration time: 2.87s
                      Time elapsed: 00:00:44
                               ETA: 00:04:14

################################################################################
                      [1m Learning iteration 15/100 [0m                       

                       Computation: 549 steps/s (collection: 2.720s, learning 0.076s)
             Mean action noise std: 0.02
          Mean value_function loss: 42.0208
               Mean surrogate loss: 0.0146
                 Mean entropy loss: -37.2116
                       Mean reward: -20.23
               Mean episode length: 181.23
   Episode_Reward/term_bad_contact: 0.0000
          Episode_Reward/term_tilt: -5.4167
    Episode_Reward/term_low_height: 0.0000
      Episode_Reward/leg_action_l2: -0.0021
   Episode_Reward/tracking_lin_vel: 0.5186
Episode_Reward/tracking_lin_vel_x_exp: 1.0312
Episode_Reward/tracking_ang_vel_yaw_l1: 0.0000
Episode_Reward/tracking_ang_vel_yaw_exp: 0.9908
Episode_Reward/tracking_lin_vel_y_l2: 0.0000
Episode_Reward/tracking_lin_vel_z_l2: 0.0000
            Episode_Reward/survive: 0.0000
    Episode_Reward/foot_contacts_z: 0.0000
            Episode_Reward/torques: -0.2094
 Episode_Reward/tracking_lin_vel_y: 0.0000
          Episode_Reward/lin_vel_z: -0.0085
         Episode_Reward/ang_vel_xy: -0.0038
   Episode_Reward/tracking_ang_vel: 0.2651
               Episode_Reward/work: -0.0298
            Episode_Reward/dof_acc: -0.0006
        Episode_Reward/action_rate: -0.0007
     Episode_Reward/dof_pos_limits: 0.0000
      Episode_Reward/delta_torques: -0.0002
          Episode_Reward/collision: -5.7667
        Episode_Reward/walking_dof: 0.0000
            Episode_Reward/hip_pos: -0.0158
          Episode_Reward/feet_jerk: 0.0000
              Episode_Reward/alive: 0.2832
          Episode_Reward/feet_drag: -0.0065
Episode_Reward/feet_contact_forces: -0.1845
               Episode_Reward/roll: -0.0249
        Episode_Reward/base_height: -0.0424
Episode_Reward/tracking_lin_vel_max: 0.3976
Episode_Reward/flat_orientation_l2: -0.0333
  Episode_Reward/air_time_variance: -0.0012
        Episode_Reward/feet_height: 0.0000
      Episode_Reward/feet_air_time: 0.0000
Episode_Reward/update_last_buffers: 0.0000
   Episode_Reward/wheel_idle_speed: -0.0029
    Episode_Reward/wheel_action_l2: -0.0000
  Episode_Reward/wheel_action_rate: 0.0000
Episode_Reward/teacher_ensemble_match: 0.0000
  Episode_Reward/wheel_forward_use: 0.0000
 Episode_Reward/wheel_turn_support: 0.0826
   Metrics/locomotion/error_vel_xy: 0.1597
  Metrics/locomotion/error_vel_yaw: 0.1406
      Episode_Termination/time_out: 0.9759
   Episode_Termination/bad_contact: 0.0000
          Episode_Termination/tilt: 0.0241
    Episode_Termination/low_height: 0.0000
--------------------------------------------------------------------------------
                   Total timesteps: 24576
                    Iteration time: 2.80s
                      Time elapsed: 00:00:47
                               ETA: 00:04:11

################################################################################
                      [1m Learning iteration 16/100 [0m                       

                       Computation: 544 steps/s (collection: 2.744s, learning 0.075s)
             Mean action noise std: 0.02
          Mean value_function loss: 0.4533
               Mean surrogate loss: 0.0270
                 Mean entropy loss: -37.2116
                       Mean reward: -20.58
               Mean episode length: 186.95
   Episode_Reward/term_bad_contact: 0.0000
          Episode_Reward/term_tilt: -1.2500
    Episode_Reward/term_low_height: 0.0000
      Episode_Reward/leg_action_l2: -0.0017
   Episode_Reward/tracking_lin_vel: 0.5439
Episode_Reward/tracking_lin_vel_x_exp: 0.9746
Episode_Reward/tracking_ang_vel_yaw_l1: 0.0000
Episode_Reward/tracking_ang_vel_yaw_exp: 1.1330
Episode_Reward/tracking_lin_vel_y_l2: 0.0000
Episode_Reward/tracking_lin_vel_z_l2: 0.0000
            Episode_Reward/survive: 0.0000
    Episode_Reward/foot_contacts_z: 0.0000
            Episode_Reward/torques: -0.2061
 Episode_Reward/tracking_lin_vel_y: 0.0000
          Episode_Reward/lin_vel_z: -0.0065
         Episode_Reward/ang_vel_xy: -0.0022
   Episode_Reward/tracking_ang_vel: 0.2859
               Episode_Reward/work: -0.0237
            Episode_Reward/dof_acc: -0.0004
        Episode_Reward/action_rate: -0.0005
     Episode_Reward/dof_pos_limits: 0.0000
      Episode_Reward/delta_torques: -0.0002
          Episode_Reward/collision: -5.8742
        Episode_Reward/walking_dof: 0.0069
            Episode_Reward/hip_pos: -0.0115
          Episode_Reward/feet_jerk: 0.0000
              Episode_Reward/alive: 0.2961
          Episode_Reward/feet_drag: -0.0081
Episode_Reward/feet_contact_forces: -0.1858
               Episode_Reward/roll: -0.0289
        Episode_Reward/base_height: -0.0371
Episode_Reward/tracking_lin_vel_max: 0.3477
Episode_Reward/flat_orientation_l2: -0.0376
  Episode_Reward/air_time_variance: -0.0010
        Episode_Reward/feet_height: 0.0000
      Episode_Reward/feet_air_time: 0.0000
Episode_Reward/update_last_buffers: 0.0000
   Episode_Reward/wheel_idle_speed: -0.0020
    Episode_Reward/wheel_action_l2: -0.0000
  Episode_Reward/wheel_action_rate: 0.0000
Episode_Reward/teacher_ensemble_match: 0.0000
  Episode_Reward/wheel_forward_use: 0.0423
 Episode_Reward/wheel_turn_support: 0.0736
   Metrics/locomotion/error_vel_xy: 0.1800
  Metrics/locomotion/error_vel_yaw: 0.1030
      Episode_Termination/time_out: 0.9688
   Episode_Termination/bad_contact: 0.0000
          Episode_Termination/tilt: 0.0312
    Episode_Termination/low_height: 0.0000
--------------------------------------------------------------------------------
                   Total timesteps: 26112
                    Iteration time: 2.82s
                      Time elapsed: 00:00:50
                               ETA: 00:04:07

################################################################################
                      [1m Learning iteration 17/100 [0m                       

                       Computation: 533 steps/s (collection: 2.801s, learning 0.078s)
             Mean action noise std: 0.02
          Mean value_function loss: 0.5078
               Mean surrogate loss: 0.0181
                 Mean entropy loss: -37.2116
                       Mean reward: -21.80
               Mean episode length: 196.89
   Episode_Reward/term_bad_contact: 0.0000
          Episode_Reward/term_tilt: 0.0000
    Episode_Reward/term_low_height: 0.0000
      Episode_Reward/leg_action_l2: -0.0007
   Episode_Reward/tracking_lin_vel: 0.5441
Episode_Reward/tracking_lin_vel_x_exp: 0.9102
Episode_Reward/tracking_ang_vel_yaw_l1: 0.0000
Episode_Reward/tracking_ang_vel_yaw_exp: 1.1465
Episode_Reward/tracking_lin_vel_y_l2: 0.0000
Episode_Reward/tracking_lin_vel_z_l2: 0.0000
            Episode_Reward/survive: 0.0000
    Episode_Reward/foot_contacts_z: 0.0000
            Episode_Reward/torques: -0.2454
 Episode_Reward/tracking_lin_vel_y: 0.0000
          Episode_Reward/lin_vel_z: -0.0072
         Episode_Reward/ang_vel_xy: -0.0019
   Episode_Reward/tracking_ang_vel: 0.2896
               Episode_Reward/work: -0.0238
            Episode_Reward/dof_acc: -0.0004
        Episode_Reward/action_rate: -0.0002
     Episode_Reward/dof_pos_limits: 0.0000
      Episode_Reward/delta_torques: -0.0002
          Episode_Reward/collision: -6.3483
        Episode_Reward/walking_dof: 0.0081
            Episode_Reward/hip_pos: -0.0144
          Episode_Reward/feet_jerk: 0.0000
              Episode_Reward/alive: 0.3000
          Episode_Reward/feet_drag: -0.0073
Episode_Reward/feet_contact_forces: -0.1875
               Episode_Reward/roll: -0.0291
        Episode_Reward/base_height: -0.0426
Episode_Reward/tracking_lin_vel_max: 0.3378
Episode_Reward/flat_orientation_l2: -0.0498
  Episode_Reward/air_time_variance: -0.0009
        Episode_Reward/feet_height: 0.0000
      Episode_Reward/feet_air_time: -0.0000
Episode_Reward/update_last_buffers: 0.0000
   Episode_Reward/wheel_idle_speed: -0.0016
    Episode_Reward/wheel_action_l2: -0.0000
  Episode_Reward/wheel_action_rate: 0.0000
Episode_Reward/teacher_ensemble_match: 0.0000
  Episode_Reward/wheel_forward_use: 0.0493
 Episode_Reward/wheel_turn_support: 0.0853
   Metrics/locomotion/error_vel_xy: 0.2046
  Metrics/locomotion/error_vel_yaw: 0.1050
      Episode_Termination/time_out: 0.9688
   Episode_Termination/bad_contact: 0.0000
          Episode_Termination/tilt: 0.0312
    Episode_Termination/low_height: 0.0000
--------------------------------------------------------------------------------
                   Total timesteps: 27648
                    Iteration time: 2.88s
                      Time elapsed: 00:00:52
                               ETA: 00:04:04

################################################################################
                      [1m Learning iteration 18/100 [0m                       

                       Computation: 539 steps/s (collection: 2.770s, learning 0.076s)
             Mean action noise std: 0.02
          Mean value_function loss: 0.4610
               Mean surrogate loss: 0.0054
                 Mean entropy loss: -37.2116
                       Mean reward: -22.31
               Mean episode length: 203.27
   Episode_Reward/term_bad_contact: 0.0000
          Episode_Reward/term_tilt: 0.0000
    Episode_Reward/term_low_height: 0.0000
      Episode_Reward/leg_action_l2: -0.0012
   Episode_Reward/tracking_lin_vel: 0.5465
Episode_Reward/tracking_lin_vel_x_exp: 0.9272
Episode_Reward/tracking_ang_vel_yaw_l1: 0.0000
Episode_Reward/tracking_ang_vel_yaw_exp: 1.1277
Episode_Reward/tracking_lin_vel_y_l2: 0.0000
Episode_Reward/tracking_lin_vel_z_l2: 0.0000
            Episode_Reward/survive: 0.0000
    Episode_Reward/foot_contacts_z: 0.0000
            Episode_Reward/torques: -0.2505
 Episode_Reward/tracking_lin_vel_y: 0.0000
          Episode_Reward/lin_vel_z: -0.0078
         Episode_Reward/ang_vel_xy: -0.0020
   Episode_Reward/tracking_ang_vel: 0.2901
               Episode_Reward/work: -0.0229
            Episode_Reward/dof_acc: -0.0006
        Episode_Reward/action_rate: -0.0003
     Episode_Reward/dof_pos_limits: -0.0000
      Episode_Reward/delta_torques: -0.0002
          Episode_Reward/collision: -6.0550
        Episode_Reward/walking_dof: 0.0106
            Episode_Reward/hip_pos: -0.0163
          Episode_Reward/feet_jerk: 0.0000
              Episode_Reward/alive: 0.3000
          Episode_Reward/feet_drag: -0.0094
Episode_Reward/feet_contact_forces: -0.1887
               Episode_Reward/roll: -0.0288
        Episode_Reward/base_height: -0.0430
Episode_Reward/tracking_lin_vel_max: 0.3350
Episode_Reward/flat_orientation_l2: -0.0483
  Episode_Reward/air_time_variance: -0.0006
        Episode_Reward/feet_height: 0.0000
      Episode_Reward/feet_air_time: -0.0000
Episode_Reward/update_last_buffers: 0.0000
   Episode_Reward/wheel_idle_speed: -0.0018
    Episode_Reward/wheel_action_l2: -0.0000
  Episode_Reward/wheel_action_rate: 0.0000
Episode_Reward/teacher_ensemble_match: 0.0000
  Episode_Reward/wheel_forward_use: 0.0655
 Episode_Reward/wheel_turn_support: 0.0996
   Metrics/locomotion/error_vel_xy: 0.1980
  Metrics/locomotion/error_vel_yaw: 0.1065
      Episode_Termination/time_out: 0.9688
   Episode_Termination/bad_contact: 0.0000
          Episode_Termination/tilt: 0.0312
    Episode_Termination/low_height: 0.0000
--------------------------------------------------------------------------------
                   Total timesteps: 29184
                    Iteration time: 2.85s
                      Time elapsed: 00:00:55
                               ETA: 00:04:00

################################################################################
                      [1m Learning iteration 19/100 [0m                       

                       Computation: 538 steps/s (collection: 2.774s, learning 0.079s)
             Mean action noise std: 0.02
          Mean value_function loss: 0.5525
               Mean surrogate loss: 0.0068
                 Mean entropy loss: -37.2116
                       Mean reward: -23.41
               Mean episode length: 215.06
   Episode_Reward/term_bad_contact: 0.0000
          Episode_Reward/term_tilt: 0.0000
    Episode_Reward/term_low_height: 0.0000
      Episode_Reward/leg_action_l2: -0.0007
   Episode_Reward/tracking_lin_vel: 0.5488
Episode_Reward/tracking_lin_vel_x_exp: 0.9656
Episode_Reward/tracking_ang_vel_yaw_l1: 0.0000
Episode_Reward/tracking_ang_vel_yaw_exp: 1.1102
Episode_Reward/tracking_lin_vel_y_l2: 0.0000
Episode_Reward/tracking_lin_vel_z_l2: 0.0000
            Episode_Reward/survive: 0.0000
    Episode_Reward/foot_contacts_z: 0.0000
            Episode_Reward/torques: -0.2562
 Episode_Reward/tracking_lin_vel_y: 0.0000
          Episode_Reward/lin_vel_z: -0.0081
         Episode_Reward/ang_vel_xy: -0.0023
   Episode_Reward/tracking_ang_vel: 0.2866
               Episode_Reward/work: -0.0223
            Episode_Reward/dof_acc: -0.0004
        Episode_Reward/action_rate: -0.0002
     Episode_Reward/dof_pos_limits: -0.0000
      Episode_Reward/delta_torques: -0.0002
          Episode_Reward/collision: -5.9492
        Episode_Reward/walking_dof: 0.0052
            Episode_Reward/hip_pos: -0.0191
          Episode_Reward/feet_jerk: 0.0000
              Episode_Reward/alive: 0.3000
          Episode_Reward/feet_drag: -0.0062
Episode_Reward/feet_contact_forces: -0.1882
               Episode_Reward/roll: -0.0415
        Episode_Reward/base_height: -0.0482
Episode_Reward/tracking_lin_vel_max: 0.3718
Episode_Reward/flat_orientation_l2: -0.0508
  Episode_Reward/air_time_variance: -0.0011
        Episode_Reward/feet_height: 0.0000
      Episode_Reward/feet_air_time: -0.0000
Episode_Reward/update_last_buffers: 0.0000
   Episode_Reward/wheel_idle_speed: -0.0016
    Episode_Reward/wheel_action_l2: -0.0000
  Episode_Reward/wheel_action_rate: 0.0000
Episode_Reward/teacher_ensemble_match: 0.0000
  Episode_Reward/wheel_forward_use: 0.0315
 Episode_Reward/wheel_turn_support: 0.1023
   Metrics/locomotion/error_vel_xy: 0.1891
  Metrics/locomotion/error_vel_yaw: 0.1198
      Episode_Termination/time_out: 0.9688
   Episode_Termination/bad_contact: 0.0000
          Episode_Termination/tilt: 0.0312
    Episode_Termination/low_height: 0.0000
--------------------------------------------------------------------------------
                   Total timesteps: 30720
                    Iteration time: 2.85s
                      Time elapsed: 00:00:58
                               ETA: 00:03:57

################################################################################
                      [1m Learning iteration 20/100 [0m                       

                       Computation: 541 steps/s (collection: 2.762s, learning 0.076s)
             Mean action noise std: 0.02
          Mean value_function loss: 0.3061
               Mean surrogate loss: 0.0396
                 Mean entropy loss: -37.2116
                       Mean reward: -24.55
               Mean episode length: 226.29
   Episode_Reward/term_bad_contact: 0.0000
          Episode_Reward/term_tilt: 0.0000
    Episode_Reward/term_low_height: 0.0000
      Episode_Reward/leg_action_l2: -0.0009
   Episode_Reward/tracking_lin_vel: 0.5459
Episode_Reward/tracking_lin_vel_x_exp: 0.9115
Episode_Reward/tracking_ang_vel_yaw_l1: 0.0000
Episode_Reward/tracking_ang_vel_yaw_exp: 1.0969
Episode_Reward/tracking_lin_vel_y_l2: 0.0000
Episode_Reward/tracking_lin_vel_z_l2: 0.0000
            Episode_Reward/survive: 0.0000
    Episode_Reward/foot_contacts_z: 0.0000
            Episode_Reward/torques: -0.2614
 Episode_Reward/tracking_lin_vel_y: 0.0000
          Episode_Reward/lin_vel_z: -0.0079
         Episode_Reward/ang_vel_xy: -0.0023
   Episode_Reward/tracking_ang_vel: 0.2865
               Episode_Reward/work: -0.0229
            Episode_Reward/dof_acc: -0.0005
        Episode_Reward/action_rate: -0.0003
     Episode_Reward/dof_pos_limits: 0.0000
      Episode_Reward/delta_torques: -0.0002
          Episode_Reward/collision: -5.9950
        Episode_Reward/walking_dof: 0.0055
            Episode_Reward/hip_pos: -0.0200
          Episode_Reward/feet_jerk: 0.0000
              Episode_Reward/alive: 0.3000
          Episode_Reward/feet_drag: -0.0067
Episode_Reward/feet_contact_forces: -0.1870
               Episode_Reward/roll: -0.0350
        Episode_Reward/base_height: -0.0497
Episode_Reward/tracking_lin_vel_max: 0.3657
Episode_Reward/flat_orientation_l2: -0.0535
  Episode_Reward/air_time_variance: -0.0011
        Episode_Reward/feet_height: 0.0000
      Episode_Reward/feet_air_time: -0.0000
Episode_Reward/update_last_buffers: 0.0000
   Episode_Reward/wheel_idle_speed: -0.0019
    Episode_Reward/wheel_action_l2: -0.0000
  Episode_Reward/wheel_action_rate: 0.0000
Episode_Reward/teacher_ensemble_match: 0.0000
  Episode_Reward/wheel_forward_use: 0.0328
 Episode_Reward/wheel_turn_support: 0.1059
   Metrics/locomotion/error_vel_xy: 0.2054
  Metrics/locomotion/error_vel_yaw: 0.1233
      Episode_Termination/time_out: 0.9688
   Episode_Termination/bad_contact: 0.0000
          Episode_Termination/tilt: 0.0312
    Episode_Termination/low_height: 0.0000
--------------------------------------------------------------------------------
                   Total timesteps: 32256
                    Iteration time: 2.84s
                      Time elapsed: 00:01:01
                               ETA: 00:03:54

################################################################################
                      [1m Learning iteration 21/100 [0m                       

                       Computation: 541 steps/s (collection: 2.752s, learning 0.083s)
             Mean action noise std: 0.02
          Mean value_function loss: 0.3706
               Mean surrogate loss: 0.0406
                 Mean entropy loss: -37.2116
                       Mean reward: -25.46
               Mean episode length: 233.98
   Episode_Reward/term_bad_contact: 0.0000
          Episode_Reward/term_tilt: 0.0000
    Episode_Reward/term_low_height: 0.0000
      Episode_Reward/leg_action_l2: -0.0006
   Episode_Reward/tracking_lin_vel: 0.5303
Episode_Reward/tracking_lin_vel_x_exp: 0.8082
Episode_Reward/tracking_ang_vel_yaw_l1: 0.0000
Episode_Reward/tracking_ang_vel_yaw_exp: 1.1383
Episode_Reward/tracking_lin_vel_y_l2: 0.0000
Episode_Reward/tracking_lin_vel_z_l2: 0.0000
            Episode_Reward/survive: 0.0000
    Episode_Reward/foot_contacts_z: 0.0000
            Episode_Reward/torques: -0.2735
 Episode_Reward/tracking_lin_vel_y: 0.0000
          Episode_Reward/lin_vel_z: -0.0081
         Episode_Reward/ang_vel_xy: -0.0020
   Episode_Reward/tracking_ang_vel: 0.2879
               Episode_Reward/work: -0.0243
            Episode_Reward/dof_acc: -0.0007
        Episode_Reward/action_rate: -0.0002
     Episode_Reward/dof_pos_limits: -0.0000
      Episode_Reward/delta_torques: -0.0002
          Episode_Reward/collision: -6.1588
        Episode_Reward/walking_dof: 0.0111
            Episode_Reward/hip_pos: -0.0179
          Episode_Reward/feet_jerk: 0.0000
              Episode_Reward/alive: 0.3000
          Episode_Reward/feet_drag: -0.0077
Episode_Reward/feet_contact_forces: -0.1895
               Episode_Reward/roll: -0.0167
        Episode_Reward/base_height: -0.0475
Episode_Reward/tracking_lin_vel_max: 0.3182
Episode_Reward/flat_orientation_l2: -0.0509
  Episode_Reward/air_time_variance: -0.0007
        Episode_Reward/feet_height: 0.0000
      Episode_Reward/feet_air_time: -0.0000
Episode_Reward/update_last_buffers: 0.0000
   Episode_Reward/wheel_idle_speed: -0.0012
    Episode_Reward/wheel_action_l2: -0.0000
  Episode_Reward/wheel_action_rate: 0.0000
Episode_Reward/teacher_ensemble_match: 0.0000
  Episode_Reward/wheel_forward_use: 0.0661
 Episode_Reward/wheel_turn_support: 0.0923
   Metrics/locomotion/error_vel_xy: 0.2436
  Metrics/locomotion/error_vel_yaw: 0.1116
      Episode_Termination/time_out: 0.9688
   Episode_Termination/bad_contact: 0.0000
          Episode_Termination/tilt: 0.0312
    Episode_Termination/low_height: 0.0000
--------------------------------------------------------------------------------
                   Total timesteps: 33792
                    Iteration time: 2.84s
                      Time elapsed: 00:01:04
                               ETA: 00:03:51

################################################################################
                      [1m Learning iteration 22/100 [0m                       

                       Computation: 533 steps/s (collection: 2.806s, learning 0.074s)
             Mean action noise std: 0.02
          Mean value_function loss: 0.5334
               Mean surrogate loss: 0.0293
                 Mean entropy loss: -37.2116
                       Mean reward: -26.94
               Mean episode length: 251.81
   Episode_Reward/term_bad_contact: 0.0000
          Episode_Reward/term_tilt: 0.0000
    Episode_Reward/term_low_height: 0.0000
      Episode_Reward/leg_action_l2: -0.0022
   Episode_Reward/tracking_lin_vel: 0.5614
Episode_Reward/tracking_lin_vel_x_exp: 1.0458
Episode_Reward/tracking_ang_vel_yaw_l1: 0.0000
Episode_Reward/tracking_ang_vel_yaw_exp: 1.1353
Episode_Reward/tracking_lin_vel_y_l2: 0.0000
Episode_Reward/tracking_lin_vel_z_l2: 0.0000
            Episode_Reward/survive: 0.0000
    Episode_Reward/foot_contacts_z: 0.0000
            Episode_Reward/torques: -0.2085
 Episode_Reward/tracking_lin_vel_y: 0.0000
          Episode_Reward/lin_vel_z: -0.0082
         Episode_Reward/ang_vel_xy: -0.0022
   Episode_Reward/tracking_ang_vel: 0.2860
               Episode_Reward/work: -0.0237
            Episode_Reward/dof_acc: -0.0005
        Episode_Reward/action_rate: -0.0007
     Episode_Reward/dof_pos_limits: -0.0000
      Episode_Reward/delta_torques: -0.0002
          Episode_Reward/collision: -6.0092
        Episode_Reward/walking_dof: 0.0042
            Episode_Reward/hip_pos: -0.0128
          Episode_Reward/feet_jerk: 0.0000
              Episode_Reward/alive: 0.3000
          Episode_Reward/feet_drag: -0.0079
Episode_Reward/feet_contact_forces: -0.1942
               Episode_Reward/roll: -0.0303
        Episode_Reward/base_height: -0.0358
Episode_Reward/tracking_lin_vel_max: 0.3913
Episode_Reward/flat_orientation_l2: -0.0268
  Episode_Reward/air_time_variance: -0.0012
        Episode_Reward/feet_height: 0.0000
      Episode_Reward/feet_air_time: -0.0000
Episode_Reward/update_last_buffers: 0.0000
   Episode_Reward/wheel_idle_speed: -0.0029
    Episode_Reward/wheel_action_l2: -0.0000
  Episode_Reward/wheel_action_rate: 0.0000
Episode_Reward/teacher_ensemble_match: 0.0000
  Episode_Reward/wheel_forward_use: 0.0255
 Episode_Reward/wheel_turn_support: 0.0567
   Metrics/locomotion/error_vel_xy: 0.1578
  Metrics/locomotion/error_vel_yaw: 0.1165
      Episode_Termination/time_out: 0.9759
   Episode_Termination/bad_contact: 0.0000
          Episode_Termination/tilt: 0.0241
    Episode_Termination/low_height: 0.0000
--------------------------------------------------------------------------------
                   Total timesteps: 35328
                    Iteration time: 2.88s
                      Time elapsed: 00:01:07
                               ETA: 00:03:47

################################################################################
                      [1m Learning iteration 23/100 [0m                       

                       Computation: 549 steps/s (collection: 2.724s, learning 0.072s)
             Mean action noise std: 0.02
          Mean value_function loss: 0.6386
               Mean surrogate loss: 0.0344
                 Mean entropy loss: -37.2116
                       Mean reward: -27.86
               Mean episode length: 262.79
   Episode_Reward/term_bad_contact: 0.0000
          Episode_Reward/term_tilt: 0.0000
    Episode_Reward/term_low_height: 0.0000
      Episode_Reward/leg_action_l2: -0.0010
   Episode_Reward/tracking_lin_vel: 0.5528
Episode_Reward/tracking_lin_vel_x_exp: 1.0088
Episode_Reward/tracking_ang_vel_yaw_l1: 0.0000
Episode_Reward/tracking_ang_vel_yaw_exp: 1.0838
Episode_Reward/tracking_lin_vel_y_l2: 0.0000
Episode_Reward/tracking_lin_vel_z_l2: 0.0000
            Episode_Reward/survive: 0.0000
    Episode_Reward/foot_contacts_z: 0.0000
            Episode_Reward/torques: -0.2472
 Episode_Reward/tracking_lin_vel_y: 0.0000
          Episode_Reward/lin_vel_z: -0.0073
         Episode_Reward/ang_vel_xy: -0.0024
   Episode_Reward/tracking_ang_vel: 0.2864
               Episode_Reward/work: -0.0206
            Episode_Reward/dof_acc: -0.0006
        Episode_Reward/action_rate: -0.0003
     Episode_Reward/dof_pos_limits: 0.0000
      Episode_Reward/delta_torques: -0.0002
          Episode_Reward/collision: -5.9333
        Episode_Reward/walking_dof: 0.0031
            Episode_Reward/hip_pos: -0.0146
          Episode_Reward/feet_jerk: 0.0000
              Episode_Reward/alive: 0.3000
          Episode_Reward/feet_drag: -0.0058
Episode_Reward/feet_contact_forces: -0.1884
               Episode_Reward/roll: -0.0298
        Episode_Reward/base_height: -0.0441
Episode_Reward/tracking_lin_vel_max: 0.4068
Episode_Reward/flat_orientation_l2: -0.0484
  Episode_Reward/air_time_variance: -0.0059
        Episode_Reward/feet_height: 0.0000
      Episode_Reward/feet_air_time: -0.0000
Episode_Reward/update_last_buffers: 0.0000
   Episode_Reward/wheel_idle_speed: -0.0021
    Episode_Reward/wheel_action_l2: -0.0000
  Episode_Reward/wheel_action_rate: 0.0000
Episode_Reward/teacher_ensemble_match: 0.0000
  Episode_Reward/wheel_forward_use: 0.0183
 Episode_Reward/wheel_turn_support: 0.1140
   Metrics/locomotion/error_vel_xy: 0.1755
  Metrics/locomotion/error_vel_yaw: 0.1271
      Episode_Termination/time_out: 0.9844
   Episode_Termination/bad_contact: 0.0000
          Episode_Termination/tilt: 0.0156
    Episode_Termination/low_height: 0.0000
--------------------------------------------------------------------------------
                   Total timesteps: 36864
                    Iteration time: 2.80s
                      Time elapsed: 00:01:10
                               ETA: 00:03:44

################################################################################
                      [1m Learning iteration 24/100 [0m                       

                       Computation: 563 steps/s (collection: 2.651s, learning 0.074s)
             Mean action noise std: 0.02
          Mean value_function loss: 0.5690
               Mean surrogate loss: 0.0732
                 Mean entropy loss: -37.2116
                       Mean reward: -28.46
               Mean episode length: 271.25
   Episode_Reward/term_bad_contact: 0.0000
          Episode_Reward/term_tilt: 0.0000
    Episode_Reward/term_low_height: 0.0000
      Episode_Reward/leg_action_l2: -0.0006
   Episode_Reward/tracking_lin_vel: 0.5470
Episode_Reward/tracking_lin_vel_x_exp: 0.9578
Episode_Reward/tracking_ang_vel_yaw_l1: 0.0000
Episode_Reward/tracking_ang_vel_yaw_exp: 1.1362
Episode_Reward/tracking_lin_vel_y_l2: 0.0000
Episode_Reward/tracking_lin_vel_z_l2: 0.0000
            Episode_Reward/survive: 0.0000
    Episode_Reward/foot_contacts_z: 0.0000
            Episode_Reward/torques: -0.2661
 Episode_Reward/tracking_lin_vel_y: 0.0000
          Episode_Reward/lin_vel_z: -0.0086
         Episode_Reward/ang_vel_xy: -0.0023
   Episode_Reward/tracking_ang_vel: 0.2899
               Episode_Reward/work: -0.0223
            Episode_Reward/dof_acc: -0.0004
        Episode_Reward/action_rate: -0.0002
     Episode_Reward/dof_pos_limits: 0.0000
      Episode_Reward/delta_torques: -0.0002
          Episode_Reward/collision: -5.9250
        Episode_Reward/walking_dof: 0.0028
            Episode_Reward/hip_pos: -0.0166
          Episode_Reward/feet_jerk: 0.0000
              Episode_Reward/alive: 0.3000
          Episode_Reward/feet_drag: -0.0065
Episode_Reward/feet_contact_forces: -0.1877
               Episode_Reward/roll: -0.0273
        Episode_Reward/base_height: -0.0483
Episode_Reward/tracking_lin_vel_max: 0.3961
Episode_Reward/flat_orientation_l2: -0.0609
  Episode_Reward/air_time_variance: -0.0053
        Episode_Reward/feet_height: 0.0000
      Episode_Reward/feet_air_time: -0.0000
Episode_Reward/update_last_buffers: 0.0000
   Episode_Reward/wheel_idle_speed: -0.0021
    Episode_Reward/wheel_action_l2: -0.0000
  Episode_Reward/wheel_action_rate: 0.0000
Episode_Reward/teacher_ensemble_match: 0.0000
  Episode_Reward/wheel_forward_use: 0.0155
 Episode_Reward/wheel_turn_support: 0.1204
   Metrics/locomotion/error_vel_xy: 0.1953
  Metrics/locomotion/error_vel_yaw: 0.1052
      Episode_Termination/time_out: 0.9844
   Episode_Termination/bad_contact: 0.0000
          Episode_Termination/tilt: 0.0156
    Episode_Termination/low_height: 0.0000
--------------------------------------------------------------------------------
                   Total timesteps: 38400
                    Iteration time: 2.72s
                      Time elapsed: 00:01:12
                               ETA: 00:03:41

################################################################################
                      [1m Learning iteration 25/100 [0m                       

                       Computation: 564 steps/s (collection: 2.649s, learning 0.072s)
             Mean action noise std: 0.02
          Mean value_function loss: 0.5034
               Mean surrogate loss: 0.0171
                 Mean entropy loss: -37.2116
                       Mean reward: -29.15
               Mean episode length: 278.78
   Episode_Reward/term_bad_contact: 0.0000
          Episode_Reward/term_tilt: 0.0000
    Episode_Reward/term_low_height: 0.0000
      Episode_Reward/leg_action_l2: -0.0010
   Episode_Reward/tracking_lin_vel: 0.5316
Episode_Reward/tracking_lin_vel_x_exp: 0.8664
Episode_Reward/tracking_ang_vel_yaw_l1: 0.0000
Episode_Reward/tracking_ang_vel_yaw_exp: 1.1168
Episode_Reward/tracking_lin_vel_y_l2: 0.0000
Episode_Reward/tracking_lin_vel_z_l2: 0.0000
            Episode_Reward/survive: 0.0000
    Episode_Reward/foot_contacts_z: 0.0000
            Episode_Reward/torques: -0.2925
 Episode_Reward/tracking_lin_vel_y: 0.0000
          Episode_Reward/lin_vel_z: -0.0081
         Episode_Reward/ang_vel_xy: -0.0025
   Episode_Reward/tracking_ang_vel: 0.2841
               Episode_Reward/work: -0.0271
            Episode_Reward/dof_acc: -0.0004
        Episode_Reward/action_rate: -0.0003
     Episode_Reward/dof_pos_limits: -0.0000
      Episode_Reward/delta_torques: -0.0002
          Episode_Reward/collision: -5.9223
        Episode_Reward/walking_dof: 0.0076
            Episode_Reward/hip_pos: -0.0249
          Episode_Reward/feet_jerk: 0.0000
              Episode_Reward/alive: 0.3000
          Episode_Reward/feet_drag: -0.0082
Episode_Reward/feet_contact_forces: -0.1941
               Episode_Reward/roll: -0.0210
        Episode_Reward/base_height: -0.0581
Episode_Reward/tracking_lin_vel_max: 0.3297
Episode_Reward/flat_orientation_l2: -0.0549
  Episode_Reward/air_time_variance: -0.0022
        Episode_Reward/feet_height: 0.0000
      Episode_Reward/feet_air_time: 0.0000
Episode_Reward/update_last_buffers: 0.0000
   Episode_Reward/wheel_idle_speed: -0.0029
    Episode_Reward/wheel_action_l2: -0.0000
  Episode_Reward/wheel_action_rate: 0.0000
Episode_Reward/teacher_ensemble_match: 0.0000
  Episode_Reward/wheel_forward_use: 0.0458
 Episode_Reward/wheel_turn_support: 0.1120
   Metrics/locomotion/error_vel_xy: 0.2328
  Metrics/locomotion/error_vel_yaw: 0.1272
      Episode_Termination/time_out: 0.9844
   Episode_Termination/bad_contact: 0.0000
          Episode_Termination/tilt: 0.0156
    Episode_Termination/low_height: 0.0000
--------------------------------------------------------------------------------
                   Total timesteps: 39936
                    Iteration time: 2.72s
                      Time elapsed: 00:01:15
                               ETA: 00:03:37

################################################################################
                      [1m Learning iteration 26/100 [0m                       

                       Computation: 562 steps/s (collection: 2.656s, learning 0.072s)
             Mean action noise std: 0.02
          Mean value_function loss: 49.5536
               Mean surrogate loss: -0.0110
                 Mean entropy loss: -37.2116
                       Mean reward: -30.59
               Mean episode length: 283.42
   Episode_Reward/term_bad_contact: 0.0000
          Episode_Reward/term_tilt: -1.2500
    Episode_Reward/term_low_height: 0.0000
      Episode_Reward/leg_action_l2: -0.0007
   Episode_Reward/tracking_lin_vel: 0.5053
Episode_Reward/tracking_lin_vel_x_exp: 0.8984
Episode_Reward/tracking_ang_vel_yaw_l1: 0.0000
Episode_Reward/tracking_ang_vel_yaw_exp: 0.9476
Episode_Reward/tracking_lin_vel_y_l2: 0.0000
Episode_Reward/tracking_lin_vel_z_l2: 0.0000
            Episode_Reward/survive: 0.0000
    Episode_Reward/foot_contacts_z: 0.0000
            Episode_Reward/torques: -0.2590
 Episode_Reward/tracking_lin_vel_y: 0.0000
          Episode_Reward/lin_vel_z: -0.0080
         Episode_Reward/ang_vel_xy: -0.0027
   Episode_Reward/tracking_ang_vel: 0.2570
               Episode_Reward/work: -0.0224
            Episode_Reward/dof_acc: -0.0005
        Episode_Reward/action_rate: -0.0002
     Episode_Reward/dof_pos_limits: 0.0000
      Episode_Reward/delta_torques: -0.0002
          Episode_Reward/collision: -5.5904
        Episode_Reward/walking_dof: 0.0066
            Episode_Reward/hip_pos: -0.0180
          Episode_Reward/feet_jerk: 0.0000
              Episode_Reward/alive: 0.2755
          Episode_Reward/feet_drag: -0.0075
Episode_Reward/feet_contact_forces: -0.1749
               Episode_Reward/roll: -0.0180
        Episode_Reward/base_height: -0.0490
Episode_Reward/tracking_lin_vel_max: 0.3375
Episode_Reward/flat_orientation_l2: -0.0515
  Episode_Reward/air_time_variance: -0.0010
        Episode_Reward/feet_height: 0.0000
      Episode_Reward/feet_air_time: -0.0000
Episode_Reward/update_last_buffers: 0.0000
   Episode_Reward/wheel_idle_speed: -0.0020
    Episode_Reward/wheel_action_l2: -0.0000
  Episode_Reward/wheel_action_rate: 0.0000
Episode_Reward/teacher_ensemble_match: 0.0000
  Episode_Reward/wheel_forward_use: 0.0387
 Episode_Reward/wheel_turn_support: 0.0953
   Metrics/locomotion/error_vel_xy: 0.1748
  Metrics/locomotion/error_vel_yaw: 0.1430
      Episode_Termination/time_out: 0.9824
   Episode_Termination/bad_contact: 0.0000
          Episode_Termination/tilt: 0.0176
    Episode_Termination/low_height: 0.0000
--------------------------------------------------------------------------------
                   Total timesteps: 41472
                    Iteration time: 2.73s
                      Time elapsed: 00:01:18
                               ETA: 00:03:34

################################################################################
                      [1m Learning iteration 27/100 [0m                       

                       Computation: 563 steps/s (collection: 2.655s, learning 0.073s)
             Mean action noise std: 0.02
          Mean value_function loss: 34.7916
               Mean surrogate loss: 0.0213
                 Mean entropy loss: -37.2116
                       Mean reward: -32.41
               Mean episode length: 288.19
   Episode_Reward/term_bad_contact: 0.0000
          Episode_Reward/term_tilt: -4.1667
    Episode_Reward/term_low_height: 0.0000
      Episode_Reward/leg_action_l2: -0.0008
   Episode_Reward/tracking_lin_vel: 0.4192
Episode_Reward/tracking_lin_vel_x_exp: 0.7962
Episode_Reward/tracking_ang_vel_yaw_l1: 0.0000
Episode_Reward/tracking_ang_vel_yaw_exp: 0.8016
Episode_Reward/tracking_lin_vel_y_l2: 0.0000
Episode_Reward/tracking_lin_vel_z_l2: 0.0000
            Episode_Reward/survive: 0.0000
    Episode_Reward/foot_contacts_z: 0.0000
            Episode_Reward/torques: -0.2224
 Episode_Reward/tracking_lin_vel_y: 0.0000
          Episode_Reward/lin_vel_z: -0.0095
         Episode_Reward/ang_vel_xy: -0.0037
   Episode_Reward/tracking_ang_vel: 0.2151
               Episode_Reward/work: -0.0295
            Episode_Reward/dof_acc: -0.0004
        Episode_Reward/action_rate: -0.0003
     Episode_Reward/dof_pos_limits: -0.0000
      Episode_Reward/delta_torques: -0.0002
          Episode_Reward/collision: -5.1523
        Episode_Reward/walking_dof: 0.0065
            Episode_Reward/hip_pos: -0.0179
          Episode_Reward/feet_jerk: 0.0000
              Episode_Reward/alive: 0.2334
          Episode_Reward/feet_drag: -0.0082
Episode_Reward/feet_contact_forces: -0.1523
               Episode_Reward/roll: -0.0131
        Episode_Reward/base_height: -0.0427
Episode_Reward/tracking_lin_vel_max: 0.2953
Episode_Reward/flat_orientation_l2: -0.0342
  Episode_Reward/air_time_variance: -0.0014
        Episode_Reward/feet_height: 0.0000
      Episode_Reward/feet_air_time: -0.0000
Episode_Reward/update_last_buffers: 0.0000
   Episode_Reward/wheel_idle_speed: -0.0018
    Episode_Reward/wheel_action_l2: -0.0000
  Episode_Reward/wheel_action_rate: 0.0000
Episode_Reward/teacher_ensemble_match: 0.0000
  Episode_Reward/wheel_forward_use: 0.0374
 Episode_Reward/wheel_turn_support: 0.0718
   Metrics/locomotion/error_vel_xy: 0.1525
  Metrics/locomotion/error_vel_yaw: 0.1289
      Episode_Termination/time_out: 0.9688
   Episode_Termination/bad_contact: 0.0000
          Episode_Termination/tilt: 0.0312
    Episode_Termination/low_height: 0.0000
--------------------------------------------------------------------------------
                   Total timesteps: 43008
                    Iteration time: 2.73s
                      Time elapsed: 00:01:20
                               ETA: 00:03:30

################################################################################
                      [1m Learning iteration 28/100 [0m                       

                       Computation: 561 steps/s (collection: 2.663s, learning 0.074s)
             Mean action noise std: 0.02
          Mean value_function loss: 0.1727
               Mean surrogate loss: 0.0105
                 Mean entropy loss: -37.2116
                       Mean reward: -32.71
               Mean episode length: 291.05
   Episode_Reward/term_bad_contact: 0.0000
          Episode_Reward/term_tilt: 0.0000
    Episode_Reward/term_low_height: 0.0000
      Episode_Reward/leg_action_l2: -0.0012
   Episode_Reward/tracking_lin_vel: 0.5625
Episode_Reward/tracking_lin_vel_x_exp: 1.0856
Episode_Reward/tracking_ang_vel_yaw_l1: 0.0000
Episode_Reward/tracking_ang_vel_yaw_exp: 1.1140
Episode_Reward/tracking_lin_vel_y_l2: 0.0000
Episode_Reward/tracking_lin_vel_z_l2: 0.0000
            Episode_Reward/survive: 0.0000
    Episode_Reward/foot_contacts_z: 0.0000
            Episode_Reward/torques: -0.2610
 Episode_Reward/tracking_lin_vel_y: 0.0000
          Episode_Reward/lin_vel_z: -0.0091
         Episode_Reward/ang_vel_xy: -0.0018
   Episode_Reward/tracking_ang_vel: 0.2890
               Episode_Reward/work: -0.0265
            Episode_Reward/dof_acc: -0.0003
        Episode_Reward/action_rate: -0.0004
     Episode_Reward/dof_pos_limits: 0.0000
      Episode_Reward/delta_torques: -0.0002
          Episode_Reward/collision: -6.8662
        Episode_Reward/walking_dof: 0.0012
            Episode_Reward/hip_pos: -0.0167
          Episode_Reward/feet_jerk: 0.0000
              Episode_Reward/alive: 0.3000
          Episode_Reward/feet_drag: -0.0070
Episode_Reward/feet_contact_forces: -0.1929
               Episode_Reward/roll: -0.0130
        Episode_Reward/base_height: -0.0486
Episode_Reward/tracking_lin_vel_max: 0.4072
Episode_Reward/flat_orientation_l2: -0.0449
  Episode_Reward/air_time_variance: -0.0004
        Episode_Reward/feet_height: 0.0000
      Episode_Reward/feet_air_time: 0.0000
Episode_Reward/update_last_buffers: 0.0000
   Episode_Reward/wheel_idle_speed: -0.0024
    Episode_Reward/wheel_action_l2: -0.0000
  Episode_Reward/wheel_action_rate: 0.0000
Episode_Reward/teacher_ensemble_match: 0.0000
  Episode_Reward/wheel_forward_use: 0.0077
 Episode_Reward/wheel_turn_support: 0.1044
   Metrics/locomotion/error_vel_xy: 0.1427
  Metrics/locomotion/error_vel_yaw: 0.1122
      Episode_Termination/time_out: 0.9688
   Episode_Termination/bad_contact: 0.0000
          Episode_Termination/tilt: 0.0312
    Episode_Termination/low_height: 0.0000
--------------------------------------------------------------------------------
                   Total timesteps: 44544
                    Iteration time: 2.74s
                      Time elapsed: 00:01:23
                               ETA: 00:03:27

################################################################################
                      [1m Learning iteration 29/100 [0m                       

                       Computation: 564 steps/s (collection: 2.651s, learning 0.072s)
             Mean action noise std: 0.02
          Mean value_function loss: 0.2015
               Mean surrogate loss: 0.0094
                 Mean entropy loss: -37.2116
                       Mean reward: -32.23
               Mean episode length: 293.26
   Episode_Reward/term_bad_contact: 0.0000
          Episode_Reward/term_tilt: 0.0000
    Episode_Reward/term_low_height: 0.0000
      Episode_Reward/leg_action_l2: -0.0006
   Episode_Reward/tracking_lin_vel: 0.5501
Episode_Reward/tracking_lin_vel_x_exp: 0.9756
Episode_Reward/tracking_ang_vel_yaw_l1: 0.0000
Episode_Reward/tracking_ang_vel_yaw_exp: 1.1802
Episode_Reward/tracking_lin_vel_y_l2: 0.0000
Episode_Reward/tracking_lin_vel_z_l2: 0.0000
            Episode_Reward/survive: 0.0000
    Episode_Reward/foot_contacts_z: 0.0000
            Episode_Reward/torques: -0.2288
 Episode_Reward/tracking_lin_vel_y: 0.0000
          Episode_Reward/lin_vel_z: -0.0049
         Episode_Reward/ang_vel_xy: -0.0018
   Episode_Reward/tracking_ang_vel: 0.2904
               Episode_Reward/work: -0.0160
            Episode_Reward/dof_acc: -0.0004
        Episode_Reward/action_rate: -0.0002
     Episode_Reward/dof_pos_limits: 0.0000
      Episode_Reward/delta_torques: -0.0002
          Episode_Reward/collision: -6.0563
        Episode_Reward/walking_dof: 0.0040
            Episode_Reward/hip_pos: -0.0096
          Episode_Reward/feet_jerk: 0.0000
              Episode_Reward/alive: 0.3000
          Episode_Reward/feet_drag: -0.0054
Episode_Reward/feet_contact_forces: -0.1860
               Episode_Reward/roll: -0.0320
        Episode_Reward/base_height: -0.0367
Episode_Reward/tracking_lin_vel_max: 0.3868
Episode_Reward/flat_orientation_l2: -0.0505
  Episode_Reward/air_time_variance: -0.0011
        Episode_Reward/feet_height: 0.0000
      Episode_Reward/feet_air_time: -0.0000
Episode_Reward/update_last_buffers: 0.0000
   Episode_Reward/wheel_idle_speed: -0.0009
    Episode_Reward/wheel_action_l2: -0.0000
  Episode_Reward/wheel_action_rate: 0.0000
Episode_Reward/teacher_ensemble_match: 0.0000
  Episode_Reward/wheel_forward_use: 0.0240
 Episode_Reward/wheel_turn_support: 0.0642
   Metrics/locomotion/error_vel_xy: 0.1833
  Metrics/locomotion/error_vel_yaw: 0.0949
      Episode_Termination/time_out: 0.9688
   Episode_Termination/bad_contact: 0.0000
          Episode_Termination/tilt: 0.0312
    Episode_Termination/low_height: 0.0000
--------------------------------------------------------------------------------
                   Total timesteps: 46080
                    Iteration time: 2.72s
                      Time elapsed: 00:01:26
                               ETA: 00:03:24

################################################################################
                      [1m Learning iteration 30/100 [0m                       

                       Computation: 546 steps/s (collection: 2.739s, learning 0.074s)
             Mean action noise std: 0.02
          Mean value_function loss: 0.7486
               Mean surrogate loss: -0.0086
                 Mean entropy loss: -37.2116
                       Mean reward: -32.59
               Mean episode length: 296.54
   Episode_Reward/term_bad_contact: 0.0000
          Episode_Reward/term_tilt: 0.0000
    Episode_Reward/term_low_height: 0.0000
      Episode_Reward/leg_action_l2: -0.0008
   Episode_Reward/tracking_lin_vel: 0.5555
Episode_Reward/tracking_lin_vel_x_exp: 1.0314
Episode_Reward/tracking_ang_vel_yaw_l1: 0.0000
Episode_Reward/tracking_ang_vel_yaw_exp: 1.1133
Episode_Reward/tracking_lin_vel_y_l2: 0.0000
Episode_Reward/tracking_lin_vel_z_l2: 0.0000
            Episode_Reward/survive: 0.0000
    Episode_Reward/foot_contacts_z: 0.0000
            Episode_Reward/torques: -0.2658
 Episode_Reward/tracking_lin_vel_y: 0.0000
          Episode_Reward/lin_vel_z: -0.0081
         Episode_Reward/ang_vel_xy: -0.0020
   Episode_Reward/tracking_ang_vel: 0.2885
               Episode_Reward/work: -0.0236
            Episode_Reward/dof_acc: -0.0006
        Episode_Reward/action_rate: -0.0003
     Episode_Reward/dof_pos_limits: 0.0000
      Episode_Reward/delta_torques: -0.0002
          Episode_Reward/collision: -6.1006
        Episode_Reward/walking_dof: 0.0089
            Episode_Reward/hip_pos: -0.0201
          Episode_Reward/feet_jerk: 0.0000
              Episode_Reward/alive: 0.3000
          Episode_Reward/feet_drag: -0.0078
Episode_Reward/feet_contact_forces: -0.1911
               Episode_Reward/roll: -0.0229
        Episode_Reward/base_height: -0.0512
Episode_Reward/tracking_lin_vel_max: 0.3516
Episode_Reward/flat_orientation_l2: -0.0496
  Episode_Reward/air_time_variance: -0.0007
        Episode_Reward/feet_height: 0.0000
      Episode_Reward/feet_air_time: -0.0000
Episode_Reward/update_last_buffers: 0.0000
   Episode_Reward/wheel_idle_speed: -0.0016
    Episode_Reward/wheel_action_l2: -0.0000
  Episode_Reward/wheel_action_rate: 0.0000
Episode_Reward/teacher_ensemble_match: 0.0000
  Episode_Reward/wheel_forward_use: 0.0561
 Episode_Reward/wheel_turn_support: 0.1102
   Metrics/locomotion/error_vel_xy: 0.1707
  Metrics/locomotion/error_vel_yaw: 0.1147
      Episode_Termination/time_out: 0.9688
   Episode_Termination/bad_contact: 0.0000
          Episode_Termination/tilt: 0.0312
    Episode_Termination/low_height: 0.0000
--------------------------------------------------------------------------------
                   Total timesteps: 47616
                    Iteration time: 2.81s
                      Time elapsed: 00:01:29
                               ETA: 00:03:21

################################################################################
                      [1m Learning iteration 31/100 [0m                       

                       Computation: 548 steps/s (collection: 2.724s, learning 0.076s)
             Mean action noise std: 0.02
          Mean value_function loss: 0.5014
               Mean surrogate loss: 0.0066
                 Mean entropy loss: -37.2116
                       Mean reward: -32.60
               Mean episode length: 297.58
   Episode_Reward/term_bad_contact: 0.0000
          Episode_Reward/term_tilt: 0.0000
    Episode_Reward/term_low_height: 0.0000
      Episode_Reward/leg_action_l2: -0.0015
   Episode_Reward/tracking_lin_vel: 0.5644
Episode_Reward/tracking_lin_vel_x_exp: 1.0598
Episode_Reward/tracking_ang_vel_yaw_l1: 0.0000
Episode_Reward/tracking_ang_vel_yaw_exp: 1.1423
Episode_Reward/tracking_lin_vel_y_l2: 0.0000
Episode_Reward/tracking_lin_vel_z_l2: 0.0000
            Episode_Reward/survive: 0.0000
    Episode_Reward/foot_contacts_z: 0.0000
            Episode_Reward/torques: -0.2493
 Episode_Reward/tracking_lin_vel_y: 0.0000
          Episode_Reward/lin_vel_z: -0.0076
         Episode_Reward/ang_vel_xy: -0.0019
   Episode_Reward/tracking_ang_vel: 0.2896
               Episode_Reward/work: -0.0197
            Episode_Reward/dof_acc: -0.0004
        Episode_Reward/action_rate: -0.0005
     Episode_Reward/dof_pos_limits: -0.0000
      Episode_Reward/delta_torques: -0.0002
          Episode_Reward/collision: -6.0504
        Episode_Reward/walking_dof: 0.0032
            Episode_Reward/hip_pos: -0.0198
          Episode_Reward/feet_jerk: 0.0000
              Episode_Reward/alive: 0.3000
          Episode_Reward/feet_drag: -0.0064
Episode_Reward/feet_contact_forces: -0.1916
               Episode_Reward/roll: -0.0226
        Episode_Reward/base_height: -0.0475
Episode_Reward/tracking_lin_vel_max: 0.3982
Episode_Reward/flat_orientation_l2: -0.0425
  Episode_Reward/air_time_variance: -0.0007
        Episode_Reward/feet_height: 0.0000
      Episode_Reward/feet_air_time: -0.0000
Episode_Reward/update_last_buffers: 0.0000
   Episode_Reward/wheel_idle_speed: -0.0017
    Episode_Reward/wheel_action_l2: -0.0000
  Episode_Reward/wheel_action_rate: 0.0000
Episode_Reward/teacher_ensemble_match: 0.0000
  Episode_Reward/wheel_forward_use: 0.0199
 Episode_Reward/wheel_turn_support: 0.0945
   Metrics/locomotion/error_vel_xy: 0.1508
  Metrics/locomotion/error_vel_yaw: 0.1045
      Episode_Termination/time_out: 0.9688
   Episode_Termination/bad_contact: 0.0000
          Episode_Termination/tilt: 0.0312
    Episode_Termination/low_height: 0.0000
--------------------------------------------------------------------------------
                   Total timesteps: 49152
                    Iteration time: 2.80s
                      Time elapsed: 00:01:31
                               ETA: 00:03:18

################################################################################
                      [1m Learning iteration 32/100 [0m                       

                       Computation: 533 steps/s (collection: 2.802s, learning 0.077s)
             Mean action noise std: 0.02
          Mean value_function loss: 0.3419
               Mean surrogate loss: 0.0029
                 Mean entropy loss: -37.2116
                       Mean reward: -32.65
               Mean episode length: 297.58
   Episode_Reward/term_bad_contact: 0.0000
          Episode_Reward/term_tilt: 0.0000
    Episode_Reward/term_low_height: 0.0000
      Episode_Reward/leg_action_l2: -0.0007
   Episode_Reward/tracking_lin_vel: 0.5516
Episode_Reward/tracking_lin_vel_x_exp: 0.9348
Episode_Reward/tracking_ang_vel_yaw_l1: 0.0000
Episode_Reward/tracking_ang_vel_yaw_exp: 1.1710
Episode_Reward/tracking_lin_vel_y_l2: 0.0000
Episode_Reward/tracking_lin_vel_z_l2: 0.0000
            Episode_Reward/survive: 0.0000
    Episode_Reward/foot_contacts_z: 0.0000
            Episode_Reward/torques: -0.2842
 Episode_Reward/tracking_lin_vel_y: 0.0000
          Episode_Reward/lin_vel_z: -0.0077
         Episode_Reward/ang_vel_xy: -0.0023
   Episode_Reward/tracking_ang_vel: 0.2883
               Episode_Reward/work: -0.0206
            Episode_Reward/dof_acc: -0.0005
        Episode_Reward/action_rate: -0.0002
     Episode_Reward/dof_pos_limits: 0.0000
      Episode_Reward/delta_torques: -0.0002
          Episode_Reward/collision: -5.9404
        Episode_Reward/walking_dof: 0.0002
            Episode_Reward/hip_pos: -0.0262
          Episode_Reward/feet_jerk: 0.0000
              Episode_Reward/alive: 0.3000
          Episode_Reward/feet_drag: -0.0059
Episode_Reward/feet_contact_forces: -0.1905
               Episode_Reward/roll: -0.0303
        Episode_Reward/base_height: -0.0595
Episode_Reward/tracking_lin_vel_max: 0.4252
Episode_Reward/flat_orientation_l2: -0.0558
  Episode_Reward/air_time_variance: -0.0011
        Episode_Reward/feet_height: 0.0000
      Episode_Reward/feet_air_time: 0.0000
Episode_Reward/update_last_buffers: 0.0000
   Episode_Reward/wheel_idle_speed: -0.0026
    Episode_Reward/wheel_action_l2: -0.0000
  Episode_Reward/wheel_action_rate: 0.0000
Episode_Reward/teacher_ensemble_match: 0.0000
  Episode_Reward/wheel_forward_use: 0.0011
 Episode_Reward/wheel_turn_support: 0.0741
   Metrics/locomotion/error_vel_xy: 0.1916
  Metrics/locomotion/error_vel_yaw: 0.1024
      Episode_Termination/time_out: 0.9688
   Episode_Termination/bad_contact: 0.0000
          Episode_Termination/tilt: 0.0312
    Episode_Termination/low_height: 0.0000
--------------------------------------------------------------------------------
                   Total timesteps: 50688
                    Iteration time: 2.88s
                      Time elapsed: 00:01:34
                               ETA: 00:03:15

################################################################################
                      [1m Learning iteration 33/100 [0m                       

                       Computation: 547 steps/s (collection: 2.729s, learning 0.074s)
             Mean action noise std: 0.02
          Mean value_function loss: 29.3005
               Mean surrogate loss: 0.0068
                 Mean entropy loss: -37.2116
                       Mean reward: -33.84
               Mean episode length: 296.95
   Episode_Reward/term_bad_contact: 0.0000
          Episode_Reward/term_tilt: -0.8333
    Episode_Reward/term_low_height: 0.0000
      Episode_Reward/leg_action_l2: -0.0007
   Episode_Reward/tracking_lin_vel: 0.5385
Episode_Reward/tracking_lin_vel_x_exp: 0.9744
Episode_Reward/tracking_ang_vel_yaw_l1: 0.0000
Episode_Reward/tracking_ang_vel_yaw_exp: 1.1003
Episode_Reward/tracking_lin_vel_y_l2: 0.0000
Episode_Reward/tracking_lin_vel_z_l2: 0.0000
            Episode_Reward/survive: 0.0000
    Episode_Reward/foot_contacts_z: 0.0000
            Episode_Reward/torques: -0.2552
 Episode_Reward/tracking_lin_vel_y: 0.0000
          Episode_Reward/lin_vel_z: -0.0069
         Episode_Reward/ang_vel_xy: -0.0023
   Episode_Reward/tracking_ang_vel: 0.2817
               Episode_Reward/work: -0.0217
            Episode_Reward/dof_acc: -0.0004
        Episode_Reward/action_rate: -0.0002
     Episode_Reward/dof_pos_limits: -0.0000
      Episode_Reward/delta_torques: -0.0002
          Episode_Reward/collision: -6.2733
        Episode_Reward/walking_dof: 0.0020
            Episode_Reward/hip_pos: -0.0151
          Episode_Reward/feet_jerk: 0.0000
              Episode_Reward/alive: 0.2947
          Episode_Reward/feet_drag: -0.0059
Episode_Reward/feet_contact_forces: -0.1857
               Episode_Reward/roll: -0.0208
        Episode_Reward/base_height: -0.0450
Episode_Reward/tracking_lin_vel_max: 0.4033
Episode_Reward/flat_orientation_l2: -0.0543
  Episode_Reward/air_time_variance: -0.0009
        Episode_Reward/feet_height: 0.0000
      Episode_Reward/feet_air_time: -0.0000
Episode_Reward/update_last_buffers: 0.0000
   Episode_Reward/wheel_idle_speed: -0.0017
    Episode_Reward/wheel_action_l2: -0.0000
  Episode_Reward/wheel_action_rate: 0.0000
Episode_Reward/teacher_ensemble_match: 0.0000
  Episode_Reward/wheel_forward_use: 0.0119
 Episode_Reward/wheel_turn_support: 0.0943
   Metrics/locomotion/error_vel_xy: 0.1846
  Metrics/locomotion/error_vel_yaw: 0.1157
      Episode_Termination/time_out: 0.9570
   Episode_Termination/bad_contact: 0.0000
          Episode_Termination/tilt: 0.0430
    Episode_Termination/low_height: 0.0000
--------------------------------------------------------------------------------
                   Total timesteps: 52224
                    Iteration time: 2.80s
                      Time elapsed: 00:01:37
                               ETA: 00:03:12

################################################################################
                      [1m Learning iteration 34/100 [0m                       

                       Computation: 546 steps/s (collection: 2.733s, learning 0.076s)
             Mean action noise std: 0.02
          Mean value_function loss: 0.3435
               Mean surrogate loss: 0.0146
                 Mean entropy loss: -37.2116
                       Mean reward: -32.91
               Mean episode length: 297.26
   Episode_Reward/term_bad_contact: 0.0000
          Episode_Reward/term_tilt: 0.0000
    Episode_Reward/term_low_height: 0.0000
      Episode_Reward/leg_action_l2: -0.0009
   Episode_Reward/tracking_lin_vel: 0.5577
Episode_Reward/tracking_lin_vel_x_exp: 1.0437
Episode_Reward/tracking_ang_vel_yaw_l1: 0.0000
Episode_Reward/tracking_ang_vel_yaw_exp: 1.1706
Episode_Reward/tracking_lin_vel_y_l2: 0.0000
Episode_Reward/tracking_lin_vel_z_l2: 0.0000
            Episode_Reward/survive: 0.0000
    Episode_Reward/foot_contacts_z: 0.0000
            Episode_Reward/torques: -0.2444
 Episode_Reward/tracking_lin_vel_y: 0.0000
          Episode_Reward/lin_vel_z: -0.0084
         Episode_Reward/ang_vel_xy: -0.0019
   Episode_Reward/tracking_ang_vel: 0.2888
               Episode_Reward/work: -0.0243
            Episode_Reward/dof_acc: -0.0004
        Episode_Reward/action_rate: -0.0003
     Episode_Reward/dof_pos_limits: 0.0000
      Episode_Reward/delta_torques: -0.0002
          Episode_Reward/collision: -6.5950
        Episode_Reward/walking_dof: 0.0049
            Episode_Reward/hip_pos: -0.0114
          Episode_Reward/feet_jerk: 0.0000
              Episode_Reward/alive: 0.3000
          Episode_Reward/feet_drag: -0.0068
Episode_Reward/feet_contact_forces: -0.1926
               Episode_Reward/roll: -0.0201
        Episode_Reward/base_height: -0.0411
Episode_Reward/tracking_lin_vel_max: 0.3788
Episode_Reward/flat_orientation_l2: -0.0472
  Episode_Reward/air_time_variance: -0.0006
        Episode_Reward/feet_height: 0.0000
      Episode_Reward/feet_air_time: -0.0000
Episode_Reward/update_last_buffers: 0.0000
   Episode_Reward/wheel_idle_speed: -0.0020
    Episode_Reward/wheel_action_l2: -0.0000
  Episode_Reward/wheel_action_rate: 0.0000
Episode_Reward/teacher_ensemble_match: 0.0000
  Episode_Reward/wheel_forward_use: 0.0299
 Episode_Reward/wheel_turn_support: 0.0786
   Metrics/locomotion/error_vel_xy: 0.1636
  Metrics/locomotion/error_vel_yaw: 0.1019
      Episode_Termination/time_out: 0.9531
   Episode_Termination/bad_contact: 0.0000
          Episode_Termination/tilt: 0.0469
    Episode_Termination/low_height: 0.0000
--------------------------------------------------------------------------------
                   Total timesteps: 53760
                    Iteration time: 2.81s
                      Time elapsed: 00:01:40
                               ETA: 00:03:09

################################################################################
                      [1m Learning iteration 35/100 [0m                       

                       Computation: 552 steps/s (collection: 2.706s, learning 0.075s)
             Mean action noise std: 0.02
          Mean value_function loss: 0.3728
               Mean surrogate loss: 0.0041
                 Mean entropy loss: -37.2116
                       Mean reward: -32.72
               Mean episode length: 297.26
   Episode_Reward/term_bad_contact: 0.0000
          Episode_Reward/term_tilt: 0.0000
    Episode_Reward/term_low_height: 0.0000
      Episode_Reward/leg_action_l2: -0.0022
   Episode_Reward/tracking_lin_vel: 0.5600
Episode_Reward/tracking_lin_vel_x_exp: 1.0400
Episode_Reward/tracking_ang_vel_yaw_l1: 0.0000
Episode_Reward/tracking_ang_vel_yaw_exp: 1.1549
Episode_Reward/tracking_lin_vel_y_l2: 0.0000
Episode_Reward/tracking_lin_vel_z_l2: 0.0000
            Episode_Reward/survive: 0.0000
    Episode_Reward/foot_contacts_z: 0.0000
            Episode_Reward/torques: -0.2089
 Episode_Reward/tracking_lin_vel_y: 0.0000
          Episode_Reward/lin_vel_z: -0.0068
         Episode_Reward/ang_vel_xy: -0.0016
   Episode_Reward/tracking_ang_vel: 0.2886
               Episode_Reward/work: -0.0225
            Episode_Reward/dof_acc: -0.0006
        Episode_Reward/action_rate: -0.0007
     Episode_Reward/dof_pos_limits: 0.0000
      Episode_Reward/delta_torques: -0.0002
          Episode_Reward/collision: -5.9821
        Episode_Reward/walking_dof: 0.0116
            Episode_Reward/hip_pos: -0.0060
          Episode_Reward/feet_jerk: 0.0000
              Episode_Reward/alive: 0.3000
          Episode_Reward/feet_drag: -0.0091
Episode_Reward/feet_contact_forces: -0.1922
               Episode_Reward/roll: -0.0327
        Episode_Reward/base_height: -0.0251
Episode_Reward/tracking_lin_vel_max: 0.3463
Episode_Reward/flat_orientation_l2: -0.0374
  Episode_Reward/air_time_variance: -0.0005
        Episode_Reward/feet_height: 0.0000
      Episode_Reward/feet_air_time: -0.0000
Episode_Reward/update_last_buffers: 0.0000
   Episode_Reward/wheel_idle_speed: -0.0013
    Episode_Reward/wheel_action_l2: -0.0000
  Episode_Reward/wheel_action_rate: 0.0000
Episode_Reward/teacher_ensemble_match: 0.0000
  Episode_Reward/wheel_forward_use: 0.0712
 Episode_Reward/wheel_turn_support: 0.0610
   Metrics/locomotion/error_vel_xy: 0.1564
  Metrics/locomotion/error_vel_yaw: 0.1041
      Episode_Termination/time_out: 0.9531
   Episode_Termination/bad_contact: 0.0000
          Episode_Termination/tilt: 0.0469
    Episode_Termination/low_height: 0.0000
--------------------------------------------------------------------------------
                   Total timesteps: 55296
                    Iteration time: 2.78s
                      Time elapsed: 00:01:43
                               ETA: 00:03:06

################################################################################
                      [1m Learning iteration 36/100 [0m                       

                       Computation: 538 steps/s (collection: 2.777s, learning 0.075s)
             Mean action noise std: 0.02
          Mean value_function loss: 81.0173
               Mean surrogate loss: -0.0056
                 Mean entropy loss: -37.2116
                       Mean reward: -34.30
               Mean episode length: 296.33
   Episode_Reward/term_bad_contact: 0.0000
          Episode_Reward/term_tilt: -2.9167
    Episode_Reward/term_low_height: 0.0000
      Episode_Reward/leg_action_l2: -0.0011
   Episode_Reward/tracking_lin_vel: 0.5122
Episode_Reward/tracking_lin_vel_x_exp: 0.8835
Episode_Reward/tracking_ang_vel_yaw_l1: 0.0000
Episode_Reward/tracking_ang_vel_yaw_exp: 1.0226
Episode_Reward/tracking_lin_vel_y_l2: 0.0000
Episode_Reward/tracking_lin_vel_z_l2: 0.0000
            Episode_Reward/survive: 0.0000
    Episode_Reward/foot_contacts_z: 0.0000
            Episode_Reward/torques: -0.2455
 Episode_Reward/tracking_lin_vel_y: 0.0000
          Episode_Reward/lin_vel_z: -0.0073
         Episode_Reward/ang_vel_xy: -0.0033
   Episode_Reward/tracking_ang_vel: 0.2658
               Episode_Reward/work: -0.0255
            Episode_Reward/dof_acc: -0.0004
        Episode_Reward/action_rate: -0.0003
     Episode_Reward/dof_pos_limits: -0.0000
      Episode_Reward/delta_torques: -0.0002
          Episode_Reward/collision: -5.6092
        Episode_Reward/walking_dof: 0.0049
            Episode_Reward/hip_pos: -0.0218
          Episode_Reward/feet_jerk: 0.0000
              Episode_Reward/alive: 0.2832
          Episode_Reward/feet_drag: -0.0078
Episode_Reward/feet_contact_forces: -0.1812
               Episode_Reward/roll: -0.0218
        Episode_Reward/base_height: -0.0493
Episode_Reward/tracking_lin_vel_max: 0.3674
Episode_Reward/flat_orientation_l2: -0.0436
  Episode_Reward/air_time_variance: -0.0014
        Episode_Reward/feet_height: 0.0000
      Episode_Reward/feet_air_time: -0.0000
Episode_Reward/update_last_buffers: 0.0000
   Episode_Reward/wheel_idle_speed: -0.0021
    Episode_Reward/wheel_action_l2: -0.0000
  Episode_Reward/wheel_action_rate: 0.0000
Episode_Reward/teacher_ensemble_match: 0.0000
  Episode_Reward/wheel_forward_use: 0.0297
 Episode_Reward/wheel_turn_support: 0.0787
   Metrics/locomotion/error_vel_xy: 0.1978
  Metrics/locomotion/error_vel_yaw: 0.1328
      Episode_Termination/time_out: 0.9492
   Episode_Termination/bad_contact: 0.0000
          Episode_Termination/tilt: 0.0508
    Episode_Termination/low_height: 0.0000
--------------------------------------------------------------------------------
                   Total timesteps: 56832
                    Iteration time: 2.85s
                      Time elapsed: 00:01:46
                               ETA: 00:03:03

################################################################################
                      [1m Learning iteration 37/100 [0m                       

                       Computation: 544 steps/s (collection: 2.745s, learning 0.076s)
             Mean action noise std: 0.02
          Mean value_function loss: 0.3115
               Mean surrogate loss: 0.0240
                 Mean entropy loss: -37.2116
                       Mean reward: -34.34
               Mean episode length: 296.33
   Episode_Reward/term_bad_contact: 0.0000
          Episode_Reward/term_tilt: 0.0000
    Episode_Reward/term_low_height: 0.0000
      Episode_Reward/leg_action_l2: -0.0005
   Episode_Reward/tracking_lin_vel: 0.5442
Episode_Reward/tracking_lin_vel_x_exp: 0.9077
Episode_Reward/tracking_ang_vel_yaw_l1: 0.0000
Episode_Reward/tracking_ang_vel_yaw_exp: 1.1347
Episode_Reward/tracking_lin_vel_y_l2: 0.0000
Episode_Reward/tracking_lin_vel_z_l2: 0.0000
            Episode_Reward/survive: 0.0000
    Episode_Reward/foot_contacts_z: 0.0000
            Episode_Reward/torques: -0.2710
 Episode_Reward/tracking_lin_vel_y: 0.0000
          Episode_Reward/lin_vel_z: -0.0084
         Episode_Reward/ang_vel_xy: -0.0020
   Episode_Reward/tracking_ang_vel: 0.2907
               Episode_Reward/work: -0.0230
            Episode_Reward/dof_acc: -0.0004
        Episode_Reward/action_rate: -0.0002
     Episode_Reward/dof_pos_limits: 0.0000
      Episode_Reward/delta_torques: -0.0002
          Episode_Reward/collision: -6.1304
        Episode_Reward/walking_dof: 0.0025
            Episode_Reward/hip_pos: -0.0186
          Episode_Reward/feet_jerk: 0.0000
              Episode_Reward/alive: 0.3000
          Episode_Reward/feet_drag: -0.0057
Episode_Reward/feet_contact_forces: -0.1901
               Episode_Reward/roll: -0.0281
        Episode_Reward/base_height: -0.0509
Episode_Reward/tracking_lin_vel_max: 0.3985
Episode_Reward/flat_orientation_l2: -0.0599
  Episode_Reward/air_time_variance: -0.0007
        Episode_Reward/feet_height: 0.0000
      Episode_Reward/feet_air_time: 0.0000
Episode_Reward/update_last_buffers: 0.0000
   Episode_Reward/wheel_idle_speed: -0.0017
    Episode_Reward/wheel_action_l2: -0.0000
  Episode_Reward/wheel_action_rate: 0.0000
Episode_Reward/teacher_ensemble_match: 0.0000
  Episode_Reward/wheel_forward_use: 0.0155
 Episode_Reward/wheel_turn_support: 0.0814
   Metrics/locomotion/error_vel_xy: 0.2057
  Metrics/locomotion/error_vel_yaw: 0.1037
      Episode_Termination/time_out: 0.9375
   Episode_Termination/bad_contact: 0.0000
          Episode_Termination/tilt: 0.0625
    Episode_Termination/low_height: 0.0000
--------------------------------------------------------------------------------
                   Total timesteps: 58368
                    Iteration time: 2.82s
                      Time elapsed: 00:01:48
                               ETA: 00:03:00

################################################################################
                      [1m Learning iteration 38/100 [0m                       

                       Computation: 544 steps/s (collection: 2.742s, learning 0.077s)
             Mean action noise std: 0.02
          Mean value_function loss: 0.2482
               Mean surrogate loss: 0.0094
                 Mean entropy loss: -37.2116
                       Mean reward: -34.31
               Mean episode length: 296.33
   Episode_Reward/term_bad_contact: 0.0000
          Episode_Reward/term_tilt: 0.0000
    Episode_Reward/term_low_height: 0.0000
      Episode_Reward/leg_action_l2: -0.0007
   Episode_Reward/tracking_lin_vel: 0.5521
Episode_Reward/tracking_lin_vel_x_exp: 0.9998
Episode_Reward/tracking_ang_vel_yaw_l1: 0.0000
Episode_Reward/tracking_ang_vel_yaw_exp: 1.1374
Episode_Reward/tracking_lin_vel_y_l2: 0.0000
Episode_Reward/tracking_lin_vel_z_l2: 0.0000
            Episode_Reward/survive: 0.0000
    Episode_Reward/foot_contacts_z: 0.0000
            Episode_Reward/torques: -0.2636
 Episode_Reward/tracking_lin_vel_y: 0.0000
          Episode_Reward/lin_vel_z: -0.0068
         Episode_Reward/ang_vel_xy: -0.0022
   Episode_Reward/tracking_ang_vel: 0.2834
               Episode_Reward/work: -0.0201
            Episode_Reward/dof_acc: -0.0004
        Episode_Reward/action_rate: -0.0002
     Episode_Reward/dof_pos_limits: 0.0000
      Episode_Reward/delta_torques: -0.0002
          Episode_Reward/collision: -5.9221
        Episode_Reward/walking_dof: 0.0000
            Episode_Reward/hip_pos: -0.0149
          Episode_Reward/feet_jerk: 0.0000
              Episode_Reward/alive: 0.3000
          Episode_Reward/feet_drag: -0.0045
Episode_Reward/feet_contact_forces: -0.1893
               Episode_Reward/roll: -0.0313
        Episode_Reward/base_height: -0.0488
Episode_Reward/tracking_lin_vel_max: 0.4339
Episode_Reward/flat_orientation_l2: -0.0533
  Episode_Reward/air_time_variance: -0.0013
        Episode_Reward/feet_height: 0.0000
      Episode_Reward/feet_air_time: 0.0000
Episode_Reward/update_last_buffers: 0.0000
   Episode_Reward/wheel_idle_speed: -0.0016
    Episode_Reward/wheel_action_l2: -0.0000
  Episode_Reward/wheel_action_rate: 0.0000
Episode_Reward/teacher_ensemble_match: 0.0000
  Episode_Reward/wheel_forward_use: 0.0000
 Episode_Reward/wheel_turn_support: 0.0962
   Metrics/locomotion/error_vel_xy: 0.1790
  Metrics/locomotion/error_vel_yaw: 0.1261
      Episode_Termination/time_out: 0.9375
   Episode_Termination/bad_contact: 0.0000
          Episode_Termination/tilt: 0.0625
    Episode_Termination/low_height: 0.0000
--------------------------------------------------------------------------------
                   Total timesteps: 59904
                    Iteration time: 2.82s
                      Time elapsed: 00:01:51
                               ETA: 00:02:57

################################################################################
                      [1m Learning iteration 39/100 [0m                       

                       Computation: 537 steps/s (collection: 2.781s, learning 0.074s)
             Mean action noise std: 0.02
          Mean value_function loss: 0.1822
               Mean surrogate loss: 0.0138
                 Mean entropy loss: -37.2116
                       Mean reward: -34.25
               Mean episode length: 296.33
   Episode_Reward/term_bad_contact: 0.0000
          Episode_Reward/term_tilt: 0.0000
    Episode_Reward/term_low_height: 0.0000
      Episode_Reward/leg_action_l2: -0.0022
   Episode_Reward/tracking_lin_vel: 0.5709
Episode_Reward/tracking_lin_vel_x_exp: 1.1089
Episode_Reward/tracking_ang_vel_yaw_l1: 0.0000
Episode_Reward/tracking_ang_vel_yaw_exp: 1.1619
Episode_Reward/tracking_lin_vel_y_l2: 0.0000
Episode_Reward/tracking_lin_vel_z_l2: 0.0000
            Episode_Reward/survive: 0.0000
    Episode_Reward/foot_contacts_z: 0.0000
            Episode_Reward/torques: -0.1663
 Episode_Reward/tracking_lin_vel_y: 0.0000
          Episode_Reward/lin_vel_z: -0.0080
         Episode_Reward/ang_vel_xy: -0.0016
   Episode_Reward/tracking_ang_vel: 0.2900
               Episode_Reward/work: -0.0253
            Episode_Reward/dof_acc: -0.0007
        Episode_Reward/action_rate: -0.0007
     Episode_Reward/dof_pos_limits: 0.0000
      Episode_Reward/delta_torques: -0.0001
          Episode_Reward/collision: -5.9883
        Episode_Reward/walking_dof: 0.0097
            Episode_Reward/hip_pos: -0.0077
          Episode_Reward/feet_jerk: 0.0000
              Episode_Reward/alive: 0.3000
          Episode_Reward/feet_drag: -0.0084
Episode_Reward/feet_contact_forces: -0.1937
               Episode_Reward/roll: -0.0203
        Episode_Reward/base_height: -0.0267
Episode_Reward/tracking_lin_vel_max: 0.3809
Episode_Reward/flat_orientation_l2: -0.0267
  Episode_Reward/air_time_variance: -0.0005
        Episode_Reward/feet_height: 0.0000
      Episode_Reward/feet_air_time: -0.0000
Episode_Reward/update_last_buffers: 0.0000
   Episode_Reward/wheel_idle_speed: -0.0009
    Episode_Reward/wheel_action_l2: -0.0000
  Episode_Reward/wheel_action_rate: 0.0000
Episode_Reward/teacher_ensemble_match: 0.0000
  Episode_Reward/wheel_forward_use: 0.0608
 Episode_Reward/wheel_turn_support: 0.0884
   Metrics/locomotion/error_vel_xy: 0.1306
  Metrics/locomotion/error_vel_yaw: 0.1007
      Episode_Termination/time_out: 0.9401
   Episode_Termination/bad_contact: 0.0000
          Episode_Termination/tilt: 0.0599
    Episode_Termination/low_height: 0.0000
--------------------------------------------------------------------------------
                   Total timesteps: 61440
                    Iteration time: 2.86s
                      Time elapsed: 00:01:54
                               ETA: 00:02:54
