[INFO][AppLauncher]: Using device: cuda:0
[INFO][AppLauncher]: Loading experience file: /workspace/isaaclab/apps/isaaclab.python.headless.kit
[INFO]: Parsing configuration from: quadruped_arm.tasks.manager_based.maniploco.wheel_only_lower_env_cfg:WheelOnlyLowerEnvCfg
======Missing terms====== 
[]
 =======================
[INFO]: Parsing configuration from: quadruped_arm.tasks.manager_based.maniploco.agents.rsl_rl_ppo_cfg:ManiPLocoPPORunnerCfg
[INFO] Logging experiment in directory: /root/gpufree-data/tandem_hrl_620d798/logs/rsl_rl/maniploco
Exact experiment name requested from command line: 2026-08-18_09-08-24

[36m======================================================================================[0m
[36m[1m[INFO][IsaacLab]: Logging to file: /tmp/isaaclab/logs/isaaclab_2026-08-18_09-08-24.log[0m
[36m======================================================================================[0m

[33m09:08:24 [simulation_context.py] WARNING: The `enable_external_forces_every_iteration` parameter in the PhysxCfg is set to False. If you are experiencing noisy velocities, consider enabling this flag. You may need to slightly increase the number of velocity iterations (setting it to 1 or 2 rather than 0), together with this flag, to improve the accuracy of velocity updates.[0m
[INFO]: Base environment:
	Environment device    : cuda:0
	Environment seed      : 151
	Physics step-size     : 0.008333333333333333
	Rendering step-size   : 0.03333333333333333
	Environment step-size : 0.03333333333333333
[33m09:08:24 [terrain_importer.py] WARNING: Visual material specified for ground plane but no diffuse color found. Using default color: (0.0, 0.0, 0.0)[0m
[INFO]: Time taken for scene creation : 2.539129 seconds
[INFO]: Scene manager:  <class InteractiveScene>
	Number of environments: 64
	Environment spacing   : 4.0
	Source prim name      : /World/envs/env_0
	Global prim paths     : ['/World/ground']
	Replicate physics     : True
[INFO]: Starting the simulation. This may take a few seconds. Please wait...
[INFO]: Time taken for simulation start : 0.877958 seconds
[33m09:08:28 [velocity_command.py] WARNING: The velocity command has the 'ranges.heading' attribute set to '(-3.141592653589793, 3.141592653589793)' but the heading command is not active. Consider setting the flag for the heading command to True.[0m
[INFO] Command Manager:  <CommandManager> contains 2 active terms.
+---------------------------------------------+
|             Active Command Terms            |
+-------+------------+------------------------+
| Index | Name       |          Type          |
+-------+------------+------------------------+
|   0   | locomotion | UniformVelocityCommand |
|   1   | ee_goal    | EeSphericalGoalCommand |
+-------+------------+------------------------+

[INFO] Event Manager:  <EventManager> contains 1 active terms.
+------------------------------------+
| Active Event Terms in Mode: 'reset' |
+-----------+------------------------+
|   Index   | Name                   |
+-----------+------------------------+
|     0     | reset_root             |
|     1     | reset_joints           |
|     2     | init_priv              |
|     3     | reset_rewards          |
+-----------+------------------------+

[INFO] Recorder Manager:  <RecorderManager> contains 0 active terms.
+---------------------+
| Active Recorder Terms |
+-----------+---------+
|   Index   | Name    |
+-----------+---------+
+-----------+---------+

[INFO] Action Manager:  <ActionManager> contains 3 active terms.
+------------------------------------+
|  Active Action Terms (shape: 16)   |
+--------+-------------+-------------+
| Index  | Name        |   Dimension |
+--------+-------------+-------------+
|   0    | leg_pos     |          12 |
|   1    | wheel_vel   |           4 |
|   2    | arm_ik      |           0 |
+--------+-------------+-------------+

[INFO] Observation Manager: <ObservationManager> contains 1 groups.
+--------------------------------------------------+
| Active Observation Terms in Group: 'policy' (shape: (876,)) |
+----------------+-------------+-------------------+
|     Index      | Name        |       Shape       |
+----------------+-------------+-------------------+
|       0        | obs         |       (876,)      |
+----------------+-------------+-------------------+

[INFO] Termination Manager:  <TerminationManager> contains 4 active terms.
+--------------------------------+
|    Active Termination Terms    |
+-------+-------------+----------+
| Index | Name        | Time Out |
+-------+-------------+----------+
|   0   | time_out    |   True   |
|   1   | bad_contact |  False   |
|   2   | tilt        |  False   |
|   3   | low_height  |  False   |
+-------+-------------+----------+

[INFO] Reward Manager:  <RewardManager> contains 43 active terms.
+---------------------------------------------------------+
|                   Active Reward Terms                   |
+-------+--------------------------+----------------------+
| Index | Name                     |               Weight |
+-------+--------------------------+----------------------+
|   0   | term_bad_contact         |              -3000.0 |
|   1   | term_tilt                |              -3000.0 |
|   2   | term_low_height          |              -3000.0 |
|   3   | leg_action_l2            |               -0.003 |
|   4   | tracking_lin_vel         |                  0.6 |
|   5   | tracking_lin_vel_x_exp   |                  1.5 |
|   6   | tracking_ang_vel_yaw_l1  |                  0.0 |
|   7   | tracking_ang_vel_yaw_exp |                  1.5 |
|   8   | tracking_lin_vel_y_l2    |                  0.0 |
|   9   | tracking_lin_vel_z_l2    |                  0.0 |
|   10  | survive                  |                  0.0 |
|   11  | foot_contacts_z          |                  0.0 |
|   12  | torques                  |             -7.5e-06 |
|   13  | tracking_lin_vel_y       |                  0.0 |
|   14  | lin_vel_z                | -0.44999999999999996 |
|   15  | ang_vel_xy               |                -0.06 |
|   16  | tracking_ang_vel         |                  0.3 |
|   17  | work                     |              -0.0009 |
|   18  | dof_acc                  |            -2.25e-07 |
|   19  | action_rate              |              -0.0045 |
|   20  | dof_pos_limits           |                 -3.0 |
|   21  | delta_torques            |               -3e-08 |
|   22  | collision                |                 -3.0 |
|   23  | walking_dof              |                 0.03 |
|   24  | hip_pos                  |                -0.06 |
|   25  | feet_jerk                |               -6e-05 |
|   26  | alive                    |                  0.3 |
|   27  | feet_drag                |               -0.024 |
|   28  | feet_contact_forces      |              -0.0003 |
|   29  | roll                     |                 -0.3 |
|   30  | base_height              |                 -0.6 |
|   31  | tracking_lin_vel_max     |  0.44999999999999996 |
|   32  | flat_orientation_l2      |                 -0.6 |
|   33  | air_time_variance        |                 -0.3 |
|   34  | feet_height              |                  0.0 |
|   35  | feet_air_time            |                0.015 |
|   36  | update_last_buffers      |                  0.0 |
|   37  | wheel_idle_speed         |              -0.0009 |
|   38  | wheel_action_l2          |              -0.0003 |
|   39  | wheel_action_rate        |              -0.0006 |
|   40  | teacher_ensemble_match   |                  0.0 |
|   41  | wheel_forward_use        |                 0.18 |
|   42  | wheel_turn_support       |                0.135 |
+-------+--------------------------+----------------------+

[INFO] Curriculum Manager:  <CurriculumManager> contains 0 active terms.
+----------------------+
| Active Curriculum Terms |
+-----------+----------+
|   Index   | Name     |
+-----------+----------+
+-----------+----------+

[INFO]: Completed setting up the environment...
[INFO] Multi-teacher lower-body mode enabled: ZYB stability + conservative transient + neutral recovery.
--------------------------------------------------------------------------------
Resolved observation sets: 
	 policy :  ['policy']
	 critic :  ['policy']
--------------------------------------------------------------------------------
Actor MLP: MLP(
  (0): Linear(in_features=876, out_features=256, bias=True)
  (1): ELU(alpha=1.0)
  (2): Linear(in_features=256, out_features=128, bias=True)
  (3): ELU(alpha=1.0)
  (4): Linear(in_features=128, out_features=16, bias=True)
)
Critic MLP: MLP(
  (0): Linear(in_features=876, out_features=256, bias=True)
  (1): ELU(alpha=1.0)
  (2): Linear(in_features=256, out_features=128, bias=True)
  (3): ELU(alpha=1.0)
  (4): Linear(in_features=128, out_features=1, bias=True)
)
[INFO] Action exploration std fixed to: 0.015000
[INFO] Leg action exploration std set to: 0.005000
[INFO] Wheel action exploration std fixed to: 0.015000
################################################################################
                       [1m Learning iteration 0/100 [0m                       

                       Computation: 410 steps/s (collection: 3.613s, learning 0.130s)
             Mean action noise std: 0.01
          Mean value_function loss: 1.1917
               Mean surrogate loss: 0.3402
                 Mean entropy loss: -57.6756
                       Mean reward: -0.73
               Mean episode length: 9.17
   Episode_Reward/term_bad_contact: 0.0000
          Episode_Reward/term_tilt: 0.0000
    Episode_Reward/term_low_height: 0.0000
      Episode_Reward/leg_action_l2: -0.0002
   Episode_Reward/tracking_lin_vel: 0.0118
Episode_Reward/tracking_lin_vel_x_exp: 0.0263
Episode_Reward/tracking_ang_vel_yaw_l1: 0.0000
Episode_Reward/tracking_ang_vel_yaw_exp: 0.0115
Episode_Reward/tracking_lin_vel_y_l2: 0.0000
Episode_Reward/tracking_lin_vel_z_l2: 0.0000
            Episode_Reward/survive: 0.0000
    Episode_Reward/foot_contacts_z: 0.0000
            Episode_Reward/torques: -0.0071
 Episode_Reward/tracking_lin_vel_y: 0.0000
          Episode_Reward/lin_vel_z: -0.0070
         Episode_Reward/ang_vel_xy: -0.0019
   Episode_Reward/tracking_ang_vel: 0.0042
               Episode_Reward/work: -0.0113
            Episode_Reward/dof_acc: -0.0002
        Episode_Reward/action_rate: -0.0001
     Episode_Reward/dof_pos_limits: 0.0000
      Episode_Reward/delta_torques: -0.0000
          Episode_Reward/collision: -0.1238
        Episode_Reward/walking_dof: 0.0005
            Episode_Reward/hip_pos: -0.0004
          Episode_Reward/feet_jerk: 0.0000
              Episode_Reward/alive: 0.0105
          Episode_Reward/feet_drag: -0.0004
Episode_Reward/feet_contact_forces: -0.0068
               Episode_Reward/roll: -0.0011
        Episode_Reward/base_height: -0.0016
Episode_Reward/tracking_lin_vel_max: 0.0124
Episode_Reward/flat_orientation_l2: -0.0006
  Episode_Reward/air_time_variance: -0.0001
        Episode_Reward/feet_height: 0.0000
      Episode_Reward/feet_air_time: -0.0000
Episode_Reward/update_last_buffers: 0.0000
   Episode_Reward/wheel_idle_speed: -0.0001
    Episode_Reward/wheel_action_l2: -0.0000
  Episode_Reward/wheel_action_rate: 0.0000
Episode_Reward/teacher_ensemble_match: 0.0000
  Episode_Reward/wheel_forward_use: 0.0007
 Episode_Reward/wheel_turn_support: 0.0031
   Metrics/locomotion/error_vel_xy: 0.0183
  Metrics/locomotion/error_vel_yaw: 0.0308
      Episode_Termination/time_out: 0.0618
   Episode_Termination/bad_contact: 0.0000
          Episode_Termination/tilt: 0.0000
    Episode_Termination/low_height: 0.0000
--------------------------------------------------------------------------------
                   Total timesteps: 1536
                    Iteration time: 3.74s
                      Time elapsed: 00:00:03
                               ETA: 00:06:14

Could not find git repository in /workspace/isaaclab/_isaac_sim/kit/python/lib/python3.11/site-packages/rsl_rl/__init__.py. Skipping.
Could not find git repository in /root/gpufree-data/tandem_hrl_620d798/scripts/rsl_rl/train.py. Skipping.
################################################################################
                       [1m Learning iteration 1/100 [0m                       

                       Computation: 548 steps/s (collection: 2.729s, learning 0.071s)
             Mean action noise std: 0.01
          Mean value_function loss: 0.5900
               Mean surrogate loss: 0.3223
                 Mean entropy loss: -57.6756
                       Mean reward: -2.50
               Mean episode length: 23.62
   Episode_Reward/term_bad_contact: 0.0000
          Episode_Reward/term_tilt: 0.0000
    Episode_Reward/term_low_height: 0.0000
      Episode_Reward/leg_action_l2: -0.0003
   Episode_Reward/tracking_lin_vel: 0.0484
Episode_Reward/tracking_lin_vel_x_exp: 0.0927
Episode_Reward/tracking_ang_vel_yaw_l1: 0.0000
Episode_Reward/tracking_ang_vel_yaw_exp: 0.0732
Episode_Reward/tracking_lin_vel_y_l2: 0.0000
Episode_Reward/tracking_lin_vel_z_l2: 0.0000
            Episode_Reward/survive: 0.0000
    Episode_Reward/foot_contacts_z: 0.0000
            Episode_Reward/torques: -0.0223
 Episode_Reward/tracking_lin_vel_y: 0.0000
          Episode_Reward/lin_vel_z: -0.0094
         Episode_Reward/ang_vel_xy: -0.0025
   Episode_Reward/tracking_ang_vel: 0.0240
               Episode_Reward/work: -0.0184
            Episode_Reward/dof_acc: -0.0003
        Episode_Reward/action_rate: -0.0001
     Episode_Reward/dof_pos_limits: 0.0000
      Episode_Reward/delta_torques: -0.0000
          Episode_Reward/collision: -0.5983
        Episode_Reward/walking_dof: 0.0006
            Episode_Reward/hip_pos: -0.0009
          Episode_Reward/feet_jerk: 0.0000
              Episode_Reward/alive: 0.0339
          Episode_Reward/feet_drag: -0.0013
Episode_Reward/feet_contact_forces: -0.0217
               Episode_Reward/roll: -0.0033
        Episode_Reward/base_height: -0.0038
Episode_Reward/tracking_lin_vel_max: 0.0352
Episode_Reward/flat_orientation_l2: -0.0032
  Episode_Reward/air_time_variance: -0.0003
        Episode_Reward/feet_height: 0.0000
      Episode_Reward/feet_air_time: -0.0000
Episode_Reward/update_last_buffers: 0.0000
   Episode_Reward/wheel_idle_speed: -0.0005
    Episode_Reward/wheel_action_l2: -0.0000
  Episode_Reward/wheel_action_rate: 0.0000
Episode_Reward/teacher_ensemble_match: 0.0000
  Episode_Reward/wheel_forward_use: 0.0024
 Episode_Reward/wheel_turn_support: 0.0081
   Metrics/locomotion/error_vel_xy: 0.0473
  Metrics/locomotion/error_vel_yaw: 0.0511
      Episode_Termination/time_out: 0.1530
   Episode_Termination/bad_contact: 0.0000
          Episode_Termination/tilt: 0.0000
    Episode_Termination/low_height: 0.0000
--------------------------------------------------------------------------------
                   Total timesteps: 3072
                    Iteration time: 2.80s
                      Time elapsed: 00:00:06
                               ETA: 00:05:23

################################################################################
                       [1m Learning iteration 2/100 [0m                       

                       Computation: 468 steps/s (collection: 3.205s, learning 0.072s)
             Mean action noise std: 0.01
          Mean value_function loss: 0.5357
               Mean surrogate loss: 0.3007
                 Mean entropy loss: -57.6756
                       Mean reward: -3.26
               Mean episode length: 32.12
   Episode_Reward/term_bad_contact: 0.0000
          Episode_Reward/term_tilt: 0.0000
    Episode_Reward/term_low_height: 0.0000
      Episode_Reward/leg_action_l2: -0.0004
   Episode_Reward/tracking_lin_vel: 0.0801
Episode_Reward/tracking_lin_vel_x_exp: 0.1297
Episode_Reward/tracking_ang_vel_yaw_l1: 0.0000
Episode_Reward/tracking_ang_vel_yaw_exp: 0.1533
Episode_Reward/tracking_lin_vel_y_l2: 0.0000
Episode_Reward/tracking_lin_vel_z_l2: 0.0000
            Episode_Reward/survive: 0.0000
    Episode_Reward/foot_contacts_z: 0.0000
            Episode_Reward/torques: -0.0330
 Episode_Reward/tracking_lin_vel_y: 0.0000
          Episode_Reward/lin_vel_z: -0.0099
         Episode_Reward/ang_vel_xy: -0.0021
   Episode_Reward/tracking_ang_vel: 0.0443
               Episode_Reward/work: -0.0201
            Episode_Reward/dof_acc: -0.0002
        Episode_Reward/action_rate: -0.0002
     Episode_Reward/dof_pos_limits: 0.0000
      Episode_Reward/delta_torques: -0.0000
          Episode_Reward/collision: -0.9512
        Episode_Reward/walking_dof: 0.0000
            Episode_Reward/hip_pos: -0.0014
          Episode_Reward/feet_jerk: 0.0000
              Episode_Reward/alive: 0.0508
          Episode_Reward/feet_drag: -0.0017
Episode_Reward/feet_contact_forces: -0.0333
               Episode_Reward/roll: -0.0036
        Episode_Reward/base_height: -0.0062
Episode_Reward/tracking_lin_vel_max: 0.0661
Episode_Reward/flat_orientation_l2: -0.0041
  Episode_Reward/air_time_variance: -0.0001
        Episode_Reward/feet_height: 0.0000
      Episode_Reward/feet_air_time: 0.0000
Episode_Reward/update_last_buffers: 0.0000
   Episode_Reward/wheel_idle_speed: -0.0009
    Episode_Reward/wheel_action_l2: -0.0000
  Episode_Reward/wheel_action_rate: 0.0000
Episode_Reward/teacher_ensemble_match: 0.0000
  Episode_Reward/wheel_forward_use: 0.0000
 Episode_Reward/wheel_turn_support: 0.0117
   Metrics/locomotion/error_vel_xy: 0.0565
  Metrics/locomotion/error_vel_yaw: 0.0386
      Episode_Termination/time_out: 0.2109
   Episode_Termination/bad_contact: 0.0000
          Episode_Termination/tilt: 0.0000
    Episode_Termination/low_height: 0.0000
--------------------------------------------------------------------------------
                   Total timesteps: 4608
                    Iteration time: 3.28s
                      Time elapsed: 00:00:09
                               ETA: 00:05:20

################################################################################
                       [1m Learning iteration 3/100 [0m                       

                       Computation: 548 steps/s (collection: 2.728s, learning 0.073s)
             Mean action noise std: 0.01
          Mean value_function loss: 0.6011
               Mean surrogate loss: 0.2792
                 Mean entropy loss: -57.6756
                       Mean reward: -4.63
               Mean episode length: 45.68
   Episode_Reward/term_bad_contact: 0.0000
          Episode_Reward/term_tilt: 0.0000
    Episode_Reward/term_low_height: 0.0000
      Episode_Reward/leg_action_l2: -0.0003
   Episode_Reward/tracking_lin_vel: 0.1393
Episode_Reward/tracking_lin_vel_x_exp: 0.2597
Episode_Reward/tracking_ang_vel_yaw_l1: 0.0000
Episode_Reward/tracking_ang_vel_yaw_exp: 0.2732
Episode_Reward/tracking_lin_vel_y_l2: 0.0000
Episode_Reward/tracking_lin_vel_z_l2: 0.0000
            Episode_Reward/survive: 0.0000
    Episode_Reward/foot_contacts_z: 0.0000
            Episode_Reward/torques: -0.0651
 Episode_Reward/tracking_lin_vel_y: 0.0000
          Episode_Reward/lin_vel_z: -0.0112
         Episode_Reward/ang_vel_xy: -0.0026
   Episode_Reward/tracking_ang_vel: 0.0724
               Episode_Reward/work: -0.0197
            Episode_Reward/dof_acc: -0.0003
        Episode_Reward/action_rate: -0.0001
     Episode_Reward/dof_pos_limits: 0.0000
      Episode_Reward/delta_torques: -0.0001
          Episode_Reward/collision: -1.5683
        Episode_Reward/walking_dof: 0.0025
            Episode_Reward/hip_pos: -0.0039
          Episode_Reward/feet_jerk: 0.0000
              Episode_Reward/alive: 0.0822
          Episode_Reward/feet_drag: -0.0028
Episode_Reward/feet_contact_forces: -0.0514
               Episode_Reward/roll: -0.0081
        Episode_Reward/base_height: -0.0118
Episode_Reward/tracking_lin_vel_max: 0.0906
Episode_Reward/flat_orientation_l2: -0.0123
  Episode_Reward/air_time_variance: -0.0018
        Episode_Reward/feet_height: 0.0000
      Episode_Reward/feet_air_time: -0.0000
Episode_Reward/update_last_buffers: 0.0000
   Episode_Reward/wheel_idle_speed: -0.0005
    Episode_Reward/wheel_action_l2: -0.0000
  Episode_Reward/wheel_action_rate: 0.0000
Episode_Reward/teacher_ensemble_match: 0.0000
  Episode_Reward/wheel_forward_use: 0.0137
 Episode_Reward/wheel_turn_support: 0.0132
   Metrics/locomotion/error_vel_xy: 0.0718
  Metrics/locomotion/error_vel_yaw: 0.0574
      Episode_Termination/time_out: 0.3092
   Episode_Termination/bad_contact: 0.0000
          Episode_Termination/tilt: 0.0000
    Episode_Termination/low_height: 0.0000
--------------------------------------------------------------------------------
                   Total timesteps: 6144
                    Iteration time: 2.80s
                      Time elapsed: 00:00:12
                               ETA: 00:05:06

################################################################################
                       [1m Learning iteration 4/100 [0m                       

                       Computation: 556 steps/s (collection: 2.686s, learning 0.073s)
             Mean action noise std: 0.01
          Mean value_function loss: 0.5479
               Mean surrogate loss: 0.2734
                 Mean entropy loss: -57.6756
                       Mean reward: -6.29
               Mean episode length: 59.04
   Episode_Reward/term_bad_contact: 0.0000
          Episode_Reward/term_tilt: 0.0000
    Episode_Reward/term_low_height: 0.0000
      Episode_Reward/leg_action_l2: -0.0004
   Episode_Reward/tracking_lin_vel: 0.1769
Episode_Reward/tracking_lin_vel_x_exp: 0.2743
Episode_Reward/tracking_ang_vel_yaw_l1: 0.0000
Episode_Reward/tracking_ang_vel_yaw_exp: 0.3530
Episode_Reward/tracking_lin_vel_y_l2: 0.0000
Episode_Reward/tracking_lin_vel_z_l2: 0.0000
            Episode_Reward/survive: 0.0000
    Episode_Reward/foot_contacts_z: 0.0000
            Episode_Reward/torques: -0.0894
 Episode_Reward/tracking_lin_vel_y: 0.0000
          Episode_Reward/lin_vel_z: -0.0094
         Episode_Reward/ang_vel_xy: -0.0024
   Episode_Reward/tracking_ang_vel: 0.0966
               Episode_Reward/work: -0.0213
            Episode_Reward/dof_acc: -0.0004
        Episode_Reward/action_rate: -0.0002
     Episode_Reward/dof_pos_limits: 0.0000
      Episode_Reward/delta_torques: -0.0001
          Episode_Reward/collision: -2.1867
        Episode_Reward/walking_dof: 0.0019
            Episode_Reward/hip_pos: -0.0044
          Episode_Reward/feet_jerk: 0.0000
              Episode_Reward/alive: 0.1055
          Episode_Reward/feet_drag: -0.0033
Episode_Reward/feet_contact_forces: -0.0669
               Episode_Reward/roll: -0.0091
        Episode_Reward/base_height: -0.0153
Episode_Reward/tracking_lin_vel_max: 0.1291
Episode_Reward/flat_orientation_l2: -0.0178
  Episode_Reward/air_time_variance: -0.0013
        Episode_Reward/feet_height: 0.0000
      Episode_Reward/feet_air_time: -0.0000
Episode_Reward/update_last_buffers: 0.0000
   Episode_Reward/wheel_idle_speed: -0.0013
    Episode_Reward/wheel_action_l2: -0.0000
  Episode_Reward/wheel_action_rate: 0.0000
Episode_Reward/teacher_ensemble_match: 0.0000
  Episode_Reward/wheel_forward_use: 0.0106
 Episode_Reward/wheel_turn_support: 0.0247
   Metrics/locomotion/error_vel_xy: 0.0994
  Metrics/locomotion/error_vel_yaw: 0.0602
      Episode_Termination/time_out: 0.3945
   Episode_Termination/bad_contact: 0.0000
          Episode_Termination/tilt: 0.0000
    Episode_Termination/low_height: 0.0000
--------------------------------------------------------------------------------
                   Total timesteps: 7680
                    Iteration time: 2.76s
                      Time elapsed: 00:00:15
                               ETA: 00:04:55

################################################################################
                       [1m Learning iteration 5/100 [0m                       

                       Computation: 539 steps/s (collection: 2.770s, learning 0.076s)
             Mean action noise std: 0.01
          Mean value_function loss: 0.4781
               Mean surrogate loss: 0.2893
                 Mean entropy loss: -57.6756
                       Mean reward: -7.77
               Mean episode length: 70.61
   Episode_Reward/term_bad_contact: 0.0000
          Episode_Reward/term_tilt: 0.0000
    Episode_Reward/term_low_height: 0.0000
      Episode_Reward/leg_action_l2: -0.0004
   Episode_Reward/tracking_lin_vel: 0.2331
Episode_Reward/tracking_lin_vel_x_exp: 0.4455
Episode_Reward/tracking_ang_vel_yaw_l1: 0.0000
Episode_Reward/tracking_ang_vel_yaw_exp: 0.4069
Episode_Reward/tracking_lin_vel_y_l2: 0.0000
Episode_Reward/tracking_lin_vel_z_l2: 0.0000
            Episode_Reward/survive: 0.0000
    Episode_Reward/foot_contacts_z: 0.0000
            Episode_Reward/torques: -0.1137
 Episode_Reward/tracking_lin_vel_y: 0.0000
          Episode_Reward/lin_vel_z: -0.0098
         Episode_Reward/ang_vel_xy: -0.0028
   Episode_Reward/tracking_ang_vel: 0.1186
               Episode_Reward/work: -0.0196
            Episode_Reward/dof_acc: -0.0003
        Episode_Reward/action_rate: -0.0002
     Episode_Reward/dof_pos_limits: -0.0000
      Episode_Reward/delta_torques: -0.0001
          Episode_Reward/collision: -2.7858
        Episode_Reward/walking_dof: 0.0019
            Episode_Reward/hip_pos: -0.0075
          Episode_Reward/feet_jerk: 0.0000
              Episode_Reward/alive: 0.1296
          Episode_Reward/feet_drag: -0.0028
Episode_Reward/feet_contact_forces: -0.0805
               Episode_Reward/roll: -0.0159
        Episode_Reward/base_height: -0.0212
Episode_Reward/tracking_lin_vel_max: 0.1588
Episode_Reward/flat_orientation_l2: -0.0222
  Episode_Reward/air_time_variance: -0.0015
        Episode_Reward/feet_height: 0.0000
      Episode_Reward/feet_air_time: -0.0000
Episode_Reward/update_last_buffers: 0.0000
   Episode_Reward/wheel_idle_speed: -0.0009
    Episode_Reward/wheel_action_l2: -0.0000
  Episode_Reward/wheel_action_rate: 0.0000
Episode_Reward/teacher_ensemble_match: 0.0000
  Episode_Reward/wheel_forward_use: 0.0115
 Episode_Reward/wheel_turn_support: 0.0433
   Metrics/locomotion/error_vel_xy: 0.0819
  Metrics/locomotion/error_vel_yaw: 0.0806
      Episode_Termination/time_out: 0.4688
   Episode_Termination/bad_contact: 0.0000
          Episode_Termination/tilt: 0.0000
    Episode_Termination/low_height: 0.0000
--------------------------------------------------------------------------------
                   Total timesteps: 9216
                    Iteration time: 2.85s
                      Time elapsed: 00:00:18
                               ETA: 00:04:48

################################################################################
                       [1m Learning iteration 6/100 [0m                       

                       Computation: 553 steps/s (collection: 2.699s, learning 0.078s)
             Mean action noise std: 0.01
          Mean value_function loss: 0.6192
               Mean surrogate loss: 0.2705
                 Mean entropy loss: -57.6756
                       Mean reward: -8.64
               Mean episode length: 81.92
   Episode_Reward/term_bad_contact: 0.0000
          Episode_Reward/term_tilt: 0.0000
    Episode_Reward/term_low_height: 0.0000
      Episode_Reward/leg_action_l2: -0.0004
   Episode_Reward/tracking_lin_vel: 0.2887
Episode_Reward/tracking_lin_vel_x_exp: 0.5995
Episode_Reward/tracking_ang_vel_yaw_l1: 0.0000
Episode_Reward/tracking_ang_vel_yaw_exp: 0.5971
Episode_Reward/tracking_lin_vel_y_l2: 0.0000
Episode_Reward/tracking_lin_vel_z_l2: 0.0000
            Episode_Reward/survive: 0.0000
    Episode_Reward/foot_contacts_z: 0.0000
            Episode_Reward/torques: -0.1276
 Episode_Reward/tracking_lin_vel_y: 0.0000
          Episode_Reward/lin_vel_z: -0.0092
         Episode_Reward/ang_vel_xy: -0.0029
   Episode_Reward/tracking_ang_vel: 0.1471
               Episode_Reward/work: -0.0190
            Episode_Reward/dof_acc: -0.0003
        Episode_Reward/action_rate: -0.0002
     Episode_Reward/dof_pos_limits: -0.0000
      Episode_Reward/delta_torques: -0.0001
          Episode_Reward/collision: -2.9921
        Episode_Reward/walking_dof: 0.0012
            Episode_Reward/hip_pos: -0.0084
          Episode_Reward/feet_jerk: 0.0000
              Episode_Reward/alive: 0.1534
          Episode_Reward/feet_drag: -0.0026
Episode_Reward/feet_contact_forces: -0.0957
               Episode_Reward/roll: -0.0226
        Episode_Reward/base_height: -0.0240
Episode_Reward/tracking_lin_vel_max: 0.2104
Episode_Reward/flat_orientation_l2: -0.0242
  Episode_Reward/air_time_variance: -0.0007
        Episode_Reward/feet_height: 0.0000
      Episode_Reward/feet_air_time: -0.0000
Episode_Reward/update_last_buffers: 0.0000
   Episode_Reward/wheel_idle_speed: -0.0006
    Episode_Reward/wheel_action_l2: -0.0000
  Episode_Reward/wheel_action_rate: 0.0000
Episode_Reward/teacher_ensemble_match: 0.0000
  Episode_Reward/wheel_forward_use: 0.0070
 Episode_Reward/wheel_turn_support: 0.0254
   Metrics/locomotion/error_vel_xy: 0.0656
  Metrics/locomotion/error_vel_yaw: 0.0529
      Episode_Termination/time_out: 0.5560
   Episode_Termination/bad_contact: 0.0000
          Episode_Termination/tilt: 0.0000
    Episode_Termination/low_height: 0.0000
--------------------------------------------------------------------------------
                   Total timesteps: 10752
                    Iteration time: 2.78s
                      Time elapsed: 00:00:21
                               ETA: 00:04:42

################################################################################
                       [1m Learning iteration 7/100 [0m                       

                       Computation: 550 steps/s (collection: 2.715s, learning 0.073s)
             Mean action noise std: 0.01
          Mean value_function loss: 0.4042
               Mean surrogate loss: 0.2672
                 Mean entropy loss: -57.6756
                       Mean reward: -9.07
               Mean episode length: 87.10
   Episode_Reward/term_bad_contact: 0.0000
          Episode_Reward/term_tilt: 0.0000
    Episode_Reward/term_low_height: 0.0000
      Episode_Reward/leg_action_l2: -0.0006
   Episode_Reward/tracking_lin_vel: 0.3201
Episode_Reward/tracking_lin_vel_x_exp: 0.6076
Episode_Reward/tracking_ang_vel_yaw_l1: 0.0000
Episode_Reward/tracking_ang_vel_yaw_exp: 0.6704
Episode_Reward/tracking_lin_vel_y_l2: 0.0000
Episode_Reward/tracking_lin_vel_z_l2: 0.0000
            Episode_Reward/survive: 0.0000
    Episode_Reward/foot_contacts_z: 0.0000
            Episode_Reward/torques: -0.1470
 Episode_Reward/tracking_lin_vel_y: 0.0000
          Episode_Reward/lin_vel_z: -0.0100
         Episode_Reward/ang_vel_xy: -0.0032
   Episode_Reward/tracking_ang_vel: 0.1661
               Episode_Reward/work: -0.0224
            Episode_Reward/dof_acc: -0.0003
        Episode_Reward/action_rate: -0.0002
     Episode_Reward/dof_pos_limits: 0.0000
      Episode_Reward/delta_torques: -0.0001
          Episode_Reward/collision: -3.4688
        Episode_Reward/walking_dof: 0.0033
            Episode_Reward/hip_pos: -0.0099
          Episode_Reward/feet_jerk: 0.0000
              Episode_Reward/alive: 0.1740
          Episode_Reward/feet_drag: -0.0033
Episode_Reward/feet_contact_forces: -0.1090
               Episode_Reward/roll: -0.0177
        Episode_Reward/base_height: -0.0294
Episode_Reward/tracking_lin_vel_max: 0.2125
Episode_Reward/flat_orientation_l2: -0.0316
  Episode_Reward/air_time_variance: -0.0011
        Episode_Reward/feet_height: 0.0000
      Episode_Reward/feet_air_time: 0.0000
Episode_Reward/update_last_buffers: 0.0000
   Episode_Reward/wheel_idle_speed: -0.0007
    Episode_Reward/wheel_action_l2: -0.0000
  Episode_Reward/wheel_action_rate: 0.0000
Episode_Reward/teacher_ensemble_match: 0.0000
  Episode_Reward/wheel_forward_use: 0.0194
 Episode_Reward/wheel_turn_support: 0.0401
   Metrics/locomotion/error_vel_xy: 0.0963
  Metrics/locomotion/error_vel_yaw: 0.0644
      Episode_Termination/time_out: 0.6035
   Episode_Termination/bad_contact: 0.0000
          Episode_Termination/tilt: 0.0000
    Episode_Termination/low_height: 0.0000
--------------------------------------------------------------------------------
                   Total timesteps: 12288
                    Iteration time: 2.79s
                      Time elapsed: 00:00:23
                               ETA: 00:04:36

################################################################################
                       [1m Learning iteration 8/100 [0m                       

                       Computation: 556 steps/s (collection: 2.686s, learning 0.073s)
             Mean action noise std: 0.01
          Mean value_function loss: 0.5098
               Mean surrogate loss: 0.2797
                 Mean entropy loss: -57.6756
                       Mean reward: -10.58
               Mean episode length: 100.56
   Episode_Reward/term_bad_contact: 0.0000
          Episode_Reward/term_tilt: 0.0000
    Episode_Reward/term_low_height: 0.0000
      Episode_Reward/leg_action_l2: -0.0009
   Episode_Reward/tracking_lin_vel: 0.3683
Episode_Reward/tracking_lin_vel_x_exp: 0.6761
Episode_Reward/tracking_ang_vel_yaw_l1: 0.0000
Episode_Reward/tracking_ang_vel_yaw_exp: 0.7233
Episode_Reward/tracking_lin_vel_y_l2: 0.0000
Episode_Reward/tracking_lin_vel_z_l2: 0.0000
            Episode_Reward/survive: 0.0000
    Episode_Reward/foot_contacts_z: 0.0000
            Episode_Reward/torques: -0.1742
 Episode_Reward/tracking_lin_vel_y: 0.0000
          Episode_Reward/lin_vel_z: -0.0117
         Episode_Reward/ang_vel_xy: -0.0026
   Episode_Reward/tracking_ang_vel: 0.1901
               Episode_Reward/work: -0.0267
            Episode_Reward/dof_acc: -0.0005
        Episode_Reward/action_rate: -0.0003
     Episode_Reward/dof_pos_limits: 0.0000
      Episode_Reward/delta_torques: -0.0001
          Episode_Reward/collision: -4.2179
        Episode_Reward/walking_dof: 0.0081
            Episode_Reward/hip_pos: -0.0136
          Episode_Reward/feet_jerk: 0.0000
              Episode_Reward/alive: 0.2015
          Episode_Reward/feet_drag: -0.0077
Episode_Reward/feet_contact_forces: -0.1299
               Episode_Reward/roll: -0.0122
        Episode_Reward/base_height: -0.0349
Episode_Reward/tracking_lin_vel_max: 0.2081
Episode_Reward/flat_orientation_l2: -0.0280
  Episode_Reward/air_time_variance: -0.0020
        Episode_Reward/feet_height: 0.0000
      Episode_Reward/feet_air_time: -0.0000
Episode_Reward/update_last_buffers: 0.0000
   Episode_Reward/wheel_idle_speed: -0.0018
    Episode_Reward/wheel_action_l2: -0.0000
  Episode_Reward/wheel_action_rate: 0.0000
Episode_Reward/teacher_ensemble_match: 0.0000
  Episode_Reward/wheel_forward_use: 0.0517
 Episode_Reward/wheel_turn_support: 0.0705
   Metrics/locomotion/error_vel_xy: 0.1231
  Metrics/locomotion/error_vel_yaw: 0.0931
      Episode_Termination/time_out: 0.6536
   Episode_Termination/bad_contact: 0.0000
          Episode_Termination/tilt: 0.0000
    Episode_Termination/low_height: 0.0000
--------------------------------------------------------------------------------
                   Total timesteps: 13824
                    Iteration time: 2.76s
                      Time elapsed: 00:00:26
                               ETA: 00:04:31

################################################################################
                       [1m Learning iteration 9/100 [0m                       

                       Computation: 553 steps/s (collection: 2.691s, learning 0.085s)
             Mean action noise std: 0.01
          Mean value_function loss: 0.4462
               Mean surrogate loss: 0.2878
                 Mean entropy loss: -57.6756
                       Mean reward: -11.51
               Mean episode length: 108.54
   Episode_Reward/term_bad_contact: 0.0000
          Episode_Reward/term_tilt: 0.0000
    Episode_Reward/term_low_height: 0.0000
      Episode_Reward/leg_action_l2: -0.0006
   Episode_Reward/tracking_lin_vel: 0.4107
Episode_Reward/tracking_lin_vel_x_exp: 0.7162
Episode_Reward/tracking_ang_vel_yaw_l1: 0.0000
Episode_Reward/tracking_ang_vel_yaw_exp: 0.8294
Episode_Reward/tracking_lin_vel_y_l2: 0.0000
Episode_Reward/tracking_lin_vel_z_l2: 0.0000
            Episode_Reward/survive: 0.0000
    Episode_Reward/foot_contacts_z: 0.0000
            Episode_Reward/torques: -0.1910
 Episode_Reward/tracking_lin_vel_y: 0.0000
          Episode_Reward/lin_vel_z: -0.0086
         Episode_Reward/ang_vel_xy: -0.0026
   Episode_Reward/tracking_ang_vel: 0.2145
               Episode_Reward/work: -0.0207
            Episode_Reward/dof_acc: -0.0004
        Episode_Reward/action_rate: -0.0002
     Episode_Reward/dof_pos_limits: 0.0000
      Episode_Reward/delta_torques: -0.0001
          Episode_Reward/collision: -4.9375
        Episode_Reward/walking_dof: 0.0037
            Episode_Reward/hip_pos: -0.0081
          Episode_Reward/feet_jerk: 0.0000
              Episode_Reward/alive: 0.2251
          Episode_Reward/feet_drag: -0.0064
Episode_Reward/feet_contact_forces: -0.1405
               Episode_Reward/roll: -0.0164
        Episode_Reward/base_height: -0.0316
Episode_Reward/tracking_lin_vel_max: 0.2937
Episode_Reward/flat_orientation_l2: -0.0439
  Episode_Reward/air_time_variance: -0.0045
        Episode_Reward/feet_height: 0.0000
      Episode_Reward/feet_air_time: 0.0000
Episode_Reward/update_last_buffers: 0.0000
   Episode_Reward/wheel_idle_speed: -0.0016
    Episode_Reward/wheel_action_l2: -0.0000
  Episode_Reward/wheel_action_rate: 0.0000
Episode_Reward/teacher_ensemble_match: 0.0000
  Episode_Reward/wheel_forward_use: 0.0241
 Episode_Reward/wheel_turn_support: 0.0743
   Metrics/locomotion/error_vel_xy: 0.1466
  Metrics/locomotion/error_vel_yaw: 0.0913
      Episode_Termination/time_out: 0.7279
   Episode_Termination/bad_contact: 0.0000
          Episode_Termination/tilt: 0.0000
    Episode_Termination/low_height: 0.0000
--------------------------------------------------------------------------------
                   Total timesteps: 15360
                    Iteration time: 2.78s
                      Time elapsed: 00:00:29
                               ETA: 00:04:26

################################################################################
                      [1m Learning iteration 10/100 [0m                       

                       Computation: 551 steps/s (collection: 2.711s, learning 0.074s)
             Mean action noise std: 0.01
          Mean value_function loss: 0.4122
               Mean surrogate loss: 0.2554
                 Mean entropy loss: -57.6756
                       Mean reward: -13.43
               Mean episode length: 127.51
   Episode_Reward/term_bad_contact: 0.0000
          Episode_Reward/term_tilt: 0.0000
    Episode_Reward/term_low_height: 0.0000
      Episode_Reward/leg_action_l2: -0.0010
   Episode_Reward/tracking_lin_vel: 0.4587
Episode_Reward/tracking_lin_vel_x_exp: 0.8400
Episode_Reward/tracking_ang_vel_yaw_l1: 0.0000
Episode_Reward/tracking_ang_vel_yaw_exp: 0.8722
Episode_Reward/tracking_lin_vel_y_l2: 0.0000
Episode_Reward/tracking_lin_vel_z_l2: 0.0000
            Episode_Reward/survive: 0.0000
    Episode_Reward/foot_contacts_z: 0.0000
            Episode_Reward/torques: -0.2159
 Episode_Reward/tracking_lin_vel_y: 0.0000
          Episode_Reward/lin_vel_z: -0.0094
         Episode_Reward/ang_vel_xy: -0.0040
   Episode_Reward/tracking_ang_vel: 0.2316
               Episode_Reward/work: -0.0234
            Episode_Reward/dof_acc: -0.0004
        Episode_Reward/action_rate: -0.0004
     Episode_Reward/dof_pos_limits: 0.0000
      Episode_Reward/delta_torques: -0.0002
          Episode_Reward/collision: -5.2363
        Episode_Reward/walking_dof: 0.0059
            Episode_Reward/hip_pos: -0.0147
          Episode_Reward/feet_jerk: 0.0000
              Episode_Reward/alive: 0.2486
          Episode_Reward/feet_drag: -0.0062
Episode_Reward/feet_contact_forces: -0.1578
               Episode_Reward/roll: -0.0247
        Episode_Reward/base_height: -0.0412
Episode_Reward/tracking_lin_vel_max: 0.3132
Episode_Reward/flat_orientation_l2: -0.0443
  Episode_Reward/air_time_variance: -0.0017
        Episode_Reward/feet_height: 0.0000
      Episode_Reward/feet_air_time: -0.0000
Episode_Reward/update_last_buffers: 0.0000
   Episode_Reward/wheel_idle_speed: -0.0013
    Episode_Reward/wheel_action_l2: -0.0000
  Episode_Reward/wheel_action_rate: 0.0000
Episode_Reward/teacher_ensemble_match: 0.0000
  Episode_Reward/wheel_forward_use: 0.0366
 Episode_Reward/wheel_turn_support: 0.0833
   Metrics/locomotion/error_vel_xy: 0.1468
  Metrics/locomotion/error_vel_yaw: 0.1273
      Episode_Termination/time_out: 0.7839
   Episode_Termination/bad_contact: 0.0000
          Episode_Termination/tilt: 0.0000
    Episode_Termination/low_height: 0.0000
--------------------------------------------------------------------------------
                   Total timesteps: 16896
                    Iteration time: 2.78s
                      Time elapsed: 00:00:32
                               ETA: 00:04:22

################################################################################
                      [1m Learning iteration 11/100 [0m                       

                       Computation: 545 steps/s (collection: 2.739s, learning 0.076s)
             Mean action noise std: 0.01
          Mean value_function loss: 0.5169
               Mean surrogate loss: 0.2282
                 Mean entropy loss: -57.6756
                       Mean reward: -14.36
               Mean episode length: 139.72
   Episode_Reward/term_bad_contact: 0.0000
          Episode_Reward/term_tilt: 0.0000
    Episode_Reward/term_low_height: 0.0000
      Episode_Reward/leg_action_l2: -0.0020
   Episode_Reward/tracking_lin_vel: 0.5111
Episode_Reward/tracking_lin_vel_x_exp: 1.0171
Episode_Reward/tracking_ang_vel_yaw_l1: 0.0000
Episode_Reward/tracking_ang_vel_yaw_exp: 0.9334
Episode_Reward/tracking_lin_vel_y_l2: 0.0000
Episode_Reward/tracking_lin_vel_z_l2: 0.0000
            Episode_Reward/survive: 0.0000
    Episode_Reward/foot_contacts_z: 0.0000
            Episode_Reward/torques: -0.1675
 Episode_Reward/tracking_lin_vel_y: 0.0000
          Episode_Reward/lin_vel_z: -0.0105
         Episode_Reward/ang_vel_xy: -0.0036
   Episode_Reward/tracking_ang_vel: 0.2511
               Episode_Reward/work: -0.0279
            Episode_Reward/dof_acc: -0.0004
        Episode_Reward/action_rate: -0.0006
     Episode_Reward/dof_pos_limits: -0.0000
      Episode_Reward/delta_torques: -0.0001
          Episode_Reward/collision: -5.3183
        Episode_Reward/walking_dof: 0.0005
            Episode_Reward/hip_pos: -0.0147
          Episode_Reward/feet_jerk: 0.0000
              Episode_Reward/alive: 0.2706
          Episode_Reward/feet_drag: -0.0064
Episode_Reward/feet_contact_forces: -0.1749
               Episode_Reward/roll: -0.0280
        Episode_Reward/base_height: -0.0375
Episode_Reward/tracking_lin_vel_max: 0.3823
Episode_Reward/flat_orientation_l2: -0.0214
  Episode_Reward/air_time_variance: -0.0015
        Episode_Reward/feet_height: 0.0000
      Episode_Reward/feet_air_time: -0.0000
Episode_Reward/update_last_buffers: 0.0000
   Episode_Reward/wheel_idle_speed: -0.0026
    Episode_Reward/wheel_action_l2: -0.0000
  Episode_Reward/wheel_action_rate: 0.0000
Episode_Reward/teacher_ensemble_match: 0.0000
  Episode_Reward/wheel_forward_use: 0.0033
 Episode_Reward/wheel_turn_support: 0.0748
   Metrics/locomotion/error_vel_xy: 0.1241
  Metrics/locomotion/error_vel_yaw: 0.1484
      Episode_Termination/time_out: 0.9082
   Episode_Termination/bad_contact: 0.0000
          Episode_Termination/tilt: 0.0000
    Episode_Termination/low_height: 0.0000
--------------------------------------------------------------------------------
                   Total timesteps: 18432
                    Iteration time: 2.81s
                      Time elapsed: 00:00:34
                               ETA: 00:04:19

################################################################################
                      [1m Learning iteration 12/100 [0m                       

                       Computation: 526 steps/s (collection: 2.842s, learning 0.078s)
             Mean action noise std: 0.01
          Mean value_function loss: 0.5375
               Mean surrogate loss: 0.2785
                 Mean entropy loss: -57.6756
                       Mean reward: -15.88
               Mean episode length: 158.03
   Episode_Reward/term_bad_contact: 0.0000
          Episode_Reward/term_tilt: 0.0000
    Episode_Reward/term_low_height: 0.0000
      Episode_Reward/leg_action_l2: -0.0016
   Episode_Reward/tracking_lin_vel: 0.5481
Episode_Reward/tracking_lin_vel_x_exp: 0.9877
Episode_Reward/tracking_ang_vel_yaw_l1: 0.0000
Episode_Reward/tracking_ang_vel_yaw_exp: 1.1400
Episode_Reward/tracking_lin_vel_y_l2: 0.0000
Episode_Reward/tracking_lin_vel_z_l2: 0.0000
            Episode_Reward/survive: 0.0000
    Episode_Reward/foot_contacts_z: 0.0000
            Episode_Reward/torques: -0.2032
 Episode_Reward/tracking_lin_vel_y: 0.0000
          Episode_Reward/lin_vel_z: -0.0105
         Episode_Reward/ang_vel_xy: -0.0040
   Episode_Reward/tracking_ang_vel: 0.2829
               Episode_Reward/work: -0.0287
            Episode_Reward/dof_acc: -0.0006
        Episode_Reward/action_rate: -0.0005
     Episode_Reward/dof_pos_limits: 0.0000
      Episode_Reward/delta_torques: -0.0002
          Episode_Reward/collision: -5.8325
        Episode_Reward/walking_dof: 0.0114
            Episode_Reward/hip_pos: -0.0175
          Episode_Reward/feet_jerk: 0.0000
              Episode_Reward/alive: 0.2961
          Episode_Reward/feet_drag: -0.0092
Episode_Reward/feet_contact_forces: -0.1887
               Episode_Reward/roll: -0.0354
        Episode_Reward/base_height: -0.0412
Episode_Reward/tracking_lin_vel_max: 0.3358
Episode_Reward/flat_orientation_l2: -0.0357
  Episode_Reward/air_time_variance: -0.0015
        Episode_Reward/feet_height: 0.0000
      Episode_Reward/feet_air_time: -0.0000
Episode_Reward/update_last_buffers: 0.0000
   Episode_Reward/wheel_idle_speed: -0.0012
    Episode_Reward/wheel_action_l2: -0.0000
  Episode_Reward/wheel_action_rate: 0.0000
Episode_Reward/teacher_ensemble_match: 0.0000
  Episode_Reward/wheel_forward_use: 0.0708
 Episode_Reward/wheel_turn_support: 0.0686
   Metrics/locomotion/error_vel_xy: 0.1719
  Metrics/locomotion/error_vel_yaw: 0.1112
      Episode_Termination/time_out: 0.9954
   Episode_Termination/bad_contact: 0.0000
          Episode_Termination/tilt: 0.0000
    Episode_Termination/low_height: 0.0000
--------------------------------------------------------------------------------
                   Total timesteps: 19968
                    Iteration time: 2.92s
                      Time elapsed: 00:00:37
                               ETA: 00:04:16

################################################################################
                      [1m Learning iteration 13/100 [0m                       

                       Computation: 527 steps/s (collection: 2.832s, learning 0.079s)
             Mean action noise std: 0.01
          Mean value_function loss: 0.4270
               Mean surrogate loss: 0.2122
                 Mean entropy loss: -57.6756
                       Mean reward: -16.88
               Mean episode length: 169.54
   Episode_Reward/term_bad_contact: 0.0000
          Episode_Reward/term_tilt: 0.0000
    Episode_Reward/term_low_height: 0.0000
      Episode_Reward/leg_action_l2: -0.0010
   Episode_Reward/tracking_lin_vel: 0.5573
Episode_Reward/tracking_lin_vel_x_exp: 1.0596
Episode_Reward/tracking_ang_vel_yaw_l1: 0.0000
Episode_Reward/tracking_ang_vel_yaw_exp: 1.0034
Episode_Reward/tracking_lin_vel_y_l2: 0.0000
Episode_Reward/tracking_lin_vel_z_l2: 0.0000
            Episode_Reward/survive: 0.0000
    Episode_Reward/foot_contacts_z: 0.0000
            Episode_Reward/torques: -0.2627
 Episode_Reward/tracking_lin_vel_y: 0.0000
          Episode_Reward/lin_vel_z: -0.0098
         Episode_Reward/ang_vel_xy: -0.0033
   Episode_Reward/tracking_ang_vel: 0.2790
               Episode_Reward/work: -0.0257
            Episode_Reward/dof_acc: -0.0004
        Episode_Reward/action_rate: -0.0003
     Episode_Reward/dof_pos_limits: 0.0000
      Episode_Reward/delta_torques: -0.0002
          Episode_Reward/collision: -5.9092
        Episode_Reward/walking_dof: 0.0029
            Episode_Reward/hip_pos: -0.0202
          Episode_Reward/feet_jerk: 0.0000
              Episode_Reward/alive: 0.3000
          Episode_Reward/feet_drag: -0.0066
Episode_Reward/feet_contact_forces: -0.1913
               Episode_Reward/roll: -0.0382
        Episode_Reward/base_height: -0.0521
Episode_Reward/tracking_lin_vel_max: 0.4007
Episode_Reward/flat_orientation_l2: -0.0424
  Episode_Reward/air_time_variance: -0.0023
        Episode_Reward/feet_height: 0.0000
      Episode_Reward/feet_air_time: -0.0000
Episode_Reward/update_last_buffers: 0.0000
   Episode_Reward/wheel_idle_speed: -0.0018
    Episode_Reward/wheel_action_l2: -0.0000
  Episode_Reward/wheel_action_rate: 0.0000
Episode_Reward/teacher_ensemble_match: 0.0000
  Episode_Reward/wheel_forward_use: 0.0177
 Episode_Reward/wheel_turn_support: 0.1106
   Metrics/locomotion/error_vel_xy: 0.1605
  Metrics/locomotion/error_vel_yaw: 0.1747
      Episode_Termination/time_out: 1.0000
   Episode_Termination/bad_contact: 0.0000
          Episode_Termination/tilt: 0.0000
    Episode_Termination/low_height: 0.0000
--------------------------------------------------------------------------------
                   Total timesteps: 21504
                    Iteration time: 2.91s
                      Time elapsed: 00:00:40
                               ETA: 00:04:13

################################################################################
                      [1m Learning iteration 14/100 [0m                       

                       Computation: 547 steps/s (collection: 2.731s, learning 0.075s)
             Mean action noise std: 0.01
          Mean value_function loss: 0.4981
               Mean surrogate loss: 0.2000
                 Mean entropy loss: -57.6756
                       Mean reward: -17.43
               Mean episode length: 174.62
   Episode_Reward/term_bad_contact: 0.0000
          Episode_Reward/term_tilt: 0.0000
    Episode_Reward/term_low_height: 0.0000
      Episode_Reward/leg_action_l2: -0.0009
   Episode_Reward/tracking_lin_vel: 0.5577
Episode_Reward/tracking_lin_vel_x_exp: 1.0200
Episode_Reward/tracking_ang_vel_yaw_l1: 0.0000
Episode_Reward/tracking_ang_vel_yaw_exp: 1.1449
Episode_Reward/tracking_lin_vel_y_l2: 0.0000
Episode_Reward/tracking_lin_vel_z_l2: 0.0000
            Episode_Reward/survive: 0.0000
    Episode_Reward/foot_contacts_z: 0.0000
            Episode_Reward/torques: -0.2601
 Episode_Reward/tracking_lin_vel_y: 0.0000
          Episode_Reward/lin_vel_z: -0.0086
         Episode_Reward/ang_vel_xy: -0.0021
   Episode_Reward/tracking_ang_vel: 0.2897
               Episode_Reward/work: -0.0229
            Episode_Reward/dof_acc: -0.0004
        Episode_Reward/action_rate: -0.0002
     Episode_Reward/dof_pos_limits: 0.0000
      Episode_Reward/delta_torques: -0.0002
          Episode_Reward/collision: -6.3488
        Episode_Reward/walking_dof: 0.0084
            Episode_Reward/hip_pos: -0.0138
          Episode_Reward/feet_jerk: 0.0000
              Episode_Reward/alive: 0.3000
          Episode_Reward/feet_drag: -0.0077
Episode_Reward/feet_contact_forces: -0.1914
               Episode_Reward/roll: -0.0171
        Episode_Reward/base_height: -0.0424
Episode_Reward/tracking_lin_vel_max: 0.3533
Episode_Reward/flat_orientation_l2: -0.0479
  Episode_Reward/air_time_variance: -0.0028
        Episode_Reward/feet_height: 0.0000
      Episode_Reward/feet_air_time: -0.0000
Episode_Reward/update_last_buffers: 0.0000
   Episode_Reward/wheel_idle_speed: -0.0015
    Episode_Reward/wheel_action_l2: -0.0000
  Episode_Reward/wheel_action_rate: 0.0000
Episode_Reward/teacher_ensemble_match: 0.0000
  Episode_Reward/wheel_forward_use: 0.0518
 Episode_Reward/wheel_turn_support: 0.0821
   Metrics/locomotion/error_vel_xy: 0.1694
  Metrics/locomotion/error_vel_yaw: 0.1039
      Episode_Termination/time_out: 1.0000
   Episode_Termination/bad_contact: 0.0000
          Episode_Termination/tilt: 0.0000
    Episode_Termination/low_height: 0.0000
--------------------------------------------------------------------------------
                   Total timesteps: 23040
                    Iteration time: 2.81s
                      Time elapsed: 00:00:43
                               ETA: 00:04:09

################################################################################
                      [1m Learning iteration 15/100 [0m                       

                       Computation: 528 steps/s (collection: 2.831s, learning 0.077s)
             Mean action noise std: 0.01
          Mean value_function loss: 0.4240
               Mean surrogate loss: 0.1913
                 Mean entropy loss: -57.6756
                       Mean reward: -18.54
               Mean episode length: 186.42
   Episode_Reward/term_bad_contact: 0.0000
          Episode_Reward/term_tilt: 0.0000
    Episode_Reward/term_low_height: 0.0000
      Episode_Reward/leg_action_l2: -0.0011
   Episode_Reward/tracking_lin_vel: 0.5643
Episode_Reward/tracking_lin_vel_x_exp: 1.0793
Episode_Reward/tracking_ang_vel_yaw_l1: 0.0000
Episode_Reward/tracking_ang_vel_yaw_exp: 1.1367
Episode_Reward/tracking_lin_vel_y_l2: 0.0000
Episode_Reward/tracking_lin_vel_z_l2: 0.0000
            Episode_Reward/survive: 0.0000
    Episode_Reward/foot_contacts_z: 0.0000
            Episode_Reward/torques: -0.2428
 Episode_Reward/tracking_lin_vel_y: 0.0000
          Episode_Reward/lin_vel_z: -0.0109
         Episode_Reward/ang_vel_xy: -0.0025
   Episode_Reward/tracking_ang_vel: 0.2877
               Episode_Reward/work: -0.0252
            Episode_Reward/dof_acc: -0.0004
        Episode_Reward/action_rate: -0.0003
     Episode_Reward/dof_pos_limits: 0.0000
      Episode_Reward/delta_torques: -0.0002
          Episode_Reward/collision: -6.1825
        Episode_Reward/walking_dof: 0.0023
            Episode_Reward/hip_pos: -0.0162
          Episode_Reward/feet_jerk: 0.0000
              Episode_Reward/alive: 0.3000
          Episode_Reward/feet_drag: -0.0065
Episode_Reward/feet_contact_forces: -0.1916
               Episode_Reward/roll: -0.0246
        Episode_Reward/base_height: -0.0468
Episode_Reward/tracking_lin_vel_max: 0.4092
Episode_Reward/flat_orientation_l2: -0.0442
  Episode_Reward/air_time_variance: -0.0044
        Episode_Reward/feet_height: 0.0000
      Episode_Reward/feet_air_time: -0.0000
Episode_Reward/update_last_buffers: 0.0000
   Episode_Reward/wheel_idle_speed: -0.0021
    Episode_Reward/wheel_action_l2: -0.0000
  Episode_Reward/wheel_action_rate: 0.0000
Episode_Reward/teacher_ensemble_match: 0.0000
  Episode_Reward/wheel_forward_use: 0.0144
 Episode_Reward/wheel_turn_support: 0.0848
   Metrics/locomotion/error_vel_xy: 0.1504
  Metrics/locomotion/error_vel_yaw: 0.1125
      Episode_Termination/time_out: 1.0000
   Episode_Termination/bad_contact: 0.0000
          Episode_Termination/tilt: 0.0000
    Episode_Termination/low_height: 0.0000
--------------------------------------------------------------------------------
                   Total timesteps: 24576
                    Iteration time: 2.91s
                      Time elapsed: 00:00:46
                               ETA: 00:04:06

################################################################################
                      [1m Learning iteration 16/100 [0m                       

                       Computation: 546 steps/s (collection: 2.733s, learning 0.075s)
             Mean action noise std: 0.01
          Mean value_function loss: 0.4527
               Mean surrogate loss: 0.1679
                 Mean entropy loss: -57.6756
                       Mean reward: -19.10
               Mean episode length: 191.53
   Episode_Reward/term_bad_contact: 0.0000
          Episode_Reward/term_tilt: 0.0000
    Episode_Reward/term_low_height: 0.0000
      Episode_Reward/leg_action_l2: -0.0008
   Episode_Reward/tracking_lin_vel: 0.5549
Episode_Reward/tracking_lin_vel_x_exp: 0.9652
Episode_Reward/tracking_ang_vel_yaw_l1: 0.0000
Episode_Reward/tracking_ang_vel_yaw_exp: 1.1921
Episode_Reward/tracking_lin_vel_y_l2: 0.0000
Episode_Reward/tracking_lin_vel_z_l2: 0.0000
            Episode_Reward/survive: 0.0000
    Episode_Reward/foot_contacts_z: 0.0000
            Episode_Reward/torques: -0.2535
 Episode_Reward/tracking_lin_vel_y: 0.0000
          Episode_Reward/lin_vel_z: -0.0107
         Episode_Reward/ang_vel_xy: -0.0023
   Episode_Reward/tracking_ang_vel: 0.2895
               Episode_Reward/work: -0.0255
            Episode_Reward/dof_acc: -0.0004
        Episode_Reward/action_rate: -0.0002
     Episode_Reward/dof_pos_limits: 0.0000
      Episode_Reward/delta_torques: -0.0002
          Episode_Reward/collision: -6.2436
        Episode_Reward/walking_dof: 0.0057
            Episode_Reward/hip_pos: -0.0145
          Episode_Reward/feet_jerk: 0.0000
              Episode_Reward/alive: 0.3000
          Episode_Reward/feet_drag: -0.0062
Episode_Reward/feet_contact_forces: -0.1907
               Episode_Reward/roll: -0.0258
        Episode_Reward/base_height: -0.0461
Episode_Reward/tracking_lin_vel_max: 0.3858
Episode_Reward/flat_orientation_l2: -0.0528
  Episode_Reward/air_time_variance: -0.0037
        Episode_Reward/feet_height: 0.0000
      Episode_Reward/feet_air_time: -0.0000
Episode_Reward/update_last_buffers: 0.0000
   Episode_Reward/wheel_idle_speed: -0.0011
    Episode_Reward/wheel_action_l2: -0.0000
  Episode_Reward/wheel_action_rate: 0.0000
Episode_Reward/teacher_ensemble_match: 0.0000
  Episode_Reward/wheel_forward_use: 0.0346
 Episode_Reward/wheel_turn_support: 0.0519
   Metrics/locomotion/error_vel_xy: 0.1821
  Metrics/locomotion/error_vel_yaw: 0.0959
      Episode_Termination/time_out: 1.0000
   Episode_Termination/bad_contact: 0.0000
          Episode_Termination/tilt: 0.0000
    Episode_Termination/low_height: 0.0000
--------------------------------------------------------------------------------
                   Total timesteps: 26112
                    Iteration time: 2.81s
                      Time elapsed: 00:00:49
                               ETA: 00:04:03

################################################################################
                      [1m Learning iteration 17/100 [0m                       

                       Computation: 533 steps/s (collection: 2.803s, learning 0.077s)
             Mean action noise std: 0.01
          Mean value_function loss: 0.4250
               Mean surrogate loss: 0.2036
                 Mean entropy loss: -57.6756
                       Mean reward: -19.56
               Mean episode length: 196.19
   Episode_Reward/term_bad_contact: 0.0000
          Episode_Reward/term_tilt: 0.0000
    Episode_Reward/term_low_height: 0.0000
      Episode_Reward/leg_action_l2: -0.0007
   Episode_Reward/tracking_lin_vel: 0.5519
Episode_Reward/tracking_lin_vel_x_exp: 0.9664
Episode_Reward/tracking_ang_vel_yaw_l1: 0.0000
Episode_Reward/tracking_ang_vel_yaw_exp: 1.1508
Episode_Reward/tracking_lin_vel_y_l2: 0.0000
Episode_Reward/tracking_lin_vel_z_l2: 0.0000
            Episode_Reward/survive: 0.0000
    Episode_Reward/foot_contacts_z: 0.0000
            Episode_Reward/torques: -0.2362
 Episode_Reward/tracking_lin_vel_y: 0.0000
          Episode_Reward/lin_vel_z: -0.0092
         Episode_Reward/ang_vel_xy: -0.0026
   Episode_Reward/tracking_ang_vel: 0.2876
               Episode_Reward/work: -0.0242
            Episode_Reward/dof_acc: -0.0005
        Episode_Reward/action_rate: -0.0002
     Episode_Reward/dof_pos_limits: 0.0000
      Episode_Reward/delta_torques: -0.0002
          Episode_Reward/collision: -6.0388
        Episode_Reward/walking_dof: 0.0071
            Episode_Reward/hip_pos: -0.0121
          Episode_Reward/feet_jerk: 0.0000
              Episode_Reward/alive: 0.3000
          Episode_Reward/feet_drag: -0.0068
Episode_Reward/feet_contact_forces: -0.1858
               Episode_Reward/roll: -0.0362
        Episode_Reward/base_height: -0.0395
Episode_Reward/tracking_lin_vel_max: 0.3595
Episode_Reward/flat_orientation_l2: -0.0499
  Episode_Reward/air_time_variance: -0.0035
        Episode_Reward/feet_height: 0.0000
      Episode_Reward/feet_air_time: 0.0000
Episode_Reward/update_last_buffers: 0.0000
   Episode_Reward/wheel_idle_speed: -0.0015
    Episode_Reward/wheel_action_l2: -0.0000
  Episode_Reward/wheel_action_rate: 0.0000
Episode_Reward/teacher_ensemble_match: 0.0000
  Episode_Reward/wheel_forward_use: 0.0445
 Episode_Reward/wheel_turn_support: 0.0679
   Metrics/locomotion/error_vel_xy: 0.1842
  Metrics/locomotion/error_vel_yaw: 0.1085
      Episode_Termination/time_out: 1.0000
   Episode_Termination/bad_contact: 0.0000
          Episode_Termination/tilt: 0.0000
    Episode_Termination/low_height: 0.0000
--------------------------------------------------------------------------------
                   Total timesteps: 27648
                    Iteration time: 2.88s
                      Time elapsed: 00:00:52
                               ETA: 00:04:00

################################################################################
                      [1m Learning iteration 18/100 [0m                       

                       Computation: 536 steps/s (collection: 2.790s, learning 0.075s)
             Mean action noise std: 0.01
          Mean value_function loss: 0.5474
               Mean surrogate loss: 0.2074
                 Mean entropy loss: -57.6756
                       Mean reward: -20.24
               Mean episode length: 202.48
   Episode_Reward/term_bad_contact: 0.0000
          Episode_Reward/term_tilt: 0.0000
    Episode_Reward/term_low_height: 0.0000
      Episode_Reward/leg_action_l2: -0.0005
   Episode_Reward/tracking_lin_vel: 0.5484
Episode_Reward/tracking_lin_vel_x_exp: 0.9970
Episode_Reward/tracking_ang_vel_yaw_l1: 0.0000
Episode_Reward/tracking_ang_vel_yaw_exp: 1.1617
Episode_Reward/tracking_lin_vel_y_l2: 0.0000
Episode_Reward/tracking_lin_vel_z_l2: 0.0000
            Episode_Reward/survive: 0.0000
    Episode_Reward/foot_contacts_z: 0.0000
            Episode_Reward/torques: -0.2985
 Episode_Reward/tracking_lin_vel_y: 0.0000
          Episode_Reward/lin_vel_z: -0.0092
         Episode_Reward/ang_vel_xy: -0.0027
   Episode_Reward/tracking_ang_vel: 0.2900
               Episode_Reward/work: -0.0248
            Episode_Reward/dof_acc: -0.0004
        Episode_Reward/action_rate: -0.0002
     Episode_Reward/dof_pos_limits: -0.0000
      Episode_Reward/delta_torques: -0.0002
          Episode_Reward/collision: -6.1996
        Episode_Reward/walking_dof: 0.0040
            Episode_Reward/hip_pos: -0.0260
          Episode_Reward/feet_jerk: 0.0000
              Episode_Reward/alive: 0.3000
          Episode_Reward/feet_drag: -0.0060
Episode_Reward/feet_contact_forces: -0.1911
               Episode_Reward/roll: -0.0179
        Episode_Reward/base_height: -0.0619
Episode_Reward/tracking_lin_vel_max: 0.3766
Episode_Reward/flat_orientation_l2: -0.0640
  Episode_Reward/air_time_variance: -0.0010
        Episode_Reward/feet_height: 0.0000
      Episode_Reward/feet_air_time: 0.0000
Episode_Reward/update_last_buffers: 0.0000
   Episode_Reward/wheel_idle_speed: -0.0020
    Episode_Reward/wheel_action_l2: -0.0000
  Episode_Reward/wheel_action_rate: 0.0000
Episode_Reward/teacher_ensemble_match: 0.0000
  Episode_Reward/wheel_forward_use: 0.0237
 Episode_Reward/wheel_turn_support: 0.0872
   Metrics/locomotion/error_vel_xy: 0.1855
  Metrics/locomotion/error_vel_yaw: 0.0995
      Episode_Termination/time_out: 1.0000
   Episode_Termination/bad_contact: 0.0000
          Episode_Termination/tilt: 0.0000
    Episode_Termination/low_height: 0.0000
--------------------------------------------------------------------------------
                   Total timesteps: 29184
                    Iteration time: 2.87s
                      Time elapsed: 00:00:55
                               ETA: 00:03:57

################################################################################
                      [1m Learning iteration 19/100 [0m                       

                       Computation: 540 steps/s (collection: 2.763s, learning 0.080s)
             Mean action noise std: 0.01
          Mean value_function loss: 0.3657
               Mean surrogate loss: 0.2527
                 Mean entropy loss: -57.6756
                       Mean reward: -21.31
               Mean episode length: 212.35
   Episode_Reward/term_bad_contact: 0.0000
          Episode_Reward/term_tilt: 0.0000
    Episode_Reward/term_low_height: 0.0000
      Episode_Reward/leg_action_l2: -0.0010
   Episode_Reward/tracking_lin_vel: 0.5560
Episode_Reward/tracking_lin_vel_x_exp: 1.0475
Episode_Reward/tracking_ang_vel_yaw_l1: 0.0000
Episode_Reward/tracking_ang_vel_yaw_exp: 1.1555
Episode_Reward/tracking_lin_vel_y_l2: 0.0000
Episode_Reward/tracking_lin_vel_z_l2: 0.0000
            Episode_Reward/survive: 0.0000
    Episode_Reward/foot_contacts_z: 0.0000
            Episode_Reward/torques: -0.2986
 Episode_Reward/tracking_lin_vel_y: 0.0000
          Episode_Reward/lin_vel_z: -0.0093
         Episode_Reward/ang_vel_xy: -0.0037
   Episode_Reward/tracking_ang_vel: 0.2904
               Episode_Reward/work: -0.0231
            Episode_Reward/dof_acc: -0.0004
        Episode_Reward/action_rate: -0.0003
     Episode_Reward/dof_pos_limits: -0.0000
      Episode_Reward/delta_torques: -0.0002
          Episode_Reward/collision: -5.9842
        Episode_Reward/walking_dof: 0.0099
            Episode_Reward/hip_pos: -0.0320
          Episode_Reward/feet_jerk: 0.0000
              Episode_Reward/alive: 0.3000
          Episode_Reward/feet_drag: -0.0070
Episode_Reward/feet_contact_forces: -0.1929
               Episode_Reward/roll: -0.0321
        Episode_Reward/base_height: -0.0665
Episode_Reward/tracking_lin_vel_max: 0.3074
Episode_Reward/flat_orientation_l2: -0.0586
  Episode_Reward/air_time_variance: -0.0023
        Episode_Reward/feet_height: 0.0000
      Episode_Reward/feet_air_time: -0.0000
Episode_Reward/update_last_buffers: 0.0000
   Episode_Reward/wheel_idle_speed: -0.0008
    Episode_Reward/wheel_action_l2: -0.0000
  Episode_Reward/wheel_action_rate: 0.0000
Episode_Reward/teacher_ensemble_match: 0.0000
  Episode_Reward/wheel_forward_use: 0.0619
 Episode_Reward/wheel_turn_support: 0.1068
   Metrics/locomotion/error_vel_xy: 0.1623
  Metrics/locomotion/error_vel_yaw: 0.1007
      Episode_Termination/time_out: 1.0000
   Episode_Termination/bad_contact: 0.0000
          Episode_Termination/tilt: 0.0000
    Episode_Termination/low_height: 0.0000
--------------------------------------------------------------------------------
                   Total timesteps: 30720
                    Iteration time: 2.84s
                      Time elapsed: 00:00:57
                               ETA: 00:03:54

################################################################################
                      [1m Learning iteration 20/100 [0m                       

                       Computation: 536 steps/s (collection: 2.780s, learning 0.082s)
             Mean action noise std: 0.01
          Mean value_function loss: 0.3295
               Mean surrogate loss: 0.2464
                 Mean entropy loss: -57.6756
                       Mean reward: -21.80
               Mean episode length: 218.08
   Episode_Reward/term_bad_contact: 0.0000
          Episode_Reward/term_tilt: 0.0000
    Episode_Reward/term_low_height: 0.0000
      Episode_Reward/leg_action_l2: -0.0011
   Episode_Reward/tracking_lin_vel: 0.5565
Episode_Reward/tracking_lin_vel_x_exp: 1.0168
Episode_Reward/tracking_ang_vel_yaw_l1: 0.0000
Episode_Reward/tracking_ang_vel_yaw_exp: 1.1513
Episode_Reward/tracking_lin_vel_y_l2: 0.0000
Episode_Reward/tracking_lin_vel_z_l2: 0.0000
            Episode_Reward/survive: 0.0000
    Episode_Reward/foot_contacts_z: 0.0000
            Episode_Reward/torques: -0.2339
 Episode_Reward/tracking_lin_vel_y: 0.0000
          Episode_Reward/lin_vel_z: -0.0124
         Episode_Reward/ang_vel_xy: -0.0023
   Episode_Reward/tracking_ang_vel: 0.2876
               Episode_Reward/work: -0.0314
            Episode_Reward/dof_acc: -0.0005
        Episode_Reward/action_rate: -0.0003
     Episode_Reward/dof_pos_limits: 0.0000
      Episode_Reward/delta_torques: -0.0002
          Episode_Reward/collision: -6.4308
        Episode_Reward/walking_dof: 0.0051
            Episode_Reward/hip_pos: -0.0149
          Episode_Reward/feet_jerk: 0.0000
              Episode_Reward/alive: 0.3000
          Episode_Reward/feet_drag: -0.0093
Episode_Reward/feet_contact_forces: -0.1928
               Episode_Reward/roll: -0.0164
        Episode_Reward/base_height: -0.0466
Episode_Reward/tracking_lin_vel_max: 0.3552
Episode_Reward/flat_orientation_l2: -0.0434
  Episode_Reward/air_time_variance: -0.0005
        Episode_Reward/feet_height: 0.0000
      Episode_Reward/feet_air_time: -0.0000
Episode_Reward/update_last_buffers: 0.0000
   Episode_Reward/wheel_idle_speed: -0.0035
    Episode_Reward/wheel_action_l2: -0.0000
  Episode_Reward/wheel_action_rate: 0.0000
Episode_Reward/teacher_ensemble_match: 0.0000
  Episode_Reward/wheel_forward_use: 0.0285
 Episode_Reward/wheel_turn_support: 0.0668
   Metrics/locomotion/error_vel_xy: 0.1673
  Metrics/locomotion/error_vel_yaw: 0.1089
      Episode_Termination/time_out: 1.0000
   Episode_Termination/bad_contact: 0.0000
          Episode_Termination/tilt: 0.0000
    Episode_Termination/low_height: 0.0000
--------------------------------------------------------------------------------
                   Total timesteps: 32256
                    Iteration time: 2.86s
                      Time elapsed: 00:01:00
                               ETA: 00:03:51

################################################################################
                      [1m Learning iteration 21/100 [0m                       

                       Computation: 514 steps/s (collection: 2.901s, learning 0.082s)
             Mean action noise std: 0.01
          Mean value_function loss: 0.4844
               Mean surrogate loss: 0.1651
                 Mean entropy loss: -57.6756
                       Mean reward: -23.33
               Mean episode length: 234.25
   Episode_Reward/term_bad_contact: 0.0000
          Episode_Reward/term_tilt: 0.0000
    Episode_Reward/term_low_height: 0.0000
      Episode_Reward/leg_action_l2: -0.0012
   Episode_Reward/tracking_lin_vel: 0.5548
Episode_Reward/tracking_lin_vel_x_exp: 0.9561
Episode_Reward/tracking_ang_vel_yaw_l1: 0.0000
Episode_Reward/tracking_ang_vel_yaw_exp: 1.1648
Episode_Reward/tracking_lin_vel_y_l2: 0.0000
Episode_Reward/tracking_lin_vel_z_l2: 0.0000
            Episode_Reward/survive: 0.0000
    Episode_Reward/foot_contacts_z: 0.0000
            Episode_Reward/torques: -0.2410
 Episode_Reward/tracking_lin_vel_y: 0.0000
          Episode_Reward/lin_vel_z: -0.0084
         Episode_Reward/ang_vel_xy: -0.0026
   Episode_Reward/tracking_ang_vel: 0.2892
               Episode_Reward/work: -0.0217
            Episode_Reward/dof_acc: -0.0004
        Episode_Reward/action_rate: -0.0004
     Episode_Reward/dof_pos_limits: -0.0000
      Episode_Reward/delta_torques: -0.0002
          Episode_Reward/collision: -6.2150
        Episode_Reward/walking_dof: 0.0032
            Episode_Reward/hip_pos: -0.0130
          Episode_Reward/feet_jerk: 0.0000
              Episode_Reward/alive: 0.3000
          Episode_Reward/feet_drag: -0.0069
Episode_Reward/feet_contact_forces: -0.1872
               Episode_Reward/roll: -0.0237
        Episode_Reward/base_height: -0.0413
Episode_Reward/tracking_lin_vel_max: 0.4072
Episode_Reward/flat_orientation_l2: -0.0528
  Episode_Reward/air_time_variance: -0.0062
        Episode_Reward/feet_height: 0.0000
      Episode_Reward/feet_air_time: 0.0000
Episode_Reward/update_last_buffers: 0.0000
   Episode_Reward/wheel_idle_speed: -0.0018
    Episode_Reward/wheel_action_l2: -0.0000
  Episode_Reward/wheel_action_rate: 0.0000
Episode_Reward/teacher_ensemble_match: 0.0000
  Episode_Reward/wheel_forward_use: 0.0211
 Episode_Reward/wheel_turn_support: 0.0765
   Metrics/locomotion/error_vel_xy: 0.1817
  Metrics/locomotion/error_vel_yaw: 0.1015
      Episode_Termination/time_out: 1.0000
   Episode_Termination/bad_contact: 0.0000
          Episode_Termination/tilt: 0.0000
    Episode_Termination/low_height: 0.0000
--------------------------------------------------------------------------------
                   Total timesteps: 33792
                    Iteration time: 2.98s
                      Time elapsed: 00:01:03
                               ETA: 00:03:48

################################################################################
                      [1m Learning iteration 22/100 [0m                       

                       Computation: 545 steps/s (collection: 2.737s, learning 0.077s)
             Mean action noise std: 0.01
          Mean value_function loss: 0.3806
               Mean surrogate loss: 0.1704
                 Mean entropy loss: -57.6756
                       Mean reward: -23.80
               Mean episode length: 239.39
   Episode_Reward/term_bad_contact: 0.0000
          Episode_Reward/term_tilt: 0.0000
    Episode_Reward/term_low_height: 0.0000
      Episode_Reward/leg_action_l2: -0.0009
   Episode_Reward/tracking_lin_vel: 0.5452
Episode_Reward/tracking_lin_vel_x_exp: 0.9697
Episode_Reward/tracking_ang_vel_yaw_l1: 0.0000
Episode_Reward/tracking_ang_vel_yaw_exp: 1.2061
Episode_Reward/tracking_lin_vel_y_l2: 0.0000
Episode_Reward/tracking_lin_vel_z_l2: 0.0000
            Episode_Reward/survive: 0.0000
    Episode_Reward/foot_contacts_z: 0.0000
            Episode_Reward/torques: -0.2623
 Episode_Reward/tracking_lin_vel_y: 0.0000
          Episode_Reward/lin_vel_z: -0.0089
         Episode_Reward/ang_vel_xy: -0.0030
   Episode_Reward/tracking_ang_vel: 0.2869
               Episode_Reward/work: -0.0249
            Episode_Reward/dof_acc: -0.0005
        Episode_Reward/action_rate: -0.0003
     Episode_Reward/dof_pos_limits: 0.0000
      Episode_Reward/delta_torques: -0.0002
          Episode_Reward/collision: -5.9096
        Episode_Reward/walking_dof: 0.0096
            Episode_Reward/hip_pos: -0.0140
          Episode_Reward/feet_jerk: 0.0000
              Episode_Reward/alive: 0.3000
          Episode_Reward/feet_drag: -0.0073
Episode_Reward/feet_contact_forces: -0.1884
               Episode_Reward/roll: -0.0231
        Episode_Reward/base_height: -0.0462
Episode_Reward/tracking_lin_vel_max: 0.3337
Episode_Reward/flat_orientation_l2: -0.0601
  Episode_Reward/air_time_variance: -0.0013
        Episode_Reward/feet_height: 0.0000
      Episode_Reward/feet_air_time: -0.0000
Episode_Reward/update_last_buffers: 0.0000
   Episode_Reward/wheel_idle_speed: -0.0016
    Episode_Reward/wheel_action_l2: -0.0000
  Episode_Reward/wheel_action_rate: 0.0000
Episode_Reward/teacher_ensemble_match: 0.0000
  Episode_Reward/wheel_forward_use: 0.0538
 Episode_Reward/wheel_turn_support: 0.0211
   Metrics/locomotion/error_vel_xy: 0.1936
  Metrics/locomotion/error_vel_yaw: 0.0997
      Episode_Termination/time_out: 1.0000
   Episode_Termination/bad_contact: 0.0000
          Episode_Termination/tilt: 0.0000
    Episode_Termination/low_height: 0.0000
--------------------------------------------------------------------------------
                   Total timesteps: 35328
                    Iteration time: 2.81s
                      Time elapsed: 00:01:06
                               ETA: 00:03:45

################################################################################
                      [1m Learning iteration 23/100 [0m                       

                       Computation: 529 steps/s (collection: 2.816s, learning 0.082s)
             Mean action noise std: 0.01
          Mean value_function loss: 0.8196
               Mean surrogate loss: 0.1977
                 Mean entropy loss: -57.6756
                       Mean reward: -25.78
               Mean episode length: 259.41
   Episode_Reward/term_bad_contact: 0.0000
          Episode_Reward/term_tilt: 0.0000
    Episode_Reward/term_low_height: 0.0000
      Episode_Reward/leg_action_l2: -0.0017
   Episode_Reward/tracking_lin_vel: 0.5624
Episode_Reward/tracking_lin_vel_x_exp: 1.0697
Episode_Reward/tracking_ang_vel_yaw_l1: 0.0000
Episode_Reward/tracking_ang_vel_yaw_exp: 1.1730
Episode_Reward/tracking_lin_vel_y_l2: 0.0000
Episode_Reward/tracking_lin_vel_z_l2: 0.0000
            Episode_Reward/survive: 0.0000
    Episode_Reward/foot_contacts_z: 0.0000
            Episode_Reward/torques: -0.1977
 Episode_Reward/tracking_lin_vel_y: 0.0000
          Episode_Reward/lin_vel_z: -0.0097
         Episode_Reward/ang_vel_xy: -0.0032
   Episode_Reward/tracking_ang_vel: 0.2842
               Episode_Reward/work: -0.0272
            Episode_Reward/dof_acc: -0.0005
        Episode_Reward/action_rate: -0.0005
     Episode_Reward/dof_pos_limits: 0.0000
      Episode_Reward/delta_torques: -0.0001
          Episode_Reward/collision: -5.9577
        Episode_Reward/walking_dof: 0.0032
            Episode_Reward/hip_pos: -0.0124
          Episode_Reward/feet_jerk: 0.0000
              Episode_Reward/alive: 0.3000
          Episode_Reward/feet_drag: -0.0074
Episode_Reward/feet_contact_forces: -0.1929
               Episode_Reward/roll: -0.0336
        Episode_Reward/base_height: -0.0379
Episode_Reward/tracking_lin_vel_max: 0.3959
Episode_Reward/flat_orientation_l2: -0.0336
  Episode_Reward/air_time_variance: -0.0052
        Episode_Reward/feet_height: 0.0000
      Episode_Reward/feet_air_time: -0.0000
Episode_Reward/update_last_buffers: 0.0000
   Episode_Reward/wheel_idle_speed: -0.0021
    Episode_Reward/wheel_action_l2: -0.0000
  Episode_Reward/wheel_action_rate: 0.0000
Episode_Reward/teacher_ensemble_match: 0.0000
  Episode_Reward/wheel_forward_use: 0.0191
 Episode_Reward/wheel_turn_support: 0.0415
   Metrics/locomotion/error_vel_xy: 0.1538
  Metrics/locomotion/error_vel_yaw: 0.1161
      Episode_Termination/time_out: 1.0000
   Episode_Termination/bad_contact: 0.0000
          Episode_Termination/tilt: 0.0000
    Episode_Termination/low_height: 0.0000
--------------------------------------------------------------------------------
                   Total timesteps: 36864
                    Iteration time: 2.90s
                      Time elapsed: 00:01:09
                               ETA: 00:03:42

################################################################################
                      [1m Learning iteration 24/100 [0m                       

                       Computation: 533 steps/s (collection: 2.804s, learning 0.076s)
             Mean action noise std: 0.01
          Mean value_function loss: 0.5191
               Mean surrogate loss: 0.1891
                 Mean entropy loss: -57.6756
                       Mean reward: -26.76
               Mean episode length: 270.93
   Episode_Reward/term_bad_contact: 0.0000
          Episode_Reward/term_tilt: 0.0000
    Episode_Reward/term_low_height: 0.0000
      Episode_Reward/leg_action_l2: -0.0014
   Episode_Reward/tracking_lin_vel: 0.5576
Episode_Reward/tracking_lin_vel_x_exp: 0.9837
Episode_Reward/tracking_ang_vel_yaw_l1: 0.0000
Episode_Reward/tracking_ang_vel_yaw_exp: 1.1535
Episode_Reward/tracking_lin_vel_y_l2: 0.0000
Episode_Reward/tracking_lin_vel_z_l2: 0.0000
            Episode_Reward/survive: 0.0000
    Episode_Reward/foot_contacts_z: 0.0000
            Episode_Reward/torques: -0.2331
 Episode_Reward/tracking_lin_vel_y: 0.0000
          Episode_Reward/lin_vel_z: -0.0095
         Episode_Reward/ang_vel_xy: -0.0040
   Episode_Reward/tracking_ang_vel: 0.2855
               Episode_Reward/work: -0.0247
            Episode_Reward/dof_acc: -0.0005
        Episode_Reward/action_rate: -0.0004
     Episode_Reward/dof_pos_limits: -0.0000
      Episode_Reward/delta_torques: -0.0002
          Episode_Reward/collision: -5.9188
        Episode_Reward/walking_dof: 0.0022
            Episode_Reward/hip_pos: -0.0217
          Episode_Reward/feet_jerk: 0.0000
              Episode_Reward/alive: 0.3000
          Episode_Reward/feet_drag: -0.0065
Episode_Reward/feet_contact_forces: -0.1903
               Episode_Reward/roll: -0.0362
        Episode_Reward/base_height: -0.0496
Episode_Reward/tracking_lin_vel_max: 0.4075
Episode_Reward/flat_orientation_l2: -0.0449
  Episode_Reward/air_time_variance: -0.0018
        Episode_Reward/feet_height: 0.0000
      Episode_Reward/feet_air_time: -0.0000
Episode_Reward/update_last_buffers: 0.0000
   Episode_Reward/wheel_idle_speed: -0.0020
    Episode_Reward/wheel_action_l2: -0.0000
  Episode_Reward/wheel_action_rate: 0.0000
Episode_Reward/teacher_ensemble_match: 0.0000
  Episode_Reward/wheel_forward_use: 0.0133
 Episode_Reward/wheel_turn_support: 0.0550
   Metrics/locomotion/error_vel_xy: 0.1760
  Metrics/locomotion/error_vel_yaw: 0.1154
      Episode_Termination/time_out: 1.0000
   Episode_Termination/bad_contact: 0.0000
          Episode_Termination/tilt: 0.0000
    Episode_Termination/low_height: 0.0000
--------------------------------------------------------------------------------
                   Total timesteps: 38400
                    Iteration time: 2.88s
                      Time elapsed: 00:01:12
                               ETA: 00:03:39

################################################################################
                      [1m Learning iteration 25/100 [0m                       

                       Computation: 530 steps/s (collection: 2.817s, learning 0.075s)
             Mean action noise std: 0.01
          Mean value_function loss: 0.5721
               Mean surrogate loss: 0.1855
                 Mean entropy loss: -57.6756
                       Mean reward: -27.51
               Mean episode length: 280.71
   Episode_Reward/term_bad_contact: 0.0000
          Episode_Reward/term_tilt: 0.0000
    Episode_Reward/term_low_height: 0.0000
      Episode_Reward/leg_action_l2: -0.0013
   Episode_Reward/tracking_lin_vel: 0.5642
Episode_Reward/tracking_lin_vel_x_exp: 1.0431
Episode_Reward/tracking_ang_vel_yaw_l1: 0.0000
Episode_Reward/tracking_ang_vel_yaw_exp: 1.2137
Episode_Reward/tracking_lin_vel_y_l2: 0.0000
Episode_Reward/tracking_lin_vel_z_l2: 0.0000
            Episode_Reward/survive: 0.0000
    Episode_Reward/foot_contacts_z: 0.0000
            Episode_Reward/torques: -0.2352
 Episode_Reward/tracking_lin_vel_y: 0.0000
          Episode_Reward/lin_vel_z: -0.0105
         Episode_Reward/ang_vel_xy: -0.0031
   Episode_Reward/tracking_ang_vel: 0.2855
               Episode_Reward/work: -0.0269
            Episode_Reward/dof_acc: -0.0005
        Episode_Reward/action_rate: -0.0004
     Episode_Reward/dof_pos_limits: 0.0000
      Episode_Reward/delta_torques: -0.0002
          Episode_Reward/collision: -5.9688
        Episode_Reward/walking_dof: 0.0018
            Episode_Reward/hip_pos: -0.0183
          Episode_Reward/feet_jerk: 0.0000
              Episode_Reward/alive: 0.3000
          Episode_Reward/feet_drag: -0.0053
Episode_Reward/feet_contact_forces: -0.1954
               Episode_Reward/roll: -0.0298
        Episode_Reward/base_height: -0.0491
Episode_Reward/tracking_lin_vel_max: 0.4138
Episode_Reward/flat_orientation_l2: -0.0365
  Episode_Reward/air_time_variance: -0.0017
        Episode_Reward/feet_height: 0.0000
      Episode_Reward/feet_air_time: -0.0000
Episode_Reward/update_last_buffers: 0.0000
   Episode_Reward/wheel_idle_speed: -0.0016
    Episode_Reward/wheel_action_l2: -0.0000
  Episode_Reward/wheel_action_rate: 0.0000
Episode_Reward/teacher_ensemble_match: 0.0000
  Episode_Reward/wheel_forward_use: 0.0110
 Episode_Reward/wheel_turn_support: 0.0284
   Metrics/locomotion/error_vel_xy: 0.1558
  Metrics/locomotion/error_vel_yaw: 0.1093
      Episode_Termination/time_out: 1.0000
   Episode_Termination/bad_contact: 0.0000
          Episode_Termination/tilt: 0.0000
    Episode_Termination/low_height: 0.0000
--------------------------------------------------------------------------------
                   Total timesteps: 39936
                    Iteration time: 2.89s
                      Time elapsed: 00:01:15
                               ETA: 00:03:36

################################################################################
                      [1m Learning iteration 26/100 [0m                       

                       Computation: 531 steps/s (collection: 2.814s, learning 0.077s)
             Mean action noise std: 0.01
          Mean value_function loss: 41.8318
               Mean surrogate loss: 0.0573
                 Mean entropy loss: -57.6756
                       Mean reward: -29.43
               Mean episode length: 288.81
   Episode_Reward/term_bad_contact: 0.0000
          Episode_Reward/term_tilt: -1.0417
    Episode_Reward/term_low_height: 0.0000
      Episode_Reward/leg_action_l2: -0.0009
   Episode_Reward/tracking_lin_vel: 0.5178
Episode_Reward/tracking_lin_vel_x_exp: 0.9161
Episode_Reward/tracking_ang_vel_yaw_l1: 0.0000
Episode_Reward/tracking_ang_vel_yaw_exp: 1.0819
Episode_Reward/tracking_lin_vel_y_l2: 0.0000
Episode_Reward/tracking_lin_vel_z_l2: 0.0000
            Episode_Reward/survive: 0.0000
    Episode_Reward/foot_contacts_z: 0.0000
            Episode_Reward/torques: -0.2539
 Episode_Reward/tracking_lin_vel_y: 0.0000
          Episode_Reward/lin_vel_z: -0.0094
         Episode_Reward/ang_vel_xy: -0.0029
   Episode_Reward/tracking_ang_vel: 0.2683
               Episode_Reward/work: -0.0247
            Episode_Reward/dof_acc: -0.0006
        Episode_Reward/action_rate: -0.0003
     Episode_Reward/dof_pos_limits: 0.0000
      Episode_Reward/delta_torques: -0.0002
          Episode_Reward/collision: -5.7948
        Episode_Reward/walking_dof: 0.0047
            Episode_Reward/hip_pos: -0.0177
          Episode_Reward/feet_jerk: 0.0000
              Episode_Reward/alive: 0.2820
          Episode_Reward/feet_drag: -0.0062
Episode_Reward/feet_contact_forces: -0.1821
               Episode_Reward/roll: -0.0198
        Episode_Reward/base_height: -0.0489
Episode_Reward/tracking_lin_vel_max: 0.3615
Episode_Reward/flat_orientation_l2: -0.0456
  Episode_Reward/air_time_variance: -0.0012
        Episode_Reward/feet_height: 0.0000
      Episode_Reward/feet_air_time: -0.0000
Episode_Reward/update_last_buffers: 0.0000
   Episode_Reward/wheel_idle_speed: -0.0018
    Episode_Reward/wheel_action_l2: -0.0000
  Episode_Reward/wheel_action_rate: 0.0000
Episode_Reward/teacher_ensemble_match: 0.0000
  Episode_Reward/wheel_forward_use: 0.0290
 Episode_Reward/wheel_turn_support: 0.0671
   Metrics/locomotion/error_vel_xy: 0.1749
  Metrics/locomotion/error_vel_yaw: 0.1107
      Episode_Termination/time_out: 0.9915
   Episode_Termination/bad_contact: 0.0000
          Episode_Termination/tilt: 0.0085
    Episode_Termination/low_height: 0.0000
--------------------------------------------------------------------------------
                   Total timesteps: 41472
                    Iteration time: 2.89s
                      Time elapsed: 00:01:18
                               ETA: 00:03:34

################################################################################
                      [1m Learning iteration 27/100 [0m                       

                       Computation: 540 steps/s (collection: 2.764s, learning 0.076s)
             Mean action noise std: 0.01
          Mean value_function loss: 0.2263
               Mean surrogate loss: 0.2277
                 Mean entropy loss: -57.6756
                       Mean reward: -29.63
               Mean episode length: 291.48
   Episode_Reward/term_bad_contact: 0.0000
          Episode_Reward/term_tilt: 0.0000
    Episode_Reward/term_low_height: 0.0000
      Episode_Reward/leg_action_l2: -0.0009
   Episode_Reward/tracking_lin_vel: 0.5438
Episode_Reward/tracking_lin_vel_x_exp: 0.9464
Episode_Reward/tracking_ang_vel_yaw_l1: 0.0000
Episode_Reward/tracking_ang_vel_yaw_exp: 1.1015
Episode_Reward/tracking_lin_vel_y_l2: 0.0000
Episode_Reward/tracking_lin_vel_z_l2: 0.0000
            Episode_Reward/survive: 0.0000
    Episode_Reward/foot_contacts_z: 0.0000
            Episode_Reward/torques: -0.2633
 Episode_Reward/tracking_lin_vel_y: 0.0000
          Episode_Reward/lin_vel_z: -0.0098
         Episode_Reward/ang_vel_xy: -0.0022
   Episode_Reward/tracking_ang_vel: 0.2879
               Episode_Reward/work: -0.0280
            Episode_Reward/dof_acc: -0.0009
        Episode_Reward/action_rate: -0.0002
     Episode_Reward/dof_pos_limits: -0.0000
      Episode_Reward/delta_torques: -0.0002
          Episode_Reward/collision: -6.4188
        Episode_Reward/walking_dof: 0.0100
            Episode_Reward/hip_pos: -0.0163
          Episode_Reward/feet_jerk: 0.0000
              Episode_Reward/alive: 0.3000
          Episode_Reward/feet_drag: -0.0093
Episode_Reward/feet_contact_forces: -0.1920
               Episode_Reward/roll: -0.0168
        Episode_Reward/base_height: -0.0482
Episode_Reward/tracking_lin_vel_max: 0.3605
Episode_Reward/flat_orientation_l2: -0.0475
  Episode_Reward/air_time_variance: -0.0005
        Episode_Reward/feet_height: 0.0000
      Episode_Reward/feet_air_time: -0.0000
Episode_Reward/update_last_buffers: 0.0000
   Episode_Reward/wheel_idle_speed: -0.0031
    Episode_Reward/wheel_action_l2: -0.0000
  Episode_Reward/wheel_action_rate: 0.0000
Episode_Reward/teacher_ensemble_match: 0.0000
  Episode_Reward/wheel_forward_use: 0.0627
 Episode_Reward/wheel_turn_support: 0.0924
   Metrics/locomotion/error_vel_xy: 0.1995
  Metrics/locomotion/error_vel_yaw: 0.1177
      Episode_Termination/time_out: 0.9844
   Episode_Termination/bad_contact: 0.0000
          Episode_Termination/tilt: 0.0156
    Episode_Termination/low_height: 0.0000
--------------------------------------------------------------------------------
                   Total timesteps: 43008
                    Iteration time: 2.84s
                      Time elapsed: 00:01:20
                               ETA: 00:03:30

################################################################################
                      [1m Learning iteration 28/100 [0m                       

                       Computation: 526 steps/s (collection: 2.835s, learning 0.083s)
             Mean action noise std: 0.01
          Mean value_function loss: 0.7223
               Mean surrogate loss: 0.1674
                 Mean entropy loss: -57.6756
                       Mean reward: -29.96
               Mean episode length: 295.07
   Episode_Reward/term_bad_contact: 0.0000
          Episode_Reward/term_tilt: 0.0000
    Episode_Reward/term_low_height: 0.0000
      Episode_Reward/leg_action_l2: -0.0007
   Episode_Reward/tracking_lin_vel: 0.5265
Episode_Reward/tracking_lin_vel_x_exp: 0.8510
Episode_Reward/tracking_ang_vel_yaw_l1: 0.0000
Episode_Reward/tracking_ang_vel_yaw_exp: 1.1199
Episode_Reward/tracking_lin_vel_y_l2: 0.0000
Episode_Reward/tracking_lin_vel_z_l2: 0.0000
            Episode_Reward/survive: 0.0000
    Episode_Reward/foot_contacts_z: 0.0000
            Episode_Reward/torques: -0.2462
 Episode_Reward/tracking_lin_vel_y: 0.0000
          Episode_Reward/lin_vel_z: -0.0101
         Episode_Reward/ang_vel_xy: -0.0027
   Episode_Reward/tracking_ang_vel: 0.2858
               Episode_Reward/work: -0.0303
            Episode_Reward/dof_acc: -0.0006
        Episode_Reward/action_rate: -0.0002
     Episode_Reward/dof_pos_limits: 0.0000
      Episode_Reward/delta_torques: -0.0002
          Episode_Reward/collision: -6.4575
        Episode_Reward/walking_dof: 0.0143
            Episode_Reward/hip_pos: -0.0112
          Episode_Reward/feet_jerk: 0.0000
              Episode_Reward/alive: 0.3000
          Episode_Reward/feet_drag: -0.0092
Episode_Reward/feet_contact_forces: -0.1881
               Episode_Reward/roll: -0.0221
        Episode_Reward/base_height: -0.0401
Episode_Reward/tracking_lin_vel_max: 0.3013
Episode_Reward/flat_orientation_l2: -0.0526
  Episode_Reward/air_time_variance: -0.0039
        Episode_Reward/feet_height: 0.0000
      Episode_Reward/feet_air_time: -0.0000
Episode_Reward/update_last_buffers: 0.0000
   Episode_Reward/wheel_idle_speed: -0.0009
    Episode_Reward/wheel_action_l2: -0.0000
  Episode_Reward/wheel_action_rate: 0.0000
Episode_Reward/teacher_ensemble_match: 0.0000
  Episode_Reward/wheel_forward_use: 0.0869
 Episode_Reward/wheel_turn_support: 0.0870
   Metrics/locomotion/error_vel_xy: 0.2430
  Metrics/locomotion/error_vel_yaw: 0.1216
      Episode_Termination/time_out: 0.9844
   Episode_Termination/bad_contact: 0.0000
          Episode_Termination/tilt: 0.0156
    Episode_Termination/low_height: 0.0000
--------------------------------------------------------------------------------
                   Total timesteps: 44544
                    Iteration time: 2.92s
                      Time elapsed: 00:01:23
                               ETA: 00:03:28

################################################################################
                      [1m Learning iteration 29/100 [0m                       

                       Computation: 530 steps/s (collection: 2.810s, learning 0.087s)
             Mean action noise std: 0.01
          Mean value_function loss: 0.4862
               Mean surrogate loss: 0.1486
                 Mean entropy loss: -57.6756
                       Mean reward: -30.43
               Mean episode length: 297.28
   Episode_Reward/term_bad_contact: 0.0000
          Episode_Reward/term_tilt: 0.0000
    Episode_Reward/term_low_height: 0.0000
      Episode_Reward/leg_action_l2: -0.0007
   Episode_Reward/tracking_lin_vel: 0.5524
Episode_Reward/tracking_lin_vel_x_exp: 1.0276
Episode_Reward/tracking_ang_vel_yaw_l1: 0.0000
Episode_Reward/tracking_ang_vel_yaw_exp: 1.1053
Episode_Reward/tracking_lin_vel_y_l2: 0.0000
Episode_Reward/tracking_lin_vel_z_l2: 0.0000
            Episode_Reward/survive: 0.0000
    Episode_Reward/foot_contacts_z: 0.0000
            Episode_Reward/torques: -0.2801
 Episode_Reward/tracking_lin_vel_y: 0.0000
          Episode_Reward/lin_vel_z: -0.0095
         Episode_Reward/ang_vel_xy: -0.0024
   Episode_Reward/tracking_ang_vel: 0.2869
               Episode_Reward/work: -0.0269
            Episode_Reward/dof_acc: -0.0005
        Episode_Reward/action_rate: -0.0002
     Episode_Reward/dof_pos_limits: 0.0000
      Episode_Reward/delta_torques: -0.0002
          Episode_Reward/collision: -6.4465
        Episode_Reward/walking_dof: 0.0050
            Episode_Reward/hip_pos: -0.0199
          Episode_Reward/feet_jerk: 0.0000
              Episode_Reward/alive: 0.3000
          Episode_Reward/feet_drag: -0.0087
Episode_Reward/feet_contact_forces: -0.1929
               Episode_Reward/roll: -0.0244
        Episode_Reward/base_height: -0.0519
Episode_Reward/tracking_lin_vel_max: 0.3785
Episode_Reward/flat_orientation_l2: -0.0502
  Episode_Reward/air_time_variance: -0.0008
        Episode_Reward/feet_height: 0.0000
      Episode_Reward/feet_air_time: 0.0000
Episode_Reward/update_last_buffers: 0.0000
   Episode_Reward/wheel_idle_speed: -0.0032
    Episode_Reward/wheel_action_l2: -0.0000
  Episode_Reward/wheel_action_rate: 0.0000
Episode_Reward/teacher_ensemble_match: 0.0000
  Episode_Reward/wheel_forward_use: 0.0320
 Episode_Reward/wheel_turn_support: 0.0926
   Metrics/locomotion/error_vel_xy: 0.1750
  Metrics/locomotion/error_vel_yaw: 0.1195
      Episode_Termination/time_out: 0.9844
   Episode_Termination/bad_contact: 0.0000
          Episode_Termination/tilt: 0.0156
    Episode_Termination/low_height: 0.0000
--------------------------------------------------------------------------------
                   Total timesteps: 46080
                    Iteration time: 2.90s
                      Time elapsed: 00:01:26
                               ETA: 00:03:25

################################################################################
                      [1m Learning iteration 30/100 [0m                       

                       Computation: 529 steps/s (collection: 2.824s, learning 0.074s)
             Mean action noise std: 0.01
          Mean value_function loss: 21.0545
               Mean surrogate loss: 0.0502
                 Mean entropy loss: -57.6756
                       Mean reward: -31.67
               Mean episode length: 296.09
   Episode_Reward/term_bad_contact: 0.0000
          Episode_Reward/term_tilt: -1.2500
    Episode_Reward/term_low_height: 0.0000
      Episode_Reward/leg_action_l2: -0.0007
   Episode_Reward/tracking_lin_vel: 0.5124
Episode_Reward/tracking_lin_vel_x_exp: 0.9747
Episode_Reward/tracking_ang_vel_yaw_l1: 0.0000
Episode_Reward/tracking_ang_vel_yaw_exp: 1.0108
Episode_Reward/tracking_lin_vel_y_l2: 0.0000
Episode_Reward/tracking_lin_vel_z_l2: 0.0000
            Episode_Reward/survive: 0.0000
    Episode_Reward/foot_contacts_z: 0.0000
            Episode_Reward/torques: -0.2511
 Episode_Reward/tracking_lin_vel_y: 0.0000
          Episode_Reward/lin_vel_z: -0.0094
         Episode_Reward/ang_vel_xy: -0.0029
   Episode_Reward/tracking_ang_vel: 0.2596
               Episode_Reward/work: -0.0225
            Episode_Reward/dof_acc: -0.0004
        Episode_Reward/action_rate: -0.0002
     Episode_Reward/dof_pos_limits: 0.0000
      Episode_Reward/delta_torques: -0.0002
          Episode_Reward/collision: -6.1242
        Episode_Reward/walking_dof: 0.0020
            Episode_Reward/hip_pos: -0.0176
          Episode_Reward/feet_jerk: 0.0000
              Episode_Reward/alive: 0.2735
          Episode_Reward/feet_drag: -0.0049
Episode_Reward/feet_contact_forces: -0.1720
               Episode_Reward/roll: -0.0229
        Episode_Reward/base_height: -0.0490
Episode_Reward/tracking_lin_vel_max: 0.3771
Episode_Reward/flat_orientation_l2: -0.0522
  Episode_Reward/air_time_variance: -0.0036
        Episode_Reward/feet_height: 0.0000
      Episode_Reward/feet_air_time: -0.0000
Episode_Reward/update_last_buffers: 0.0000
   Episode_Reward/wheel_idle_speed: -0.0014
    Episode_Reward/wheel_action_l2: -0.0000
  Episode_Reward/wheel_action_rate: 0.0000
Episode_Reward/teacher_ensemble_match: 0.0000
  Episode_Reward/wheel_forward_use: 0.0115
 Episode_Reward/wheel_turn_support: 0.0853
   Metrics/locomotion/error_vel_xy: 0.1377
  Metrics/locomotion/error_vel_yaw: 0.1135
      Episode_Termination/time_out: 0.9844
   Episode_Termination/bad_contact: 0.0000
          Episode_Termination/tilt: 0.0156
    Episode_Termination/low_height: 0.0000
--------------------------------------------------------------------------------
                   Total timesteps: 47616
                    Iteration time: 2.90s
                      Time elapsed: 00:01:29
                               ETA: 00:03:22

################################################################################
                      [1m Learning iteration 31/100 [0m                       

                       Computation: 534 steps/s (collection: 2.800s, learning 0.075s)
             Mean action noise std: 0.01
          Mean value_function loss: 0.3869
               Mean surrogate loss: 0.1599
                 Mean entropy loss: -57.6756
                       Mean reward: -31.94
               Mean episode length: 296.15
   Episode_Reward/term_bad_contact: 0.0000
          Episode_Reward/term_tilt: 0.0000
    Episode_Reward/term_low_height: 0.0000
      Episode_Reward/leg_action_l2: -0.0006
   Episode_Reward/tracking_lin_vel: 0.5555
Episode_Reward/tracking_lin_vel_x_exp: 0.9898
Episode_Reward/tracking_ang_vel_yaw_l1: 0.0000
Episode_Reward/tracking_ang_vel_yaw_exp: 1.1179
Episode_Reward/tracking_lin_vel_y_l2: 0.0000
Episode_Reward/tracking_lin_vel_z_l2: 0.0000
            Episode_Reward/survive: 0.0000
    Episode_Reward/foot_contacts_z: 0.0000
            Episode_Reward/torques: -0.2773
 Episode_Reward/tracking_lin_vel_y: 0.0000
          Episode_Reward/lin_vel_z: -0.0080
         Episode_Reward/ang_vel_xy: -0.0027
   Episode_Reward/tracking_ang_vel: 0.2894
               Episode_Reward/work: -0.0243
            Episode_Reward/dof_acc: -0.0005
        Episode_Reward/action_rate: -0.0002
     Episode_Reward/dof_pos_limits: -0.0000
      Episode_Reward/delta_torques: -0.0002
          Episode_Reward/collision: -6.5921
        Episode_Reward/walking_dof: 0.0041
            Episode_Reward/hip_pos: -0.0193
          Episode_Reward/feet_jerk: 0.0000
              Episode_Reward/alive: 0.3000
          Episode_Reward/feet_drag: -0.0086
Episode_Reward/feet_contact_forces: -0.1885
               Episode_Reward/roll: -0.0243
        Episode_Reward/base_height: -0.0535
Episode_Reward/tracking_lin_vel_max: 0.3902
Episode_Reward/flat_orientation_l2: -0.0534
  Episode_Reward/air_time_variance: -0.0016
        Episode_Reward/feet_height: 0.0000
      Episode_Reward/feet_air_time: 0.0000
Episode_Reward/update_last_buffers: 0.0000
   Episode_Reward/wheel_idle_speed: -0.0032
    Episode_Reward/wheel_action_l2: -0.0000
  Episode_Reward/wheel_action_rate: 0.0000
Episode_Reward/teacher_ensemble_match: 0.0000
  Episode_Reward/wheel_forward_use: 0.0260
 Episode_Reward/wheel_turn_support: 0.0985
   Metrics/locomotion/error_vel_xy: 0.1821
  Metrics/locomotion/error_vel_yaw: 0.1106
      Episode_Termination/time_out: 0.9844
   Episode_Termination/bad_contact: 0.0000
          Episode_Termination/tilt: 0.0156
    Episode_Termination/low_height: 0.0000
--------------------------------------------------------------------------------
                   Total timesteps: 49152
                    Iteration time: 2.87s
                      Time elapsed: 00:01:32
                               ETA: 00:03:19

################################################################################
                      [1m Learning iteration 32/100 [0m                       

                       Computation: 528 steps/s (collection: 2.830s, learning 0.075s)
             Mean action noise std: 0.01
          Mean value_function loss: 0.1784
               Mean surrogate loss: 0.1860
                 Mean entropy loss: -57.6756
                       Mean reward: -31.86
               Mean episode length: 296.15
   Episode_Reward/term_bad_contact: 0.0000
          Episode_Reward/term_tilt: 0.0000
    Episode_Reward/term_low_height: 0.0000
      Episode_Reward/leg_action_l2: -0.0009
   Episode_Reward/tracking_lin_vel: 0.5698
Episode_Reward/tracking_lin_vel_x_exp: 1.1331
Episode_Reward/tracking_ang_vel_yaw_l1: 0.0000
Episode_Reward/tracking_ang_vel_yaw_exp: 1.2223
Episode_Reward/tracking_lin_vel_y_l2: 0.0000
Episode_Reward/tracking_lin_vel_z_l2: 0.0000
            Episode_Reward/survive: 0.0000
    Episode_Reward/foot_contacts_z: 0.0000
            Episode_Reward/torques: -0.2757
 Episode_Reward/tracking_lin_vel_y: 0.0000
          Episode_Reward/lin_vel_z: -0.0088
         Episode_Reward/ang_vel_xy: -0.0030
   Episode_Reward/tracking_ang_vel: 0.2921
               Episode_Reward/work: -0.0226
            Episode_Reward/dof_acc: -0.0003
        Episode_Reward/action_rate: -0.0003
     Episode_Reward/dof_pos_limits: 0.0000
      Episode_Reward/delta_torques: -0.0002
          Episode_Reward/collision: -5.9283
        Episode_Reward/walking_dof: 0.0022
            Episode_Reward/hip_pos: -0.0229
          Episode_Reward/feet_jerk: 0.0000
              Episode_Reward/alive: 0.3000
          Episode_Reward/feet_drag: -0.0048
Episode_Reward/feet_contact_forces: -0.1905
               Episode_Reward/roll: -0.0281
        Episode_Reward/base_height: -0.0601
Episode_Reward/tracking_lin_vel_max: 0.4274
Episode_Reward/flat_orientation_l2: -0.0563
  Episode_Reward/air_time_variance: -0.0017
        Episode_Reward/feet_height: 0.0000
      Episode_Reward/feet_air_time: -0.0000
Episode_Reward/update_last_buffers: 0.0000
   Episode_Reward/wheel_idle_speed: -0.0010
    Episode_Reward/wheel_action_l2: -0.0000
  Episode_Reward/wheel_action_rate: 0.0000
Episode_Reward/teacher_ensemble_match: 0.0000
  Episode_Reward/wheel_forward_use: 0.0141
 Episode_Reward/wheel_turn_support: 0.0845
   Metrics/locomotion/error_vel_xy: 0.1264
  Metrics/locomotion/error_vel_yaw: 0.0813
      Episode_Termination/time_out: 0.9844
   Episode_Termination/bad_contact: 0.0000
          Episode_Termination/tilt: 0.0156
    Episode_Termination/low_height: 0.0000
--------------------------------------------------------------------------------
                   Total timesteps: 50688
                    Iteration time: 2.90s
                      Time elapsed: 00:01:35
                               ETA: 00:03:16

################################################################################
                      [1m Learning iteration 33/100 [0m                       

                       Computation: 520 steps/s (collection: 2.872s, learning 0.079s)
             Mean action noise std: 0.01
          Mean value_function loss: 0.3707
               Mean surrogate loss: 0.1433
                 Mean entropy loss: -57.6756
                       Mean reward: -31.91
               Mean episode length: 296.15
   Episode_Reward/term_bad_contact: 0.0000
          Episode_Reward/term_tilt: 0.0000
    Episode_Reward/term_low_height: 0.0000
      Episode_Reward/leg_action_l2: -0.0011
   Episode_Reward/tracking_lin_vel: 0.5600
Episode_Reward/tracking_lin_vel_x_exp: 1.0465
Episode_Reward/tracking_ang_vel_yaw_l1: 0.0000
Episode_Reward/tracking_ang_vel_yaw_exp: 1.1288
Episode_Reward/tracking_lin_vel_y_l2: 0.0000
Episode_Reward/tracking_lin_vel_z_l2: 0.0000
            Episode_Reward/survive: 0.0000
    Episode_Reward/foot_contacts_z: 0.0000
            Episode_Reward/torques: -0.2222
 Episode_Reward/tracking_lin_vel_y: 0.0000
          Episode_Reward/lin_vel_z: -0.0106
         Episode_Reward/ang_vel_xy: -0.0023
   Episode_Reward/tracking_ang_vel: 0.2867
               Episode_Reward/work: -0.0295
            Episode_Reward/dof_acc: -0.0005
        Episode_Reward/action_rate: -0.0003
     Episode_Reward/dof_pos_limits: 0.0000
      Episode_Reward/delta_torques: -0.0002
          Episode_Reward/collision: -5.9992
        Episode_Reward/walking_dof: 0.0076
            Episode_Reward/hip_pos: -0.0123
          Episode_Reward/feet_jerk: 0.0000
              Episode_Reward/alive: 0.3000
          Episode_Reward/feet_drag: -0.0100
Episode_Reward/feet_contact_forces: -0.1925
               Episode_Reward/roll: -0.0297
        Episode_Reward/base_height: -0.0397
Episode_Reward/tracking_lin_vel_max: 0.3992
Episode_Reward/flat_orientation_l2: -0.0414
  Episode_Reward/air_time_variance: -0.0007
        Episode_Reward/feet_height: 0.0000
      Episode_Reward/feet_air_time: -0.0000
Episode_Reward/update_last_buffers: 0.0000
   Episode_Reward/wheel_idle_speed: -0.0021
    Episode_Reward/wheel_action_l2: -0.0000
  Episode_Reward/wheel_action_rate: 0.0000
Episode_Reward/teacher_ensemble_match: 0.0000
  Episode_Reward/wheel_forward_use: 0.0492
 Episode_Reward/wheel_turn_support: 0.0759
   Metrics/locomotion/error_vel_xy: 0.1555
  Metrics/locomotion/error_vel_yaw: 0.1167
      Episode_Termination/time_out: 0.9844
   Episode_Termination/bad_contact: 0.0000
          Episode_Termination/tilt: 0.0156
    Episode_Termination/low_height: 0.0000
--------------------------------------------------------------------------------
                   Total timesteps: 52224
                    Iteration time: 2.95s
                      Time elapsed: 00:01:38
                               ETA: 00:03:13

################################################################################
                      [1m Learning iteration 34/100 [0m                       

                       Computation: 539 steps/s (collection: 2.770s, learning 0.075s)
             Mean action noise std: 0.01
          Mean value_function loss: 0.2698
               Mean surrogate loss: 0.1551
                 Mean entropy loss: -57.6756
                       Mean reward: -32.03
               Mean episode length: 296.15
   Episode_Reward/term_bad_contact: 0.0000
          Episode_Reward/term_tilt: 0.0000
    Episode_Reward/term_low_height: 0.0000
      Episode_Reward/leg_action_l2: -0.0007
   Episode_Reward/tracking_lin_vel: 0.5498
Episode_Reward/tracking_lin_vel_x_exp: 1.0088
Episode_Reward/tracking_ang_vel_yaw_l1: 0.0000
Episode_Reward/tracking_ang_vel_yaw_exp: 1.1133
Episode_Reward/tracking_lin_vel_y_l2: 0.0000
Episode_Reward/tracking_lin_vel_z_l2: 0.0000
            Episode_Reward/survive: 0.0000
    Episode_Reward/foot_contacts_z: 0.0000
            Episode_Reward/torques: -0.2779
 Episode_Reward/tracking_lin_vel_y: 0.0000
          Episode_Reward/lin_vel_z: -0.0077
         Episode_Reward/ang_vel_xy: -0.0024
   Episode_Reward/tracking_ang_vel: 0.2877
               Episode_Reward/work: -0.0236
            Episode_Reward/dof_acc: -0.0005
        Episode_Reward/action_rate: -0.0002
     Episode_Reward/dof_pos_limits: 0.0000
      Episode_Reward/delta_torques: -0.0002
          Episode_Reward/collision: -6.4163
        Episode_Reward/walking_dof: 0.0068
            Episode_Reward/hip_pos: -0.0185
          Episode_Reward/feet_jerk: 0.0000
              Episode_Reward/alive: 0.3000
          Episode_Reward/feet_drag: -0.0080
Episode_Reward/feet_contact_forces: -0.1909
               Episode_Reward/roll: -0.0216
        Episode_Reward/base_height: -0.0481
Episode_Reward/tracking_lin_vel_max: 0.3383
Episode_Reward/flat_orientation_l2: -0.0569
  Episode_Reward/air_time_variance: -0.0008
        Episode_Reward/feet_height: 0.0000
      Episode_Reward/feet_air_time: -0.0000
Episode_Reward/update_last_buffers: 0.0000
   Episode_Reward/wheel_idle_speed: -0.0021
    Episode_Reward/wheel_action_l2: -0.0000
  Episode_Reward/wheel_action_rate: 0.0000
Episode_Reward/teacher_ensemble_match: 0.0000
  Episode_Reward/wheel_forward_use: 0.0425
 Episode_Reward/wheel_turn_support: 0.0970
   Metrics/locomotion/error_vel_xy: 0.1847
  Metrics/locomotion/error_vel_yaw: 0.1148
      Episode_Termination/time_out: 0.9844
   Episode_Termination/bad_contact: 0.0000
          Episode_Termination/tilt: 0.0156
    Episode_Termination/low_height: 0.0000
--------------------------------------------------------------------------------
                   Total timesteps: 53760
                    Iteration time: 2.84s
                      Time elapsed: 00:01:41
                               ETA: 00:03:10

################################################################################
                      [1m Learning iteration 35/100 [0m                       

                       Computation: 525 steps/s (collection: 2.848s, learning 0.075s)
             Mean action noise std: 0.01
          Mean value_function loss: 0.2776
               Mean surrogate loss: 0.1345
                 Mean entropy loss: -57.6756
                       Mean reward: -32.24
               Mean episode length: 296.15
   Episode_Reward/term_bad_contact: 0.0000
          Episode_Reward/term_tilt: 0.0000
    Episode_Reward/term_low_height: 0.0000
      Episode_Reward/leg_action_l2: -0.0011
   Episode_Reward/tracking_lin_vel: 0.5643
Episode_Reward/tracking_lin_vel_x_exp: 1.1219
Episode_Reward/tracking_ang_vel_yaw_l1: 0.0000
Episode_Reward/tracking_ang_vel_yaw_exp: 1.1381
Episode_Reward/tracking_lin_vel_y_l2: 0.0000
Episode_Reward/tracking_lin_vel_z_l2: 0.0000
            Episode_Reward/survive: 0.0000
    Episode_Reward/foot_contacts_z: 0.0000
            Episode_Reward/torques: -0.2700
 Episode_Reward/tracking_lin_vel_y: 0.0000
          Episode_Reward/lin_vel_z: -0.0085
         Episode_Reward/ang_vel_xy: -0.0036
   Episode_Reward/tracking_ang_vel: 0.2837
               Episode_Reward/work: -0.0232
            Episode_Reward/dof_acc: -0.0004
        Episode_Reward/action_rate: -0.0003
     Episode_Reward/dof_pos_limits: 0.0000
      Episode_Reward/delta_torques: -0.0002
          Episode_Reward/collision: -6.4123
        Episode_Reward/walking_dof: 0.0020
            Episode_Reward/hip_pos: -0.0208
          Episode_Reward/feet_jerk: 0.0000
              Episode_Reward/alive: 0.3000
          Episode_Reward/feet_drag: -0.0047
Episode_Reward/feet_contact_forces: -0.1910
               Episode_Reward/roll: -0.0272
        Episode_Reward/base_height: -0.0529
Episode_Reward/tracking_lin_vel_max: 0.4131
Episode_Reward/flat_orientation_l2: -0.0568
  Episode_Reward/air_time_variance: -0.0017
        Episode_Reward/feet_height: 0.0000
      Episode_Reward/feet_air_time: -0.0000
Episode_Reward/update_last_buffers: 0.0000
   Episode_Reward/wheel_idle_speed: -0.0012
    Episode_Reward/wheel_action_l2: -0.0000
  Episode_Reward/wheel_action_rate: 0.0000
Episode_Reward/teacher_ensemble_match: 0.0000
  Episode_Reward/wheel_forward_use: 0.0115
 Episode_Reward/wheel_turn_support: 0.0754
   Metrics/locomotion/error_vel_xy: 0.1383
  Metrics/locomotion/error_vel_yaw: 0.1248
      Episode_Termination/time_out: 0.9844
   Episode_Termination/bad_contact: 0.0000
          Episode_Termination/tilt: 0.0156
    Episode_Termination/low_height: 0.0000
--------------------------------------------------------------------------------
                   Total timesteps: 55296
                    Iteration time: 2.92s
                      Time elapsed: 00:01:44
                               ETA: 00:03:08

################################################################################
                      [1m Learning iteration 36/100 [0m                       

                       Computation: 531 steps/s (collection: 2.811s, learning 0.080s)
             Mean action noise std: 0.01
          Mean value_function loss: 0.4535
               Mean surrogate loss: 0.2037
                 Mean entropy loss: -57.6756
                       Mean reward: -32.07
               Mean episode length: 296.15
   Episode_Reward/term_bad_contact: 0.0000
          Episode_Reward/term_tilt: 0.0000
    Episode_Reward/term_low_height: 0.0000
      Episode_Reward/leg_action_l2: -0.0020
   Episode_Reward/tracking_lin_vel: 0.5676
Episode_Reward/tracking_lin_vel_x_exp: 1.1363
Episode_Reward/tracking_ang_vel_yaw_l1: 0.0000
Episode_Reward/tracking_ang_vel_yaw_exp: 1.1344
Episode_Reward/tracking_lin_vel_y_l2: 0.0000
Episode_Reward/tracking_lin_vel_z_l2: 0.0000
            Episode_Reward/survive: 0.0000
    Episode_Reward/foot_contacts_z: 0.0000
            Episode_Reward/torques: -0.1771
 Episode_Reward/tracking_lin_vel_y: 0.0000
          Episode_Reward/lin_vel_z: -0.0092
         Episode_Reward/ang_vel_xy: -0.0035
   Episode_Reward/tracking_ang_vel: 0.2825
               Episode_Reward/work: -0.0271
            Episode_Reward/dof_acc: -0.0004
        Episode_Reward/action_rate: -0.0006
     Episode_Reward/dof_pos_limits: -0.0000
      Episode_Reward/delta_torques: -0.0001
          Episode_Reward/collision: -5.9017
        Episode_Reward/walking_dof: 0.0014
            Episode_Reward/hip_pos: -0.0162
          Episode_Reward/feet_jerk: 0.0000
              Episode_Reward/alive: 0.3000
          Episode_Reward/feet_drag: -0.0067
Episode_Reward/feet_contact_forces: -0.1960
               Episode_Reward/roll: -0.0333
        Episode_Reward/base_height: -0.0368
Episode_Reward/tracking_lin_vel_max: 0.4169
Episode_Reward/flat_orientation_l2: -0.0231
  Episode_Reward/air_time_variance: -0.0019
        Episode_Reward/feet_height: 0.0000
      Episode_Reward/feet_air_time: 0.0000
Episode_Reward/update_last_buffers: 0.0000
   Episode_Reward/wheel_idle_speed: -0.0021
    Episode_Reward/wheel_action_l2: -0.0000
  Episode_Reward/wheel_action_rate: 0.0000
Episode_Reward/teacher_ensemble_match: 0.0000
  Episode_Reward/wheel_forward_use: 0.0090
 Episode_Reward/wheel_turn_support: 0.0679
   Metrics/locomotion/error_vel_xy: 0.1370
  Metrics/locomotion/error_vel_yaw: 0.1310
      Episode_Termination/time_out: 0.9844
   Episode_Termination/bad_contact: 0.0000
          Episode_Termination/tilt: 0.0156
    Episode_Termination/low_height: 0.0000
--------------------------------------------------------------------------------
                   Total timesteps: 56832
                    Iteration time: 2.89s
                      Time elapsed: 00:01:47
                               ETA: 00:03:05

################################################################################
                      [1m Learning iteration 37/100 [0m                       

                       Computation: 526 steps/s (collection: 2.839s, learning 0.076s)
             Mean action noise std: 0.01
          Mean value_function loss: 38.5039
               Mean surrogate loss: 0.0583
                 Mean entropy loss: -57.6756
                       Mean reward: -32.74
               Mean episode length: 294.23
   Episode_Reward/term_bad_contact: 0.0000
          Episode_Reward/term_tilt: -0.8333
    Episode_Reward/term_low_height: 0.0000
      Episode_Reward/leg_action_l2: -0.0014
   Episode_Reward/tracking_lin_vel: 0.5214
Episode_Reward/tracking_lin_vel_x_exp: 0.9148
Episode_Reward/tracking_ang_vel_yaw_l1: 0.0000
Episode_Reward/tracking_ang_vel_yaw_exp: 1.0173
Episode_Reward/tracking_lin_vel_y_l2: 0.0000
Episode_Reward/tracking_lin_vel_z_l2: 0.0000
            Episode_Reward/survive: 0.0000
    Episode_Reward/foot_contacts_z: 0.0000
            Episode_Reward/torques: -0.2088
 Episode_Reward/tracking_lin_vel_y: 0.0000
          Episode_Reward/lin_vel_z: -0.0102
         Episode_Reward/ang_vel_xy: -0.0040
   Episode_Reward/tracking_ang_vel: 0.2674
               Episode_Reward/work: -0.0293
            Episode_Reward/dof_acc: -0.0007
        Episode_Reward/action_rate: -0.0004
     Episode_Reward/dof_pos_limits: -0.0000
      Episode_Reward/delta_torques: -0.0002
          Episode_Reward/collision: -5.6104
        Episode_Reward/walking_dof: 0.0088
            Episode_Reward/hip_pos: -0.0144
          Episode_Reward/feet_jerk: 0.0000
              Episode_Reward/alive: 0.2840
          Episode_Reward/feet_drag: -0.0092
Episode_Reward/feet_contact_forces: -0.1815
               Episode_Reward/roll: -0.0261
        Episode_Reward/base_height: -0.0398
Episode_Reward/tracking_lin_vel_max: 0.3447
Episode_Reward/flat_orientation_l2: -0.0346
  Episode_Reward/air_time_variance: -0.0014
        Episode_Reward/feet_height: 0.0000
      Episode_Reward/feet_air_time: -0.0000
Episode_Reward/update_last_buffers: 0.0000
   Episode_Reward/wheel_idle_speed: -0.0024
    Episode_Reward/wheel_action_l2: -0.0000
  Episode_Reward/wheel_action_rate: 0.0000
Episode_Reward/teacher_ensemble_match: 0.0000
  Episode_Reward/wheel_forward_use: 0.0550
 Episode_Reward/wheel_turn_support: 0.1057
   Metrics/locomotion/error_vel_xy: 0.1780
  Metrics/locomotion/error_vel_yaw: 0.1333
      Episode_Termination/time_out: 0.9753
   Episode_Termination/bad_contact: 0.0000
          Episode_Termination/tilt: 0.0247
    Episode_Termination/low_height: 0.0000
--------------------------------------------------------------------------------
                   Total timesteps: 58368
                    Iteration time: 2.92s
                      Time elapsed: 00:01:49
                               ETA: 00:03:02

################################################################################
                      [1m Learning iteration 38/100 [0m                       

                       Computation: 534 steps/s (collection: 2.800s, learning 0.076s)
             Mean action noise std: 0.01
          Mean value_function loss: 0.4529
               Mean surrogate loss: 0.1683
                 Mean entropy loss: -57.6756
                       Mean reward: -32.65
               Mean episode length: 294.23
   Episode_Reward/term_bad_contact: 0.0000
          Episode_Reward/term_tilt: 0.0000
    Episode_Reward/term_low_height: 0.0000
      Episode_Reward/leg_action_l2: -0.0009
   Episode_Reward/tracking_lin_vel: 0.5437
Episode_Reward/tracking_lin_vel_x_exp: 0.9388
Episode_Reward/tracking_ang_vel_yaw_l1: 0.0000
Episode_Reward/tracking_ang_vel_yaw_exp: 1.0850
Episode_Reward/tracking_lin_vel_y_l2: 0.0000
Episode_Reward/tracking_lin_vel_z_l2: 0.0000
            Episode_Reward/survive: 0.0000
    Episode_Reward/foot_contacts_z: 0.0000
            Episode_Reward/torques: -0.2714
 Episode_Reward/tracking_lin_vel_y: 0.0000
          Episode_Reward/lin_vel_z: -0.0094
         Episode_Reward/ang_vel_xy: -0.0030
   Episode_Reward/tracking_ang_vel: 0.2822
               Episode_Reward/work: -0.0282
            Episode_Reward/dof_acc: -0.0005
        Episode_Reward/action_rate: -0.0003
     Episode_Reward/dof_pos_limits: 0.0000
      Episode_Reward/delta_torques: -0.0002
          Episode_Reward/collision: -5.9800
        Episode_Reward/walking_dof: 0.0086
            Episode_Reward/hip_pos: -0.0233
          Episode_Reward/feet_jerk: 0.0000
              Episode_Reward/alive: 0.3000
          Episode_Reward/feet_drag: -0.0085
Episode_Reward/feet_contact_forces: -0.1942
               Episode_Reward/roll: -0.0262
        Episode_Reward/base_height: -0.0523
Episode_Reward/tracking_lin_vel_max: 0.3501
Episode_Reward/flat_orientation_l2: -0.0391
  Episode_Reward/air_time_variance: -0.0022
        Episode_Reward/feet_height: 0.0000
      Episode_Reward/feet_air_time: -0.0000
Episode_Reward/update_last_buffers: 0.0000
   Episode_Reward/wheel_idle_speed: -0.0022
    Episode_Reward/wheel_action_l2: -0.0000
  Episode_Reward/wheel_action_rate: 0.0000
Episode_Reward/teacher_ensemble_match: 0.0000
  Episode_Reward/wheel_forward_use: 0.0530
 Episode_Reward/wheel_turn_support: 0.1069
   Metrics/locomotion/error_vel_xy: 0.2006
  Metrics/locomotion/error_vel_yaw: 0.1457
      Episode_Termination/time_out: 0.9688
   Episode_Termination/bad_contact: 0.0000
          Episode_Termination/tilt: 0.0312
    Episode_Termination/low_height: 0.0000
--------------------------------------------------------------------------------
                   Total timesteps: 59904
                    Iteration time: 2.88s
                      Time elapsed: 00:01:52
                               ETA: 00:02:59

################################################################################
                      [1m Learning iteration 39/100 [0m                       

                       Computation: 535 steps/s (collection: 2.791s, learning 0.078s)
             Mean action noise std: 0.01
          Mean value_function loss: 0.4242
               Mean surrogate loss: 0.1696
                 Mean entropy loss: -57.6756
                       Mean reward: -32.73
               Mean episode length: 294.23
   Episode_Reward/term_bad_contact: 0.0000
          Episode_Reward/term_tilt: 0.0000
    Episode_Reward/term_low_height: 0.0000
      Episode_Reward/leg_action_l2: -0.0010
   Episode_Reward/tracking_lin_vel: 0.5531
Episode_Reward/tracking_lin_vel_x_exp: 0.9735
Episode_Reward/tracking_ang_vel_yaw_l1: 0.0000
Episode_Reward/tracking_ang_vel_yaw_exp: 1.0964
Episode_Reward/tracking_lin_vel_y_l2: 0.0000
Episode_Reward/tracking_lin_vel_z_l2: 0.0000
            Episode_Reward/survive: 0.0000
    Episode_Reward/foot_contacts_z: 0.0000
            Episode_Reward/torques: -0.2268
 Episode_Reward/tracking_lin_vel_y: 0.0000
          Episode_Reward/lin_vel_z: -0.0075
         Episode_Reward/ang_vel_xy: -0.0019
   Episode_Reward/tracking_ang_vel: 0.2892
               Episode_Reward/work: -0.0229
            Episode_Reward/dof_acc: -0.0005
        Episode_Reward/action_rate: -0.0003
     Episode_Reward/dof_pos_limits: 0.0000
      Episode_Reward/delta_torques: -0.0002
          Episode_Reward/collision: -6.1067
        Episode_Reward/walking_dof: 0.0021
            Episode_Reward/hip_pos: -0.0073
          Episode_Reward/feet_jerk: 0.0000
              Episode_Reward/alive: 0.3000
          Episode_Reward/feet_drag: -0.0071
Episode_Reward/feet_contact_forces: -0.1910
               Episode_Reward/roll: -0.0305
        Episode_Reward/base_height: -0.0308
Episode_Reward/tracking_lin_vel_max: 0.4029
Episode_Reward/flat_orientation_l2: -0.0430
  Episode_Reward/air_time_variance: -0.0024
        Episode_Reward/feet_height: 0.0000
      Episode_Reward/feet_air_time: 0.0000
Episode_Reward/update_last_buffers: 0.0000
   Episode_Reward/wheel_idle_speed: -0.0030
    Episode_Reward/wheel_action_l2: -0.0000
  Episode_Reward/wheel_action_rate: 0.0000
Episode_Reward/teacher_ensemble_match: 0.0000
  Episode_Reward/wheel_forward_use: 0.0121
 Episode_Reward/wheel_turn_support: 0.1057
   Metrics/locomotion/error_vel_xy: 0.1792
  Metrics/locomotion/error_vel_yaw: 0.1159
      Episode_Termination/time_out: 0.9688
   Episode_Termination/bad_contact: 0.0000
          Episode_Termination/tilt: 0.0312
    Episode_Termination/low_height: 0.0000
--------------------------------------------------------------------------------
                   Total timesteps: 61440
                    Iteration time: 2.87s
                      Time elapsed: 00:01:55
                               ETA: 00:02:56

################################################################################
                      [1m Learning iteration 40/100 [0m                       

                       Computation: 527 steps/s (collection: 2.836s, learning 0.079s)
             Mean action noise std: 0.01
          Mean value_function loss: 0.4651
               Mean surrogate loss: 0.1529
                 Mean entropy loss: -57.6756
                       Mean reward: -32.73
               Mean episode length: 294.23
   Episode_Reward/term_bad_contact: 0.0000
          Episode_Reward/term_tilt: 0.0000
    Episode_Reward/term_low_height: 0.0000
      Episode_Reward/leg_action_l2: -0.0011
   Episode_Reward/tracking_lin_vel: 0.5584
Episode_Reward/tracking_lin_vel_x_exp: 1.0322
Episode_Reward/tracking_ang_vel_yaw_l1: 0.0000
Episode_Reward/tracking_ang_vel_yaw_exp: 1.1451
Episode_Reward/tracking_lin_vel_y_l2: 0.0000
Episode_Reward/tracking_lin_vel_z_l2: 0.0000
            Episode_Reward/survive: 0.0000
    Episode_Reward/foot_contacts_z: 0.0000
            Episode_Reward/torques: -0.2279
 Episode_Reward/tracking_lin_vel_y: 0.0000
          Episode_Reward/lin_vel_z: -0.0093
         Episode_Reward/ang_vel_xy: -0.0023
   Episode_Reward/tracking_ang_vel: 0.2886
               Episode_Reward/work: -0.0282
            Episode_Reward/dof_acc: -0.0006
        Episode_Reward/action_rate: -0.0003
     Episode_Reward/dof_pos_limits: -0.0000
      Episode_Reward/delta_torques: -0.0002
          Episode_Reward/collision: -6.1033
        Episode_Reward/walking_dof: 0.0054
            Episode_Reward/hip_pos: -0.0143
          Episode_Reward/feet_jerk: 0.0000
              Episode_Reward/alive: 0.3000
          Episode_Reward/feet_drag: -0.0101
Episode_Reward/feet_contact_forces: -0.1913
               Episode_Reward/roll: -0.0246
        Episode_Reward/base_height: -0.0422
Episode_Reward/tracking_lin_vel_max: 0.3894
Episode_Reward/flat_orientation_l2: -0.0387
  Episode_Reward/air_time_variance: -0.0035
        Episode_Reward/feet_height: 0.0000
      Episode_Reward/feet_air_time: -0.0000
Episode_Reward/update_last_buffers: 0.0000
   Episode_Reward/wheel_idle_speed: -0.0030
    Episode_Reward/wheel_action_l2: -0.0000
  Episode_Reward/wheel_action_rate: 0.0000
Episode_Reward/teacher_ensemble_match: 0.0000
  Episode_Reward/wheel_forward_use: 0.0351
 Episode_Reward/wheel_turn_support: 0.0770
   Metrics/locomotion/error_vel_xy: 0.1631
  Metrics/locomotion/error_vel_yaw: 0.1074
      Episode_Termination/time_out: 0.9688
   Episode_Termination/bad_contact: 0.0000
          Episode_Termination/tilt: 0.0312
    Episode_Termination/low_height: 0.0000
--------------------------------------------------------------------------------
                   Total timesteps: 62976
                    Iteration time: 2.91s
                      Time elapsed: 00:01:58
                               ETA: 00:02:53

################################################################################
                      [1m Learning iteration 41/100 [0m                       

                       Computation: 522 steps/s (collection: 2.863s, learning 0.079s)
             Mean action noise std: 0.01
          Mean value_function loss: 57.5932
               Mean surrogate loss: 0.0430
                 Mean entropy loss: -57.6756
                       Mean reward: -34.31
               Mean episode length: 291.75
   Episode_Reward/term_bad_contact: 0.0000
          Episode_Reward/term_tilt: -2.9167
    Episode_Reward/term_low_height: 0.0000
      Episode_Reward/leg_action_l2: -0.0017
   Episode_Reward/tracking_lin_vel: 0.5023
Episode_Reward/tracking_lin_vel_x_exp: 0.8843
Episode_Reward/tracking_ang_vel_yaw_l1: 0.0000
Episode_Reward/tracking_ang_vel_yaw_exp: 1.0024
Episode_Reward/tracking_lin_vel_y_l2: 0.0000
Episode_Reward/tracking_lin_vel_z_l2: 0.0000
            Episode_Reward/survive: 0.0000
    Episode_Reward/foot_contacts_z: 0.0000
            Episode_Reward/torques: -0.1932
 Episode_Reward/tracking_lin_vel_y: 0.0000
          Episode_Reward/lin_vel_z: -0.0098
         Episode_Reward/ang_vel_xy: -0.0030
   Episode_Reward/tracking_ang_vel: 0.2611
               Episode_Reward/work: -0.0285
            Episode_Reward/dof_acc: -0.0005
        Episode_Reward/action_rate: -0.0005
     Episode_Reward/dof_pos_limits: 0.0000
      Episode_Reward/delta_torques: -0.0002
          Episode_Reward/collision: -5.4681
        Episode_Reward/walking_dof: 0.0024
            Episode_Reward/hip_pos: -0.0105
          Episode_Reward/feet_jerk: 0.0000
              Episode_Reward/alive: 0.2748
          Episode_Reward/feet_drag: -0.0079
Episode_Reward/feet_contact_forces: -0.1781
               Episode_Reward/roll: -0.0274
        Episode_Reward/base_height: -0.0304
Episode_Reward/tracking_lin_vel_max: 0.3699
Episode_Reward/flat_orientation_l2: -0.0315
  Episode_Reward/air_time_variance: -0.0029
        Episode_Reward/feet_height: 0.0000
      Episode_Reward/feet_air_time: -0.0000
Episode_Reward/update_last_buffers: 0.0000
   Episode_Reward/wheel_idle_speed: -0.0033
    Episode_Reward/wheel_action_l2: -0.0000
  Episode_Reward/wheel_action_rate: 0.0000
Episode_Reward/teacher_ensemble_match: 0.0000
  Episode_Reward/wheel_forward_use: 0.0143
 Episode_Reward/wheel_turn_support: 0.0909
   Metrics/locomotion/error_vel_xy: 0.1746
  Metrics/locomotion/error_vel_yaw: 0.1171
      Episode_Termination/time_out: 0.9596
   Episode_Termination/bad_contact: 0.0000
          Episode_Termination/tilt: 0.0404
    Episode_Termination/low_height: 0.0000
--------------------------------------------------------------------------------
                   Total timesteps: 64512
                    Iteration time: 2.94s
                      Time elapsed: 00:02:01
                               ETA: 00:02:50

################################################################################
                      [1m Learning iteration 42/100 [0m                       

                       Computation: 526 steps/s (collection: 2.840s, learning 0.077s)
             Mean action noise std: 0.01
          Mean value_function loss: 0.4406
               Mean surrogate loss: 0.1667
                 Mean entropy loss: -57.6756
                       Mean reward: -34.33
               Mean episode length: 291.75
   Episode_Reward/term_bad_contact: 0.0000
          Episode_Reward/term_tilt: 0.0000
    Episode_Reward/term_low_height: 0.0000
      Episode_Reward/leg_action_l2: -0.0007
   Episode_Reward/tracking_lin_vel: 0.5609
Episode_Reward/tracking_lin_vel_x_exp: 1.0241
Episode_Reward/tracking_ang_vel_yaw_l1: 0.0000
Episode_Reward/tracking_ang_vel_yaw_exp: 1.0437
Episode_Reward/tracking_lin_vel_y_l2: 0.0000
Episode_Reward/tracking_lin_vel_z_l2: 0.0000
            Episode_Reward/survive: 0.0000
    Episode_Reward/foot_contacts_z: 0.0000
            Episode_Reward/torques: -0.2501
 Episode_Reward/tracking_lin_vel_y: 0.0000
          Episode_Reward/lin_vel_z: -0.0079
         Episode_Reward/ang_vel_xy: -0.0023
   Episode_Reward/tracking_ang_vel: 0.2845
               Episode_Reward/work: -0.0202
            Episode_Reward/dof_acc: -0.0004
        Episode_Reward/action_rate: -0.0002
     Episode_Reward/dof_pos_limits: 0.0000
      Episode_Reward/delta_torques: -0.0002
          Episode_Reward/collision: -5.9338
        Episode_Reward/walking_dof: 0.0033
            Episode_Reward/hip_pos: -0.0152
          Episode_Reward/feet_jerk: 0.0000
              Episode_Reward/alive: 0.3000
          Episode_Reward/feet_drag: -0.0066
Episode_Reward/feet_contact_forces: -0.1869
               Episode_Reward/roll: -0.0401
        Episode_Reward/base_height: -0.0441
Episode_Reward/tracking_lin_vel_max: 0.4191
Episode_Reward/flat_orientation_l2: -0.0474
  Episode_Reward/air_time_variance: -0.0046
        Episode_Reward/feet_height: 0.0000
      Episode_Reward/feet_air_time: 0.0000
Episode_Reward/update_last_buffers: 0.0000
   Episode_Reward/wheel_idle_speed: -0.0013
    Episode_Reward/wheel_action_l2: -0.0000
  Episode_Reward/wheel_action_rate: 0.0000
Episode_Reward/teacher_ensemble_match: 0.0000
  Episode_Reward/wheel_forward_use: 0.0210
 Episode_Reward/wheel_turn_support: 0.1068
   Metrics/locomotion/error_vel_xy: 0.1602
  Metrics/locomotion/error_vel_yaw: 0.1388
      Episode_Termination/time_out: 0.9531
   Episode_Termination/bad_contact: 0.0000
          Episode_Termination/tilt: 0.0469
    Episode_Termination/low_height: 0.0000
--------------------------------------------------------------------------------
                   Total timesteps: 66048
                    Iteration time: 2.92s
                      Time elapsed: 00:02:04
                               ETA: 00:02:47

################################################################################
                      [1m Learning iteration 43/100 [0m                       

                       Computation: 514 steps/s (collection: 2.905s, learning 0.079s)
             Mean action noise std: 0.01
          Mean value_function loss: 0.4512
               Mean surrogate loss: 0.1417
                 Mean entropy loss: -57.6756
                       Mean reward: -34.43
               Mean episode length: 291.75
   Episode_Reward/term_bad_contact: 0.0000
          Episode_Reward/term_tilt: 0.0000
    Episode_Reward/term_low_height: 0.0000
      Episode_Reward/leg_action_l2: -0.0005
   Episode_Reward/tracking_lin_vel: 0.5478
Episode_Reward/tracking_lin_vel_x_exp: 0.9212
Episode_Reward/tracking_ang_vel_yaw_l1: 0.0000
Episode_Reward/tracking_ang_vel_yaw_exp: 1.1542
Episode_Reward/tracking_lin_vel_y_l2: 0.0000
Episode_Reward/tracking_lin_vel_z_l2: 0.0000
            Episode_Reward/survive: 0.0000
    Episode_Reward/foot_contacts_z: 0.0000
            Episode_Reward/torques: -0.2602
 Episode_Reward/tracking_lin_vel_y: 0.0000
          Episode_Reward/lin_vel_z: -0.0076
         Episode_Reward/ang_vel_xy: -0.0023
   Episode_Reward/tracking_ang_vel: 0.2890
               Episode_Reward/work: -0.0217
            Episode_Reward/dof_acc: -0.0004
        Episode_Reward/action_rate: -0.0002
     Episode_Reward/dof_pos_limits: -0.0000
      Episode_Reward/delta_torques: -0.0002
          Episode_Reward/collision: -6.1754
        Episode_Reward/walking_dof: 0.0021
            Episode_Reward/hip_pos: -0.0161
          Episode_Reward/feet_jerk: 0.0000
              Episode_Reward/alive: 0.3000
          Episode_Reward/feet_drag: -0.0053
Episode_Reward/feet_contact_forces: -0.1877
               Episode_Reward/roll: -0.0253
        Episode_Reward/base_height: -0.0490
Episode_Reward/tracking_lin_vel_max: 0.4170
Episode_Reward/flat_orientation_l2: -0.0609
  Episode_Reward/air_time_variance: -0.0012
        Episode_Reward/feet_height: 0.0000
      Episode_Reward/feet_air_time: -0.0000
Episode_Reward/update_last_buffers: 0.0000
   Episode_Reward/wheel_idle_speed: -0.0016
    Episode_Reward/wheel_action_l2: -0.0000
  Episode_Reward/wheel_action_rate: 0.0000
Episode_Reward/teacher_ensemble_match: 0.0000
  Episode_Reward/wheel_forward_use: 0.0123
 Episode_Reward/wheel_turn_support: 0.0714
   Metrics/locomotion/error_vel_xy: 0.2013
  Metrics/locomotion/error_vel_yaw: 0.1037
      Episode_Termination/time_out: 0.9531
   Episode_Termination/bad_contact: 0.0000
          Episode_Termination/tilt: 0.0469
    Episode_Termination/low_height: 0.0000
--------------------------------------------------------------------------------
                   Total timesteps: 67584
                    Iteration time: 2.98s
                      Time elapsed: 00:02:07
                               ETA: 00:02:45

################################################################################
                      [1m Learning iteration 44/100 [0m                       

                       Computation: 529 steps/s (collection: 2.826s, learning 0.076s)
             Mean action noise std: 0.01
          Mean value_function loss: 0.2451
               Mean surrogate loss: 0.1651
                 Mean entropy loss: -57.6756
                       Mean reward: -34.41
               Mean episode length: 291.75
   Episode_Reward/term_bad_contact: 0.0000
          Episode_Reward/term_tilt: 0.0000
    Episode_Reward/term_low_height: 0.0000
      Episode_Reward/leg_action_l2: -0.0010
   Episode_Reward/tracking_lin_vel: 0.5587
Episode_Reward/tracking_lin_vel_x_exp: 1.0340
Episode_Reward/tracking_ang_vel_yaw_l1: 0.0000
Episode_Reward/tracking_ang_vel_yaw_exp: 1.1799
Episode_Reward/tracking_lin_vel_y_l2: 0.0000
Episode_Reward/tracking_lin_vel_z_l2: 0.0000
            Episode_Reward/survive: 0.0000
    Episode_Reward/foot_contacts_z: 0.0000
            Episode_Reward/torques: -0.2949
 Episode_Reward/tracking_lin_vel_y: 0.0000
          Episode_Reward/lin_vel_z: -0.0077
         Episode_Reward/ang_vel_xy: -0.0034
   Episode_Reward/tracking_ang_vel: 0.2917
               Episode_Reward/work: -0.0220
            Episode_Reward/dof_acc: -0.0005
        Episode_Reward/action_rate: -0.0003
     Episode_Reward/dof_pos_limits: -0.0000
      Episode_Reward/delta_torques: -0.0002
          Episode_Reward/collision: -6.0088
        Episode_Reward/walking_dof: 0.0000
            Episode_Reward/hip_pos: -0.0278
          Episode_Reward/feet_jerk: 0.0000
              Episode_Reward/alive: 0.3000
          Episode_Reward/feet_drag: -0.0065
Episode_Reward/feet_contact_forces: -0.1927
               Episode_Reward/roll: -0.0212
        Episode_Reward/base_height: -0.0633
Episode_Reward/tracking_lin_vel_max: 0.4291
Episode_Reward/flat_orientation_l2: -0.0581
  Episode_Reward/air_time_variance: -0.0022
        Episode_Reward/feet_height: 0.0000
      Episode_Reward/feet_air_time: 0.0000
Episode_Reward/update_last_buffers: 0.0000
   Episode_Reward/wheel_idle_speed: -0.0027
    Episode_Reward/wheel_action_l2: -0.0000
  Episode_Reward/wheel_action_rate: 0.0000
Episode_Reward/teacher_ensemble_match: 0.0000
  Episode_Reward/wheel_forward_use: 0.0000
 Episode_Reward/wheel_turn_support: 0.1028
   Metrics/locomotion/error_vel_xy: 0.1680
  Metrics/locomotion/error_vel_yaw: 0.0912
      Episode_Termination/time_out: 0.9531
   Episode_Termination/bad_contact: 0.0000
          Episode_Termination/tilt: 0.0469
    Episode_Termination/low_height: 0.0000
--------------------------------------------------------------------------------
                   Total timesteps: 69120
                    Iteration time: 2.90s
                      Time elapsed: 00:02:10
                               ETA: 00:02:42

################################################################################
                      [1m Learning iteration 45/100 [0m                       

                       Computation: 540 steps/s (collection: 2.764s, learning 0.078s)
             Mean action noise std: 0.01
          Mean value_function loss: 42.6311
               Mean surrogate loss: 0.0285
                 Mean entropy loss: -57.6756
                       Mean reward: -35.44
               Mean episode length: 289.82
   Episode_Reward/term_bad_contact: 0.0000
          Episode_Reward/term_tilt: -2.0833
    Episode_Reward/term_low_height: 0.0000
      Episode_Reward/leg_action_l2: -0.0006
   Episode_Reward/tracking_lin_vel: 0.4798
Episode_Reward/tracking_lin_vel_x_exp: 0.8822
Episode_Reward/tracking_ang_vel_yaw_l1: 0.0000
Episode_Reward/tracking_ang_vel_yaw_exp: 0.9070
Episode_Reward/tracking_lin_vel_y_l2: 0.0000
Episode_Reward/tracking_lin_vel_z_l2: 0.0000
            Episode_Reward/survive: 0.0000
    Episode_Reward/foot_contacts_z: 0.0000
            Episode_Reward/torques: -0.2159
 Episode_Reward/tracking_lin_vel_y: 0.0000
          Episode_Reward/lin_vel_z: -0.0097
         Episode_Reward/ang_vel_xy: -0.0025
   Episode_Reward/tracking_ang_vel: 0.2471
               Episode_Reward/work: -0.0262
            Episode_Reward/dof_acc: -0.0005
        Episode_Reward/action_rate: -0.0002
     Episode_Reward/dof_pos_limits: 0.0000
      Episode_Reward/delta_torques: -0.0002
          Episode_Reward/collision: -5.6346
        Episode_Reward/walking_dof: 0.0000
            Episode_Reward/hip_pos: -0.0098
          Episode_Reward/feet_jerk: 0.0000
              Episode_Reward/alive: 0.2598
          Episode_Reward/feet_drag: -0.0039
Episode_Reward/feet_contact_forces: -0.1662
               Episode_Reward/roll: -0.0266
        Episode_Reward/base_height: -0.0372
Episode_Reward/tracking_lin_vel_max: 0.3776
Episode_Reward/flat_orientation_l2: -0.0449
  Episode_Reward/air_time_variance: -0.0009
        Episode_Reward/feet_height: 0.0000
      Episode_Reward/feet_air_time: 0.0000
Episode_Reward/update_last_buffers: 0.0000
   Episode_Reward/wheel_idle_speed: -0.0017
    Episode_Reward/wheel_action_l2: -0.0000
  Episode_Reward/wheel_action_rate: 0.0000
Episode_Reward/teacher_ensemble_match: 0.0000
  Episode_Reward/wheel_forward_use: 0.0000
 Episode_Reward/wheel_turn_support: 0.1037
   Metrics/locomotion/error_vel_xy: 0.1437
  Metrics/locomotion/error_vel_yaw: 0.1171
      Episode_Termination/time_out: 0.9531
   Episode_Termination/bad_contact: 0.0000
          Episode_Termination/tilt: 0.0469
    Episode_Termination/low_height: 0.0000
--------------------------------------------------------------------------------
                   Total timesteps: 70656
                    Iteration time: 2.84s
                      Time elapsed: 00:02:13
                               ETA: 00:02:39

################################################################################
                      [1m Learning iteration 46/100 [0m                       

                       Computation: 531 steps/s (collection: 2.808s, learning 0.079s)
             Mean action noise std: 0.01
          Mean value_function loss: 0.3379
               Mean surrogate loss: 0.1972
                 Mean entropy loss: -57.6756
                       Mean reward: -34.45
               Mean episode length: 291.55
   Episode_Reward/term_bad_contact: 0.0000
          Episode_Reward/term_tilt: 0.0000
    Episode_Reward/term_low_height: 0.0000
      Episode_Reward/leg_action_l2: -0.0006
   Episode_Reward/tracking_lin_vel: 0.5595
Episode_Reward/tracking_lin_vel_x_exp: 1.0398
Episode_Reward/tracking_ang_vel_yaw_l1: 0.0000
Episode_Reward/tracking_ang_vel_yaw_exp: 1.1336
Episode_Reward/tracking_lin_vel_y_l2: 0.0000
Episode_Reward/tracking_lin_vel_z_l2: 0.0000
            Episode_Reward/survive: 0.0000
    Episode_Reward/foot_contacts_z: 0.0000
            Episode_Reward/torques: -0.2858
 Episode_Reward/tracking_lin_vel_y: 0.0000
          Episode_Reward/lin_vel_z: -0.0070
         Episode_Reward/ang_vel_xy: -0.0023
   Episode_Reward/tracking_ang_vel: 0.2880
               Episode_Reward/work: -0.0195
            Episode_Reward/dof_acc: -0.0005
        Episode_Reward/action_rate: -0.0002
     Episode_Reward/dof_pos_limits: -0.0000
      Episode_Reward/delta_torques: -0.0002
          Episode_Reward/collision: -6.4263
        Episode_Reward/walking_dof: 0.0070
            Episode_Reward/hip_pos: -0.0235
          Episode_Reward/feet_jerk: 0.0000
              Episode_Reward/alive: 0.3000
          Episode_Reward/feet_drag: -0.0064
Episode_Reward/feet_contact_forces: -0.1905
               Episode_Reward/roll: -0.0239
        Episode_Reward/base_height: -0.0543
Episode_Reward/tracking_lin_vel_max: 0.3568
Episode_Reward/flat_orientation_l2: -0.0527
  Episode_Reward/air_time_variance: -0.0011
        Episode_Reward/feet_height: 0.0000
      Episode_Reward/feet_air_time: -0.0000
Episode_Reward/update_last_buffers: 0.0000
   Episode_Reward/wheel_idle_speed: -0.0012
    Episode_Reward/wheel_action_l2: -0.0000
  Episode_Reward/wheel_action_rate: 0.0000
Episode_Reward/teacher_ensemble_match: 0.0000
  Episode_Reward/wheel_forward_use: 0.0430
 Episode_Reward/wheel_turn_support: 0.1124
   Metrics/locomotion/error_vel_xy: 0.1624
  Metrics/locomotion/error_vel_yaw: 0.1112
      Episode_Termination/time_out: 0.9531
   Episode_Termination/bad_contact: 0.0000
          Episode_Termination/tilt: 0.0469
    Episode_Termination/low_height: 0.0000
--------------------------------------------------------------------------------
                   Total timesteps: 72192
                    Iteration time: 2.89s
                      Time elapsed: 00:02:16
                               ETA: 00:02:36

################################################################################
                      [1m Learning iteration 47/100 [0m                       

                       Computation: 503 steps/s (collection: 2.975s, learning 0.078s)
             Mean action noise std: 0.01
          Mean value_function loss: 0.3041
               Mean surrogate loss: 0.1633
                 Mean entropy loss: -57.6756
                       Mean reward: -34.53
               Mean episode length: 291.55
   Episode_Reward/term_bad_contact: 0.0000
          Episode_Reward/term_tilt: 0.0000
    Episode_Reward/term_low_height: 0.0000
      Episode_Reward/leg_action_l2: -0.0009
   Episode_Reward/tracking_lin_vel: 0.5664
Episode_Reward/tracking_lin_vel_x_exp: 1.0958
Episode_Reward/tracking_ang_vel_yaw_l1: 0.0000
Episode_Reward/tracking_ang_vel_yaw_exp: 1.0986
Episode_Reward/tracking_lin_vel_y_l2: 0.0000
Episode_Reward/tracking_lin_vel_z_l2: 0.0000
            Episode_Reward/survive: 0.0000
    Episode_Reward/foot_contacts_z: 0.0000
            Episode_Reward/torques: -0.2648
 Episode_Reward/tracking_lin_vel_y: 0.0000
          Episode_Reward/lin_vel_z: -0.0077
         Episode_Reward/ang_vel_xy: -0.0028
   Episode_Reward/tracking_ang_vel: 0.2842
               Episode_Reward/work: -0.0220
            Episode_Reward/dof_acc: -0.0005
        Episode_Reward/action_rate: -0.0002
     Episode_Reward/dof_pos_limits: 0.0000
      Episode_Reward/delta_torques: -0.0002
          Episode_Reward/collision: -6.2196
        Episode_Reward/walking_dof: 0.0000
            Episode_Reward/hip_pos: -0.0154
          Episode_Reward/feet_jerk: 0.0000
              Episode_Reward/alive: 0.3000
          Episode_Reward/feet_drag: -0.0045
Episode_Reward/feet_contact_forces: -0.1894
               Episode_Reward/roll: -0.0267
        Episode_Reward/base_height: -0.0464
Episode_Reward/tracking_lin_vel_max: 0.4336
Episode_Reward/flat_orientation_l2: -0.0563
  Episode_Reward/air_time_variance: -0.0014
        Episode_Reward/feet_height: 0.0000
      Episode_Reward/feet_air_time: 0.0000
Episode_Reward/update_last_buffers: 0.0000
   Episode_Reward/wheel_idle_speed: -0.0021
    Episode_Reward/wheel_action_l2: -0.0000
  Episode_Reward/wheel_action_rate: 0.0000
Episode_Reward/teacher_ensemble_match: 0.0000
  Episode_Reward/wheel_forward_use: 0.0000
 Episode_Reward/wheel_turn_support: 0.1169
   Metrics/locomotion/error_vel_xy: 0.1427
  Metrics/locomotion/error_vel_yaw: 0.1319
      Episode_Termination/time_out: 0.9531
   Episode_Termination/bad_contact: 0.0000
          Episode_Termination/tilt: 0.0469
    Episode_Termination/low_height: 0.0000
--------------------------------------------------------------------------------
                   Total timesteps: 73728
                    Iteration time: 3.05s
                      Time elapsed: 00:02:19
                               ETA: 00:02:33

################################################################################
                      [1m Learning iteration 48/100 [0m                       

                       Computation: 527 steps/s (collection: 2.836s, learning 0.077s)
             Mean action noise std: 0.01
          Mean value_function loss: 0.6526
               Mean surrogate loss: 0.1654
                 Mean entropy loss: -57.6756
                       Mean reward: -34.25
               Mean episode length: 291.55
   Episode_Reward/term_bad_contact: 0.0000
          Episode_Reward/term_tilt: 0.0000
    Episode_Reward/term_low_height: 0.0000
      Episode_Reward/leg_action_l2: -0.0014
   Episode_Reward/tracking_lin_vel: 0.5556
Episode_Reward/tracking_lin_vel_x_exp: 1.0199
Episode_Reward/tracking_ang_vel_yaw_l1: 0.0000
Episode_Reward/tracking_ang_vel_yaw_exp: 1.0656
Episode_Reward/tracking_lin_vel_y_l2: 0.0000
Episode_Reward/tracking_lin_vel_z_l2: 0.0000
            Episode_Reward/survive: 0.0000
    Episode_Reward/foot_contacts_z: 0.0000
            Episode_Reward/torques: -0.2145
 Episode_Reward/tracking_lin_vel_y: 0.0000
          Episode_Reward/lin_vel_z: -0.0087
         Episode_Reward/ang_vel_xy: -0.0032
   Episode_Reward/tracking_ang_vel: 0.2802
               Episode_Reward/work: -0.0290
            Episode_Reward/dof_acc: -0.0005
        Episode_Reward/action_rate: -0.0004
     Episode_Reward/dof_pos_limits: -0.0000
      Episode_Reward/delta_torques: -0.0002
          Episode_Reward/collision: -6.0579
        Episode_Reward/walking_dof: 0.0094
            Episode_Reward/hip_pos: -0.0148
          Episode_Reward/feet_jerk: 0.0000
              Episode_Reward/alive: 0.3000
          Episode_Reward/feet_drag: -0.0101
Episode_Reward/feet_contact_forces: -0.1931
               Episode_Reward/roll: -0.0276
        Episode_Reward/base_height: -0.0397
Episode_Reward/tracking_lin_vel_max: 0.3649
Episode_Reward/flat_orientation_l2: -0.0331
  Episode_Reward/air_time_variance: -0.0014
        Episode_Reward/feet_height: 0.0000
      Episode_Reward/feet_air_time: -0.0000
Episode_Reward/update_last_buffers: 0.0000
   Episode_Reward/wheel_idle_speed: -0.0022
    Episode_Reward/wheel_action_l2: -0.0000
  Episode_Reward/wheel_action_rate: 0.0000
Episode_Reward/teacher_ensemble_match: 0.0000
  Episode_Reward/wheel_forward_use: 0.0561
 Episode_Reward/wheel_turn_support: 0.0751
   Metrics/locomotion/error_vel_xy: 0.1691
  Metrics/locomotion/error_vel_yaw: 0.1497
      Episode_Termination/time_out: 0.9531
   Episode_Termination/bad_contact: 0.0000
          Episode_Termination/tilt: 0.0469
    Episode_Termination/low_height: 0.0000
--------------------------------------------------------------------------------
                   Total timesteps: 75264
                    Iteration time: 2.91s
                      Time elapsed: 00:02:22
                               ETA: 00:02:30

################################################################################
                      [1m Learning iteration 49/100 [0m                       

                       Computation: 524 steps/s (collection: 2.852s, learning 0.078s)
             Mean action noise std: 0.01
          Mean value_function loss: 0.3696
               Mean surrogate loss: 0.1947
                 Mean entropy loss: -57.6756
                       Mean reward: -33.43
               Mean episode length: 293.67
   Episode_Reward/term_bad_contact: 0.0000
          Episode_Reward/term_tilt: 0.0000
    Episode_Reward/term_low_height: 0.0000
      Episode_Reward/leg_action_l2: -0.0012
   Episode_Reward/tracking_lin_vel: 0.5490
Episode_Reward/tracking_lin_vel_x_exp: 0.9911
Episode_Reward/tracking_ang_vel_yaw_l1: 0.0000
Episode_Reward/tracking_ang_vel_yaw_exp: 1.0941
Episode_Reward/tracking_lin_vel_y_l2: 0.0000
Episode_Reward/tracking_lin_vel_z_l2: 0.0000
            Episode_Reward/survive: 0.0000
    Episode_Reward/foot_contacts_z: 0.0000
            Episode_Reward/torques: -0.2387
 Episode_Reward/tracking_lin_vel_y: 0.0000
          Episode_Reward/lin_vel_z: -0.0091
         Episode_Reward/ang_vel_xy: -0.0040
   Episode_Reward/tracking_ang_vel: 0.2821
               Episode_Reward/work: -0.0281
            Episode_Reward/dof_acc: -0.0005
        Episode_Reward/action_rate: -0.0004
     Episode_Reward/dof_pos_limits: -0.0000
      Episode_Reward/delta_torques: -0.0002
          Episode_Reward/collision: -5.9892
        Episode_Reward/walking_dof: 0.0098
            Episode_Reward/hip_pos: -0.0213
          Episode_Reward/feet_jerk: 0.0000
              Episode_Reward/alive: 0.3000
          Episode_Reward/feet_drag: -0.0086
Episode_Reward/feet_contact_forces: -0.1927
               Episode_Reward/roll: -0.0264
        Episode_Reward/base_height: -0.0500
Episode_Reward/tracking_lin_vel_max: 0.3319
Episode_Reward/flat_orientation_l2: -0.0461
  Episode_Reward/air_time_variance: -0.0016
        Episode_Reward/feet_height: 0.0000
      Episode_Reward/feet_air_time: -0.0000
Episode_Reward/update_last_buffers: 0.0000
   Episode_Reward/wheel_idle_speed: -0.0022
    Episode_Reward/wheel_action_l2: -0.0000
  Episode_Reward/wheel_action_rate: 0.0000
Episode_Reward/teacher_ensemble_match: 0.0000
  Episode_Reward/wheel_forward_use: 0.0575
 Episode_Reward/wheel_turn_support: 0.0658
   Metrics/locomotion/error_vel_xy: 0.1858
  Metrics/locomotion/error_vel_yaw: 0.1365
      Episode_Termination/time_out: 0.9544
   Episode_Termination/bad_contact: 0.0000
          Episode_Termination/tilt: 0.0456
    Episode_Termination/low_height: 0.0000
--------------------------------------------------------------------------------
                   Total timesteps: 76800
                    Iteration time: 2.93s
                      Time elapsed: 00:02:24
                               ETA: 00:02:27

################################################################################
                      [1m Learning iteration 50/100 [0m                       

                       Computation: 508 steps/s (collection: 2.942s, learning 0.080s)
             Mean action noise std: 0.01
          Mean value_function loss: 0.3926
               Mean surrogate loss: 0.1350
                 Mean entropy loss: -57.6756
                       Mean reward: -33.02
               Mean episode length: 293.67
   Episode_Reward/term_bad_contact: 0.0000
          Episode_Reward/term_tilt: 0.0000
    Episode_Reward/term_low_height: 0.0000
      Episode_Reward/leg_action_l2: -0.0012
   Episode_Reward/tracking_lin_vel: 0.5613
Episode_Reward/tracking_lin_vel_x_exp: 1.0779
Episode_Reward/tracking_ang_vel_yaw_l1: 0.0000
Episode_Reward/tracking_ang_vel_yaw_exp: 1.1231
Episode_Reward/tracking_lin_vel_y_l2: 0.0000
Episode_Reward/tracking_lin_vel_z_l2: 0.0000
            Episode_Reward/survive: 0.0000
    Episode_Reward/foot_contacts_z: 0.0000
            Episode_Reward/torques: -0.2370
 Episode_Reward/tracking_lin_vel_y: 0.0000
          Episode_Reward/lin_vel_z: -0.0098
         Episode_Reward/ang_vel_xy: -0.0033
   Episode_Reward/tracking_ang_vel: 0.2830
               Episode_Reward/work: -0.0277
            Episode_Reward/dof_acc: -0.0006
        Episode_Reward/action_rate: -0.0004
     Episode_Reward/dof_pos_limits: 0.0000
      Episode_Reward/delta_torques: -0.0002
          Episode_Reward/collision: -6.0392
        Episode_Reward/walking_dof: 0.0026
            Episode_Reward/hip_pos: -0.0138
          Episode_Reward/feet_jerk: 0.0000
              Episode_Reward/alive: 0.3000
          Episode_Reward/feet_drag: -0.0070
Episode_Reward/feet_contact_forces: -0.1942
               Episode_Reward/roll: -0.0302
        Episode_Reward/base_height: -0.0420
Episode_Reward/tracking_lin_vel_max: 0.3945
Episode_Reward/flat_orientation_l2: -0.0328
  Episode_Reward/air_time_variance: -0.0014
        Episode_Reward/feet_height: 0.0000
      Episode_Reward/feet_air_time: -0.0000
Episode_Reward/update_last_buffers: 0.0000
   Episode_Reward/wheel_idle_speed: -0.0031
    Episode_Reward/wheel_action_l2: -0.0000
  Episode_Reward/wheel_action_rate: 0.0000
Episode_Reward/teacher_ensemble_match: 0.0000
  Episode_Reward/wheel_forward_use: 0.0150
 Episode_Reward/wheel_turn_support: 0.0723
   Metrics/locomotion/error_vel_xy: 0.1543
  Metrics/locomotion/error_vel_yaw: 0.1336
      Episode_Termination/time_out: 0.9688
   Episode_Termination/bad_contact: 0.0000
          Episode_Termination/tilt: 0.0312
    Episode_Termination/low_height: 0.0000
--------------------------------------------------------------------------------
                   Total timesteps: 78336
                    Iteration time: 3.02s
                      Time elapsed: 00:02:27
                               ETA: 00:02:25

################################################################################
                      [1m Learning iteration 51/100 [0m                       

                       Computation: 518 steps/s (collection: 2.882s, learning 0.078s)
             Mean action noise std: 0.01
          Mean value_function loss: 0.4752
               Mean surrogate loss: 0.1784
                 Mean entropy loss: -57.6756
                       Mean reward: -32.92
               Mean episode length: 293.67
   Episode_Reward/term_bad_contact: 0.0000
          Episode_Reward/term_tilt: 0.0000
    Episode_Reward/term_low_height: 0.0000
      Episode_Reward/leg_action_l2: -0.0008
   Episode_Reward/tracking_lin_vel: 0.5612
Episode_Reward/tracking_lin_vel_x_exp: 1.0903
Episode_Reward/tracking_ang_vel_yaw_l1: 0.0000
Episode_Reward/tracking_ang_vel_yaw_exp: 1.0740
Episode_Reward/tracking_lin_vel_y_l2: 0.0000
Episode_Reward/tracking_lin_vel_z_l2: 0.0000
            Episode_Reward/survive: 0.0000
    Episode_Reward/foot_contacts_z: 0.0000
            Episode_Reward/torques: -0.2447
 Episode_Reward/tracking_lin_vel_y: 0.0000
          Episode_Reward/lin_vel_z: -0.0075
         Episode_Reward/ang_vel_xy: -0.0026
   Episode_Reward/tracking_ang_vel: 0.2841
               Episode_Reward/work: -0.0227
            Episode_Reward/dof_acc: -0.0005
        Episode_Reward/action_rate: -0.0002
     Episode_Reward/dof_pos_limits: 0.0000
      Episode_Reward/delta_torques: -0.0002
          Episode_Reward/collision: -5.9313
        Episode_Reward/walking_dof: 0.0070
            Episode_Reward/hip_pos: -0.0132
          Episode_Reward/feet_jerk: 0.0000
              Episode_Reward/alive: 0.3000
          Episode_Reward/feet_drag: -0.0080
Episode_Reward/feet_contact_forces: -0.1921
               Episode_Reward/roll: -0.0357
        Episode_Reward/base_height: -0.0412
Episode_Reward/tracking_lin_vel_max: 0.3772
Episode_Reward/flat_orientation_l2: -0.0393
  Episode_Reward/air_time_variance: -0.0010
        Episode_Reward/feet_height: 0.0000
      Episode_Reward/feet_air_time: -0.0000
Episode_Reward/update_last_buffers: 0.0000
   Episode_Reward/wheel_idle_speed: -0.0020
    Episode_Reward/wheel_action_l2: -0.0000
  Episode_Reward/wheel_action_rate: 0.0000
Episode_Reward/teacher_ensemble_match: 0.0000
  Episode_Reward/wheel_forward_use: 0.0438
 Episode_Reward/wheel_turn_support: 0.0962
   Metrics/locomotion/error_vel_xy: 0.1468
  Metrics/locomotion/error_vel_yaw: 0.1377
      Episode_Termination/time_out: 0.9688
   Episode_Termination/bad_contact: 0.0000
          Episode_Termination/tilt: 0.0312
    Episode_Termination/low_height: 0.0000
--------------------------------------------------------------------------------
                   Total timesteps: 79872
                    Iteration time: 2.96s
                      Time elapsed: 00:02:30
                               ETA: 00:02:22

################################################################################
                      [1m Learning iteration 52/100 [0m                       

                       Computation: 531 steps/s (collection: 2.814s, learning 0.077s)
             Mean action noise std: 0.01
          Mean value_function loss: 40.3178
               Mean surrogate loss: 0.0372
                 Mean entropy loss: -57.6756
                       Mean reward: -33.62
               Mean episode length: 291.62
   Episode_Reward/term_bad_contact: 0.0000
          Episode_Reward/term_tilt: -1.2500
    Episode_Reward/term_low_height: 0.0000
      Episode_Reward/leg_action_l2: -0.0010
   Episode_Reward/tracking_lin_vel: 0.5062
Episode_Reward/tracking_lin_vel_x_exp: 0.9576
Episode_Reward/tracking_ang_vel_yaw_l1: 0.0000
Episode_Reward/tracking_ang_vel_yaw_exp: 1.0240
Episode_Reward/tracking_lin_vel_y_l2: 0.0000
Episode_Reward/tracking_lin_vel_z_l2: 0.0000
            Episode_Reward/survive: 0.0000
    Episode_Reward/foot_contacts_z: 0.0000
            Episode_Reward/torques: -0.1857
 Episode_Reward/tracking_lin_vel_y: 0.0000
          Episode_Reward/lin_vel_z: -0.0085
         Episode_Reward/ang_vel_xy: -0.0024
   Episode_Reward/tracking_ang_vel: 0.2625
               Episode_Reward/work: -0.0263
            Episode_Reward/dof_acc: -0.0004
        Episode_Reward/action_rate: -0.0003
     Episode_Reward/dof_pos_limits: 0.0000
      Episode_Reward/delta_torques: -0.0001
          Episode_Reward/collision: -5.4219
        Episode_Reward/walking_dof: 0.0040
            Episode_Reward/hip_pos: -0.0079
          Episode_Reward/feet_jerk: 0.0000
              Episode_Reward/alive: 0.2744
          Episode_Reward/feet_drag: -0.0078
Episode_Reward/feet_contact_forces: -0.1765
               Episode_Reward/roll: -0.0298
        Episode_Reward/base_height: -0.0296
Episode_Reward/tracking_lin_vel_max: 0.3543
Episode_Reward/flat_orientation_l2: -0.0313
  Episode_Reward/air_time_variance: -0.0006
        Episode_Reward/feet_height: 0.0000
      Episode_Reward/feet_air_time: 0.0000
Episode_Reward/update_last_buffers: 0.0000
   Episode_Reward/wheel_idle_speed: -0.0028
    Episode_Reward/wheel_action_l2: -0.0000
  Episode_Reward/wheel_action_rate: 0.0000
Episode_Reward/teacher_ensemble_match: 0.0000
  Episode_Reward/wheel_forward_use: 0.0253
 Episode_Reward/wheel_turn_support: 0.0798
   Metrics/locomotion/error_vel_xy: 0.1485
  Metrics/locomotion/error_vel_yaw: 0.1072
      Episode_Termination/time_out: 0.9616
   Episode_Termination/bad_contact: 0.0000
          Episode_Termination/tilt: 0.0384
    Episode_Termination/low_height: 0.0000
--------------------------------------------------------------------------------
                   Total timesteps: 81408
                    Iteration time: 2.89s
                      Time elapsed: 00:02:33
                               ETA: 00:02:19

################################################################################
                      [1m Learning iteration 53/100 [0m                       

                       Computation: 517 steps/s (collection: 2.890s, learning 0.080s)
             Mean action noise std: 0.01
          Mean value_function loss: 0.3602
               Mean surrogate loss: 0.1469
                 Mean entropy loss: -57.6756
                       Mean reward: -33.16
               Mean episode length: 291.62
   Episode_Reward/term_bad_contact: 0.0000
          Episode_Reward/term_tilt: 0.0000
    Episode_Reward/term_low_height: 0.0000
      Episode_Reward/leg_action_l2: -0.0008
   Episode_Reward/tracking_lin_vel: 0.5485
Episode_Reward/tracking_lin_vel_x_exp: 0.9176
Episode_Reward/tracking_ang_vel_yaw_l1: 0.0000
Episode_Reward/tracking_ang_vel_yaw_exp: 1.1039
Episode_Reward/tracking_lin_vel_y_l2: 0.0000
Episode_Reward/tracking_lin_vel_z_l2: 0.0000
            Episode_Reward/survive: 0.0000
    Episode_Reward/foot_contacts_z: 0.0000
            Episode_Reward/torques: -0.2492
 Episode_Reward/tracking_lin_vel_y: 0.0000
          Episode_Reward/lin_vel_z: -0.0087
         Episode_Reward/ang_vel_xy: -0.0026
   Episode_Reward/tracking_ang_vel: 0.2847
               Episode_Reward/work: -0.0246
            Episode_Reward/dof_acc: -0.0005
        Episode_Reward/action_rate: -0.0003
     Episode_Reward/dof_pos_limits: 0.0000
      Episode_Reward/delta_torques: -0.0002
          Episode_Reward/collision: -5.9442
        Episode_Reward/walking_dof: 0.0099
            Episode_Reward/hip_pos: -0.0154
          Episode_Reward/feet_jerk: 0.0000
              Episode_Reward/alive: 0.3000
          Episode_Reward/feet_drag: -0.0086
Episode_Reward/feet_contact_forces: -0.1890
               Episode_Reward/roll: -0.0271
        Episode_Reward/base_height: -0.0437
Episode_Reward/tracking_lin_vel_max: 0.3546
Episode_Reward/flat_orientation_l2: -0.0496
  Episode_Reward/air_time_variance: -0.0058
        Episode_Reward/feet_height: 0.0000
      Episode_Reward/feet_air_time: -0.0000
Episode_Reward/update_last_buffers: 0.0000
   Episode_Reward/wheel_idle_speed: -0.0013
    Episode_Reward/wheel_action_l2: -0.0000
  Episode_Reward/wheel_action_rate: 0.0000
Episode_Reward/teacher_ensemble_match: 0.0000
  Episode_Reward/wheel_forward_use: 0.0605
 Episode_Reward/wheel_turn_support: 0.0843
   Metrics/locomotion/error_vel_xy: 0.2009
  Metrics/locomotion/error_vel_yaw: 0.1260
      Episode_Termination/time_out: 0.9544
   Episode_Termination/bad_contact: 0.0000
          Episode_Termination/tilt: 0.0456
    Episode_Termination/low_height: 0.0000
--------------------------------------------------------------------------------
                   Total timesteps: 82944
                    Iteration time: 2.97s
                      Time elapsed: 00:02:36
                               ETA: 00:02:16

################################################################################
                      [1m Learning iteration 54/100 [0m                       

                       Computation: 521 steps/s (collection: 2.871s, learning 0.076s)
             Mean action noise std: 0.01
          Mean value_function loss: 0.3956
               Mean surrogate loss: 0.1433
                 Mean entropy loss: -57.6756
                       Mean reward: -33.37
               Mean episode length: 291.62
   Episode_Reward/term_bad_contact: 0.0000
          Episode_Reward/term_tilt: 0.0000
    Episode_Reward/term_low_height: 0.0000
      Episode_Reward/leg_action_l2: -0.0007
   Episode_Reward/tracking_lin_vel: 0.5586
Episode_Reward/tracking_lin_vel_x_exp: 1.0277
Episode_Reward/tracking_ang_vel_yaw_l1: 0.0000
Episode_Reward/tracking_ang_vel_yaw_exp: 1.1096
Episode_Reward/tracking_lin_vel_y_l2: 0.0000
Episode_Reward/tracking_lin_vel_z_l2: 0.0000
            Episode_Reward/survive: 0.0000
    Episode_Reward/foot_contacts_z: 0.0000
            Episode_Reward/torques: -0.2614
 Episode_Reward/tracking_lin_vel_y: 0.0000
          Episode_Reward/lin_vel_z: -0.0083
         Episode_Reward/ang_vel_xy: -0.0022
   Episode_Reward/tracking_ang_vel: 0.2870
               Episode_Reward/work: -0.0245
            Episode_Reward/dof_acc: -0.0004
        Episode_Reward/action_rate: -0.0002
     Episode_Reward/dof_pos_limits: 0.0000
      Episode_Reward/delta_torques: -0.0002
          Episode_Reward/collision: -6.2594
        Episode_Reward/walking_dof: 0.0057
            Episode_Reward/hip_pos: -0.0157
          Episode_Reward/feet_jerk: 0.0000
              Episode_Reward/alive: 0.3000
          Episode_Reward/feet_drag: -0.0085
Episode_Reward/feet_contact_forces: -0.1916
               Episode_Reward/roll: -0.0273
        Episode_Reward/base_height: -0.0456
Episode_Reward/tracking_lin_vel_max: 0.3757
Episode_Reward/flat_orientation_l2: -0.0499
  Episode_Reward/air_time_variance: -0.0007
        Episode_Reward/feet_height: 0.0000
      Episode_Reward/feet_air_time: -0.0000
Episode_Reward/update_last_buffers: 0.0000
   Episode_Reward/wheel_idle_speed: -0.0020
    Episode_Reward/wheel_action_l2: -0.0000
  Episode_Reward/wheel_action_rate: 0.0000
Episode_Reward/teacher_ensemble_match: 0.0000
  Episode_Reward/wheel_forward_use: 0.0354
 Episode_Reward/wheel_turn_support: 0.0951
   Metrics/locomotion/error_vel_xy: 0.1658
  Metrics/locomotion/error_vel_yaw: 0.1179
      Episode_Termination/time_out: 0.9688
   Episode_Termination/bad_contact: 0.0000
          Episode_Termination/tilt: 0.0312
    Episode_Termination/low_height: 0.0000
--------------------------------------------------------------------------------
                   Total timesteps: 84480
                    Iteration time: 2.95s
                      Time elapsed: 00:02:39
                               ETA: 00:02:13

################################################################################
                      [1m Learning iteration 55/100 [0m                       

                       Computation: 529 steps/s (collection: 2.821s, learning 0.079s)
             Mean action noise std: 0.01
          Mean value_function loss: 0.2571
               Mean surrogate loss: 0.1386
                 Mean entropy loss: -57.6756
                       Mean reward: -32.75
               Mean episode length: 293.54
   Episode_Reward/term_bad_contact: 0.0000
          Episode_Reward/term_tilt: 0.0000
    Episode_Reward/term_low_height: 0.0000
      Episode_Reward/leg_action_l2: -0.0005
   Episode_Reward/tracking_lin_vel: 0.5391
Episode_Reward/tracking_lin_vel_x_exp: 0.8597
Episode_Reward/tracking_ang_vel_yaw_l1: 0.0000
Episode_Reward/tracking_ang_vel_yaw_exp: 1.1432
Episode_Reward/tracking_lin_vel_y_l2: 0.0000
Episode_Reward/tracking_lin_vel_z_l2: 0.0000
            Episode_Reward/survive: 0.0000
    Episode_Reward/foot_contacts_z: 0.0000
            Episode_Reward/torques: -0.2851
 Episode_Reward/tracking_lin_vel_y: 0.0000
          Episode_Reward/lin_vel_z: -0.0079
         Episode_Reward/ang_vel_xy: -0.0023
   Episode_Reward/tracking_ang_vel: 0.2892
               Episode_Reward/work: -0.0232
            Episode_Reward/dof_acc: -0.0003
        Episode_Reward/action_rate: -0.0002
     Episode_Reward/dof_pos_limits: 0.0000
      Episode_Reward/delta_torques: -0.0002
          Episode_Reward/collision: -6.4442
        Episode_Reward/walking_dof: 0.0000
            Episode_Reward/hip_pos: -0.0212
          Episode_Reward/feet_jerk: 0.0000
              Episode_Reward/alive: 0.3000
          Episode_Reward/feet_drag: -0.0062
Episode_Reward/feet_contact_forces: -0.1896
               Episode_Reward/roll: -0.0197
        Episode_Reward/base_height: -0.0572
Episode_Reward/tracking_lin_vel_max: 0.4287
Episode_Reward/flat_orientation_l2: -0.0678
  Episode_Reward/air_time_variance: -0.0009
        Episode_Reward/feet_height: 0.0000
      Episode_Reward/feet_air_time: 0.0000
Episode_Reward/update_last_buffers: 0.0000
   Episode_Reward/wheel_idle_speed: -0.0025
    Episode_Reward/wheel_action_l2: -0.0000
  Episode_Reward/wheel_action_rate: 0.0000
Episode_Reward/teacher_ensemble_match: 0.0000
  Episode_Reward/wheel_forward_use: 0.0000
 Episode_Reward/wheel_turn_support: 0.0925
   Metrics/locomotion/error_vel_xy: 0.2258
  Metrics/locomotion/error_vel_yaw: 0.1057
      Episode_Termination/time_out: 0.9688
   Episode_Termination/bad_contact: 0.0000
          Episode_Termination/tilt: 0.0312
    Episode_Termination/low_height: 0.0000
--------------------------------------------------------------------------------
                   Total timesteps: 86016
                    Iteration time: 2.90s
                      Time elapsed: 00:02:42
                               ETA: 00:02:10

################################################################################
                      [1m Learning iteration 56/100 [0m                       

                       Computation: 519 steps/s (collection: 2.876s, learning 0.079s)
             Mean action noise std: 0.01
          Mean value_function loss: 0.2966
               Mean surrogate loss: 0.1530
                 Mean entropy loss: -57.6756
                       Mean reward: -32.83
               Mean episode length: 293.54
   Episode_Reward/term_bad_contact: 0.0000
          Episode_Reward/term_tilt: 0.0000
    Episode_Reward/term_low_height: 0.0000
      Episode_Reward/leg_action_l2: -0.0006
   Episode_Reward/tracking_lin_vel: 0.5504
Episode_Reward/tracking_lin_vel_x_exp: 1.0048
Episode_Reward/tracking_ang_vel_yaw_l1: 0.0000
Episode_Reward/tracking_ang_vel_yaw_exp: 1.1642
Episode_Reward/tracking_lin_vel_y_l2: 0.0000
Episode_Reward/tracking_lin_vel_z_l2: 0.0000
            Episode_Reward/survive: 0.0000
    Episode_Reward/foot_contacts_z: 0.0000
            Episode_Reward/torques: -0.2724
 Episode_Reward/tracking_lin_vel_y: 0.0000
          Episode_Reward/lin_vel_z: -0.0073
         Episode_Reward/ang_vel_xy: -0.0024
   Episode_Reward/tracking_ang_vel: 0.2911
               Episode_Reward/work: -0.0199
            Episode_Reward/dof_acc: -0.0003
        Episode_Reward/action_rate: -0.0002
     Episode_Reward/dof_pos_limits: 0.0000
      Episode_Reward/delta_torques: -0.0002
          Episode_Reward/collision: -6.1958
        Episode_Reward/walking_dof: 0.0006
            Episode_Reward/hip_pos: -0.0182
          Episode_Reward/feet_jerk: 0.0000
              Episode_Reward/alive: 0.3000
          Episode_Reward/feet_drag: -0.0051
Episode_Reward/feet_contact_forces: -0.1894
               Episode_Reward/roll: -0.0201
        Episode_Reward/base_height: -0.0540
Episode_Reward/tracking_lin_vel_max: 0.4284
Episode_Reward/flat_orientation_l2: -0.0637
  Episode_Reward/air_time_variance: -0.0013
        Episode_Reward/feet_height: 0.0000
      Episode_Reward/feet_air_time: -0.0000
Episode_Reward/update_last_buffers: 0.0000
   Episode_Reward/wheel_idle_speed: -0.0016
    Episode_Reward/wheel_action_l2: -0.0000
  Episode_Reward/wheel_action_rate: 0.0000
Episode_Reward/teacher_ensemble_match: 0.0000
  Episode_Reward/wheel_forward_use: 0.0032
 Episode_Reward/wheel_turn_support: 0.0754
   Metrics/locomotion/error_vel_xy: 0.1848
  Metrics/locomotion/error_vel_yaw: 0.0962
      Episode_Termination/time_out: 0.9688
   Episode_Termination/bad_contact: 0.0000
          Episode_Termination/tilt: 0.0312
    Episode_Termination/low_height: 0.0000
--------------------------------------------------------------------------------
                   Total timesteps: 87552
                    Iteration time: 2.96s
                      Time elapsed: 00:02:45
                               ETA: 00:02:07

################################################################################
                      [1m Learning iteration 57/100 [0m                       

                       Computation: 535 steps/s (collection: 2.787s, learning 0.080s)
             Mean action noise std: 0.01
          Mean value_function loss: 20.5191
               Mean surrogate loss: 0.0222
                 Mean entropy loss: -57.6756
                       Mean reward: -33.87
               Mean episode length: 293.31
   Episode_Reward/term_bad_contact: 0.0000
          Episode_Reward/term_tilt: -3.3333
    Episode_Reward/term_low_height: 0.0000
      Episode_Reward/leg_action_l2: -0.0017
   Episode_Reward/tracking_lin_vel: 0.5474
Episode_Reward/tracking_lin_vel_x_exp: 1.0247
Episode_Reward/tracking_ang_vel_yaw_l1: 0.0000
Episode_Reward/tracking_ang_vel_yaw_exp: 1.0555
Episode_Reward/tracking_lin_vel_y_l2: 0.0000
Episode_Reward/tracking_lin_vel_z_l2: 0.0000
            Episode_Reward/survive: 0.0000
    Episode_Reward/foot_contacts_z: 0.0000
            Episode_Reward/torques: -0.2260
 Episode_Reward/tracking_lin_vel_y: 0.0000
          Episode_Reward/lin_vel_z: -0.0093
         Episode_Reward/ang_vel_xy: -0.0034
   Episode_Reward/tracking_ang_vel: 0.2775
               Episode_Reward/work: -0.0285
            Episode_Reward/dof_acc: -0.0004
        Episode_Reward/action_rate: -0.0005
     Episode_Reward/dof_pos_limits: 0.0000
      Episode_Reward/delta_torques: -0.0002
          Episode_Reward/collision: -6.4150
        Episode_Reward/walking_dof: 0.0042
            Episode_Reward/hip_pos: -0.0129
          Episode_Reward/feet_jerk: 0.0000
              Episode_Reward/alive: 0.2923
          Episode_Reward/feet_drag: -0.0093
Episode_Reward/feet_contact_forces: -0.1866
               Episode_Reward/roll: -0.0222
        Episode_Reward/base_height: -0.0402
Episode_Reward/tracking_lin_vel_max: 0.3984
Episode_Reward/flat_orientation_l2: -0.0438
  Episode_Reward/air_time_variance: -0.0028
        Episode_Reward/feet_height: 0.0000
      Episode_Reward/feet_air_time: 0.0000
Episode_Reward/update_last_buffers: 0.0000
   Episode_Reward/wheel_idle_speed: -0.0026
    Episode_Reward/wheel_action_l2: -0.0000
  Episode_Reward/wheel_action_rate: 0.0000
Episode_Reward/teacher_ensemble_match: 0.0000
  Episode_Reward/wheel_forward_use: 0.0244
 Episode_Reward/wheel_turn_support: 0.0974
   Metrics/locomotion/error_vel_xy: 0.1549
  Metrics/locomotion/error_vel_yaw: 0.1245
      Episode_Termination/time_out: 0.9688
   Episode_Termination/bad_contact: 0.0000
          Episode_Termination/tilt: 0.0312
    Episode_Termination/low_height: 0.0000
--------------------------------------------------------------------------------
                   Total timesteps: 89088
                    Iteration time: 2.87s
                      Time elapsed: 00:02:48
                               ETA: 00:02:04

################################################################################
                      [1m Learning iteration 58/100 [0m                       

                       Computation: 529 steps/s (collection: 2.817s, learning 0.083s)
             Mean action noise std: 0.01
          Mean value_function loss: 0.2333
               Mean surrogate loss: 0.1532
                 Mean entropy loss: -57.6756
                       Mean reward: -33.97
               Mean episode length: 293.31
   Episode_Reward/term_bad_contact: 0.0000
          Episode_Reward/term_tilt: 0.0000
    Episode_Reward/term_low_height: 0.0000
      Episode_Reward/leg_action_l2: -0.0006
   Episode_Reward/tracking_lin_vel: 0.5603
Episode_Reward/tracking_lin_vel_x_exp: 1.0416
Episode_Reward/tracking_ang_vel_yaw_l1: 0.0000
Episode_Reward/tracking_ang_vel_yaw_exp: 1.1046
Episode_Reward/tracking_lin_vel_y_l2: 0.0000
Episode_Reward/tracking_lin_vel_z_l2: 0.0000
            Episode_Reward/survive: 0.0000
    Episode_Reward/foot_contacts_z: 0.0000
            Episode_Reward/torques: -0.2763
 Episode_Reward/tracking_lin_vel_y: 0.0000
          Episode_Reward/lin_vel_z: -0.0087
         Episode_Reward/ang_vel_xy: -0.0020
   Episode_Reward/tracking_ang_vel: 0.2866
               Episode_Reward/work: -0.0257
            Episode_Reward/dof_acc: -0.0005
        Episode_Reward/action_rate: -0.0002
     Episode_Reward/dof_pos_limits: 0.0000
      Episode_Reward/delta_torques: -0.0002
          Episode_Reward/collision: -6.4921
        Episode_Reward/walking_dof: 0.0089
            Episode_Reward/hip_pos: -0.0176
          Episode_Reward/feet_jerk: 0.0000
              Episode_Reward/alive: 0.3000
          Episode_Reward/feet_drag: -0.0096
Episode_Reward/feet_contact_forces: -0.1922
               Episode_Reward/roll: -0.0252
        Episode_Reward/base_height: -0.0484
Episode_Reward/tracking_lin_vel_max: 0.3700
Episode_Reward/flat_orientation_l2: -0.0493
  Episode_Reward/air_time_variance: -0.0005
        Episode_Reward/feet_height: 0.0000
      Episode_Reward/feet_air_time: -0.0000
Episode_Reward/update_last_buffers: 0.0000
   Episode_Reward/wheel_idle_speed: -0.0019
    Episode_Reward/wheel_action_l2: -0.0000
  Episode_Reward/wheel_action_rate: 0.0000
Episode_Reward/teacher_ensemble_match: 0.0000
  Episode_Reward/wheel_forward_use: 0.0544
 Episode_Reward/wheel_turn_support: 0.0830
   Metrics/locomotion/error_vel_xy: 0.1600
  Metrics/locomotion/error_vel_yaw: 0.1207
      Episode_Termination/time_out: 0.9688
   Episode_Termination/bad_contact: 0.0000
          Episode_Termination/tilt: 0.0312
    Episode_Termination/low_height: 0.0000
--------------------------------------------------------------------------------
                   Total timesteps: 90624
                    Iteration time: 2.90s
                      Time elapsed: 00:02:51
                               ETA: 00:02:02

################################################################################
                      [1m Learning iteration 59/100 [0m                       

                       Computation: 539 steps/s (collection: 2.760s, learning 0.089s)
             Mean action noise std: 0.01
          Mean value_function loss: 0.2211
               Mean surrogate loss: 0.1793
                 Mean entropy loss: -57.6756
                       Mean reward: -34.07
               Mean episode length: 293.31
   Episode_Reward/term_bad_contact: 0.0000
          Episode_Reward/term_tilt: 0.0000
    Episode_Reward/term_low_height: 0.0000
      Episode_Reward/leg_action_l2: -0.0007
   Episode_Reward/tracking_lin_vel: 0.5475
Episode_Reward/tracking_lin_vel_x_exp: 0.9312
Episode_Reward/tracking_ang_vel_yaw_l1: 0.0000
Episode_Reward/tracking_ang_vel_yaw_exp: 1.1011
Episode_Reward/tracking_lin_vel_y_l2: 0.0000
Episode_Reward/tracking_lin_vel_z_l2: 0.0000
            Episode_Reward/survive: 0.0000
    Episode_Reward/foot_contacts_z: 0.0000
            Episode_Reward/torques: -0.2630
 Episode_Reward/tracking_lin_vel_y: 0.0000
          Episode_Reward/lin_vel_z: -0.0066
         Episode_Reward/ang_vel_xy: -0.0019
   Episode_Reward/tracking_ang_vel: 0.2876
               Episode_Reward/work: -0.0210
            Episode_Reward/dof_acc: -0.0004
        Episode_Reward/action_rate: -0.0002
     Episode_Reward/dof_pos_limits: 0.0000
      Episode_Reward/delta_torques: -0.0002
          Episode_Reward/collision: -6.0471
        Episode_Reward/walking_dof: 0.0067
            Episode_Reward/hip_pos: -0.0159
          Episode_Reward/feet_jerk: 0.0000
              Episode_Reward/alive: 0.3000
          Episode_Reward/feet_drag: -0.0066
Episode_Reward/feet_contact_forces: -0.1886
               Episode_Reward/roll: -0.0213
        Episode_Reward/base_height: -0.0431
Episode_Reward/tracking_lin_vel_max: 0.3383
Episode_Reward/flat_orientation_l2: -0.0569
  Episode_Reward/air_time_variance: -0.0007
        Episode_Reward/feet_height: 0.0000
      Episode_Reward/feet_air_time: -0.0000
Episode_Reward/update_last_buffers: 0.0000
   Episode_Reward/wheel_idle_speed: -0.0016
    Episode_Reward/wheel_action_l2: -0.0000
  Episode_Reward/wheel_action_rate: 0.0000
Episode_Reward/teacher_ensemble_match: 0.0000
  Episode_Reward/wheel_forward_use: 0.0400
 Episode_Reward/wheel_turn_support: 0.0950
   Metrics/locomotion/error_vel_xy: 0.1981
  Metrics/locomotion/error_vel_yaw: 0.1182
      Episode_Termination/time_out: 0.9688
   Episode_Termination/bad_contact: 0.0000
          Episode_Termination/tilt: 0.0312
    Episode_Termination/low_height: 0.0000
--------------------------------------------------------------------------------
                   Total timesteps: 92160
                    Iteration time: 2.85s
                      Time elapsed: 00:02:54
                               ETA: 00:01:59

################################################################################
                      [1m Learning iteration 60/100 [0m                       

                       Computation: 504 steps/s (collection: 2.964s, learning 0.079s)
             Mean action noise std: 0.01
          Mean value_function loss: 41.3361
               Mean surrogate loss: 0.0386
                 Mean entropy loss: -57.6756
                       Mean reward: -34.01
               Mean episode length: 293.18
   Episode_Reward/term_bad_contact: 0.0000
          Episode_Reward/term_tilt: -0.4167
    Episode_Reward/term_low_height: 0.0000
      Episode_Reward/leg_action_l2: -0.0011
   Episode_Reward/tracking_lin_vel: 0.5404
Episode_Reward/tracking_lin_vel_x_exp: 0.9102
Episode_Reward/tracking_ang_vel_yaw_l1: 0.0000
Episode_Reward/tracking_ang_vel_yaw_exp: 1.0879
Episode_Reward/tracking_lin_vel_y_l2: 0.0000
Episode_Reward/tracking_lin_vel_z_l2: 0.0000
            Episode_Reward/survive: 0.0000
    Episode_Reward/foot_contacts_z: 0.0000
            Episode_Reward/torques: -0.2240
 Episode_Reward/tracking_lin_vel_y: 0.0000
          Episode_Reward/lin_vel_z: -0.0078
         Episode_Reward/ang_vel_xy: -0.0033
   Episode_Reward/tracking_ang_vel: 0.2811
               Episode_Reward/work: -0.0253
            Episode_Reward/dof_acc: -0.0005
        Episode_Reward/action_rate: -0.0003
     Episode_Reward/dof_pos_limits: 0.0000
      Episode_Reward/delta_torques: -0.0002
          Episode_Reward/collision: -6.0517
        Episode_Reward/walking_dof: 0.0064
            Episode_Reward/hip_pos: -0.0102
          Episode_Reward/feet_jerk: 0.0000
              Episode_Reward/alive: 0.2980
          Episode_Reward/feet_drag: -0.0062
Episode_Reward/feet_contact_forces: -0.1872
               Episode_Reward/roll: -0.0391
        Episode_Reward/base_height: -0.0358
Episode_Reward/tracking_lin_vel_max: 0.3525
Episode_Reward/flat_orientation_l2: -0.0485
  Episode_Reward/air_time_variance: -0.0017
        Episode_Reward/feet_height: 0.0000
      Episode_Reward/feet_air_time: 0.0000
Episode_Reward/update_last_buffers: 0.0000
   Episode_Reward/wheel_idle_speed: -0.0015
    Episode_Reward/wheel_action_l2: -0.0000
  Episode_Reward/wheel_action_rate: 0.0000
Episode_Reward/teacher_ensemble_match: 0.0000
  Episode_Reward/wheel_forward_use: 0.0397
 Episode_Reward/wheel_turn_support: 0.0978
   Metrics/locomotion/error_vel_xy: 0.2057
  Metrics/locomotion/error_vel_yaw: 0.1373
      Episode_Termination/time_out: 0.9616
   Episode_Termination/bad_contact: 0.0000
          Episode_Termination/tilt: 0.0384
    Episode_Termination/low_height: 0.0000
--------------------------------------------------------------------------------
                   Total timesteps: 93696
                    Iteration time: 3.04s
                      Time elapsed: 00:02:57
                               ETA: 00:01:56

################################################################################
                      [1m Learning iteration 61/100 [0m                       

                       Computation: 522 steps/s (collection: 2.862s, learning 0.080s)
             Mean action noise std: 0.01
          Mean value_function loss: 0.2478
               Mean surrogate loss: 0.1699
                 Mean entropy loss: -57.6756
                       Mean reward: -33.18
               Mean episode length: 295.30
   Episode_Reward/term_bad_contact: 0.0000
          Episode_Reward/term_tilt: 0.0000
    Episode_Reward/term_low_height: 0.0000
      Episode_Reward/leg_action_l2: -0.0012
   Episode_Reward/tracking_lin_vel: 0.5543
Episode_Reward/tracking_lin_vel_x_exp: 0.9425
Episode_Reward/tracking_ang_vel_yaw_l1: 0.0000
Episode_Reward/tracking_ang_vel_yaw_exp: 1.1412
Episode_Reward/tracking_lin_vel_y_l2: 0.0000
Episode_Reward/tracking_lin_vel_z_l2: 0.0000
            Episode_Reward/survive: 0.0000
    Episode_Reward/foot_contacts_z: 0.0000
            Episode_Reward/torques: -0.2123
 Episode_Reward/tracking_lin_vel_y: 0.0000
          Episode_Reward/lin_vel_z: -0.0082
         Episode_Reward/ang_vel_xy: -0.0029
   Episode_Reward/tracking_ang_vel: 0.2895
               Episode_Reward/work: -0.0255
            Episode_Reward/dof_acc: -0.0008
        Episode_Reward/action_rate: -0.0004
     Episode_Reward/dof_pos_limits: 0.0000
      Episode_Reward/delta_torques: -0.0002
          Episode_Reward/collision: -5.9363
        Episode_Reward/walking_dof: 0.0057
            Episode_Reward/hip_pos: -0.0120
          Episode_Reward/feet_jerk: 0.0000
              Episode_Reward/alive: 0.3000
          Episode_Reward/feet_drag: -0.0073
Episode_Reward/feet_contact_forces: -0.1904
               Episode_Reward/roll: -0.0367
        Episode_Reward/base_height: -0.0351
Episode_Reward/tracking_lin_vel_max: 0.3543
Episode_Reward/flat_orientation_l2: -0.0414
  Episode_Reward/air_time_variance: -0.0013
        Episode_Reward/feet_height: 0.0000
      Episode_Reward/feet_air_time: 0.0000
Episode_Reward/update_last_buffers: 0.0000
   Episode_Reward/wheel_idle_speed: -0.0031
    Episode_Reward/wheel_action_l2: -0.0000
  Episode_Reward/wheel_action_rate: 0.0000
Episode_Reward/teacher_ensemble_match: 0.0000
  Episode_Reward/wheel_forward_use: 0.0358
 Episode_Reward/wheel_turn_support: 0.1024
   Metrics/locomotion/error_vel_xy: 0.1886
  Metrics/locomotion/error_vel_yaw: 0.1056
      Episode_Termination/time_out: 0.9531
   Episode_Termination/bad_contact: 0.0000
          Episode_Termination/tilt: 0.0469
    Episode_Termination/low_height: 0.0000
--------------------------------------------------------------------------------
                   Total timesteps: 95232
                    Iteration time: 2.94s
                      Time elapsed: 00:03:00
                               ETA: 00:01:53

################################################################################
                      [1m Learning iteration 62/100 [0m                       

                       Computation: 510 steps/s (collection: 2.930s, learning 0.077s)
             Mean action noise std: 0.01
          Mean value_function loss: 0.2998
               Mean surrogate loss: 0.1665
                 Mean entropy loss: -57.6756
                       Mean reward: -33.10
               Mean episode length: 295.30
   Episode_Reward/term_bad_contact: 0.0000
          Episode_Reward/term_tilt: 0.0000
    Episode_Reward/term_low_height: 0.0000
      Episode_Reward/leg_action_l2: -0.0011
   Episode_Reward/tracking_lin_vel: 0.5623
Episode_Reward/tracking_lin_vel_x_exp: 1.0176
Episode_Reward/tracking_ang_vel_yaw_l1: 0.0000
Episode_Reward/tracking_ang_vel_yaw_exp: 1.1092
Episode_Reward/tracking_lin_vel_y_l2: 0.0000
Episode_Reward/tracking_lin_vel_z_l2: 0.0000
            Episode_Reward/survive: 0.0000
    Episode_Reward/foot_contacts_z: 0.0000
            Episode_Reward/torques: -0.2778
 Episode_Reward/tracking_lin_vel_y: 0.0000
          Episode_Reward/lin_vel_z: -0.0083
         Episode_Reward/ang_vel_xy: -0.0029
   Episode_Reward/tracking_ang_vel: 0.2873
               Episode_Reward/work: -0.0256
            Episode_Reward/dof_acc: -0.0005
        Episode_Reward/action_rate: -0.0004
     Episode_Reward/dof_pos_limits: -0.0000
      Episode_Reward/delta_torques: -0.0002
          Episode_Reward/collision: -5.9392
        Episode_Reward/walking_dof: 0.0050
            Episode_Reward/hip_pos: -0.0244
          Episode_Reward/feet_jerk: 0.0000
              Episode_Reward/alive: 0.3000
          Episode_Reward/feet_drag: -0.0082
Episode_Reward/feet_contact_forces: -0.1948
               Episode_Reward/roll: -0.0237
        Episode_Reward/base_height: -0.0517
Episode_Reward/tracking_lin_vel_max: 0.3802
Episode_Reward/flat_orientation_l2: -0.0414
  Episode_Reward/air_time_variance: -0.0011
        Episode_Reward/feet_height: 0.0000
      Episode_Reward/feet_air_time: -0.0000
Episode_Reward/update_last_buffers: 0.0000
   Episode_Reward/wheel_idle_speed: -0.0027
    Episode_Reward/wheel_action_l2: -0.0000
  Episode_Reward/wheel_action_rate: 0.0000
Episode_Reward/teacher_ensemble_match: 0.0000
  Episode_Reward/wheel_forward_use: 0.0314
 Episode_Reward/wheel_turn_support: 0.0865
   Metrics/locomotion/error_vel_xy: 0.1642
  Metrics/locomotion/error_vel_yaw: 0.1179
      Episode_Termination/time_out: 0.9531
   Episode_Termination/bad_contact: 0.0000
          Episode_Termination/tilt: 0.0469
    Episode_Termination/low_height: 0.0000
--------------------------------------------------------------------------------
                   Total timesteps: 96768
                    Iteration time: 3.01s
                      Time elapsed: 00:03:03
                               ETA: 00:01:50

################################################################################
                      [1m Learning iteration 63/100 [0m                       

                       Computation: 514 steps/s (collection: 2.902s, learning 0.082s)
             Mean action noise std: 0.01
          Mean value_function loss: 0.3184
               Mean surrogate loss: 0.1498
                 Mean entropy loss: -57.6756
                       Mean reward: -33.32
               Mean episode length: 295.30
   Episode_Reward/term_bad_contact: 0.0000
          Episode_Reward/term_tilt: 0.0000
    Episode_Reward/term_low_height: 0.0000
      Episode_Reward/leg_action_l2: -0.0009
   Episode_Reward/tracking_lin_vel: 0.5518
Episode_Reward/tracking_lin_vel_x_exp: 0.9875
Episode_Reward/tracking_ang_vel_yaw_l1: 0.0000
Episode_Reward/tracking_ang_vel_yaw_exp: 1.0989
Episode_Reward/tracking_lin_vel_y_l2: 0.0000
Episode_Reward/tracking_lin_vel_z_l2: 0.0000
            Episode_Reward/survive: 0.0000
    Episode_Reward/foot_contacts_z: 0.0000
            Episode_Reward/torques: -0.2713
 Episode_Reward/tracking_lin_vel_y: 0.0000
          Episode_Reward/lin_vel_z: -0.0086
         Episode_Reward/ang_vel_xy: -0.0030
   Episode_Reward/tracking_ang_vel: 0.2826
               Episode_Reward/work: -0.0265
            Episode_Reward/dof_acc: -0.0006
        Episode_Reward/action_rate: -0.0003
     Episode_Reward/dof_pos_limits: 0.0000
      Episode_Reward/delta_torques: -0.0002
          Episode_Reward/collision: -6.0175
        Episode_Reward/walking_dof: 0.0168
            Episode_Reward/hip_pos: -0.0245
          Episode_Reward/feet_jerk: 0.0000
              Episode_Reward/alive: 0.3000
          Episode_Reward/feet_drag: -0.0110
Episode_Reward/feet_contact_forces: -0.1945
               Episode_Reward/roll: -0.0304
        Episode_Reward/base_height: -0.0548
Episode_Reward/tracking_lin_vel_max: 0.3108
Episode_Reward/flat_orientation_l2: -0.0368
  Episode_Reward/air_time_variance: -0.0016
        Episode_Reward/feet_height: 0.0000
      Episode_Reward/feet_air_time: -0.0000
Episode_Reward/update_last_buffers: 0.0000
   Episode_Reward/wheel_idle_speed: -0.0007
    Episode_Reward/wheel_action_l2: -0.0000
  Episode_Reward/wheel_action_rate: 0.0000
Episode_Reward/teacher_ensemble_match: 0.0000
  Episode_Reward/wheel_forward_use: 0.1034
 Episode_Reward/wheel_turn_support: 0.0863
   Metrics/locomotion/error_vel_xy: 0.1807
  Metrics/locomotion/error_vel_yaw: 0.1411
      Episode_Termination/time_out: 0.9531
   Episode_Termination/bad_contact: 0.0000
          Episode_Termination/tilt: 0.0469
    Episode_Termination/low_height: 0.0000
--------------------------------------------------------------------------------
                   Total timesteps: 98304
                    Iteration time: 2.98s
                      Time elapsed: 00:03:06
                               ETA: 00:01:47

################################################################################
                      [1m Learning iteration 64/100 [0m                       

                       Computation: 534 steps/s (collection: 2.798s, learning 0.077s)
             Mean action noise std: 0.01
          Mean value_function loss: 40.5043
               Mean surrogate loss: 0.0396
                 Mean entropy loss: -57.6756
                       Mean reward: -33.09
               Mean episode length: 295.19
   Episode_Reward/term_bad_contact: 0.0000
          Episode_Reward/term_tilt: -4.5833
    Episode_Reward/term_low_height: 0.0000
      Episode_Reward/leg_action_l2: -0.0009
   Episode_Reward/tracking_lin_vel: 0.3733
Episode_Reward/tracking_lin_vel_x_exp: 0.6779
Episode_Reward/tracking_ang_vel_yaw_l1: 0.0000
Episode_Reward/tracking_ang_vel_yaw_exp: 0.7066
Episode_Reward/tracking_lin_vel_y_l2: 0.0000
Episode_Reward/tracking_lin_vel_z_l2: 0.0000
            Episode_Reward/survive: 0.0000
    Episode_Reward/foot_contacts_z: 0.0000
            Episode_Reward/torques: -0.1595
 Episode_Reward/tracking_lin_vel_y: 0.0000
          Episode_Reward/lin_vel_z: -0.0087
         Episode_Reward/ang_vel_xy: -0.0031
   Episode_Reward/tracking_ang_vel: 0.1916
               Episode_Reward/work: -0.0259
            Episode_Reward/dof_acc: -0.0009
        Episode_Reward/action_rate: -0.0003
     Episode_Reward/dof_pos_limits: 0.0000
      Episode_Reward/delta_torques: -0.0001
          Episode_Reward/collision: -4.3590
        Episode_Reward/walking_dof: 0.0028
            Episode_Reward/hip_pos: -0.0075
          Episode_Reward/feet_jerk: 0.0000
              Episode_Reward/alive: 0.2065
          Episode_Reward/feet_drag: -0.0064
Episode_Reward/feet_contact_forces: -0.1326
               Episode_Reward/roll: -0.0149
        Episode_Reward/base_height: -0.0260
Episode_Reward/tracking_lin_vel_max: 0.2684
Episode_Reward/flat_orientation_l2: -0.0299
  Episode_Reward/air_time_variance: -0.0006
        Episode_Reward/feet_height: 0.0000
      Episode_Reward/feet_air_time: -0.0000
Episode_Reward/update_last_buffers: 0.0000
   Episode_Reward/wheel_idle_speed: -0.0033
    Episode_Reward/wheel_action_l2: -0.0000
  Episode_Reward/wheel_action_rate: 0.0000
Episode_Reward/teacher_ensemble_match: 0.0000
  Episode_Reward/wheel_forward_use: 0.0177
 Episode_Reward/wheel_turn_support: 0.0534
   Metrics/locomotion/error_vel_xy: 0.1403
  Metrics/locomotion/error_vel_yaw: 0.1084
      Episode_Termination/time_out: 0.9531
   Episode_Termination/bad_contact: 0.0000
          Episode_Termination/tilt: 0.0469
    Episode_Termination/low_height: 0.0000
--------------------------------------------------------------------------------
                   Total timesteps: 99840
                    Iteration time: 2.88s
                      Time elapsed: 00:03:09
                               ETA: 00:01:44

################################################################################
                      [1m Learning iteration 65/100 [0m                       

                       Computation: 519 steps/s (collection: 2.881s, learning 0.076s)
             Mean action noise std: 0.01
          Mean value_function loss: 0.3470
               Mean surrogate loss: 0.1719
                 Mean entropy loss: -57.6756
                       Mean reward: -33.07
               Mean episode length: 295.19
   Episode_Reward/term_bad_contact: 0.0000
          Episode_Reward/term_tilt: -0.4167
    Episode_Reward/term_low_height: 0.0000
      Episode_Reward/leg_action_l2: -0.0011
   Episode_Reward/tracking_lin_vel: 0.5415
Episode_Reward/tracking_lin_vel_x_exp: 0.9926
Episode_Reward/tracking_ang_vel_yaw_l1: 0.0000
Episode_Reward/tracking_ang_vel_yaw_exp: 1.0708
Episode_Reward/tracking_lin_vel_y_l2: 0.0000
Episode_Reward/tracking_lin_vel_z_l2: 0.0000
            Episode_Reward/survive: 0.0000
    Episode_Reward/foot_contacts_z: 0.0000
            Episode_Reward/torques: -0.2078
 Episode_Reward/tracking_lin_vel_y: 0.0000
          Episode_Reward/lin_vel_z: -0.0088
         Episode_Reward/ang_vel_xy: -0.0026
   Episode_Reward/tracking_ang_vel: 0.2769
               Episode_Reward/work: -0.0252
            Episode_Reward/dof_acc: -0.0008
        Episode_Reward/action_rate: -0.0003
     Episode_Reward/dof_pos_limits: 0.0000
      Episode_Reward/delta_torques: -0.0002
          Episode_Reward/collision: -5.9000
        Episode_Reward/walking_dof: 0.0059
            Episode_Reward/hip_pos: -0.0127
          Episode_Reward/feet_jerk: 0.0000
              Episode_Reward/alive: 0.2915
          Episode_Reward/feet_drag: -0.0075
Episode_Reward/feet_contact_forces: -0.1875
               Episode_Reward/roll: -0.0321
        Episode_Reward/base_height: -0.0379
Episode_Reward/tracking_lin_vel_max: 0.3677
Episode_Reward/flat_orientation_l2: -0.0345
  Episode_Reward/air_time_variance: -0.0033
        Episode_Reward/feet_height: 0.0000
      Episode_Reward/feet_air_time: -0.0000
Episode_Reward/update_last_buffers: 0.0000
   Episode_Reward/wheel_idle_speed: -0.0029
    Episode_Reward/wheel_action_l2: -0.0000
  Episode_Reward/wheel_action_rate: 0.0000
Episode_Reward/teacher_ensemble_match: 0.0000
  Episode_Reward/wheel_forward_use: 0.0377
 Episode_Reward/wheel_turn_support: 0.0878
   Metrics/locomotion/error_vel_xy: 0.1647
  Metrics/locomotion/error_vel_yaw: 0.1227
      Episode_Termination/time_out: 0.9681
   Episode_Termination/bad_contact: 0.0000
          Episode_Termination/tilt: 0.0319
    Episode_Termination/low_height: 0.0000
--------------------------------------------------------------------------------
                   Total timesteps: 101376
                    Iteration time: 2.96s
                      Time elapsed: 00:03:12
                               ETA: 00:01:41

################################################################################
                      [1m Learning iteration 66/100 [0m                       

                       Computation: 531 steps/s (collection: 2.812s, learning 0.076s)
             Mean action noise std: 0.01
          Mean value_function loss: 0.2822
               Mean surrogate loss: 0.1831
                 Mean entropy loss: -57.6756
                       Mean reward: -32.95
               Mean episode length: 295.19
   Episode_Reward/term_bad_contact: 0.0000
          Episode_Reward/term_tilt: 0.0000
    Episode_Reward/term_low_height: 0.0000
      Episode_Reward/leg_action_l2: -0.0008
   Episode_Reward/tracking_lin_vel: 0.5588
Episode_Reward/tracking_lin_vel_x_exp: 1.0296
Episode_Reward/tracking_ang_vel_yaw_l1: 0.0000
Episode_Reward/tracking_ang_vel_yaw_exp: 1.0961
Episode_Reward/tracking_lin_vel_y_l2: 0.0000
Episode_Reward/tracking_lin_vel_z_l2: 0.0000
            Episode_Reward/survive: 0.0000
    Episode_Reward/foot_contacts_z: 0.0000
            Episode_Reward/torques: -0.2553
 Episode_Reward/tracking_lin_vel_y: 0.0000
          Episode_Reward/lin_vel_z: -0.0087
         Episode_Reward/ang_vel_xy: -0.0021
   Episode_Reward/tracking_ang_vel: 0.2859
               Episode_Reward/work: -0.0232
            Episode_Reward/dof_acc: -0.0004
        Episode_Reward/action_rate: -0.0002
     Episode_Reward/dof_pos_limits: 0.0000
      Episode_Reward/delta_torques: -0.0002
          Episode_Reward/collision: -6.1756
        Episode_Reward/walking_dof: 0.0034
            Episode_Reward/hip_pos: -0.0176
          Episode_Reward/feet_jerk: 0.0000
              Episode_Reward/alive: 0.3000
          Episode_Reward/feet_drag: -0.0067
Episode_Reward/feet_contact_forces: -0.1939
               Episode_Reward/roll: -0.0238
        Episode_Reward/base_height: -0.0484
Episode_Reward/tracking_lin_vel_max: 0.4076
Episode_Reward/flat_orientation_l2: -0.0503
  Episode_Reward/air_time_variance: -0.0006
        Episode_Reward/feet_height: 0.0000
      Episode_Reward/feet_air_time: -0.0000
Episode_Reward/update_last_buffers: 0.0000
   Episode_Reward/wheel_idle_speed: -0.0014
    Episode_Reward/wheel_action_l2: -0.0000
  Episode_Reward/wheel_action_rate: 0.0000
Episode_Reward/teacher_ensemble_match: 0.0000
  Episode_Reward/wheel_forward_use: 0.0208
 Episode_Reward/wheel_turn_support: 0.0611
   Metrics/locomotion/error_vel_xy: 0.1648
  Metrics/locomotion/error_vel_yaw: 0.1247
      Episode_Termination/time_out: 0.9688
   Episode_Termination/bad_contact: 0.0000
          Episode_Termination/tilt: 0.0312
    Episode_Termination/low_height: 0.0000
--------------------------------------------------------------------------------
                   Total timesteps: 102912
                    Iteration time: 2.89s
                      Time elapsed: 00:03:14
                               ETA: 00:01:38
