[INFO][AppLauncher]: Using device: cuda:0
[INFO][AppLauncher]: Loading experience file: /workspace/isaaclab/apps/isaaclab.python.headless.kit
[INFO]: Parsing configuration from: quadruped_arm.tasks.manager_based.maniploco.stable_lower_env_cfg:StableLowerEnvCfg
======Missing terms====== 
[]
 =======================
[INFO]: Parsing configuration from: quadruped_arm.tasks.manager_based.maniploco.agents.rsl_rl_ppo_cfg:ManiPLocoPPORunnerCfg
[INFO] Logging experiment in directory: /root/gpufree-data/tandem_hrl_620d798/logs/rsl_rl/maniploco
Exact experiment name requested from command line: 2026-08-18_07-51-25

[36m======================================================================================[0m
[36m[1m[INFO][IsaacLab]: Logging to file: /tmp/isaaclab/logs/isaaclab_2026-08-18_07-51-25.log[0m
[36m======================================================================================[0m

[33m07:51:25 [simulation_context.py] WARNING: The `enable_external_forces_every_iteration` parameter in the PhysxCfg is set to False. If you are experiencing noisy velocities, consider enabling this flag. You may need to slightly increase the number of velocity iterations (setting it to 1 or 2 rather than 0), together with this flag, to improve the accuracy of velocity updates.[0m
[INFO]: Base environment:
	Environment device    : cuda:0
	Environment seed      : 148
	Physics step-size     : 0.008333333333333333
	Rendering step-size   : 0.03333333333333333
	Environment step-size : 0.03333333333333333
[33m07:51:25 [terrain_importer.py] WARNING: Visual material specified for ground plane but no diffuse color found. Using default color: (0.0, 0.0, 0.0)[0m
[INFO]: Time taken for scene creation : 1.381642 seconds
[INFO]: Scene manager:  <class InteractiveScene>
	Number of environments: 64
	Environment spacing   : 4.0
	Source prim name      : /World/envs/env_0
	Global prim paths     : ['/World/ground']
	Replicate physics     : True
[INFO]: Starting the simulation. This may take a few seconds. Please wait...
[INFO]: Time taken for simulation start : 0.862035 seconds
[33m07:51:28 [velocity_command.py] WARNING: The velocity command has the 'ranges.heading' attribute set to '(-3.141592653589793, 3.141592653589793)' but the heading command is not active. Consider setting the flag for the heading command to True.[0m
[INFO] Command Manager:  <CommandManager> contains 2 active terms.
+---------------------------------------------+
|             Active Command Terms            |
+-------+------------+------------------------+
| Index | Name       |          Type          |
+-------+------------+------------------------+
|   0   | locomotion | UniformVelocityCommand |
|   1   | ee_goal    | EeSphericalGoalCommand |
+-------+------------+------------------------+

[INFO] Event Manager:  <EventManager> contains 1 active terms.
+------------------------------------+
| Active Event Terms in Mode: 'reset' |
+-----------+------------------------+
|   Index   | Name                   |
+-----------+------------------------+
|     0     | reset_root             |
|     1     | reset_joints           |
|     2     | init_priv              |
|     3     | reset_rewards          |
+-----------+------------------------+

[INFO] Recorder Manager:  <RecorderManager> contains 0 active terms.
+---------------------+
| Active Recorder Terms |
+-----------+---------+
|   Index   | Name    |
+-----------+---------+
+-----------+---------+

[INFO] Action Manager:  <ActionManager> contains 3 active terms.
+------------------------------------+
|  Active Action Terms (shape: 16)   |
+--------+-------------+-------------+
| Index  | Name        |   Dimension |
+--------+-------------+-------------+
|   0    | leg_pos     |          12 |
|   1    | wheel_vel   |           4 |
|   2    | arm_ik      |           0 |
+--------+-------------+-------------+

[INFO] Observation Manager: <ObservationManager> contains 1 groups.
+--------------------------------------------------+
| Active Observation Terms in Group: 'policy' (shape: (876,)) |
+----------------+-------------+-------------------+
|     Index      | Name        |       Shape       |
+----------------+-------------+-------------------+
|       0        | obs         |       (876,)      |
+----------------+-------------+-------------------+

[INFO] Termination Manager:  <TerminationManager> contains 4 active terms.
+--------------------------------+
|    Active Termination Terms    |
+-------+-------------+----------+
| Index | Name        | Time Out |
+-------+-------------+----------+
|   0   | time_out    |   True   |
|   1   | bad_contact |  False   |
|   2   | tilt        |  False   |
|   3   | low_height  |  False   |
+-------+-------------+----------+

[INFO] Reward Manager:  <RewardManager> contains 43 active terms.
+---------------------------------------------------------+
|                   Active Reward Terms                   |
+-------+--------------------------+----------------------+
| Index | Name                     |               Weight |
+-------+--------------------------+----------------------+
|   0   | term_bad_contact         |              -3000.0 |
|   1   | term_tilt                |              -3000.0 |
|   2   | term_low_height          |              -3000.0 |
|   3   | leg_action_l2            |               -0.003 |
|   4   | tracking_lin_vel         |                  0.6 |
|   5   | tracking_lin_vel_x_exp   |                  1.5 |
|   6   | tracking_ang_vel_yaw_l1  |                  0.0 |
|   7   | tracking_ang_vel_yaw_exp |                  1.5 |
|   8   | tracking_lin_vel_y_l2    |                  0.0 |
|   9   | tracking_lin_vel_z_l2    |                  0.0 |
|   10  | survive                  |                  0.0 |
|   11  | foot_contacts_z          |                  0.0 |
|   12  | torques                  |             -7.5e-06 |
|   13  | tracking_lin_vel_y       |                  0.0 |
|   14  | lin_vel_z                | -0.44999999999999996 |
|   15  | ang_vel_xy               |                -0.06 |
|   16  | tracking_ang_vel         |                  0.3 |
|   17  | work                     |              -0.0009 |
|   18  | dof_acc                  |            -2.25e-07 |
|   19  | action_rate              |              -0.0045 |
|   20  | dof_pos_limits           |                 -3.0 |
|   21  | delta_torques            |               -3e-08 |
|   22  | collision                |                 -3.0 |
|   23  | walking_dof              |                 0.03 |
|   24  | hip_pos                  |                -0.06 |
|   25  | feet_jerk                |               -6e-05 |
|   26  | alive                    |                  0.3 |
|   27  | feet_drag                |               -0.024 |
|   28  | feet_contact_forces      |              -0.0003 |
|   29  | roll                     |                 -0.3 |
|   30  | base_height              |                 -0.6 |
|   31  | tracking_lin_vel_max     |  0.44999999999999996 |
|   32  | flat_orientation_l2      |                 -0.6 |
|   33  | air_time_variance        |                 -0.3 |
|   34  | feet_height              |                  0.0 |
|   35  | feet_air_time            |                0.015 |
|   36  | update_last_buffers      |                  0.0 |
|   37  | wheel_idle_speed         |              -0.0009 |
|   38  | wheel_action_l2          |              -0.0003 |
|   39  | wheel_action_rate        |              -0.0006 |
|   40  | teacher_ensemble_match   |                  0.0 |
|   41  | wheel_forward_use        |                 0.18 |
|   42  | wheel_turn_support       |                0.135 |
+-------+--------------------------+----------------------+

[INFO] Curriculum Manager:  <CurriculumManager> contains 0 active terms.
+----------------------+
| Active Curriculum Terms |
+-----------+----------+
|   Index   | Name     |
+-----------+----------+
+-----------+----------+

[INFO]: Completed setting up the environment...
--------------------------------------------------------------------------------
Resolved observation sets: 
	 policy :  ['policy']
	 critic :  ['policy']
--------------------------------------------------------------------------------
Actor MLP: MLP(
  (0): Linear(in_features=876, out_features=256, bias=True)
  (1): ELU(alpha=1.0)
  (2): Linear(in_features=256, out_features=128, bias=True)
  (3): ELU(alpha=1.0)
  (4): Linear(in_features=128, out_features=16, bias=True)
)
Critic MLP: MLP(
  (0): Linear(in_features=876, out_features=256, bias=True)
  (1): ELU(alpha=1.0)
  (2): Linear(in_features=256, out_features=128, bias=True)
  (3): ELU(alpha=1.0)
  (4): Linear(in_features=128, out_features=1, bias=True)
)
[INFO] Action exploration std fixed to: 0.050000
[INFO] Leg action exploration std set to: 0.050000
[INFO] Wheel action exploration std fixed to: 0.030000
################################################################################
                       [1m Learning iteration 0/200 [0m                       

                       Computation: 418 steps/s (collection: 3.544s, learning 0.130s)
             Mean action noise std: 0.05
          Mean value_function loss: 0.9642
               Mean surrogate loss: 0.1586
                 Mean entropy loss: -27.2720
                       Mean reward: -1.54
               Mean episode length: 16.67
   Episode_Reward/term_bad_contact: 0.0000
          Episode_Reward/term_tilt: 0.0000
    Episode_Reward/term_low_height: 0.0000
      Episode_Reward/leg_action_l2: -0.0000
   Episode_Reward/tracking_lin_vel: 0.0133
Episode_Reward/tracking_lin_vel_x_exp: 0.0239
Episode_Reward/tracking_ang_vel_yaw_l1: 0.0000
Episode_Reward/tracking_ang_vel_yaw_exp: 0.0164
Episode_Reward/tracking_lin_vel_y_l2: 0.0000
Episode_Reward/tracking_lin_vel_z_l2: 0.0000
            Episode_Reward/survive: 0.0000
    Episode_Reward/foot_contacts_z: 0.0000
            Episode_Reward/torques: -0.0023
 Episode_Reward/tracking_lin_vel_y: 0.0000
          Episode_Reward/lin_vel_z: -0.0006
         Episode_Reward/ang_vel_xy: -0.0003
   Episode_Reward/tracking_ang_vel: 0.0059
               Episode_Reward/work: -0.0026
            Episode_Reward/dof_acc: -0.0001
        Episode_Reward/action_rate: -0.0000
     Episode_Reward/dof_pos_limits: 0.0000
      Episode_Reward/delta_torques: -0.0000
          Episode_Reward/collision: -0.1333
        Episode_Reward/walking_dof: 0.0001
            Episode_Reward/hip_pos: -0.0000
          Episode_Reward/feet_jerk: 0.0000
              Episode_Reward/alive: 0.0073
          Episode_Reward/feet_drag: -0.0002
Episode_Reward/feet_contact_forces: -0.0049
               Episode_Reward/roll: -0.0002
        Episode_Reward/base_height: -0.0009
Episode_Reward/tracking_lin_vel_max: 0.0095
Episode_Reward/flat_orientation_l2: -0.0000
  Episode_Reward/air_time_variance: -0.0000
        Episode_Reward/feet_height: 0.0000
      Episode_Reward/feet_air_time: -0.0000
Episode_Reward/update_last_buffers: 0.0000
   Episode_Reward/wheel_idle_speed: -0.0001
    Episode_Reward/wheel_action_l2: -0.0000
  Episode_Reward/wheel_action_rate: 0.0000
Episode_Reward/teacher_ensemble_match: 0.0000
  Episode_Reward/wheel_forward_use: 0.0006
 Episode_Reward/wheel_turn_support: 0.0013
   Metrics/locomotion/error_vel_xy: 0.0047
  Metrics/locomotion/error_vel_yaw: 0.0069
      Episode_Termination/time_out: 0.0163
   Episode_Termination/bad_contact: 0.0000
          Episode_Termination/tilt: 0.0000
    Episode_Termination/low_height: 0.0000
--------------------------------------------------------------------------------
                   Total timesteps: 1536
                    Iteration time: 3.67s
                      Time elapsed: 00:00:03
                               ETA: 00:12:14

Could not find git repository in /workspace/isaaclab/_isaac_sim/kit/python/lib/python3.11/site-packages/rsl_rl/__init__.py. Skipping.
Could not find git repository in /root/gpufree-data/tandem_hrl_620d798/scripts/rsl_rl/train.py. Skipping.
################################################################################
                       [1m Learning iteration 1/200 [0m                       

                       Computation: 488 steps/s (collection: 3.071s, learning 0.071s)
             Mean action noise std: 0.05
          Mean value_function loss: 0.8542
               Mean surrogate loss: 0.1316
                 Mean entropy loss: -27.2720
                       Mean reward: -3.55
               Mean episode length: 31.00
   Episode_Reward/term_bad_contact: 0.0000
          Episode_Reward/term_tilt: 0.0000
    Episode_Reward/term_low_height: 0.0000
      Episode_Reward/leg_action_l2: -0.0001
   Episode_Reward/tracking_lin_vel: 0.0481
Episode_Reward/tracking_lin_vel_x_exp: 0.0694
Episode_Reward/tracking_ang_vel_yaw_l1: 0.0000
Episode_Reward/tracking_ang_vel_yaw_exp: 0.0756
Episode_Reward/tracking_lin_vel_y_l2: 0.0000
Episode_Reward/tracking_lin_vel_z_l2: 0.0000
            Episode_Reward/survive: 0.0000
    Episode_Reward/foot_contacts_z: 0.0000
            Episode_Reward/torques: -0.0117
 Episode_Reward/tracking_lin_vel_y: 0.0000
          Episode_Reward/lin_vel_z: -0.0020
         Episode_Reward/ang_vel_xy: -0.0015
   Episode_Reward/tracking_ang_vel: 0.0250
               Episode_Reward/work: -0.0096
            Episode_Reward/dof_acc: -0.0003
        Episode_Reward/action_rate: -0.0001
     Episode_Reward/dof_pos_limits: 0.0000
      Episode_Reward/delta_torques: -0.0000
          Episode_Reward/collision: -0.5921
        Episode_Reward/walking_dof: 0.0010
            Episode_Reward/hip_pos: -0.0000
          Episode_Reward/feet_jerk: 0.0000
              Episode_Reward/alive: 0.0311
          Episode_Reward/feet_drag: -0.0012
Episode_Reward/feet_contact_forces: -0.0209
               Episode_Reward/roll: -0.0005
        Episode_Reward/base_height: -0.0037
Episode_Reward/tracking_lin_vel_max: 0.0286
Episode_Reward/flat_orientation_l2: -0.0001
  Episode_Reward/air_time_variance: -0.0005
        Episode_Reward/feet_height: 0.0000
      Episode_Reward/feet_air_time: -0.0000
Episode_Reward/update_last_buffers: 0.0000
   Episode_Reward/wheel_idle_speed: -0.0006
    Episode_Reward/wheel_action_l2: -0.0000
  Episode_Reward/wheel_action_rate: 0.0000
Episode_Reward/teacher_ensemble_match: 0.0000
  Episode_Reward/wheel_forward_use: 0.0036
 Episode_Reward/wheel_turn_support: 0.0032
   Metrics/locomotion/error_vel_xy: 0.0360
  Metrics/locomotion/error_vel_yaw: 0.0316
      Episode_Termination/time_out: 0.0892
   Episode_Termination/bad_contact: 0.0000
          Episode_Termination/tilt: 0.0000
    Episode_Termination/low_height: 0.0000
--------------------------------------------------------------------------------
                   Total timesteps: 3072
                    Iteration time: 3.14s
                      Time elapsed: 00:00:06
                               ETA: 00:11:18

################################################################################
                       [1m Learning iteration 2/200 [0m                       

                       Computation: 577 steps/s (collection: 2.591s, learning 0.070s)
             Mean action noise std: 0.05
          Mean value_function loss: 0.7570
               Mean surrogate loss: 0.0693
                 Mean entropy loss: -27.2720
                       Mean reward: -4.65
               Mean episode length: 38.75
   Episode_Reward/term_bad_contact: 0.0000
          Episode_Reward/term_tilt: 0.0000
    Episode_Reward/term_low_height: 0.0000
      Episode_Reward/leg_action_l2: -0.0002
   Episode_Reward/tracking_lin_vel: 0.0806
Episode_Reward/tracking_lin_vel_x_exp: 0.1045
Episode_Reward/tracking_ang_vel_yaw_l1: 0.0000
Episode_Reward/tracking_ang_vel_yaw_exp: 0.1247
Episode_Reward/tracking_lin_vel_y_l2: 0.0000
Episode_Reward/tracking_lin_vel_z_l2: 0.0000
            Episode_Reward/survive: 0.0000
    Episode_Reward/foot_contacts_z: 0.0000
            Episode_Reward/torques: -0.0226
 Episode_Reward/tracking_lin_vel_y: 0.0000
          Episode_Reward/lin_vel_z: -0.0021
         Episode_Reward/ang_vel_xy: -0.0020
   Episode_Reward/tracking_ang_vel: 0.0435
               Episode_Reward/work: -0.0113
            Episode_Reward/dof_acc: -0.0004
        Episode_Reward/action_rate: -0.0002
     Episode_Reward/dof_pos_limits: 0.0000
      Episode_Reward/delta_torques: -0.0000
          Episode_Reward/collision: -1.1100
        Episode_Reward/walking_dof: 0.0032
            Episode_Reward/hip_pos: -0.0002
          Episode_Reward/feet_jerk: 0.0000
              Episode_Reward/alive: 0.0569
          Episode_Reward/feet_drag: -0.0020
Episode_Reward/feet_contact_forces: -0.0377
               Episode_Reward/roll: -0.0011
        Episode_Reward/base_height: -0.0064
Episode_Reward/tracking_lin_vel_max: 0.0284
Episode_Reward/flat_orientation_l2: -0.0002
  Episode_Reward/air_time_variance: -0.0004
        Episode_Reward/feet_height: 0.0000
      Episode_Reward/feet_air_time: -0.0001
Episode_Reward/update_last_buffers: 0.0000
   Episode_Reward/wheel_idle_speed: -0.0005
    Episode_Reward/wheel_action_l2: -0.0000
  Episode_Reward/wheel_action_rate: 0.0000
Episode_Reward/teacher_ensemble_match: 0.0000
  Episode_Reward/wheel_forward_use: 0.0072
 Episode_Reward/wheel_turn_support: 0.0129
   Metrics/locomotion/error_vel_xy: 0.0783
  Metrics/locomotion/error_vel_yaw: 0.0652
      Episode_Termination/time_out: 0.1621
   Episode_Termination/bad_contact: 0.0000
          Episode_Termination/tilt: 0.0000
    Episode_Termination/low_height: 0.0000
--------------------------------------------------------------------------------
                   Total timesteps: 4608
                    Iteration time: 2.66s
                      Time elapsed: 00:00:09
                               ETA: 00:10:25

################################################################################
                       [1m Learning iteration 3/200 [0m                       

                       Computation: 578 steps/s (collection: 2.584s, learning 0.071s)
             Mean action noise std: 0.05
          Mean value_function loss: 0.6657
               Mean surrogate loss: 0.0590
                 Mean entropy loss: -27.2720
                       Mean reward: -5.01
               Mean episode length: 41.46
   Episode_Reward/term_bad_contact: 0.0000
          Episode_Reward/term_tilt: 0.0000
    Episode_Reward/term_low_height: 0.0000
      Episode_Reward/leg_action_l2: -0.0002
   Episode_Reward/tracking_lin_vel: 0.1056
Episode_Reward/tracking_lin_vel_x_exp: 0.1559
Episode_Reward/tracking_ang_vel_yaw_l1: 0.0000
Episode_Reward/tracking_ang_vel_yaw_exp: 0.1843
Episode_Reward/tracking_lin_vel_y_l2: 0.0000
Episode_Reward/tracking_lin_vel_z_l2: 0.0000
            Episode_Reward/survive: 0.0000
    Episode_Reward/foot_contacts_z: 0.0000
            Episode_Reward/torques: -0.0268
 Episode_Reward/tracking_lin_vel_y: 0.0000
          Episode_Reward/lin_vel_z: -0.0023
         Episode_Reward/ang_vel_xy: -0.0035
   Episode_Reward/tracking_ang_vel: 0.0598
               Episode_Reward/work: -0.0153
            Episode_Reward/dof_acc: -0.0005
        Episode_Reward/action_rate: -0.0003
     Episode_Reward/dof_pos_limits: 0.0000
      Episode_Reward/delta_torques: -0.0000
          Episode_Reward/collision: -1.4467
        Episode_Reward/walking_dof: 0.0070
            Episode_Reward/hip_pos: -0.0001
          Episode_Reward/feet_jerk: 0.0000
              Episode_Reward/alive: 0.0738
          Episode_Reward/feet_drag: -0.0023
Episode_Reward/feet_contact_forces: -0.0487
               Episode_Reward/roll: -0.0017
        Episode_Reward/base_height: -0.0085
Episode_Reward/tracking_lin_vel_max: 0.0163
Episode_Reward/flat_orientation_l2: -0.0003
  Episode_Reward/air_time_variance: -0.0033
        Episode_Reward/feet_height: 0.0000
      Episode_Reward/feet_air_time: -0.0001
Episode_Reward/update_last_buffers: 0.0000
   Episode_Reward/wheel_idle_speed: 0.0000
    Episode_Reward/wheel_action_l2: -0.0000
  Episode_Reward/wheel_action_rate: 0.0000
Episode_Reward/teacher_ensemble_match: 0.0000
  Episode_Reward/wheel_forward_use: 0.0288
 Episode_Reward/wheel_turn_support: 0.0000
   Metrics/locomotion/error_vel_xy: 0.1006
  Metrics/locomotion/error_vel_yaw: 0.0740
      Episode_Termination/time_out: 0.2025
   Episode_Termination/bad_contact: 0.0000
          Episode_Termination/tilt: 0.0000
    Episode_Termination/low_height: 0.0000
--------------------------------------------------------------------------------
                   Total timesteps: 6144
                    Iteration time: 2.65s
                      Time elapsed: 00:00:12
                               ETA: 00:09:57

################################################################################
                       [1m Learning iteration 4/200 [0m                       

                       Computation: 570 steps/s (collection: 2.620s, learning 0.071s)
             Mean action noise std: 0.05
          Mean value_function loss: 0.6551
               Mean surrogate loss: 0.0436
                 Mean entropy loss: -27.2720
                       Mean reward: -7.75
               Mean episode length: 65.86
   Episode_Reward/term_bad_contact: 0.0000
          Episode_Reward/term_tilt: 0.0000
    Episode_Reward/term_low_height: 0.0000
      Episode_Reward/leg_action_l2: -0.0003
   Episode_Reward/tracking_lin_vel: 0.1610
Episode_Reward/tracking_lin_vel_x_exp: 0.2178
Episode_Reward/tracking_ang_vel_yaw_l1: 0.0000
Episode_Reward/tracking_ang_vel_yaw_exp: 0.2845
Episode_Reward/tracking_lin_vel_y_l2: 0.0000
Episode_Reward/tracking_lin_vel_z_l2: 0.0000
            Episode_Reward/survive: 0.0000
    Episode_Reward/foot_contacts_z: 0.0000
            Episode_Reward/torques: -0.0414
 Episode_Reward/tracking_lin_vel_y: 0.0000
          Episode_Reward/lin_vel_z: -0.0023
         Episode_Reward/ang_vel_xy: -0.0039
   Episode_Reward/tracking_ang_vel: 0.0896
               Episode_Reward/work: -0.0168
            Episode_Reward/dof_acc: -0.0007
        Episode_Reward/action_rate: -0.0004
     Episode_Reward/dof_pos_limits: 0.0000
      Episode_Reward/delta_torques: -0.0000
          Episode_Reward/collision: -2.0863
        Episode_Reward/walking_dof: 0.0076
            Episode_Reward/hip_pos: -0.0002
          Episode_Reward/feet_jerk: 0.0000
              Episode_Reward/alive: 0.1060
          Episode_Reward/feet_drag: -0.0030
Episode_Reward/feet_contact_forces: -0.0698
               Episode_Reward/roll: -0.0023
        Episode_Reward/base_height: -0.0116
Episode_Reward/tracking_lin_vel_max: 0.0349
Episode_Reward/flat_orientation_l2: -0.0004
  Episode_Reward/air_time_variance: -0.0037
        Episode_Reward/feet_height: 0.0000
      Episode_Reward/feet_air_time: -0.0001
Episode_Reward/update_last_buffers: 0.0000
   Episode_Reward/wheel_idle_speed: -0.0004
    Episode_Reward/wheel_action_l2: -0.0000
  Episode_Reward/wheel_action_rate: 0.0000
Episode_Reward/teacher_ensemble_match: 0.0000
  Episode_Reward/wheel_forward_use: 0.0302
 Episode_Reward/wheel_turn_support: 0.0151
   Metrics/locomotion/error_vel_xy: 0.1292
  Metrics/locomotion/error_vel_yaw: 0.0923
      Episode_Termination/time_out: 0.2839
   Episode_Termination/bad_contact: 0.0000
          Episode_Termination/tilt: 0.0000
    Episode_Termination/low_height: 0.0000
--------------------------------------------------------------------------------
                   Total timesteps: 7680
                    Iteration time: 2.69s
                      Time elapsed: 00:00:14
                               ETA: 00:09:41

################################################################################
                       [1m Learning iteration 5/200 [0m                       

                       Computation: 568 steps/s (collection: 2.629s, learning 0.071s)
             Mean action noise std: 0.05
          Mean value_function loss: 0.6033
               Mean surrogate loss: 0.0337
                 Mean entropy loss: -27.2720
                       Mean reward: -9.39
               Mean episode length: 84.97
   Episode_Reward/term_bad_contact: 0.0000
          Episode_Reward/term_tilt: 0.0000
    Episode_Reward/term_low_height: 0.0000
      Episode_Reward/leg_action_l2: -0.0004
   Episode_Reward/tracking_lin_vel: 0.2276
Episode_Reward/tracking_lin_vel_x_exp: 0.3853
Episode_Reward/tracking_ang_vel_yaw_l1: 0.0000
Episode_Reward/tracking_ang_vel_yaw_exp: 0.3545
Episode_Reward/tracking_lin_vel_y_l2: 0.0000
Episode_Reward/tracking_lin_vel_z_l2: 0.0000
            Episode_Reward/survive: 0.0000
    Episode_Reward/foot_contacts_z: 0.0000
            Episode_Reward/torques: -0.0450
 Episode_Reward/tracking_lin_vel_y: 0.0000
          Episode_Reward/lin_vel_z: -0.0026
         Episode_Reward/ang_vel_xy: -0.0043
   Episode_Reward/tracking_ang_vel: 0.1119
               Episode_Reward/work: -0.0187
            Episode_Reward/dof_acc: -0.0008
        Episode_Reward/action_rate: -0.0004
     Episode_Reward/dof_pos_limits: 0.0000
      Episode_Reward/delta_torques: -0.0001
          Episode_Reward/collision: -2.5740
        Episode_Reward/walking_dof: 0.0034
            Episode_Reward/hip_pos: -0.0003
          Episode_Reward/feet_jerk: 0.0000
              Episode_Reward/alive: 0.1305
          Episode_Reward/feet_drag: -0.0033
Episode_Reward/feet_contact_forces: -0.0858
               Episode_Reward/roll: -0.0021
        Episode_Reward/base_height: -0.0140
Episode_Reward/tracking_lin_vel_max: 0.1287
Episode_Reward/flat_orientation_l2: -0.0003
  Episode_Reward/air_time_variance: -0.0035
        Episode_Reward/feet_height: 0.0000
      Episode_Reward/feet_air_time: -0.0000
Episode_Reward/update_last_buffers: 0.0000
   Episode_Reward/wheel_idle_speed: -0.0015
    Episode_Reward/wheel_action_l2: -0.0000
  Episode_Reward/wheel_action_rate: 0.0000
Episode_Reward/teacher_ensemble_match: 0.0000
  Episode_Reward/wheel_forward_use: 0.0112
 Episode_Reward/wheel_turn_support: 0.0298
   Metrics/locomotion/error_vel_xy: 0.1052
  Metrics/locomotion/error_vel_yaw: 0.1089
      Episode_Termination/time_out: 0.3796
   Episode_Termination/bad_contact: 0.0000
          Episode_Termination/tilt: 0.0000
    Episode_Termination/low_height: 0.0000
--------------------------------------------------------------------------------
                   Total timesteps: 9216
                    Iteration time: 2.70s
                      Time elapsed: 00:00:17
                               ETA: 00:09:29

################################################################################
                       [1m Learning iteration 6/200 [0m                       

                       Computation: 577 steps/s (collection: 2.591s, learning 0.070s)
             Mean action noise std: 0.05
          Mean value_function loss: 0.6584
               Mean surrogate loss: 0.0398
                 Mean entropy loss: -27.2720
                       Mean reward: -11.38
               Mean episode length: 100.78
   Episode_Reward/term_bad_contact: 0.0000
          Episode_Reward/term_tilt: 0.0000
    Episode_Reward/term_low_height: 0.0000
      Episode_Reward/leg_action_l2: -0.0004
   Episode_Reward/tracking_lin_vel: 0.2562
Episode_Reward/tracking_lin_vel_x_exp: 0.4166
Episode_Reward/tracking_ang_vel_yaw_l1: 0.0000
Episode_Reward/tracking_ang_vel_yaw_exp: 0.3778
Episode_Reward/tracking_lin_vel_y_l2: 0.0000
Episode_Reward/tracking_lin_vel_z_l2: 0.0000
            Episode_Reward/survive: 0.0000
    Episode_Reward/foot_contacts_z: 0.0000
            Episode_Reward/torques: -0.0545
 Episode_Reward/tracking_lin_vel_y: 0.0000
          Episode_Reward/lin_vel_z: -0.0028
         Episode_Reward/ang_vel_xy: -0.0049
   Episode_Reward/tracking_ang_vel: 0.1257
               Episode_Reward/work: -0.0222
            Episode_Reward/dof_acc: -0.0009
        Episode_Reward/action_rate: -0.0005
     Episode_Reward/dof_pos_limits: 0.0000
      Episode_Reward/delta_torques: -0.0001
          Episode_Reward/collision: -3.0446
        Episode_Reward/walking_dof: 0.0032
            Episode_Reward/hip_pos: -0.0002
          Episode_Reward/feet_jerk: 0.0000
              Episode_Reward/alive: 0.1542
          Episode_Reward/feet_drag: -0.0041
Episode_Reward/feet_contact_forces: -0.1013
               Episode_Reward/roll: -0.0030
        Episode_Reward/base_height: -0.0164
Episode_Reward/tracking_lin_vel_max: 0.1674
Episode_Reward/flat_orientation_l2: -0.0005
  Episode_Reward/air_time_variance: -0.0047
        Episode_Reward/feet_height: 0.0000
      Episode_Reward/feet_air_time: -0.0000
Episode_Reward/update_last_buffers: 0.0000
   Episode_Reward/wheel_idle_speed: -0.0018
    Episode_Reward/wheel_action_l2: -0.0000
  Episode_Reward/wheel_action_rate: 0.0000
Episode_Reward/teacher_ensemble_match: 0.0000
  Episode_Reward/wheel_forward_use: 0.0082
 Episode_Reward/wheel_turn_support: 0.0328
   Metrics/locomotion/error_vel_xy: 0.1468
  Metrics/locomotion/error_vel_yaw: 0.1537
      Episode_Termination/time_out: 0.5098
   Episode_Termination/bad_contact: 0.0000
          Episode_Termination/tilt: 0.0000
    Episode_Termination/low_height: 0.0000
--------------------------------------------------------------------------------
                   Total timesteps: 10752
                    Iteration time: 2.66s
                      Time elapsed: 00:00:20
                               ETA: 00:09:19

################################################################################
                       [1m Learning iteration 7/200 [0m                       

                       Computation: 587 steps/s (collection: 2.542s, learning 0.071s)
             Mean action noise std: 0.05
          Mean value_function loss: 0.5525
               Mean surrogate loss: 0.0136
                 Mean entropy loss: -27.2720
                       Mean reward: -11.77
               Mean episode length: 104.72
   Episode_Reward/term_bad_contact: 0.0000
          Episode_Reward/term_tilt: 0.0000
    Episode_Reward/term_low_height: 0.0000
      Episode_Reward/leg_action_l2: -0.0004
   Episode_Reward/tracking_lin_vel: 0.2996
Episode_Reward/tracking_lin_vel_x_exp: 0.4844
Episode_Reward/tracking_ang_vel_yaw_l1: 0.0000
Episode_Reward/tracking_ang_vel_yaw_exp: 0.4722
Episode_Reward/tracking_lin_vel_y_l2: 0.0000
Episode_Reward/tracking_lin_vel_z_l2: 0.0000
            Episode_Reward/survive: 0.0000
    Episode_Reward/foot_contacts_z: 0.0000
            Episode_Reward/torques: -0.0600
 Episode_Reward/tracking_lin_vel_y: 0.0000
          Episode_Reward/lin_vel_z: -0.0024
         Episode_Reward/ang_vel_xy: -0.0061
   Episode_Reward/tracking_ang_vel: 0.1506
               Episode_Reward/work: -0.0225
            Episode_Reward/dof_acc: -0.0011
        Episode_Reward/action_rate: -0.0006
     Episode_Reward/dof_pos_limits: 0.0000
      Episode_Reward/delta_torques: -0.0001
          Episode_Reward/collision: -3.4492
        Episode_Reward/walking_dof: 0.0025
            Episode_Reward/hip_pos: -0.0003
          Episode_Reward/feet_jerk: 0.0000
              Episode_Reward/alive: 0.1740
          Episode_Reward/feet_drag: -0.0050
Episode_Reward/feet_contact_forces: -0.1142
               Episode_Reward/roll: -0.0028
        Episode_Reward/base_height: -0.0183
Episode_Reward/tracking_lin_vel_max: 0.2116
Episode_Reward/flat_orientation_l2: -0.0004
  Episode_Reward/air_time_variance: -0.0084
        Episode_Reward/feet_height: 0.0000
      Episode_Reward/feet_air_time: 0.0000
Episode_Reward/update_last_buffers: 0.0000
   Episode_Reward/wheel_idle_speed: -0.0024
    Episode_Reward/wheel_action_l2: -0.0000
  Episode_Reward/wheel_action_rate: 0.0000
Episode_Reward/teacher_ensemble_match: 0.0000
  Episode_Reward/wheel_forward_use: 0.0112
 Episode_Reward/wheel_turn_support: 0.0134
   Metrics/locomotion/error_vel_xy: 0.1493
  Metrics/locomotion/error_vel_yaw: 0.1414
      Episode_Termination/time_out: 0.5983
   Episode_Termination/bad_contact: 0.0000
          Episode_Termination/tilt: 0.0000
    Episode_Termination/low_height: 0.0000
--------------------------------------------------------------------------------
                   Total timesteps: 12288
                    Iteration time: 2.61s
                      Time elapsed: 00:00:22
                               ETA: 00:09:09

################################################################################
                       [1m Learning iteration 8/200 [0m                       

                       Computation: 588 steps/s (collection: 2.542s, learning 0.070s)
             Mean action noise std: 0.05
          Mean value_function loss: 0.5018
               Mean surrogate loss: 0.0194
                 Mean entropy loss: -27.2720
                       Mean reward: -13.29
               Mean episode length: 116.50
   Episode_Reward/term_bad_contact: 0.0000
          Episode_Reward/term_tilt: 0.0000
    Episode_Reward/term_low_height: 0.0000
      Episode_Reward/leg_action_l2: -0.0004
   Episode_Reward/tracking_lin_vel: 0.3175
Episode_Reward/tracking_lin_vel_x_exp: 0.4349
Episode_Reward/tracking_ang_vel_yaw_l1: 0.0000
Episode_Reward/tracking_ang_vel_yaw_exp: 0.4669
Episode_Reward/tracking_lin_vel_y_l2: 0.0000
Episode_Reward/tracking_lin_vel_z_l2: 0.0000
            Episode_Reward/survive: 0.0000
    Episode_Reward/foot_contacts_z: 0.0000
            Episode_Reward/torques: -0.0678
 Episode_Reward/tracking_lin_vel_y: 0.0000
          Episode_Reward/lin_vel_z: -0.0036
         Episode_Reward/ang_vel_xy: -0.0064
   Episode_Reward/tracking_ang_vel: 0.1595
               Episode_Reward/work: -0.0295
            Episode_Reward/dof_acc: -0.0011
        Episode_Reward/action_rate: -0.0007
     Episode_Reward/dof_pos_limits: 0.0000
      Episode_Reward/delta_torques: -0.0001
          Episode_Reward/collision: -3.9717
        Episode_Reward/walking_dof: 0.0093
            Episode_Reward/hip_pos: -0.0004
          Episode_Reward/feet_jerk: 0.0000
              Episode_Reward/alive: 0.2006
          Episode_Reward/feet_drag: -0.0051
Episode_Reward/feet_contact_forces: -0.1317
               Episode_Reward/roll: -0.0030
        Episode_Reward/base_height: -0.0207
Episode_Reward/tracking_lin_vel_max: 0.1462
Episode_Reward/flat_orientation_l2: -0.0005
  Episode_Reward/air_time_variance: -0.0091
        Episode_Reward/feet_height: 0.0000
      Episode_Reward/feet_air_time: -0.0000
Episode_Reward/update_last_buffers: 0.0000
   Episode_Reward/wheel_idle_speed: -0.0016
    Episode_Reward/wheel_action_l2: -0.0000
  Episode_Reward/wheel_action_rate: 0.0000
Episode_Reward/teacher_ensemble_match: 0.0000
  Episode_Reward/wheel_forward_use: 0.0006
 Episode_Reward/wheel_turn_support: 0.0637
   Metrics/locomotion/error_vel_xy: 0.2247
  Metrics/locomotion/error_vel_yaw: 0.2154
      Episode_Termination/time_out: 0.6374
   Episode_Termination/bad_contact: 0.0000
          Episode_Termination/tilt: 0.0000
    Episode_Termination/low_height: 0.0000
--------------------------------------------------------------------------------
                   Total timesteps: 13824
                    Iteration time: 2.61s
                      Time elapsed: 00:00:25
                               ETA: 00:09:02

################################################################################
                       [1m Learning iteration 9/200 [0m                       

                       Computation: 582 steps/s (collection: 2.566s, learning 0.070s)
             Mean action noise std: 0.05
          Mean value_function loss: 0.5392
               Mean surrogate loss: 0.0362
                 Mean entropy loss: -27.2720
                       Mean reward: -14.71
               Mean episode length: 129.92
   Episode_Reward/term_bad_contact: 0.0000
          Episode_Reward/term_tilt: 0.0000
    Episode_Reward/term_low_height: 0.0000
      Episode_Reward/leg_action_l2: -0.0007
   Episode_Reward/tracking_lin_vel: 0.3929
Episode_Reward/tracking_lin_vel_x_exp: 0.6119
Episode_Reward/tracking_ang_vel_yaw_l1: 0.0000
Episode_Reward/tracking_ang_vel_yaw_exp: 0.5830
Episode_Reward/tracking_lin_vel_y_l2: 0.0000
Episode_Reward/tracking_lin_vel_z_l2: 0.0000
            Episode_Reward/survive: 0.0000
    Episode_Reward/foot_contacts_z: 0.0000
            Episode_Reward/torques: -0.0768
 Episode_Reward/tracking_lin_vel_y: 0.0000
          Episode_Reward/lin_vel_z: -0.0029
         Episode_Reward/ang_vel_xy: -0.0070
   Episode_Reward/tracking_ang_vel: 0.1914
               Episode_Reward/work: -0.0271
            Episode_Reward/dof_acc: -0.0013
        Episode_Reward/action_rate: -0.0008
     Episode_Reward/dof_pos_limits: 0.0000
      Episode_Reward/delta_torques: -0.0001
          Episode_Reward/collision: -4.4779
        Episode_Reward/walking_dof: 0.0038
            Episode_Reward/hip_pos: -0.0009
          Episode_Reward/feet_jerk: 0.0000
              Episode_Reward/alive: 0.2258
          Episode_Reward/feet_drag: -0.0058
Episode_Reward/feet_contact_forces: -0.1480
               Episode_Reward/roll: -0.0037
        Episode_Reward/base_height: -0.0235
Episode_Reward/tracking_lin_vel_max: 0.2592
Episode_Reward/flat_orientation_l2: -0.0006
  Episode_Reward/air_time_variance: -0.0071
        Episode_Reward/feet_height: 0.0000
      Episode_Reward/feet_air_time: -0.0000
Episode_Reward/update_last_buffers: 0.0000
   Episode_Reward/wheel_idle_speed: -0.0025
    Episode_Reward/wheel_action_l2: -0.0000
  Episode_Reward/wheel_action_rate: 0.0000
Episode_Reward/teacher_ensemble_match: 0.0000
  Episode_Reward/wheel_forward_use: 0.0000
 Episode_Reward/wheel_turn_support: 0.0488
   Metrics/locomotion/error_vel_xy: 0.1895
  Metrics/locomotion/error_vel_yaw: 0.1992
      Episode_Termination/time_out: 0.7370
   Episode_Termination/bad_contact: 0.0000
          Episode_Termination/tilt: 0.0000
    Episode_Termination/low_height: 0.0000
--------------------------------------------------------------------------------
                   Total timesteps: 15360
                    Iteration time: 2.64s
                      Time elapsed: 00:00:28
                               ETA: 00:08:55

################################################################################
                      [1m Learning iteration 10/200 [0m                       

                       Computation: 577 steps/s (collection: 2.588s, learning 0.071s)
             Mean action noise std: 0.05
          Mean value_function loss: 0.5897
               Mean surrogate loss: 0.0308
                 Mean entropy loss: -27.2720
                       Mean reward: -16.41
               Mean episode length: 144.67
   Episode_Reward/term_bad_contact: 0.0000
          Episode_Reward/term_tilt: 0.0000
    Episode_Reward/term_low_height: 0.0000
      Episode_Reward/leg_action_l2: -0.0007
   Episode_Reward/tracking_lin_vel: 0.4114
Episode_Reward/tracking_lin_vel_x_exp: 0.6032
Episode_Reward/tracking_ang_vel_yaw_l1: 0.0000
Episode_Reward/tracking_ang_vel_yaw_exp: 0.6416
Episode_Reward/tracking_lin_vel_y_l2: 0.0000
Episode_Reward/tracking_lin_vel_z_l2: 0.0000
            Episode_Reward/survive: 0.0000
    Episode_Reward/foot_contacts_z: 0.0000
            Episode_Reward/torques: -0.0943
 Episode_Reward/tracking_lin_vel_y: 0.0000
          Episode_Reward/lin_vel_z: -0.0029
         Episode_Reward/ang_vel_xy: -0.0072
   Episode_Reward/tracking_ang_vel: 0.2099
               Episode_Reward/work: -0.0286
            Episode_Reward/dof_acc: -0.0014
        Episode_Reward/action_rate: -0.0009
     Episode_Reward/dof_pos_limits: 0.0000
      Episode_Reward/delta_torques: -0.0001
          Episode_Reward/collision: -4.9588
        Episode_Reward/walking_dof: 0.0083
            Episode_Reward/hip_pos: -0.0009
          Episode_Reward/feet_jerk: 0.0000
              Episode_Reward/alive: 0.2503
          Episode_Reward/feet_drag: -0.0067
Episode_Reward/feet_contact_forces: -0.1642
               Episode_Reward/roll: -0.0040
        Episode_Reward/base_height: -0.0239
Episode_Reward/tracking_lin_vel_max: 0.2315
Episode_Reward/flat_orientation_l2: -0.0006
  Episode_Reward/air_time_variance: -0.0076
        Episode_Reward/feet_height: 0.0000
      Episode_Reward/feet_air_time: -0.0001
Episode_Reward/update_last_buffers: 0.0000
   Episode_Reward/wheel_idle_speed: -0.0022
    Episode_Reward/wheel_action_l2: -0.0000
  Episode_Reward/wheel_action_rate: 0.0000
Episode_Reward/teacher_ensemble_match: 0.0000
  Episode_Reward/wheel_forward_use: 0.0019
 Episode_Reward/wheel_turn_support: 0.0738
   Metrics/locomotion/error_vel_xy: 0.2530
  Metrics/locomotion/error_vel_yaw: 0.2282
      Episode_Termination/time_out: 0.8496
   Episode_Termination/bad_contact: 0.0000
          Episode_Termination/tilt: 0.0000
    Episode_Termination/low_height: 0.0000
--------------------------------------------------------------------------------
                   Total timesteps: 16896
                    Iteration time: 2.66s
                      Time elapsed: 00:00:30
                               ETA: 00:08:50

################################################################################
                      [1m Learning iteration 11/200 [0m                       

                       Computation: 579 steps/s (collection: 2.582s, learning 0.071s)
             Mean action noise std: 0.05
          Mean value_function loss: 0.5024
               Mean surrogate loss: -0.0013
                 Mean entropy loss: -27.2720
                       Mean reward: -17.63
               Mean episode length: 155.39
   Episode_Reward/term_bad_contact: 0.0000
          Episode_Reward/term_tilt: 0.0000
    Episode_Reward/term_low_height: 0.0000
      Episode_Reward/leg_action_l2: -0.0006
   Episode_Reward/tracking_lin_vel: 0.4813
Episode_Reward/tracking_lin_vel_x_exp: 0.7703
Episode_Reward/tracking_ang_vel_yaw_l1: 0.0000
Episode_Reward/tracking_ang_vel_yaw_exp: 0.6928
Episode_Reward/tracking_lin_vel_y_l2: 0.0000
Episode_Reward/tracking_lin_vel_z_l2: 0.0000
            Episode_Reward/survive: 0.0000
    Episode_Reward/foot_contacts_z: 0.0000
            Episode_Reward/torques: -0.0928
 Episode_Reward/tracking_lin_vel_y: 0.0000
          Episode_Reward/lin_vel_z: -0.0033
         Episode_Reward/ang_vel_xy: -0.0108
   Episode_Reward/tracking_ang_vel: 0.2272
               Episode_Reward/work: -0.0332
            Episode_Reward/dof_acc: -0.0018
        Episode_Reward/action_rate: -0.0011
     Episode_Reward/dof_pos_limits: 0.0000
      Episode_Reward/delta_torques: -0.0001
          Episode_Reward/collision: -5.4508
        Episode_Reward/walking_dof: 0.0042
            Episode_Reward/hip_pos: -0.0005
          Episode_Reward/feet_jerk: 0.0000
              Episode_Reward/alive: 0.2739
          Episode_Reward/feet_drag: -0.0068
Episode_Reward/feet_contact_forces: -0.1796
               Episode_Reward/roll: -0.0057
        Episode_Reward/base_height: -0.0290
Episode_Reward/tracking_lin_vel_max: 0.3279
Episode_Reward/flat_orientation_l2: -0.0008
  Episode_Reward/air_time_variance: -0.0121
        Episode_Reward/feet_height: 0.0000
      Episode_Reward/feet_air_time: 0.0000
Episode_Reward/update_last_buffers: 0.0000
   Episode_Reward/wheel_idle_speed: -0.0032
    Episode_Reward/wheel_action_l2: -0.0000
  Episode_Reward/wheel_action_rate: 0.0000
Episode_Reward/teacher_ensemble_match: 0.0000
  Episode_Reward/wheel_forward_use: 0.0039
 Episode_Reward/wheel_turn_support: 0.0538
   Metrics/locomotion/error_vel_xy: 0.2209
  Metrics/locomotion/error_vel_yaw: 0.2571
      Episode_Termination/time_out: 0.9277
   Episode_Termination/bad_contact: 0.0000
          Episode_Termination/tilt: 0.0000
    Episode_Termination/low_height: 0.0000
--------------------------------------------------------------------------------
                   Total timesteps: 18432
                    Iteration time: 2.65s
                      Time elapsed: 00:00:33
                               ETA: 00:08:45

################################################################################
                      [1m Learning iteration 12/200 [0m                       

                       Computation: 589 steps/s (collection: 2.537s, learning 0.071s)
             Mean action noise std: 0.05
          Mean value_function loss: 0.4199
               Mean surrogate loss: 0.0182
                 Mean entropy loss: -27.2720
                       Mean reward: -18.08
               Mean episode length: 159.67
   Episode_Reward/term_bad_contact: 0.0000
          Episode_Reward/term_tilt: 0.0000
    Episode_Reward/term_low_height: 0.0000
      Episode_Reward/leg_action_l2: -0.0007
   Episode_Reward/tracking_lin_vel: 0.5107
Episode_Reward/tracking_lin_vel_x_exp: 0.7783
Episode_Reward/tracking_ang_vel_yaw_l1: 0.0000
Episode_Reward/tracking_ang_vel_yaw_exp: 0.7254
Episode_Reward/tracking_lin_vel_y_l2: 0.0000
Episode_Reward/tracking_lin_vel_z_l2: 0.0000
            Episode_Reward/survive: 0.0000
    Episode_Reward/foot_contacts_z: 0.0000
            Episode_Reward/torques: -0.1039
 Episode_Reward/tracking_lin_vel_y: 0.0000
          Episode_Reward/lin_vel_z: -0.0027
         Episode_Reward/ang_vel_xy: -0.0093
   Episode_Reward/tracking_ang_vel: 0.2422
               Episode_Reward/work: -0.0306
            Episode_Reward/dof_acc: -0.0016
        Episode_Reward/action_rate: -0.0010
     Episode_Reward/dof_pos_limits: 0.0000
      Episode_Reward/delta_torques: -0.0001
          Episode_Reward/collision: -5.8521
        Episode_Reward/walking_dof: 0.0087
            Episode_Reward/hip_pos: -0.0006
          Episode_Reward/feet_jerk: 0.0000
              Episode_Reward/alive: 0.2940
          Episode_Reward/feet_drag: -0.0069
Episode_Reward/feet_contact_forces: -0.1926
               Episode_Reward/roll: -0.0036
        Episode_Reward/base_height: -0.0301
Episode_Reward/tracking_lin_vel_max: 0.3015
Episode_Reward/flat_orientation_l2: -0.0010
  Episode_Reward/air_time_variance: -0.0112
        Episode_Reward/feet_height: 0.0000
      Episode_Reward/feet_air_time: -0.0001
Episode_Reward/update_last_buffers: 0.0000
   Episode_Reward/wheel_idle_speed: -0.0024
    Episode_Reward/wheel_action_l2: -0.0000
  Episode_Reward/wheel_action_rate: 0.0000
Episode_Reward/teacher_ensemble_match: 0.0000
  Episode_Reward/wheel_forward_use: 0.0391
 Episode_Reward/wheel_turn_support: 0.1021
   Metrics/locomotion/error_vel_xy: 0.2511
  Metrics/locomotion/error_vel_yaw: 0.2837
      Episode_Termination/time_out: 0.9954
   Episode_Termination/bad_contact: 0.0000
          Episode_Termination/tilt: 0.0000
    Episode_Termination/low_height: 0.0000
--------------------------------------------------------------------------------
                   Total timesteps: 19968
                    Iteration time: 2.61s
                      Time elapsed: 00:00:35
                               ETA: 00:08:40

################################################################################
                      [1m Learning iteration 13/200 [0m                       

                       Computation: 576 steps/s (collection: 2.594s, learning 0.071s)
             Mean action noise std: 0.05
          Mean value_function loss: 0.4327
               Mean surrogate loss: 0.0342
                 Mean entropy loss: -27.2720
                       Mean reward: -19.36
               Mean episode length: 169.84
   Episode_Reward/term_bad_contact: 0.0000
          Episode_Reward/term_tilt: 0.0000
    Episode_Reward/term_low_height: 0.0000
      Episode_Reward/leg_action_l2: -0.0009
   Episode_Reward/tracking_lin_vel: 0.5022
Episode_Reward/tracking_lin_vel_x_exp: 0.7482
Episode_Reward/tracking_ang_vel_yaw_l1: 0.0000
Episode_Reward/tracking_ang_vel_yaw_exp: 0.7561
Episode_Reward/tracking_lin_vel_y_l2: 0.0000
Episode_Reward/tracking_lin_vel_z_l2: 0.0000
            Episode_Reward/survive: 0.0000
    Episode_Reward/foot_contacts_z: 0.0000
            Episode_Reward/torques: -0.1104
 Episode_Reward/tracking_lin_vel_y: 0.0000
          Episode_Reward/lin_vel_z: -0.0034
         Episode_Reward/ang_vel_xy: -0.0083
   Episode_Reward/tracking_ang_vel: 0.2477
               Episode_Reward/work: -0.0338
            Episode_Reward/dof_acc: -0.0016
        Episode_Reward/action_rate: -0.0011
     Episode_Reward/dof_pos_limits: 0.0000
      Episode_Reward/delta_torques: -0.0001
          Episode_Reward/collision: -5.9536
        Episode_Reward/walking_dof: 0.0144
            Episode_Reward/hip_pos: -0.0008
          Episode_Reward/feet_jerk: 0.0000
              Episode_Reward/alive: 0.2997
          Episode_Reward/feet_drag: -0.0073
Episode_Reward/feet_contact_forces: -0.1963
               Episode_Reward/roll: -0.0063
        Episode_Reward/base_height: -0.0291
Episode_Reward/tracking_lin_vel_max: 0.2152
Episode_Reward/flat_orientation_l2: -0.0015
  Episode_Reward/air_time_variance: -0.0138
        Episode_Reward/feet_height: 0.0000
      Episode_Reward/feet_air_time: -0.0001
Episode_Reward/update_last_buffers: 0.0000
   Episode_Reward/wheel_idle_speed: -0.0018
    Episode_Reward/wheel_action_l2: -0.0000
  Episode_Reward/wheel_action_rate: 0.0000
Episode_Reward/teacher_ensemble_match: 0.0000
  Episode_Reward/wheel_forward_use: 0.0361
 Episode_Reward/wheel_turn_support: 0.0794
   Metrics/locomotion/error_vel_xy: 0.2874
  Metrics/locomotion/error_vel_yaw: 0.2846
      Episode_Termination/time_out: 1.0000
   Episode_Termination/bad_contact: 0.0000
          Episode_Termination/tilt: 0.0000
    Episode_Termination/low_height: 0.0000
--------------------------------------------------------------------------------
                   Total timesteps: 21504
                    Iteration time: 2.67s
                      Time elapsed: 00:00:38
                               ETA: 00:08:35

################################################################################
                      [1m Learning iteration 14/200 [0m                       

                       Computation: 577 steps/s (collection: 2.589s, learning 0.071s)
             Mean action noise std: 0.05
          Mean value_function loss: 0.4565
               Mean surrogate loss: 0.0735
                 Mean entropy loss: -27.2720
                       Mean reward: -20.68
               Mean episode length: 178.64
   Episode_Reward/term_bad_contact: 0.0000
          Episode_Reward/term_tilt: 0.0000
    Episode_Reward/term_low_height: 0.0000
      Episode_Reward/leg_action_l2: -0.0009
   Episode_Reward/tracking_lin_vel: 0.4751
Episode_Reward/tracking_lin_vel_x_exp: 0.6651
Episode_Reward/tracking_ang_vel_yaw_l1: 0.0000
Episode_Reward/tracking_ang_vel_yaw_exp: 0.7501
Episode_Reward/tracking_lin_vel_y_l2: 0.0000
Episode_Reward/tracking_lin_vel_z_l2: 0.0000
            Episode_Reward/survive: 0.0000
    Episode_Reward/foot_contacts_z: 0.0000
            Episode_Reward/torques: -0.1144
 Episode_Reward/tracking_lin_vel_y: 0.0000
          Episode_Reward/lin_vel_z: -0.0038
         Episode_Reward/ang_vel_xy: -0.0085
   Episode_Reward/tracking_ang_vel: 0.2479
               Episode_Reward/work: -0.0365
            Episode_Reward/dof_acc: -0.0017
        Episode_Reward/action_rate: -0.0011
     Episode_Reward/dof_pos_limits: 0.0000
      Episode_Reward/delta_torques: -0.0001
          Episode_Reward/collision: -5.9598
        Episode_Reward/walking_dof: 0.0141
            Episode_Reward/hip_pos: -0.0007
          Episode_Reward/feet_jerk: 0.0000
              Episode_Reward/alive: 0.3000
          Episode_Reward/feet_drag: -0.0078
Episode_Reward/feet_contact_forces: -0.1966
               Episode_Reward/roll: -0.0064
        Episode_Reward/base_height: -0.0298
Episode_Reward/tracking_lin_vel_max: 0.2158
Episode_Reward/flat_orientation_l2: -0.0015
  Episode_Reward/air_time_variance: -0.0147
        Episode_Reward/feet_height: 0.0000
      Episode_Reward/feet_air_time: -0.0000
Episode_Reward/update_last_buffers: 0.0000
   Episode_Reward/wheel_idle_speed: -0.0021
    Episode_Reward/wheel_action_l2: -0.0000
  Episode_Reward/wheel_action_rate: 0.0000
Episode_Reward/teacher_ensemble_match: 0.0000
  Episode_Reward/wheel_forward_use: 0.0348
 Episode_Reward/wheel_turn_support: 0.0743
   Metrics/locomotion/error_vel_xy: 0.3366
  Metrics/locomotion/error_vel_yaw: 0.2862
      Episode_Termination/time_out: 1.0000
   Episode_Termination/bad_contact: 0.0000
          Episode_Termination/tilt: 0.0000
    Episode_Termination/low_height: 0.0000
--------------------------------------------------------------------------------
                   Total timesteps: 23040
                    Iteration time: 2.66s
                      Time elapsed: 00:00:41
                               ETA: 00:08:31

################################################################################
                      [1m Learning iteration 15/200 [0m                       

                       Computation: 581 steps/s (collection: 2.568s, learning 0.072s)
             Mean action noise std: 0.05
          Mean value_function loss: 0.4009
               Mean surrogate loss: 0.0194
                 Mean entropy loss: -27.2720
                       Mean reward: -21.27
               Mean episode length: 183.36
   Episode_Reward/term_bad_contact: 0.0000
          Episode_Reward/term_tilt: 0.0000
    Episode_Reward/term_low_height: 0.0000
      Episode_Reward/leg_action_l2: -0.0010
   Episode_Reward/tracking_lin_vel: 0.4731
Episode_Reward/tracking_lin_vel_x_exp: 0.6755
Episode_Reward/tracking_ang_vel_yaw_l1: 0.0000
Episode_Reward/tracking_ang_vel_yaw_exp: 0.7510
Episode_Reward/tracking_lin_vel_y_l2: 0.0000
Episode_Reward/tracking_lin_vel_z_l2: 0.0000
            Episode_Reward/survive: 0.0000
    Episode_Reward/foot_contacts_z: 0.0000
            Episode_Reward/torques: -0.1191
 Episode_Reward/tracking_lin_vel_y: 0.0000
          Episode_Reward/lin_vel_z: -0.0047
         Episode_Reward/ang_vel_xy: -0.0096
   Episode_Reward/tracking_ang_vel: 0.2471
               Episode_Reward/work: -0.0397
            Episode_Reward/dof_acc: -0.0020
        Episode_Reward/action_rate: -0.0012
     Episode_Reward/dof_pos_limits: 0.0000
      Episode_Reward/delta_torques: -0.0001
          Episode_Reward/collision: -5.9600
        Episode_Reward/walking_dof: 0.0152
            Episode_Reward/hip_pos: -0.0009
          Episode_Reward/feet_jerk: 0.0000
              Episode_Reward/alive: 0.3000
          Episode_Reward/feet_drag: -0.0078
Episode_Reward/feet_contact_forces: -0.1966
               Episode_Reward/roll: -0.0062
        Episode_Reward/base_height: -0.0292
Episode_Reward/tracking_lin_vel_max: 0.1911
Episode_Reward/flat_orientation_l2: -0.0011
  Episode_Reward/air_time_variance: -0.0087
        Episode_Reward/feet_height: 0.0000
      Episode_Reward/feet_air_time: -0.0001
Episode_Reward/update_last_buffers: 0.0000
   Episode_Reward/wheel_idle_speed: -0.0017
    Episode_Reward/wheel_action_l2: -0.0000
  Episode_Reward/wheel_action_rate: 0.0000
Episode_Reward/teacher_ensemble_match: 0.0000
  Episode_Reward/wheel_forward_use: 0.0270
 Episode_Reward/wheel_turn_support: 0.0523
   Metrics/locomotion/error_vel_xy: 0.3354
  Metrics/locomotion/error_vel_yaw: 0.2901
      Episode_Termination/time_out: 1.0000
   Episode_Termination/bad_contact: 0.0000
          Episode_Termination/tilt: 0.0000
    Episode_Termination/low_height: 0.0000
--------------------------------------------------------------------------------
                   Total timesteps: 24576
                    Iteration time: 2.64s
                      Time elapsed: 00:00:43
                               ETA: 00:08:27

################################################################################
                      [1m Learning iteration 16/200 [0m                       

                       Computation: 584 steps/s (collection: 2.558s, learning 0.071s)
             Mean action noise std: 0.05
          Mean value_function loss: 0.3264
               Mean surrogate loss: 0.0453
                 Mean entropy loss: -27.2720
                       Mean reward: -22.26
               Mean episode length: 191.80
   Episode_Reward/term_bad_contact: 0.0000
          Episode_Reward/term_tilt: 0.0000
    Episode_Reward/term_low_height: 0.0000
      Episode_Reward/leg_action_l2: -0.0010
   Episode_Reward/tracking_lin_vel: 0.4362
Episode_Reward/tracking_lin_vel_x_exp: 0.5388
Episode_Reward/tracking_ang_vel_yaw_l1: 0.0000
Episode_Reward/tracking_ang_vel_yaw_exp: 0.7417
Episode_Reward/tracking_lin_vel_y_l2: 0.0000
Episode_Reward/tracking_lin_vel_z_l2: 0.0000
            Episode_Reward/survive: 0.0000
    Episode_Reward/foot_contacts_z: 0.0000
            Episode_Reward/torques: -0.1291
 Episode_Reward/tracking_lin_vel_y: 0.0000
          Episode_Reward/lin_vel_z: -0.0050
         Episode_Reward/ang_vel_xy: -0.0094
   Episode_Reward/tracking_ang_vel: 0.2458
               Episode_Reward/work: -0.0397
            Episode_Reward/dof_acc: -0.0018
        Episode_Reward/action_rate: -0.0012
     Episode_Reward/dof_pos_limits: 0.0000
      Episode_Reward/delta_torques: -0.0002
          Episode_Reward/collision: -5.9583
        Episode_Reward/walking_dof: 0.0190
            Episode_Reward/hip_pos: -0.0011
          Episode_Reward/feet_jerk: 0.0000
              Episode_Reward/alive: 0.3000
          Episode_Reward/feet_drag: -0.0081
Episode_Reward/feet_contact_forces: -0.1967
               Episode_Reward/roll: -0.0072
        Episode_Reward/base_height: -0.0282
Episode_Reward/tracking_lin_vel_max: 0.1417
Episode_Reward/flat_orientation_l2: -0.0013
  Episode_Reward/air_time_variance: -0.0108
        Episode_Reward/feet_height: 0.0000
      Episode_Reward/feet_air_time: -0.0001
Episode_Reward/update_last_buffers: 0.0000
   Episode_Reward/wheel_idle_speed: -0.0013
    Episode_Reward/wheel_action_l2: -0.0000
  Episode_Reward/wheel_action_rate: 0.0000
Episode_Reward/teacher_ensemble_match: 0.0000
  Episode_Reward/wheel_forward_use: 0.0461
 Episode_Reward/wheel_turn_support: 0.0493
   Metrics/locomotion/error_vel_xy: 0.4057
  Metrics/locomotion/error_vel_yaw: 0.2946
      Episode_Termination/time_out: 1.0000
   Episode_Termination/bad_contact: 0.0000
          Episode_Termination/tilt: 0.0000
    Episode_Termination/low_height: 0.0000
--------------------------------------------------------------------------------
                   Total timesteps: 26112
                    Iteration time: 2.63s
                      Time elapsed: 00:00:46
                               ETA: 00:08:23

################################################################################
                      [1m Learning iteration 17/200 [0m                       

                       Computation: 585 steps/s (collection: 2.553s, learning 0.071s)
             Mean action noise std: 0.05
          Mean value_function loss: 0.4105
               Mean surrogate loss: -0.0074
                 Mean entropy loss: -27.2720
                       Mean reward: -23.09
               Mean episode length: 197.94
   Episode_Reward/term_bad_contact: 0.0000
          Episode_Reward/term_tilt: 0.0000
    Episode_Reward/term_low_height: 0.0000
      Episode_Reward/leg_action_l2: -0.0009
   Episode_Reward/tracking_lin_vel: 0.4612
Episode_Reward/tracking_lin_vel_x_exp: 0.6701
Episode_Reward/tracking_ang_vel_yaw_l1: 0.0000
Episode_Reward/tracking_ang_vel_yaw_exp: 0.7709
Episode_Reward/tracking_lin_vel_y_l2: 0.0000
Episode_Reward/tracking_lin_vel_z_l2: 0.0000
            Episode_Reward/survive: 0.0000
    Episode_Reward/foot_contacts_z: 0.0000
            Episode_Reward/torques: -0.1274
 Episode_Reward/tracking_lin_vel_y: 0.0000
          Episode_Reward/lin_vel_z: -0.0051
         Episode_Reward/ang_vel_xy: -0.0082
   Episode_Reward/tracking_ang_vel: 0.2501
               Episode_Reward/work: -0.0386
            Episode_Reward/dof_acc: -0.0017
        Episode_Reward/action_rate: -0.0011
     Episode_Reward/dof_pos_limits: 0.0000
      Episode_Reward/delta_torques: -0.0001
          Episode_Reward/collision: -5.9504
        Episode_Reward/walking_dof: 0.0145
            Episode_Reward/hip_pos: -0.0012
          Episode_Reward/feet_jerk: 0.0000
              Episode_Reward/alive: 0.3000
          Episode_Reward/feet_drag: -0.0079
Episode_Reward/feet_contact_forces: -0.1965
               Episode_Reward/roll: -0.0051
        Episode_Reward/base_height: -0.0259
Episode_Reward/tracking_lin_vel_max: 0.2069
Episode_Reward/flat_orientation_l2: -0.0013
  Episode_Reward/air_time_variance: -0.0079
        Episode_Reward/feet_height: 0.0000
      Episode_Reward/feet_air_time: -0.0000
Episode_Reward/update_last_buffers: 0.0000
   Episode_Reward/wheel_idle_speed: -0.0024
    Episode_Reward/wheel_action_l2: -0.0000
  Episode_Reward/wheel_action_rate: 0.0000
Episode_Reward/teacher_ensemble_match: 0.0000
  Episode_Reward/wheel_forward_use: 0.0335
 Episode_Reward/wheel_turn_support: 0.0626
   Metrics/locomotion/error_vel_xy: 0.3535
  Metrics/locomotion/error_vel_yaw: 0.2784
      Episode_Termination/time_out: 1.0000
   Episode_Termination/bad_contact: 0.0000
          Episode_Termination/tilt: 0.0000
    Episode_Termination/low_height: 0.0000
--------------------------------------------------------------------------------
                   Total timesteps: 27648
                    Iteration time: 2.62s
                      Time elapsed: 00:00:49
                               ETA: 00:08:20

################################################################################
                      [1m Learning iteration 18/200 [0m                       

                       Computation: 576 steps/s (collection: 2.596s, learning 0.070s)
             Mean action noise std: 0.05
          Mean value_function loss: 0.5143
               Mean surrogate loss: 0.0051
                 Mean entropy loss: -27.2720
                       Mean reward: -24.33
               Mean episode length: 208.36
   Episode_Reward/term_bad_contact: 0.0000
          Episode_Reward/term_tilt: 0.0000
    Episode_Reward/term_low_height: 0.0000
      Episode_Reward/leg_action_l2: -0.0008
   Episode_Reward/tracking_lin_vel: 0.4968
Episode_Reward/tracking_lin_vel_x_exp: 0.7678
Episode_Reward/tracking_ang_vel_yaw_l1: 0.0000
Episode_Reward/tracking_ang_vel_yaw_exp: 0.7551
Episode_Reward/tracking_lin_vel_y_l2: 0.0000
Episode_Reward/tracking_lin_vel_z_l2: 0.0000
            Episode_Reward/survive: 0.0000
    Episode_Reward/foot_contacts_z: 0.0000
            Episode_Reward/torques: -0.1185
 Episode_Reward/tracking_lin_vel_y: 0.0000
          Episode_Reward/lin_vel_z: -0.0045
         Episode_Reward/ang_vel_xy: -0.0093
   Episode_Reward/tracking_ang_vel: 0.2473
               Episode_Reward/work: -0.0372
            Episode_Reward/dof_acc: -0.0020
        Episode_Reward/action_rate: -0.0012
     Episode_Reward/dof_pos_limits: 0.0000
      Episode_Reward/delta_torques: -0.0002
          Episode_Reward/collision: -5.9565
        Episode_Reward/walking_dof: 0.0105
            Episode_Reward/hip_pos: -0.0013
          Episode_Reward/feet_jerk: 0.0000
              Episode_Reward/alive: 0.3000
          Episode_Reward/feet_drag: -0.0075
Episode_Reward/feet_contact_forces: -0.1967
               Episode_Reward/roll: -0.0050
        Episode_Reward/base_height: -0.0242
Episode_Reward/tracking_lin_vel_max: 0.2676
Episode_Reward/flat_orientation_l2: -0.0008
  Episode_Reward/air_time_variance: -0.0106
        Episode_Reward/feet_height: 0.0000
      Episode_Reward/feet_air_time: -0.0000
Episode_Reward/update_last_buffers: 0.0000
   Episode_Reward/wheel_idle_speed: -0.0028
    Episode_Reward/wheel_action_l2: -0.0000
  Episode_Reward/wheel_action_rate: 0.0000
Episode_Reward/teacher_ensemble_match: 0.0000
  Episode_Reward/wheel_forward_use: 0.0201
 Episode_Reward/wheel_turn_support: 0.0462
   Metrics/locomotion/error_vel_xy: 0.2924
  Metrics/locomotion/error_vel_yaw: 0.2894
      Episode_Termination/time_out: 1.0000
   Episode_Termination/bad_contact: 0.0000
          Episode_Termination/tilt: 0.0000
    Episode_Termination/low_height: 0.0000
--------------------------------------------------------------------------------
                   Total timesteps: 29184
                    Iteration time: 2.67s
                      Time elapsed: 00:00:51
                               ETA: 00:08:16

################################################################################
                      [1m Learning iteration 19/200 [0m                       

                       Computation: 593 steps/s (collection: 2.519s, learning 0.070s)
             Mean action noise std: 0.05
          Mean value_function loss: 0.5448
               Mean surrogate loss: 0.0289
                 Mean entropy loss: -27.2720
                       Mean reward: -25.26
               Mean episode length: 215.89
   Episode_Reward/term_bad_contact: 0.0000
          Episode_Reward/term_tilt: 0.0000
    Episode_Reward/term_low_height: 0.0000
      Episode_Reward/leg_action_l2: -0.0008
   Episode_Reward/tracking_lin_vel: 0.4760
Episode_Reward/tracking_lin_vel_x_exp: 0.6574
Episode_Reward/tracking_ang_vel_yaw_l1: 0.0000
Episode_Reward/tracking_ang_vel_yaw_exp: 0.7842
Episode_Reward/tracking_lin_vel_y_l2: 0.0000
Episode_Reward/tracking_lin_vel_z_l2: 0.0000
            Episode_Reward/survive: 0.0000
    Episode_Reward/foot_contacts_z: 0.0000
            Episode_Reward/torques: -0.1136
 Episode_Reward/tracking_lin_vel_y: 0.0000
          Episode_Reward/lin_vel_z: -0.0035
         Episode_Reward/ang_vel_xy: -0.0093
   Episode_Reward/tracking_ang_vel: 0.2529
               Episode_Reward/work: -0.0358
            Episode_Reward/dof_acc: -0.0017
        Episode_Reward/action_rate: -0.0012
     Episode_Reward/dof_pos_limits: 0.0000
      Episode_Reward/delta_torques: -0.0001
          Episode_Reward/collision: -5.9583
        Episode_Reward/walking_dof: 0.0130
            Episode_Reward/hip_pos: -0.0014
          Episode_Reward/feet_jerk: 0.0000
              Episode_Reward/alive: 0.3000
          Episode_Reward/feet_drag: -0.0077
Episode_Reward/feet_contact_forces: -0.1965
               Episode_Reward/roll: -0.0043
        Episode_Reward/base_height: -0.0245
Episode_Reward/tracking_lin_vel_max: 0.2317
Episode_Reward/flat_orientation_l2: -0.0010
  Episode_Reward/air_time_variance: -0.0120
        Episode_Reward/feet_height: 0.0000
      Episode_Reward/feet_air_time: -0.0000
Episode_Reward/update_last_buffers: 0.0000
   Episode_Reward/wheel_idle_speed: -0.0023
    Episode_Reward/wheel_action_l2: -0.0000
  Episode_Reward/wheel_action_rate: 0.0000
Episode_Reward/teacher_ensemble_match: 0.0000
  Episode_Reward/wheel_forward_use: 0.0221
 Episode_Reward/wheel_turn_support: 0.0422
   Metrics/locomotion/error_vel_xy: 0.3384
  Metrics/locomotion/error_vel_yaw: 0.2684
      Episode_Termination/time_out: 1.0000
   Episode_Termination/bad_contact: 0.0000
          Episode_Termination/tilt: 0.0000
    Episode_Termination/low_height: 0.0000
--------------------------------------------------------------------------------
                   Total timesteps: 30720
                    Iteration time: 2.59s
                      Time elapsed: 00:00:54
                               ETA: 00:08:12

################################################################################
                      [1m Learning iteration 20/200 [0m                       

                       Computation: 597 steps/s (collection: 2.500s, learning 0.071s)
             Mean action noise std: 0.05
          Mean value_function loss: 0.2795
               Mean surrogate loss: 0.0179
                 Mean entropy loss: -27.2720
                       Mean reward: -25.90
               Mean episode length: 221.43
   Episode_Reward/term_bad_contact: 0.0000
          Episode_Reward/term_tilt: 0.0000
    Episode_Reward/term_low_height: 0.0000
      Episode_Reward/leg_action_l2: -0.0007
   Episode_Reward/tracking_lin_vel: 0.5072
Episode_Reward/tracking_lin_vel_x_exp: 0.7881
Episode_Reward/tracking_ang_vel_yaw_l1: 0.0000
Episode_Reward/tracking_ang_vel_yaw_exp: 0.7760
Episode_Reward/tracking_lin_vel_y_l2: 0.0000
Episode_Reward/tracking_lin_vel_z_l2: 0.0000
            Episode_Reward/survive: 0.0000
    Episode_Reward/foot_contacts_z: 0.0000
            Episode_Reward/torques: -0.1068
 Episode_Reward/tracking_lin_vel_y: 0.0000
          Episode_Reward/lin_vel_z: -0.0039
         Episode_Reward/ang_vel_xy: -0.0102
   Episode_Reward/tracking_ang_vel: 0.2502
               Episode_Reward/work: -0.0405
            Episode_Reward/dof_acc: -0.0020
        Episode_Reward/action_rate: -0.0012
     Episode_Reward/dof_pos_limits: 0.0000
      Episode_Reward/delta_torques: -0.0001
          Episode_Reward/collision: -5.9600
        Episode_Reward/walking_dof: 0.0081
            Episode_Reward/hip_pos: -0.0007
          Episode_Reward/feet_jerk: 0.0000
              Episode_Reward/alive: 0.3000
          Episode_Reward/feet_drag: -0.0087
Episode_Reward/feet_contact_forces: -0.1965
               Episode_Reward/roll: -0.0056
        Episode_Reward/base_height: -0.0275
Episode_Reward/tracking_lin_vel_max: 0.3000
Episode_Reward/flat_orientation_l2: -0.0006
  Episode_Reward/air_time_variance: -0.0099
        Episode_Reward/feet_height: 0.0000
      Episode_Reward/feet_air_time: -0.0000
Episode_Reward/update_last_buffers: 0.0000
   Episode_Reward/wheel_idle_speed: -0.0034
    Episode_Reward/wheel_action_l2: -0.0000
  Episode_Reward/wheel_action_rate: 0.0000
Episode_Reward/teacher_ensemble_match: 0.0000
  Episode_Reward/wheel_forward_use: 0.0000
 Episode_Reward/wheel_turn_support: 0.0290
   Metrics/locomotion/error_vel_xy: 0.2820
  Metrics/locomotion/error_vel_yaw: 0.2755
      Episode_Termination/time_out: 1.0000
   Episode_Termination/bad_contact: 0.0000
          Episode_Termination/tilt: 0.0000
    Episode_Termination/low_height: 0.0000
--------------------------------------------------------------------------------
                   Total timesteps: 32256
                    Iteration time: 2.57s
                      Time elapsed: 00:00:57
                               ETA: 00:08:08

################################################################################
                      [1m Learning iteration 21/200 [0m                       

                       Computation: 584 steps/s (collection: 2.557s, learning 0.070s)
             Mean action noise std: 0.05
          Mean value_function loss: 0.4262
               Mean surrogate loss: 0.0117
                 Mean entropy loss: -27.2720
                       Mean reward: -28.04
               Mean episode length: 239.24
   Episode_Reward/term_bad_contact: 0.0000
          Episode_Reward/term_tilt: 0.0000
    Episode_Reward/term_low_height: 0.0000
      Episode_Reward/leg_action_l2: -0.0007
   Episode_Reward/tracking_lin_vel: 0.4742
Episode_Reward/tracking_lin_vel_x_exp: 0.6555
Episode_Reward/tracking_ang_vel_yaw_l1: 0.0000
Episode_Reward/tracking_ang_vel_yaw_exp: 0.7617
Episode_Reward/tracking_lin_vel_y_l2: 0.0000
Episode_Reward/tracking_lin_vel_z_l2: 0.0000
            Episode_Reward/survive: 0.0000
    Episode_Reward/foot_contacts_z: 0.0000
            Episode_Reward/torques: -0.1110
 Episode_Reward/tracking_lin_vel_y: 0.0000
          Episode_Reward/lin_vel_z: -0.0037
         Episode_Reward/ang_vel_xy: -0.0105
   Episode_Reward/tracking_ang_vel: 0.2488
               Episode_Reward/work: -0.0379
            Episode_Reward/dof_acc: -0.0020
        Episode_Reward/action_rate: -0.0012
     Episode_Reward/dof_pos_limits: 0.0000
      Episode_Reward/delta_torques: -0.0001
          Episode_Reward/collision: -5.9715
        Episode_Reward/walking_dof: 0.0138
            Episode_Reward/hip_pos: -0.0015
          Episode_Reward/feet_jerk: 0.0000
              Episode_Reward/alive: 0.3000
          Episode_Reward/feet_drag: -0.0084
Episode_Reward/feet_contact_forces: -0.1965
               Episode_Reward/roll: -0.0058
        Episode_Reward/base_height: -0.0243
Episode_Reward/tracking_lin_vel_max: 0.2267
Episode_Reward/flat_orientation_l2: -0.0009
  Episode_Reward/air_time_variance: -0.0160
        Episode_Reward/feet_height: 0.0000
      Episode_Reward/feet_air_time: -0.0000
Episode_Reward/update_last_buffers: 0.0000
   Episode_Reward/wheel_idle_speed: -0.0027
    Episode_Reward/wheel_action_l2: -0.0000
  Episode_Reward/wheel_action_rate: 0.0000
Episode_Reward/teacher_ensemble_match: 0.0000
  Episode_Reward/wheel_forward_use: 0.0405
 Episode_Reward/wheel_turn_support: 0.0308
   Metrics/locomotion/error_vel_xy: 0.3426
  Metrics/locomotion/error_vel_yaw: 0.2816
      Episode_Termination/time_out: 1.0000
   Episode_Termination/bad_contact: 0.0000
          Episode_Termination/tilt: 0.0000
    Episode_Termination/low_height: 0.0000
--------------------------------------------------------------------------------
                   Total timesteps: 33792
                    Iteration time: 2.63s
                      Time elapsed: 00:00:59
                               ETA: 00:08:05

################################################################################
                      [1m Learning iteration 22/200 [0m                       

                       Computation: 584 steps/s (collection: 2.559s, learning 0.070s)
             Mean action noise std: 0.05
          Mean value_function loss: 0.4760
               Mean surrogate loss: 0.0154
                 Mean entropy loss: -27.2720
                       Mean reward: -30.05
               Mean episode length: 255.64
   Episode_Reward/term_bad_contact: 0.0000
          Episode_Reward/term_tilt: 0.0000
    Episode_Reward/term_low_height: 0.0000
      Episode_Reward/leg_action_l2: -0.0008
   Episode_Reward/tracking_lin_vel: 0.4862
Episode_Reward/tracking_lin_vel_x_exp: 0.7217
Episode_Reward/tracking_ang_vel_yaw_l1: 0.0000
Episode_Reward/tracking_ang_vel_yaw_exp: 0.6942
Episode_Reward/tracking_lin_vel_y_l2: 0.0000
Episode_Reward/tracking_lin_vel_z_l2: 0.0000
            Episode_Reward/survive: 0.0000
    Episode_Reward/foot_contacts_z: 0.0000
            Episode_Reward/torques: -0.1120
 Episode_Reward/tracking_lin_vel_y: 0.0000
          Episode_Reward/lin_vel_z: -0.0039
         Episode_Reward/ang_vel_xy: -0.0118
   Episode_Reward/tracking_ang_vel: 0.2359
               Episode_Reward/work: -0.0400
            Episode_Reward/dof_acc: -0.0023
        Episode_Reward/action_rate: -0.0013
     Episode_Reward/dof_pos_limits: 0.0000
      Episode_Reward/delta_torques: -0.0002
          Episode_Reward/collision: -5.9606
        Episode_Reward/walking_dof: 0.0128
            Episode_Reward/hip_pos: -0.0012
          Episode_Reward/feet_jerk: 0.0000
              Episode_Reward/alive: 0.3000
          Episode_Reward/feet_drag: -0.0088
Episode_Reward/feet_contact_forces: -0.1967
               Episode_Reward/roll: -0.0057
        Episode_Reward/base_height: -0.0263
Episode_Reward/tracking_lin_vel_max: 0.2325
Episode_Reward/flat_orientation_l2: -0.0009
  Episode_Reward/air_time_variance: -0.0143
        Episode_Reward/feet_height: 0.0000
      Episode_Reward/feet_air_time: -0.0001
Episode_Reward/update_last_buffers: 0.0000
   Episode_Reward/wheel_idle_speed: -0.0027
    Episode_Reward/wheel_action_l2: -0.0000
  Episode_Reward/wheel_action_rate: 0.0000
Episode_Reward/teacher_ensemble_match: 0.0000
  Episode_Reward/wheel_forward_use: 0.0229
 Episode_Reward/wheel_turn_support: 0.0670
   Metrics/locomotion/error_vel_xy: 0.3175
  Metrics/locomotion/error_vel_yaw: 0.3289
      Episode_Termination/time_out: 1.0000
   Episode_Termination/bad_contact: 0.0000
          Episode_Termination/tilt: 0.0000
    Episode_Termination/low_height: 0.0000
--------------------------------------------------------------------------------
                   Total timesteps: 35328
                    Iteration time: 2.63s
                      Time elapsed: 00:01:02
                               ETA: 00:08:01

################################################################################
                      [1m Learning iteration 23/200 [0m                       

                       Computation: 590 steps/s (collection: 2.530s, learning 0.071s)
             Mean action noise std: 0.05
          Mean value_function loss: 0.3575
               Mean surrogate loss: -0.0119
                 Mean entropy loss: -27.2720
                       Mean reward: -30.81
               Mean episode length: 262.85
   Episode_Reward/term_bad_contact: 0.0000
          Episode_Reward/term_tilt: 0.0000
    Episode_Reward/term_low_height: 0.0000
      Episode_Reward/leg_action_l2: -0.0007
   Episode_Reward/tracking_lin_vel: 0.5225
Episode_Reward/tracking_lin_vel_x_exp: 0.8619
Episode_Reward/tracking_ang_vel_yaw_l1: 0.0000
Episode_Reward/tracking_ang_vel_yaw_exp: 0.7206
Episode_Reward/tracking_lin_vel_y_l2: 0.0000
Episode_Reward/tracking_lin_vel_z_l2: 0.0000
            Episode_Reward/survive: 0.0000
    Episode_Reward/foot_contacts_z: 0.0000
            Episode_Reward/torques: -0.1031
 Episode_Reward/tracking_lin_vel_y: 0.0000
          Episode_Reward/lin_vel_z: -0.0037
         Episode_Reward/ang_vel_xy: -0.0114
   Episode_Reward/tracking_ang_vel: 0.2404
               Episode_Reward/work: -0.0401
            Episode_Reward/dof_acc: -0.0023
        Episode_Reward/action_rate: -0.0013
     Episode_Reward/dof_pos_limits: 0.0000
      Episode_Reward/delta_torques: -0.0002
          Episode_Reward/collision: -5.9654
        Episode_Reward/walking_dof: 0.0033
            Episode_Reward/hip_pos: -0.0014
          Episode_Reward/feet_jerk: 0.0000
              Episode_Reward/alive: 0.3000
          Episode_Reward/feet_drag: -0.0084
Episode_Reward/feet_contact_forces: -0.1966
               Episode_Reward/roll: -0.0060
        Episode_Reward/base_height: -0.0260
Episode_Reward/tracking_lin_vel_max: 0.3774
Episode_Reward/flat_orientation_l2: -0.0007
  Episode_Reward/air_time_variance: -0.0099
        Episode_Reward/feet_height: 0.0000
      Episode_Reward/feet_air_time: -0.0000
Episode_Reward/update_last_buffers: 0.0000
   Episode_Reward/wheel_idle_speed: -0.0043
    Episode_Reward/wheel_action_l2: -0.0000
  Episode_Reward/wheel_action_rate: 0.0000
Episode_Reward/teacher_ensemble_match: 0.0000
  Episode_Reward/wheel_forward_use: 0.0077
 Episode_Reward/wheel_turn_support: 0.0525
   Metrics/locomotion/error_vel_xy: 0.2507
  Metrics/locomotion/error_vel_yaw: 0.3122
      Episode_Termination/time_out: 1.0000
   Episode_Termination/bad_contact: 0.0000
          Episode_Termination/tilt: 0.0000
    Episode_Termination/low_height: 0.0000
--------------------------------------------------------------------------------
                   Total timesteps: 36864
                    Iteration time: 2.60s
                      Time elapsed: 00:01:04
                               ETA: 00:07:58

################################################################################
                      [1m Learning iteration 24/200 [0m                       

                       Computation: 599 steps/s (collection: 2.491s, learning 0.070s)
             Mean action noise std: 0.05
          Mean value_function loss: 0.3848
               Mean surrogate loss: 0.0244
                 Mean entropy loss: -27.2720
                       Mean reward: -32.02
               Mean episode length: 270.97
   Episode_Reward/term_bad_contact: 0.0000
          Episode_Reward/term_tilt: 0.0000
    Episode_Reward/term_low_height: 0.0000
      Episode_Reward/leg_action_l2: -0.0008
   Episode_Reward/tracking_lin_vel: 0.4741
Episode_Reward/tracking_lin_vel_x_exp: 0.6612
Episode_Reward/tracking_ang_vel_yaw_l1: 0.0000
Episode_Reward/tracking_ang_vel_yaw_exp: 0.7310
Episode_Reward/tracking_lin_vel_y_l2: 0.0000
Episode_Reward/tracking_lin_vel_z_l2: 0.0000
            Episode_Reward/survive: 0.0000
    Episode_Reward/foot_contacts_z: 0.0000
            Episode_Reward/torques: -0.1197
 Episode_Reward/tracking_lin_vel_y: 0.0000
          Episode_Reward/lin_vel_z: -0.0037
         Episode_Reward/ang_vel_xy: -0.0104
   Episode_Reward/tracking_ang_vel: 0.2416
               Episode_Reward/work: -0.0405
            Episode_Reward/dof_acc: -0.0023
        Episode_Reward/action_rate: -0.0013
     Episode_Reward/dof_pos_limits: 0.0000
      Episode_Reward/delta_torques: -0.0002
          Episode_Reward/collision: -5.9658
        Episode_Reward/walking_dof: 0.0133
            Episode_Reward/hip_pos: -0.0018
          Episode_Reward/feet_jerk: 0.0000
              Episode_Reward/alive: 0.3000
          Episode_Reward/feet_drag: -0.0091
Episode_Reward/feet_contact_forces: -0.1966
               Episode_Reward/roll: -0.0050
        Episode_Reward/base_height: -0.0225
Episode_Reward/tracking_lin_vel_max: 0.2259
Episode_Reward/flat_orientation_l2: -0.0012
  Episode_Reward/air_time_variance: -0.0108
        Episode_Reward/feet_height: 0.0000
      Episode_Reward/feet_air_time: -0.0000
Episode_Reward/update_last_buffers: 0.0000
   Episode_Reward/wheel_idle_speed: -0.0034
    Episode_Reward/wheel_action_l2: -0.0000
  Episode_Reward/wheel_action_rate: 0.0000
Episode_Reward/teacher_ensemble_match: 0.0000
  Episode_Reward/wheel_forward_use: 0.0384
 Episode_Reward/wheel_turn_support: 0.0566
   Metrics/locomotion/error_vel_xy: 0.3404
  Metrics/locomotion/error_vel_yaw: 0.3087
      Episode_Termination/time_out: 1.0000
   Episode_Termination/bad_contact: 0.0000
          Episode_Termination/tilt: 0.0000
    Episode_Termination/low_height: 0.0000
--------------------------------------------------------------------------------
                   Total timesteps: 38400
                    Iteration time: 2.56s
                      Time elapsed: 00:01:07
                               ETA: 00:07:54

################################################################################
                      [1m Learning iteration 25/200 [0m                       

                       Computation: 606 steps/s (collection: 2.463s, learning 0.069s)
             Mean action noise std: 0.05
          Mean value_function loss: 0.2304
               Mean surrogate loss: 0.0028
                 Mean entropy loss: -27.2720
                       Mean reward: -32.68
               Mean episode length: 275.51
   Episode_Reward/term_bad_contact: 0.0000
          Episode_Reward/term_tilt: 0.0000
    Episode_Reward/term_low_height: 0.0000
      Episode_Reward/leg_action_l2: -0.0008
   Episode_Reward/tracking_lin_vel: 0.4676
Episode_Reward/tracking_lin_vel_x_exp: 0.5955
Episode_Reward/tracking_ang_vel_yaw_l1: 0.0000
Episode_Reward/tracking_ang_vel_yaw_exp: 0.7556
Episode_Reward/tracking_lin_vel_y_l2: 0.0000
Episode_Reward/tracking_lin_vel_z_l2: 0.0000
            Episode_Reward/survive: 0.0000
    Episode_Reward/foot_contacts_z: 0.0000
            Episode_Reward/torques: -0.1161
 Episode_Reward/tracking_lin_vel_y: 0.0000
          Episode_Reward/lin_vel_z: -0.0036
         Episode_Reward/ang_vel_xy: -0.0102
   Episode_Reward/tracking_ang_vel: 0.2464
               Episode_Reward/work: -0.0408
            Episode_Reward/dof_acc: -0.0022
        Episode_Reward/action_rate: -0.0012
     Episode_Reward/dof_pos_limits: 0.0000
      Episode_Reward/delta_torques: -0.0002
          Episode_Reward/collision: -5.9758
        Episode_Reward/walking_dof: 0.0134
            Episode_Reward/hip_pos: -0.0020
          Episode_Reward/feet_jerk: 0.0000
              Episode_Reward/alive: 0.3000
          Episode_Reward/feet_drag: -0.0088
Episode_Reward/feet_contact_forces: -0.1966
               Episode_Reward/roll: -0.0058
        Episode_Reward/base_height: -0.0216
Episode_Reward/tracking_lin_vel_max: 0.2241
Episode_Reward/flat_orientation_l2: -0.0011
  Episode_Reward/air_time_variance: -0.0099
        Episode_Reward/feet_height: 0.0000
      Episode_Reward/feet_air_time: -0.0000
Episode_Reward/update_last_buffers: 0.0000
   Episode_Reward/wheel_idle_speed: -0.0036
    Episode_Reward/wheel_action_l2: -0.0000
  Episode_Reward/wheel_action_rate: 0.0000
Episode_Reward/teacher_ensemble_match: 0.0000
  Episode_Reward/wheel_forward_use: 0.0159
 Episode_Reward/wheel_turn_support: 0.0440
   Metrics/locomotion/error_vel_xy: 0.3570
  Metrics/locomotion/error_vel_yaw: 0.2898
      Episode_Termination/time_out: 1.0000
   Episode_Termination/bad_contact: 0.0000
          Episode_Termination/tilt: 0.0000
    Episode_Termination/low_height: 0.0000
--------------------------------------------------------------------------------
                   Total timesteps: 39936
                    Iteration time: 2.53s
                      Time elapsed: 00:01:09
                               ETA: 00:07:50

################################################################################
                      [1m Learning iteration 26/200 [0m                       

                       Computation: 593 steps/s (collection: 2.519s, learning 0.070s)
             Mean action noise std: 0.05
          Mean value_function loss: 0.3082
               Mean surrogate loss: -0.0089
                 Mean entropy loss: -27.2720
                       Mean reward: -33.69
               Mean episode length: 283.90
   Episode_Reward/term_bad_contact: 0.0000
          Episode_Reward/term_tilt: 0.0000
    Episode_Reward/term_low_height: 0.0000
      Episode_Reward/leg_action_l2: -0.0009
   Episode_Reward/tracking_lin_vel: 0.4720
Episode_Reward/tracking_lin_vel_x_exp: 0.6431
Episode_Reward/tracking_ang_vel_yaw_l1: 0.0000
Episode_Reward/tracking_ang_vel_yaw_exp: 0.7186
Episode_Reward/tracking_lin_vel_y_l2: 0.0000
Episode_Reward/tracking_lin_vel_z_l2: 0.0000
            Episode_Reward/survive: 0.0000
    Episode_Reward/foot_contacts_z: 0.0000
            Episode_Reward/torques: -0.1190
 Episode_Reward/tracking_lin_vel_y: 0.0000
          Episode_Reward/lin_vel_z: -0.0036
         Episode_Reward/ang_vel_xy: -0.0123
   Episode_Reward/tracking_ang_vel: 0.2377
               Episode_Reward/work: -0.0427
            Episode_Reward/dof_acc: -0.0023
        Episode_Reward/action_rate: -0.0013
     Episode_Reward/dof_pos_limits: 0.0000
      Episode_Reward/delta_torques: -0.0002
          Episode_Reward/collision: -5.9402
        Episode_Reward/walking_dof: 0.0129
            Episode_Reward/hip_pos: -0.0015
          Episode_Reward/feet_jerk: 0.0000
              Episode_Reward/alive: 0.3000
          Episode_Reward/feet_drag: -0.0095
Episode_Reward/feet_contact_forces: -0.1966
               Episode_Reward/roll: -0.0046
        Episode_Reward/base_height: -0.0282
Episode_Reward/tracking_lin_vel_max: 0.2406
Episode_Reward/flat_orientation_l2: -0.0009
  Episode_Reward/air_time_variance: -0.0158
        Episode_Reward/feet_height: 0.0000
      Episode_Reward/feet_air_time: -0.0000
Episode_Reward/update_last_buffers: 0.0000
   Episode_Reward/wheel_idle_speed: -0.0027
    Episode_Reward/wheel_action_l2: -0.0000
  Episode_Reward/wheel_action_rate: 0.0000
Episode_Reward/teacher_ensemble_match: 0.0000
  Episode_Reward/wheel_forward_use: 0.0133
 Episode_Reward/wheel_turn_support: 0.0763
   Metrics/locomotion/error_vel_xy: 0.3447
  Metrics/locomotion/error_vel_yaw: 0.3223
      Episode_Termination/time_out: 1.0000
   Episode_Termination/bad_contact: 0.0000
          Episode_Termination/tilt: 0.0000
    Episode_Termination/low_height: 0.0000
--------------------------------------------------------------------------------
                   Total timesteps: 41472
                    Iteration time: 2.59s
                      Time elapsed: 00:01:12
                               ETA: 00:07:47

################################################################################
                      [1m Learning iteration 27/200 [0m                       

                       Computation: 602 steps/s (collection: 2.480s, learning 0.069s)
             Mean action noise std: 0.05
          Mean value_function loss: 0.2522
               Mean surrogate loss: 0.0384
                 Mean entropy loss: -27.2720
                       Mean reward: -34.14
               Mean episode length: 287.41
   Episode_Reward/term_bad_contact: 0.0000
          Episode_Reward/term_tilt: 0.0000
    Episode_Reward/term_low_height: 0.0000
      Episode_Reward/leg_action_l2: -0.0009
   Episode_Reward/tracking_lin_vel: 0.4899
Episode_Reward/tracking_lin_vel_x_exp: 0.7446
Episode_Reward/tracking_ang_vel_yaw_l1: 0.0000
Episode_Reward/tracking_ang_vel_yaw_exp: 0.7221
Episode_Reward/tracking_lin_vel_y_l2: 0.0000
Episode_Reward/tracking_lin_vel_z_l2: 0.0000
            Episode_Reward/survive: 0.0000
    Episode_Reward/foot_contacts_z: 0.0000
            Episode_Reward/torques: -0.1296
 Episode_Reward/tracking_lin_vel_y: 0.0000
          Episode_Reward/lin_vel_z: -0.0045
         Episode_Reward/ang_vel_xy: -0.0118
   Episode_Reward/tracking_ang_vel: 0.2420
               Episode_Reward/work: -0.0455
            Episode_Reward/dof_acc: -0.0023
        Episode_Reward/action_rate: -0.0014
     Episode_Reward/dof_pos_limits: 0.0000
      Episode_Reward/delta_torques: -0.0002
          Episode_Reward/collision: -5.9338
        Episode_Reward/walking_dof: 0.0113
            Episode_Reward/hip_pos: -0.0028
          Episode_Reward/feet_jerk: 0.0000
              Episode_Reward/alive: 0.3000
          Episode_Reward/feet_drag: -0.0088
Episode_Reward/feet_contact_forces: -0.1966
               Episode_Reward/roll: -0.0052
        Episode_Reward/base_height: -0.0231
Episode_Reward/tracking_lin_vel_max: 0.2566
Episode_Reward/flat_orientation_l2: -0.0016
  Episode_Reward/air_time_variance: -0.0120
        Episode_Reward/feet_height: 0.0000
      Episode_Reward/feet_air_time: -0.0001
Episode_Reward/update_last_buffers: 0.0000
   Episode_Reward/wheel_idle_speed: -0.0032
    Episode_Reward/wheel_action_l2: -0.0000
  Episode_Reward/wheel_action_rate: 0.0000
Episode_Reward/teacher_ensemble_match: 0.0000
  Episode_Reward/wheel_forward_use: 0.0395
 Episode_Reward/wheel_turn_support: 0.0393
   Metrics/locomotion/error_vel_xy: 0.3099
  Metrics/locomotion/error_vel_yaw: 0.3086
      Episode_Termination/time_out: 1.0000
   Episode_Termination/bad_contact: 0.0000
          Episode_Termination/tilt: 0.0000
    Episode_Termination/low_height: 0.0000
--------------------------------------------------------------------------------
                   Total timesteps: 43008
                    Iteration time: 2.55s
                      Time elapsed: 00:01:15
                               ETA: 00:07:43

################################################################################
                      [1m Learning iteration 28/200 [0m                       

                       Computation: 606 steps/s (collection: 2.461s, learning 0.069s)
             Mean action noise std: 0.05
          Mean value_function loss: 0.1546
               Mean surrogate loss: 0.0246
                 Mean entropy loss: -27.2720
                       Mean reward: -34.22
               Mean episode length: 288.35
   Episode_Reward/term_bad_contact: 0.0000
          Episode_Reward/term_tilt: 0.0000
    Episode_Reward/term_low_height: 0.0000
      Episode_Reward/leg_action_l2: -0.0010
   Episode_Reward/tracking_lin_vel: 0.4803
Episode_Reward/tracking_lin_vel_x_exp: 0.6093
Episode_Reward/tracking_ang_vel_yaw_l1: 0.0000
Episode_Reward/tracking_ang_vel_yaw_exp: 0.7923
Episode_Reward/tracking_lin_vel_y_l2: 0.0000
Episode_Reward/tracking_lin_vel_z_l2: 0.0000
            Episode_Reward/survive: 0.0000
    Episode_Reward/foot_contacts_z: 0.0000
            Episode_Reward/torques: -0.1560
 Episode_Reward/tracking_lin_vel_y: 0.0000
          Episode_Reward/lin_vel_z: -0.0041
         Episode_Reward/ang_vel_xy: -0.0091
   Episode_Reward/tracking_ang_vel: 0.2475
               Episode_Reward/work: -0.0405
            Episode_Reward/dof_acc: -0.0015
        Episode_Reward/action_rate: -0.0011
     Episode_Reward/dof_pos_limits: 0.0000
      Episode_Reward/delta_torques: -0.0002
          Episode_Reward/collision: -5.8921
        Episode_Reward/walking_dof: 0.0159
            Episode_Reward/hip_pos: -0.0057
          Episode_Reward/feet_jerk: 0.0000
              Episode_Reward/alive: 0.3000
          Episode_Reward/feet_drag: -0.0080
Episode_Reward/feet_contact_forces: -0.1967
               Episode_Reward/roll: -0.0077
        Episode_Reward/base_height: -0.0132
Episode_Reward/tracking_lin_vel_max: 0.1926
Episode_Reward/flat_orientation_l2: -0.0017
  Episode_Reward/air_time_variance: -0.0069
        Episode_Reward/feet_height: 0.0000
      Episode_Reward/feet_air_time: -0.0001
Episode_Reward/update_last_buffers: 0.0000
   Episode_Reward/wheel_idle_speed: -0.0012
    Episode_Reward/wheel_action_l2: -0.0000
  Episode_Reward/wheel_action_rate: 0.0000
Episode_Reward/teacher_ensemble_match: 0.0000
  Episode_Reward/wheel_forward_use: 0.0657
 Episode_Reward/wheel_turn_support: 0.0526
   Metrics/locomotion/error_vel_xy: 0.3404
  Metrics/locomotion/error_vel_yaw: 0.2961
      Episode_Termination/time_out: 1.0000
   Episode_Termination/bad_contact: 0.0000
          Episode_Termination/tilt: 0.0000
    Episode_Termination/low_height: 0.0000
--------------------------------------------------------------------------------
                   Total timesteps: 44544
                    Iteration time: 2.53s
                      Time elapsed: 00:01:17
                               ETA: 00:07:40

################################################################################
                      [1m Learning iteration 29/200 [0m                       

                       Computation: 591 steps/s (collection: 2.526s, learning 0.069s)
             Mean action noise std: 0.05
          Mean value_function loss: 0.4698
               Mean surrogate loss: 0.0224
                 Mean entropy loss: -27.2720
                       Mean reward: -35.22
               Mean episode length: 294.62
   Episode_Reward/term_bad_contact: 0.0000
          Episode_Reward/term_tilt: 0.0000
    Episode_Reward/term_low_height: 0.0000
      Episode_Reward/leg_action_l2: -0.0008
   Episode_Reward/tracking_lin_vel: 0.4887
Episode_Reward/tracking_lin_vel_x_exp: 0.7112
Episode_Reward/tracking_ang_vel_yaw_l1: 0.0000
Episode_Reward/tracking_ang_vel_yaw_exp: 0.7425
Episode_Reward/tracking_lin_vel_y_l2: 0.0000
Episode_Reward/tracking_lin_vel_z_l2: 0.0000
            Episode_Reward/survive: 0.0000
    Episode_Reward/foot_contacts_z: 0.0000
            Episode_Reward/torques: -0.1097
 Episode_Reward/tracking_lin_vel_y: 0.0000
          Episode_Reward/lin_vel_z: -0.0039
         Episode_Reward/ang_vel_xy: -0.0106
   Episode_Reward/tracking_ang_vel: 0.2450
               Episode_Reward/work: -0.0441
            Episode_Reward/dof_acc: -0.0020
        Episode_Reward/action_rate: -0.0013
     Episode_Reward/dof_pos_limits: 0.0000
      Episode_Reward/delta_torques: -0.0002
          Episode_Reward/collision: -5.9694
        Episode_Reward/walking_dof: 0.0156
            Episode_Reward/hip_pos: -0.0017
          Episode_Reward/feet_jerk: 0.0000
              Episode_Reward/alive: 0.3000
          Episode_Reward/feet_drag: -0.0086
Episode_Reward/feet_contact_forces: -0.1965
               Episode_Reward/roll: -0.0049
        Episode_Reward/base_height: -0.0283
Episode_Reward/tracking_lin_vel_max: 0.1974
Episode_Reward/flat_orientation_l2: -0.0011
  Episode_Reward/air_time_variance: -0.0158
        Episode_Reward/feet_height: 0.0000
      Episode_Reward/feet_air_time: -0.0000
Episode_Reward/update_last_buffers: 0.0000
   Episode_Reward/wheel_idle_speed: -0.0020
    Episode_Reward/wheel_action_l2: -0.0000
  Episode_Reward/wheel_action_rate: 0.0000
Episode_Reward/teacher_ensemble_match: 0.0000
  Episode_Reward/wheel_forward_use: 0.0443
 Episode_Reward/wheel_turn_support: 0.0528
   Metrics/locomotion/error_vel_xy: 0.3149
  Metrics/locomotion/error_vel_yaw: 0.2974
      Episode_Termination/time_out: 1.0000
   Episode_Termination/bad_contact: 0.0000
          Episode_Termination/tilt: 0.0000
    Episode_Termination/low_height: 0.0000
--------------------------------------------------------------------------------
                   Total timesteps: 46080
                    Iteration time: 2.60s
                      Time elapsed: 00:01:20
                               ETA: 00:07:37

################################################################################
                      [1m Learning iteration 30/200 [0m                       

                       Computation: 592 steps/s (collection: 2.524s, learning 0.069s)
             Mean action noise std: 0.05
          Mean value_function loss: 0.4008
               Mean surrogate loss: 0.0030
                 Mean entropy loss: -27.2720
                       Mean reward: -35.76
               Mean episode length: 298.73
   Episode_Reward/term_bad_contact: 0.0000
          Episode_Reward/term_tilt: 0.0000
    Episode_Reward/term_low_height: 0.0000
      Episode_Reward/leg_action_l2: -0.0008
   Episode_Reward/tracking_lin_vel: 0.5139
Episode_Reward/tracking_lin_vel_x_exp: 0.8222
Episode_Reward/tracking_ang_vel_yaw_l1: 0.0000
Episode_Reward/tracking_ang_vel_yaw_exp: 0.6874
Episode_Reward/tracking_lin_vel_y_l2: 0.0000
Episode_Reward/tracking_lin_vel_z_l2: 0.0000
            Episode_Reward/survive: 0.0000
    Episode_Reward/foot_contacts_z: 0.0000
            Episode_Reward/torques: -0.1074
 Episode_Reward/tracking_lin_vel_y: 0.0000
          Episode_Reward/lin_vel_z: -0.0051
         Episode_Reward/ang_vel_xy: -0.0116
   Episode_Reward/tracking_ang_vel: 0.2331
               Episode_Reward/work: -0.0500
            Episode_Reward/dof_acc: -0.0022
        Episode_Reward/action_rate: -0.0014
     Episode_Reward/dof_pos_limits: 0.0000
      Episode_Reward/delta_torques: -0.0002
          Episode_Reward/collision: -5.9375
        Episode_Reward/walking_dof: 0.0068
            Episode_Reward/hip_pos: -0.0015
          Episode_Reward/feet_jerk: 0.0000
              Episode_Reward/alive: 0.3000
          Episode_Reward/feet_drag: -0.0093
Episode_Reward/feet_contact_forces: -0.1965
               Episode_Reward/roll: -0.0046
        Episode_Reward/base_height: -0.0257
Episode_Reward/tracking_lin_vel_max: 0.3250
Episode_Reward/flat_orientation_l2: -0.0009
  Episode_Reward/air_time_variance: -0.0166
        Episode_Reward/feet_height: 0.0000
      Episode_Reward/feet_air_time: -0.0000
Episode_Reward/update_last_buffers: 0.0000
   Episode_Reward/wheel_idle_speed: -0.0043
    Episode_Reward/wheel_action_l2: -0.0000
  Episode_Reward/wheel_action_rate: 0.0000
Episode_Reward/teacher_ensemble_match: 0.0000
  Episode_Reward/wheel_forward_use: 0.0108
 Episode_Reward/wheel_turn_support: 0.0507
   Metrics/locomotion/error_vel_xy: 0.2683
  Metrics/locomotion/error_vel_yaw: 0.3464
      Episode_Termination/time_out: 1.0000
   Episode_Termination/bad_contact: 0.0000
          Episode_Termination/tilt: 0.0000
    Episode_Termination/low_height: 0.0000
--------------------------------------------------------------------------------
                   Total timesteps: 47616
                    Iteration time: 2.59s
                      Time elapsed: 00:01:22
                               ETA: 00:07:34

################################################################################
                      [1m Learning iteration 31/200 [0m                       

                       Computation: 592 steps/s (collection: 2.522s, learning 0.069s)
             Mean action noise std: 0.05
          Mean value_function loss: 0.4359
               Mean surrogate loss: 0.0322
                 Mean entropy loss: -27.2720
                       Mean reward: -36.06
               Mean episode length: 300.00
   Episode_Reward/term_bad_contact: 0.0000
          Episode_Reward/term_tilt: 0.0000
    Episode_Reward/term_low_height: 0.0000
      Episode_Reward/leg_action_l2: -0.0010
   Episode_Reward/tracking_lin_vel: 0.4833
Episode_Reward/tracking_lin_vel_x_exp: 0.7152
Episode_Reward/tracking_ang_vel_yaw_l1: 0.0000
Episode_Reward/tracking_ang_vel_yaw_exp: 0.7151
Episode_Reward/tracking_lin_vel_y_l2: 0.0000
Episode_Reward/tracking_lin_vel_z_l2: 0.0000
            Episode_Reward/survive: 0.0000
    Episode_Reward/foot_contacts_z: 0.0000
            Episode_Reward/torques: -0.1184
 Episode_Reward/tracking_lin_vel_y: 0.0000
          Episode_Reward/lin_vel_z: -0.0054
         Episode_Reward/ang_vel_xy: -0.0117
   Episode_Reward/tracking_ang_vel: 0.2378
               Episode_Reward/work: -0.0512
            Episode_Reward/dof_acc: -0.0022
        Episode_Reward/action_rate: -0.0014
     Episode_Reward/dof_pos_limits: 0.0000
      Episode_Reward/delta_torques: -0.0002
          Episode_Reward/collision: -5.9327
        Episode_Reward/walking_dof: 0.0141
            Episode_Reward/hip_pos: -0.0016
          Episode_Reward/feet_jerk: 0.0000
              Episode_Reward/alive: 0.3000
          Episode_Reward/feet_drag: -0.0093
Episode_Reward/feet_contact_forces: -0.1967
               Episode_Reward/roll: -0.0056
        Episode_Reward/base_height: -0.0255
Episode_Reward/tracking_lin_vel_max: 0.2147
Episode_Reward/flat_orientation_l2: -0.0011
  Episode_Reward/air_time_variance: -0.0148
        Episode_Reward/feet_height: 0.0000
      Episode_Reward/feet_air_time: -0.0001
Episode_Reward/update_last_buffers: 0.0000
   Episode_Reward/wheel_idle_speed: -0.0021
    Episode_Reward/wheel_action_l2: -0.0000
  Episode_Reward/wheel_action_rate: 0.0000
Episode_Reward/teacher_ensemble_match: 0.0000
  Episode_Reward/wheel_forward_use: 0.0415
 Episode_Reward/wheel_turn_support: 0.0621
   Metrics/locomotion/error_vel_xy: 0.3217
  Metrics/locomotion/error_vel_yaw: 0.3342
      Episode_Termination/time_out: 1.0000
   Episode_Termination/bad_contact: 0.0000
          Episode_Termination/tilt: 0.0000
    Episode_Termination/low_height: 0.0000
--------------------------------------------------------------------------------
                   Total timesteps: 49152
                    Iteration time: 2.59s
                      Time elapsed: 00:01:25
                               ETA: 00:07:31

################################################################################
                      [1m Learning iteration 32/200 [0m                       

                       Computation: 607 steps/s (collection: 2.460s, learning 0.070s)
             Mean action noise std: 0.05
          Mean value_function loss: 0.1916
               Mean surrogate loss: 0.0319
                 Mean entropy loss: -27.2720
                       Mean reward: -36.08
               Mean episode length: 300.00
   Episode_Reward/term_bad_contact: 0.0000
          Episode_Reward/term_tilt: 0.0000
    Episode_Reward/term_low_height: 0.0000
      Episode_Reward/leg_action_l2: -0.0009
   Episode_Reward/tracking_lin_vel: 0.4977
Episode_Reward/tracking_lin_vel_x_exp: 0.8230
Episode_Reward/tracking_ang_vel_yaw_l1: 0.0000
Episode_Reward/tracking_ang_vel_yaw_exp: 0.6337
Episode_Reward/tracking_lin_vel_y_l2: 0.0000
Episode_Reward/tracking_lin_vel_z_l2: 0.0000
            Episode_Reward/survive: 0.0000
    Episode_Reward/foot_contacts_z: 0.0000
            Episode_Reward/torques: -0.1264
 Episode_Reward/tracking_lin_vel_y: 0.0000
          Episode_Reward/lin_vel_z: -0.0061
         Episode_Reward/ang_vel_xy: -0.0113
   Episode_Reward/tracking_ang_vel: 0.2215
               Episode_Reward/work: -0.0533
            Episode_Reward/dof_acc: -0.0022
        Episode_Reward/action_rate: -0.0013
     Episode_Reward/dof_pos_limits: 0.0000
      Episode_Reward/delta_torques: -0.0002
          Episode_Reward/collision: -5.9358
        Episode_Reward/walking_dof: 0.0055
            Episode_Reward/hip_pos: -0.0020
          Episode_Reward/feet_jerk: 0.0000
              Episode_Reward/alive: 0.3000
          Episode_Reward/feet_drag: -0.0093
Episode_Reward/feet_contact_forces: -0.1966
               Episode_Reward/roll: -0.0056
        Episode_Reward/base_height: -0.0215
Episode_Reward/tracking_lin_vel_max: 0.3425
Episode_Reward/flat_orientation_l2: -0.0007
  Episode_Reward/air_time_variance: -0.0182
        Episode_Reward/feet_height: 0.0000
      Episode_Reward/feet_air_time: 0.0000
Episode_Reward/update_last_buffers: 0.0000
   Episode_Reward/wheel_idle_speed: -0.0047
    Episode_Reward/wheel_action_l2: -0.0000
  Episode_Reward/wheel_action_rate: 0.0000
Episode_Reward/teacher_ensemble_match: 0.0000
  Episode_Reward/wheel_forward_use: 0.0206
 Episode_Reward/wheel_turn_support: 0.0767
   Metrics/locomotion/error_vel_xy: 0.2871
  Metrics/locomotion/error_vel_yaw: 0.3872
      Episode_Termination/time_out: 1.0000
   Episode_Termination/bad_contact: 0.0000
          Episode_Termination/tilt: 0.0000
    Episode_Termination/low_height: 0.0000
--------------------------------------------------------------------------------
                   Total timesteps: 50688
                    Iteration time: 2.53s
                      Time elapsed: 00:01:27
                               ETA: 00:07:27

################################################################################
                      [1m Learning iteration 33/200 [0m                       

                       Computation: 600 steps/s (collection: 2.488s, learning 0.070s)
             Mean action noise std: 0.05
          Mean value_function loss: 0.1986
               Mean surrogate loss: 0.0079
                 Mean entropy loss: -27.2720
                       Mean reward: -36.00
               Mean episode length: 300.00
   Episode_Reward/term_bad_contact: 0.0000
          Episode_Reward/term_tilt: 0.0000
    Episode_Reward/term_low_height: 0.0000
      Episode_Reward/leg_action_l2: -0.0011
   Episode_Reward/tracking_lin_vel: 0.5165
Episode_Reward/tracking_lin_vel_x_exp: 0.8687
Episode_Reward/tracking_ang_vel_yaw_l1: 0.0000
Episode_Reward/tracking_ang_vel_yaw_exp: 0.6936
Episode_Reward/tracking_lin_vel_y_l2: 0.0000
Episode_Reward/tracking_lin_vel_z_l2: 0.0000
            Episode_Reward/survive: 0.0000
    Episode_Reward/foot_contacts_z: 0.0000
            Episode_Reward/torques: -0.1098
 Episode_Reward/tracking_lin_vel_y: 0.0000
          Episode_Reward/lin_vel_z: -0.0054
         Episode_Reward/ang_vel_xy: -0.0117
   Episode_Reward/tracking_ang_vel: 0.2341
               Episode_Reward/work: -0.0526
            Episode_Reward/dof_acc: -0.0023
        Episode_Reward/action_rate: -0.0015
     Episode_Reward/dof_pos_limits: 0.0000
      Episode_Reward/delta_torques: -0.0002
          Episode_Reward/collision: -5.9506
        Episode_Reward/walking_dof: 0.0050
            Episode_Reward/hip_pos: -0.0010
          Episode_Reward/feet_jerk: 0.0000
              Episode_Reward/alive: 0.3000
          Episode_Reward/feet_drag: -0.0088
Episode_Reward/feet_contact_forces: -0.1966
               Episode_Reward/roll: -0.0050
        Episode_Reward/base_height: -0.0293
Episode_Reward/tracking_lin_vel_max: 0.3542
Episode_Reward/flat_orientation_l2: -0.0005
  Episode_Reward/air_time_variance: -0.0188
        Episode_Reward/feet_height: 0.0000
      Episode_Reward/feet_air_time: -0.0000
Episode_Reward/update_last_buffers: 0.0000
   Episode_Reward/wheel_idle_speed: -0.0041
    Episode_Reward/wheel_action_l2: -0.0000
  Episode_Reward/wheel_action_rate: 0.0000
Episode_Reward/teacher_ensemble_match: 0.0000
  Episode_Reward/wheel_forward_use: 0.0029
 Episode_Reward/wheel_turn_support: 0.0692
   Metrics/locomotion/error_vel_xy: 0.2567
  Metrics/locomotion/error_vel_yaw: 0.3382
      Episode_Termination/time_out: 1.0000
   Episode_Termination/bad_contact: 0.0000
          Episode_Termination/tilt: 0.0000
    Episode_Termination/low_height: 0.0000
--------------------------------------------------------------------------------
                   Total timesteps: 52224
                    Iteration time: 2.56s
                      Time elapsed: 00:01:30
                               ETA: 00:07:24

################################################################################
                      [1m Learning iteration 34/200 [0m                       

                       Computation: 581 steps/s (collection: 2.570s, learning 0.073s)
             Mean action noise std: 0.05
          Mean value_function loss: 0.3345
               Mean surrogate loss: -0.0018
                 Mean entropy loss: -27.2720
                       Mean reward: -35.94
               Mean episode length: 300.00
   Episode_Reward/term_bad_contact: 0.0000
          Episode_Reward/term_tilt: 0.0000
    Episode_Reward/term_low_height: 0.0000
      Episode_Reward/leg_action_l2: -0.0009
   Episode_Reward/tracking_lin_vel: 0.4635
Episode_Reward/tracking_lin_vel_x_exp: 0.6388
Episode_Reward/tracking_ang_vel_yaw_l1: 0.0000
Episode_Reward/tracking_ang_vel_yaw_exp: 0.7552
Episode_Reward/tracking_lin_vel_y_l2: 0.0000
Episode_Reward/tracking_lin_vel_z_l2: 0.0000
            Episode_Reward/survive: 0.0000
    Episode_Reward/foot_contacts_z: 0.0000
            Episode_Reward/torques: -0.1197
 Episode_Reward/tracking_lin_vel_y: 0.0000
          Episode_Reward/lin_vel_z: -0.0062
         Episode_Reward/ang_vel_xy: -0.0104
   Episode_Reward/tracking_ang_vel: 0.2453
               Episode_Reward/work: -0.0529
            Episode_Reward/dof_acc: -0.0023
        Episode_Reward/action_rate: -0.0014
     Episode_Reward/dof_pos_limits: 0.0000
      Episode_Reward/delta_torques: -0.0002
          Episode_Reward/collision: -5.9188
        Episode_Reward/walking_dof: 0.0159
            Episode_Reward/hip_pos: -0.0015
          Episode_Reward/feet_jerk: 0.0000
              Episode_Reward/alive: 0.3000
          Episode_Reward/feet_drag: -0.0087
Episode_Reward/feet_contact_forces: -0.1969
               Episode_Reward/roll: -0.0061
        Episode_Reward/base_height: -0.0278
Episode_Reward/tracking_lin_vel_max: 0.1976
Episode_Reward/flat_orientation_l2: -0.0008
  Episode_Reward/air_time_variance: -0.0123
        Episode_Reward/feet_height: 0.0000
      Episode_Reward/feet_air_time: -0.0001
Episode_Reward/update_last_buffers: 0.0000
   Episode_Reward/wheel_idle_speed: -0.0024
    Episode_Reward/wheel_action_l2: -0.0000
  Episode_Reward/wheel_action_rate: 0.0000
Episode_Reward/teacher_ensemble_match: 0.0000
  Episode_Reward/wheel_forward_use: 0.0358
 Episode_Reward/wheel_turn_support: 0.0270
   Metrics/locomotion/error_vel_xy: 0.3593
  Metrics/locomotion/error_vel_yaw: 0.3000
      Episode_Termination/time_out: 1.0000
   Episode_Termination/bad_contact: 0.0000
          Episode_Termination/tilt: 0.0000
    Episode_Termination/low_height: 0.0000
--------------------------------------------------------------------------------
                   Total timesteps: 53760
                    Iteration time: 2.64s
                      Time elapsed: 00:01:33
                               ETA: 00:07:21

################################################################################
                      [1m Learning iteration 35/200 [0m                       

                       Computation: 574 steps/s (collection: 2.603s, learning 0.071s)
             Mean action noise std: 0.05
          Mean value_function loss: 0.3035
               Mean surrogate loss: 0.0260
                 Mean entropy loss: -27.2720
                       Mean reward: -36.00
               Mean episode length: 300.00
   Episode_Reward/term_bad_contact: 0.0000
          Episode_Reward/term_tilt: 0.0000
    Episode_Reward/term_low_height: 0.0000
      Episode_Reward/leg_action_l2: -0.0010
   Episode_Reward/tracking_lin_vel: 0.4453
Episode_Reward/tracking_lin_vel_x_exp: 0.6044
Episode_Reward/tracking_ang_vel_yaw_l1: 0.0000
Episode_Reward/tracking_ang_vel_yaw_exp: 0.7249
Episode_Reward/tracking_lin_vel_y_l2: 0.0000
Episode_Reward/tracking_lin_vel_z_l2: 0.0000
            Episode_Reward/survive: 0.0000
    Episode_Reward/foot_contacts_z: 0.0000
            Episode_Reward/torques: -0.1236
 Episode_Reward/tracking_lin_vel_y: 0.0000
          Episode_Reward/lin_vel_z: -0.0062
         Episode_Reward/ang_vel_xy: -0.0104
   Episode_Reward/tracking_ang_vel: 0.2386
               Episode_Reward/work: -0.0510
            Episode_Reward/dof_acc: -0.0021
        Episode_Reward/action_rate: -0.0013
     Episode_Reward/dof_pos_limits: 0.0000
      Episode_Reward/delta_torques: -0.0002
          Episode_Reward/collision: -5.8883
        Episode_Reward/walking_dof: 0.0172
            Episode_Reward/hip_pos: -0.0027
          Episode_Reward/feet_jerk: 0.0000
              Episode_Reward/alive: 0.3000
          Episode_Reward/feet_drag: -0.0091
Episode_Reward/feet_contact_forces: -0.1968
               Episode_Reward/roll: -0.0085
        Episode_Reward/base_height: -0.0240
Episode_Reward/tracking_lin_vel_max: 0.1754
Episode_Reward/flat_orientation_l2: -0.0020
  Episode_Reward/air_time_variance: -0.0118
        Episode_Reward/feet_height: 0.0000
      Episode_Reward/feet_air_time: -0.0001
Episode_Reward/update_last_buffers: 0.0000
   Episode_Reward/wheel_idle_speed: -0.0020
    Episode_Reward/wheel_action_l2: -0.0000
  Episode_Reward/wheel_action_rate: 0.0000
Episode_Reward/teacher_ensemble_match: 0.0000
  Episode_Reward/wheel_forward_use: 0.0344
 Episode_Reward/wheel_turn_support: 0.0551
   Metrics/locomotion/error_vel_xy: 0.3850
  Metrics/locomotion/error_vel_yaw: 0.3295
      Episode_Termination/time_out: 1.0000
   Episode_Termination/bad_contact: 0.0000
          Episode_Termination/tilt: 0.0000
    Episode_Termination/low_height: 0.0000
--------------------------------------------------------------------------------
                   Total timesteps: 55296
                    Iteration time: 2.67s
                      Time elapsed: 00:01:35
                               ETA: 00:07:19

################################################################################
                      [1m Learning iteration 36/200 [0m                       

                       Computation: 592 steps/s (collection: 2.520s, learning 0.071s)
             Mean action noise std: 0.05
          Mean value_function loss: 0.2824
               Mean surrogate loss: 0.0146
                 Mean entropy loss: -27.2720
                       Mean reward: -35.94
               Mean episode length: 300.00
   Episode_Reward/term_bad_contact: 0.0000
          Episode_Reward/term_tilt: 0.0000
    Episode_Reward/term_low_height: 0.0000
      Episode_Reward/leg_action_l2: -0.0010
   Episode_Reward/tracking_lin_vel: 0.5188
Episode_Reward/tracking_lin_vel_x_exp: 0.8172
Episode_Reward/tracking_ang_vel_yaw_l1: 0.0000
Episode_Reward/tracking_ang_vel_yaw_exp: 0.7158
Episode_Reward/tracking_lin_vel_y_l2: 0.0000
Episode_Reward/tracking_lin_vel_z_l2: 0.0000
            Episode_Reward/survive: 0.0000
    Episode_Reward/foot_contacts_z: 0.0000
            Episode_Reward/torques: -0.1210
 Episode_Reward/tracking_lin_vel_y: 0.0000
          Episode_Reward/lin_vel_z: -0.0061
         Episode_Reward/ang_vel_xy: -0.0121
   Episode_Reward/tracking_ang_vel: 0.2375
               Episode_Reward/work: -0.0514
            Episode_Reward/dof_acc: -0.0024
        Episode_Reward/action_rate: -0.0015
     Episode_Reward/dof_pos_limits: 0.0000
      Episode_Reward/delta_torques: -0.0002
          Episode_Reward/collision: -5.9165
        Episode_Reward/walking_dof: 0.0047
            Episode_Reward/hip_pos: -0.0023
          Episode_Reward/feet_jerk: 0.0000
              Episode_Reward/alive: 0.3000
          Episode_Reward/feet_drag: -0.0089
Episode_Reward/feet_contact_forces: -0.1968
               Episode_Reward/roll: -0.0044
        Episode_Reward/base_height: -0.0233
Episode_Reward/tracking_lin_vel_max: 0.3587
Episode_Reward/flat_orientation_l2: -0.0012
  Episode_Reward/air_time_variance: -0.0111
        Episode_Reward/feet_height: 0.0000
      Episode_Reward/feet_air_time: -0.0000
Episode_Reward/update_last_buffers: 0.0000
   Episode_Reward/wheel_idle_speed: -0.0044
    Episode_Reward/wheel_action_l2: -0.0000
  Episode_Reward/wheel_action_rate: 0.0000
Episode_Reward/teacher_ensemble_match: 0.0000
  Episode_Reward/wheel_forward_use: 0.0119
 Episode_Reward/wheel_turn_support: 0.0308
   Metrics/locomotion/error_vel_xy: 0.2615
  Metrics/locomotion/error_vel_yaw: 0.3279
      Episode_Termination/time_out: 1.0000
   Episode_Termination/bad_contact: 0.0000
          Episode_Termination/tilt: 0.0000
    Episode_Termination/low_height: 0.0000
--------------------------------------------------------------------------------
                   Total timesteps: 56832
                    Iteration time: 2.59s
                      Time elapsed: 00:01:38
                               ETA: 00:07:16

################################################################################
                      [1m Learning iteration 37/200 [0m                       

                       Computation: 591 steps/s (collection: 2.522s, learning 0.073s)
             Mean action noise std: 0.05
          Mean value_function loss: 0.1601
               Mean surrogate loss: 0.0318
                 Mean entropy loss: -27.2720
                       Mean reward: -35.90
               Mean episode length: 300.00
   Episode_Reward/term_bad_contact: 0.0000
          Episode_Reward/term_tilt: 0.0000
    Episode_Reward/term_low_height: 0.0000
      Episode_Reward/leg_action_l2: -0.0009
   Episode_Reward/tracking_lin_vel: 0.4971
Episode_Reward/tracking_lin_vel_x_exp: 0.7409
Episode_Reward/tracking_ang_vel_yaw_l1: 0.0000
Episode_Reward/tracking_ang_vel_yaw_exp: 0.6921
Episode_Reward/tracking_lin_vel_y_l2: 0.0000
Episode_Reward/tracking_lin_vel_z_l2: 0.0000
            Episode_Reward/survive: 0.0000
    Episode_Reward/foot_contacts_z: 0.0000
            Episode_Reward/torques: -0.1231
 Episode_Reward/tracking_lin_vel_y: 0.0000
          Episode_Reward/lin_vel_z: -0.0070
         Episode_Reward/ang_vel_xy: -0.0114
   Episode_Reward/tracking_ang_vel: 0.2351
               Episode_Reward/work: -0.0540
            Episode_Reward/dof_acc: -0.0021
        Episode_Reward/action_rate: -0.0015
     Episode_Reward/dof_pos_limits: 0.0000
      Episode_Reward/delta_torques: -0.0002
          Episode_Reward/collision: -5.8817
        Episode_Reward/walking_dof: 0.0082
            Episode_Reward/hip_pos: -0.0023
          Episode_Reward/feet_jerk: 0.0000
              Episode_Reward/alive: 0.3000
          Episode_Reward/feet_drag: -0.0088
Episode_Reward/feet_contact_forces: -0.1971
               Episode_Reward/roll: -0.0065
        Episode_Reward/base_height: -0.0238
Episode_Reward/tracking_lin_vel_max: 0.3156
Episode_Reward/flat_orientation_l2: -0.0012
  Episode_Reward/air_time_variance: -0.0146
        Episode_Reward/feet_height: 0.0000
      Episode_Reward/feet_air_time: -0.0000
Episode_Reward/update_last_buffers: 0.0000
   Episode_Reward/wheel_idle_speed: -0.0029
    Episode_Reward/wheel_action_l2: -0.0000
  Episode_Reward/wheel_action_rate: 0.0000
Episode_Reward/teacher_ensemble_match: 0.0000
  Episode_Reward/wheel_forward_use: 0.0170
 Episode_Reward/wheel_turn_support: 0.1028
   Metrics/locomotion/error_vel_xy: 0.3002
  Metrics/locomotion/error_vel_yaw: 0.3456
      Episode_Termination/time_out: 1.0000
   Episode_Termination/bad_contact: 0.0000
          Episode_Termination/tilt: 0.0000
    Episode_Termination/low_height: 0.0000
--------------------------------------------------------------------------------
                   Total timesteps: 58368
                    Iteration time: 2.60s
                      Time elapsed: 00:01:40
                               ETA: 00:07:13

################################################################################
                      [1m Learning iteration 38/200 [0m                       

                       Computation: 593 steps/s (collection: 2.515s, learning 0.072s)
             Mean action noise std: 0.05
          Mean value_function loss: 0.2613
               Mean surrogate loss: 0.0382
                 Mean entropy loss: -27.2720
                       Mean reward: -35.89
               Mean episode length: 300.00
   Episode_Reward/term_bad_contact: 0.0000
          Episode_Reward/term_tilt: 0.0000
    Episode_Reward/term_low_height: 0.0000
      Episode_Reward/leg_action_l2: -0.0014
   Episode_Reward/tracking_lin_vel: 0.5285
Episode_Reward/tracking_lin_vel_x_exp: 0.9041
Episode_Reward/tracking_ang_vel_yaw_l1: 0.0000
Episode_Reward/tracking_ang_vel_yaw_exp: 0.6658
Episode_Reward/tracking_lin_vel_y_l2: 0.0000
Episode_Reward/tracking_lin_vel_z_l2: 0.0000
            Episode_Reward/survive: 0.0000
    Episode_Reward/foot_contacts_z: 0.0000
            Episode_Reward/torques: -0.1496
 Episode_Reward/tracking_lin_vel_y: 0.0000
          Episode_Reward/lin_vel_z: -0.0079
         Episode_Reward/ang_vel_xy: -0.0126
   Episode_Reward/tracking_ang_vel: 0.2312
               Episode_Reward/work: -0.0599
            Episode_Reward/dof_acc: -0.0027
        Episode_Reward/action_rate: -0.0019
     Episode_Reward/dof_pos_limits: 0.0000
      Episode_Reward/delta_torques: -0.0002
          Episode_Reward/collision: -5.8465
        Episode_Reward/walking_dof: 0.0033
            Episode_Reward/hip_pos: -0.0023
          Episode_Reward/feet_jerk: 0.0000
              Episode_Reward/alive: 0.3000
          Episode_Reward/feet_drag: -0.0091
Episode_Reward/feet_contact_forces: -0.1973
               Episode_Reward/roll: -0.0063
        Episode_Reward/base_height: -0.0228
Episode_Reward/tracking_lin_vel_max: 0.3763
Episode_Reward/flat_orientation_l2: -0.0084
  Episode_Reward/air_time_variance: -0.0128
        Episode_Reward/feet_height: 0.0000
      Episode_Reward/feet_air_time: -0.0001
Episode_Reward/update_last_buffers: 0.0000
   Episode_Reward/wheel_idle_speed: -0.0046
    Episode_Reward/wheel_action_l2: -0.0000
  Episode_Reward/wheel_action_rate: 0.0000
Episode_Reward/teacher_ensemble_match: 0.0000
  Episode_Reward/wheel_forward_use: 0.0118
 Episode_Reward/wheel_turn_support: 0.0761
   Metrics/locomotion/error_vel_xy: 0.2359
  Metrics/locomotion/error_vel_yaw: 0.3571
      Episode_Termination/time_out: 1.0000
   Episode_Termination/bad_contact: 0.0000
          Episode_Termination/tilt: 0.0000
    Episode_Termination/low_height: 0.0000
--------------------------------------------------------------------------------
                   Total timesteps: 59904
                    Iteration time: 2.59s
                      Time elapsed: 00:01:43
                               ETA: 00:07:10

################################################################################
                      [1m Learning iteration 39/200 [0m                       

                       Computation: 597 steps/s (collection: 2.499s, learning 0.072s)
             Mean action noise std: 0.05
          Mean value_function loss: 0.2471
               Mean surrogate loss: 0.0199
                 Mean entropy loss: -27.2720
                       Mean reward: -35.86
               Mean episode length: 300.00
   Episode_Reward/term_bad_contact: 0.0000
          Episode_Reward/term_tilt: 0.0000
    Episode_Reward/term_low_height: 0.0000
      Episode_Reward/leg_action_l2: -0.0012
   Episode_Reward/tracking_lin_vel: 0.5219
Episode_Reward/tracking_lin_vel_x_exp: 0.8795
Episode_Reward/tracking_ang_vel_yaw_l1: 0.0000
Episode_Reward/tracking_ang_vel_yaw_exp: 0.7075
Episode_Reward/tracking_lin_vel_y_l2: 0.0000
Episode_Reward/tracking_lin_vel_z_l2: 0.0000
            Episode_Reward/survive: 0.0000
    Episode_Reward/foot_contacts_z: 0.0000
            Episode_Reward/torques: -0.1331
 Episode_Reward/tracking_lin_vel_y: 0.0000
          Episode_Reward/lin_vel_z: -0.0069
         Episode_Reward/ang_vel_xy: -0.0165
   Episode_Reward/tracking_ang_vel: 0.2368
               Episode_Reward/work: -0.0575
            Episode_Reward/dof_acc: -0.0032
        Episode_Reward/action_rate: -0.0021
     Episode_Reward/dof_pos_limits: 0.0000
      Episode_Reward/delta_torques: -0.0002
          Episode_Reward/collision: -5.8665
        Episode_Reward/walking_dof: 0.0065
            Episode_Reward/hip_pos: -0.0022
          Episode_Reward/feet_jerk: 0.0000
              Episode_Reward/alive: 0.3000
          Episode_Reward/feet_drag: -0.0097
Episode_Reward/feet_contact_forces: -0.1970
               Episode_Reward/roll: -0.0070
        Episode_Reward/base_height: -0.0255
Episode_Reward/tracking_lin_vel_max: 0.3308
Episode_Reward/flat_orientation_l2: -0.0046
  Episode_Reward/air_time_variance: -0.0142
        Episode_Reward/feet_height: 0.0000
      Episode_Reward/feet_air_time: -0.0000
Episode_Reward/update_last_buffers: 0.0000
   Episode_Reward/wheel_idle_speed: -0.0045
    Episode_Reward/wheel_action_l2: -0.0000
  Episode_Reward/wheel_action_rate: 0.0000
Episode_Reward/teacher_ensemble_match: 0.0000
  Episode_Reward/wheel_forward_use: 0.0030
 Episode_Reward/wheel_turn_support: 0.0827
   Metrics/locomotion/error_vel_xy: 0.2446
  Metrics/locomotion/error_vel_yaw: 0.3306
      Episode_Termination/time_out: 1.0000
   Episode_Termination/bad_contact: 0.0000
          Episode_Termination/tilt: 0.0000
    Episode_Termination/low_height: 0.0000
--------------------------------------------------------------------------------
                   Total timesteps: 61440
                    Iteration time: 2.57s
                      Time elapsed: 00:01:46
                               ETA: 00:07:07

################################################################################
                      [1m Learning iteration 40/200 [0m                       

                       Computation: 603 steps/s (collection: 2.473s, learning 0.072s)
             Mean action noise std: 0.05
          Mean value_function loss: 0.1698
               Mean surrogate loss: 0.0093
                 Mean entropy loss: -27.2720
                       Mean reward: -35.82
               Mean episode length: 300.00
   Episode_Reward/term_bad_contact: 0.0000
          Episode_Reward/term_tilt: 0.0000
    Episode_Reward/term_low_height: 0.0000
      Episode_Reward/leg_action_l2: -0.0012
   Episode_Reward/tracking_lin_vel: 0.5340
Episode_Reward/tracking_lin_vel_x_exp: 0.9373
Episode_Reward/tracking_ang_vel_yaw_l1: 0.0000
Episode_Reward/tracking_ang_vel_yaw_exp: 0.6738
Episode_Reward/tracking_lin_vel_y_l2: 0.0000
Episode_Reward/tracking_lin_vel_z_l2: 0.0000
            Episode_Reward/survive: 0.0000
    Episode_Reward/foot_contacts_z: 0.0000
            Episode_Reward/torques: -0.1204
 Episode_Reward/tracking_lin_vel_y: 0.0000
          Episode_Reward/lin_vel_z: -0.0068
         Episode_Reward/ang_vel_xy: -0.0149
   Episode_Reward/tracking_ang_vel: 0.2309
               Episode_Reward/work: -0.0548
            Episode_Reward/dof_acc: -0.0029
        Episode_Reward/action_rate: -0.0021
     Episode_Reward/dof_pos_limits: 0.0000
      Episode_Reward/delta_torques: -0.0002
          Episode_Reward/collision: -5.7671
        Episode_Reward/walking_dof: 0.0025
            Episode_Reward/hip_pos: -0.0014
          Episode_Reward/feet_jerk: 0.0000
              Episode_Reward/alive: 0.3000
          Episode_Reward/feet_drag: -0.0087
Episode_Reward/feet_contact_forces: -0.1974
               Episode_Reward/roll: -0.0088
        Episode_Reward/base_height: -0.0275
Episode_Reward/tracking_lin_vel_max: 0.3934
Episode_Reward/flat_orientation_l2: -0.0024
  Episode_Reward/air_time_variance: -0.0121
        Episode_Reward/feet_height: 0.0000
      Episode_Reward/feet_air_time: -0.0000
Episode_Reward/update_last_buffers: 0.0000
   Episode_Reward/wheel_idle_speed: -0.0049
    Episode_Reward/wheel_action_l2: -0.0000
  Episode_Reward/wheel_action_rate: 0.0000
Episode_Reward/teacher_ensemble_match: 0.0000
  Episode_Reward/wheel_forward_use: 0.0000
 Episode_Reward/wheel_turn_support: 0.0705
   Metrics/locomotion/error_vel_xy: 0.2191
  Metrics/locomotion/error_vel_yaw: 0.3502
      Episode_Termination/time_out: 1.0000
   Episode_Termination/bad_contact: 0.0000
          Episode_Termination/tilt: 0.0000
    Episode_Termination/low_height: 0.0000
--------------------------------------------------------------------------------
                   Total timesteps: 62976
                    Iteration time: 2.54s
                      Time elapsed: 00:01:48
                               ETA: 00:07:04

################################################################################
                      [1m Learning iteration 41/200 [0m                       

                       Computation: 584 steps/s (collection: 2.552s, learning 0.076s)
             Mean action noise std: 0.05
          Mean value_function loss: 0.2323
               Mean surrogate loss: 0.0300
                 Mean entropy loss: -27.2720
                       Mean reward: -35.59
               Mean episode length: 300.00
   Episode_Reward/term_bad_contact: 0.0000
          Episode_Reward/term_tilt: 0.0000
    Episode_Reward/term_low_height: 0.0000
      Episode_Reward/leg_action_l2: -0.0013
   Episode_Reward/tracking_lin_vel: 0.5195
Episode_Reward/tracking_lin_vel_x_exp: 0.8853
Episode_Reward/tracking_ang_vel_yaw_l1: 0.0000
Episode_Reward/tracking_ang_vel_yaw_exp: 0.7123
Episode_Reward/tracking_lin_vel_y_l2: 0.0000
Episode_Reward/tracking_lin_vel_z_l2: 0.0000
            Episode_Reward/survive: 0.0000
    Episode_Reward/foot_contacts_z: 0.0000
            Episode_Reward/torques: -0.1271
 Episode_Reward/tracking_lin_vel_y: 0.0000
          Episode_Reward/lin_vel_z: -0.0061
         Episode_Reward/ang_vel_xy: -0.0162
   Episode_Reward/tracking_ang_vel: 0.2379
               Episode_Reward/work: -0.0505
            Episode_Reward/dof_acc: -0.0030
        Episode_Reward/action_rate: -0.0022
     Episode_Reward/dof_pos_limits: 0.0000
      Episode_Reward/delta_torques: -0.0002
          Episode_Reward/collision: -5.7683
        Episode_Reward/walking_dof: 0.0047
            Episode_Reward/hip_pos: -0.0014
          Episode_Reward/feet_jerk: 0.0000
              Episode_Reward/alive: 0.3000
          Episode_Reward/feet_drag: -0.0091
Episode_Reward/feet_contact_forces: -0.1973
               Episode_Reward/roll: -0.0080
        Episode_Reward/base_height: -0.0282
Episode_Reward/tracking_lin_vel_max: 0.3620
Episode_Reward/flat_orientation_l2: -0.0024
  Episode_Reward/air_time_variance: -0.0131
        Episode_Reward/feet_height: 0.0000
      Episode_Reward/feet_air_time: -0.0001
Episode_Reward/update_last_buffers: 0.0000
   Episode_Reward/wheel_idle_speed: -0.0044
    Episode_Reward/wheel_action_l2: -0.0000
  Episode_Reward/wheel_action_rate: 0.0000
Episode_Reward/teacher_ensemble_match: 0.0000
  Episode_Reward/wheel_forward_use: 0.0112
 Episode_Reward/wheel_turn_support: 0.0527
   Metrics/locomotion/error_vel_xy: 0.2459
  Metrics/locomotion/error_vel_yaw: 0.3242
      Episode_Termination/time_out: 1.0000
   Episode_Termination/bad_contact: 0.0000
          Episode_Termination/tilt: 0.0000
    Episode_Termination/low_height: 0.0000
--------------------------------------------------------------------------------
                   Total timesteps: 64512
                    Iteration time: 2.63s
                      Time elapsed: 00:01:51
                               ETA: 00:07:01

################################################################################
                      [1m Learning iteration 42/200 [0m                       

                       Computation: 587 steps/s (collection: 2.542s, learning 0.071s)
             Mean action noise std: 0.05
          Mean value_function loss: 0.2306
               Mean surrogate loss: 0.0327
                 Mean entropy loss: -27.2720
                       Mean reward: -35.53
               Mean episode length: 300.00
   Episode_Reward/term_bad_contact: 0.0000
          Episode_Reward/term_tilt: 0.0000
    Episode_Reward/term_low_height: 0.0000
      Episode_Reward/leg_action_l2: -0.0011
   Episode_Reward/tracking_lin_vel: 0.5090
Episode_Reward/tracking_lin_vel_x_exp: 0.7899
Episode_Reward/tracking_ang_vel_yaw_l1: 0.0000
Episode_Reward/tracking_ang_vel_yaw_exp: 0.7358
Episode_Reward/tracking_lin_vel_y_l2: 0.0000
Episode_Reward/tracking_lin_vel_z_l2: 0.0000
            Episode_Reward/survive: 0.0000
    Episode_Reward/foot_contacts_z: 0.0000
            Episode_Reward/torques: -0.1187
 Episode_Reward/tracking_lin_vel_y: 0.0000
          Episode_Reward/lin_vel_z: -0.0065
         Episode_Reward/ang_vel_xy: -0.0159
   Episode_Reward/tracking_ang_vel: 0.2418
               Episode_Reward/work: -0.0530
            Episode_Reward/dof_acc: -0.0031
        Episode_Reward/action_rate: -0.0021
     Episode_Reward/dof_pos_limits: 0.0000
      Episode_Reward/delta_torques: -0.0002
          Episode_Reward/collision: -5.8808
        Episode_Reward/walking_dof: 0.0074
            Episode_Reward/hip_pos: -0.0016
          Episode_Reward/feet_jerk: 0.0000
              Episode_Reward/alive: 0.3000
          Episode_Reward/feet_drag: -0.0101
Episode_Reward/feet_contact_forces: -0.1969
               Episode_Reward/roll: -0.0063
        Episode_Reward/base_height: -0.0279
Episode_Reward/tracking_lin_vel_max: 0.3234
Episode_Reward/flat_orientation_l2: -0.0012
  Episode_Reward/air_time_variance: -0.0115
        Episode_Reward/feet_height: 0.0000
      Episode_Reward/feet_air_time: -0.0000
Episode_Reward/update_last_buffers: 0.0000
   Episode_Reward/wheel_idle_speed: -0.0049
    Episode_Reward/wheel_action_l2: -0.0000
  Episode_Reward/wheel_action_rate: 0.0000
Episode_Reward/teacher_ensemble_match: 0.0000
  Episode_Reward/wheel_forward_use: 0.0080
 Episode_Reward/wheel_turn_support: 0.0691
   Metrics/locomotion/error_vel_xy: 0.2751
  Metrics/locomotion/error_vel_yaw: 0.3108
      Episode_Termination/time_out: 1.0000
   Episode_Termination/bad_contact: 0.0000
          Episode_Termination/tilt: 0.0000
    Episode_Termination/low_height: 0.0000
--------------------------------------------------------------------------------
                   Total timesteps: 66048
                    Iteration time: 2.61s
                      Time elapsed: 00:01:53
                               ETA: 00:06:58

################################################################################
                      [1m Learning iteration 43/200 [0m                       

                       Computation: 587 steps/s (collection: 2.546s, learning 0.071s)
             Mean action noise std: 0.05
          Mean value_function loss: 0.3044
               Mean surrogate loss: 0.0238
                 Mean entropy loss: -27.2720
                       Mean reward: -35.20
               Mean episode length: 300.00
   Episode_Reward/term_bad_contact: 0.0000
          Episode_Reward/term_tilt: 0.0000
    Episode_Reward/term_low_height: 0.0000
      Episode_Reward/leg_action_l2: -0.0012
   Episode_Reward/tracking_lin_vel: 0.5260
Episode_Reward/tracking_lin_vel_x_exp: 0.8372
Episode_Reward/tracking_ang_vel_yaw_l1: 0.0000
Episode_Reward/tracking_ang_vel_yaw_exp: 0.7217
Episode_Reward/tracking_lin_vel_y_l2: 0.0000
Episode_Reward/tracking_lin_vel_z_l2: 0.0000
            Episode_Reward/survive: 0.0000
    Episode_Reward/foot_contacts_z: 0.0000
            Episode_Reward/torques: -0.1195
 Episode_Reward/tracking_lin_vel_y: 0.0000
          Episode_Reward/lin_vel_z: -0.0077
         Episode_Reward/ang_vel_xy: -0.0159
   Episode_Reward/tracking_ang_vel: 0.2381
               Episode_Reward/work: -0.0559
            Episode_Reward/dof_acc: -0.0029
        Episode_Reward/action_rate: -0.0020
     Episode_Reward/dof_pos_limits: 0.0000
      Episode_Reward/delta_torques: -0.0002
          Episode_Reward/collision: -5.8633
        Episode_Reward/walking_dof: 0.0043
            Episode_Reward/hip_pos: -0.0018
          Episode_Reward/feet_jerk: 0.0000
              Episode_Reward/alive: 0.3000
          Episode_Reward/feet_drag: -0.0091
Episode_Reward/feet_contact_forces: -0.1971
               Episode_Reward/roll: -0.0062
        Episode_Reward/base_height: -0.0278
Episode_Reward/tracking_lin_vel_max: 0.3654
Episode_Reward/flat_orientation_l2: -0.0012
  Episode_Reward/air_time_variance: -0.0158
        Episode_Reward/feet_height: 0.0000
      Episode_Reward/feet_air_time: -0.0000
Episode_Reward/update_last_buffers: 0.0000
   Episode_Reward/wheel_idle_speed: -0.0051
    Episode_Reward/wheel_action_l2: -0.0000
  Episode_Reward/wheel_action_rate: 0.0000
Episode_Reward/teacher_ensemble_match: 0.0000
  Episode_Reward/wheel_forward_use: 0.0080
 Episode_Reward/wheel_turn_support: 0.0616
   Metrics/locomotion/error_vel_xy: 0.2476
  Metrics/locomotion/error_vel_yaw: 0.3235
      Episode_Termination/time_out: 1.0000
   Episode_Termination/bad_contact: 0.0000
          Episode_Termination/tilt: 0.0000
    Episode_Termination/low_height: 0.0000
--------------------------------------------------------------------------------
                   Total timesteps: 67584
                    Iteration time: 2.62s
                      Time elapsed: 00:01:56
                               ETA: 00:06:55

################################################################################
                      [1m Learning iteration 44/200 [0m                       

                       Computation: 599 steps/s (collection: 2.489s, learning 0.071s)
             Mean action noise std: 0.05
          Mean value_function loss: 0.2297
               Mean surrogate loss: 0.0113
                 Mean entropy loss: -27.2720
                       Mean reward: -35.19
               Mean episode length: 300.00
   Episode_Reward/term_bad_contact: 0.0000
          Episode_Reward/term_tilt: 0.0000
    Episode_Reward/term_low_height: 0.0000
      Episode_Reward/leg_action_l2: -0.0013
   Episode_Reward/tracking_lin_vel: 0.4923
Episode_Reward/tracking_lin_vel_x_exp: 0.6821
Episode_Reward/tracking_ang_vel_yaw_l1: 0.0000
Episode_Reward/tracking_ang_vel_yaw_exp: 0.6997
Episode_Reward/tracking_lin_vel_y_l2: 0.0000
Episode_Reward/tracking_lin_vel_z_l2: 0.0000
            Episode_Reward/survive: 0.0000
    Episode_Reward/foot_contacts_z: 0.0000
            Episode_Reward/torques: -0.1245
 Episode_Reward/tracking_lin_vel_y: 0.0000
          Episode_Reward/lin_vel_z: -0.0071
         Episode_Reward/ang_vel_xy: -0.0113
   Episode_Reward/tracking_ang_vel: 0.2351
               Episode_Reward/work: -0.0519
            Episode_Reward/dof_acc: -0.0021
        Episode_Reward/action_rate: -0.0016
     Episode_Reward/dof_pos_limits: 0.0000
      Episode_Reward/delta_torques: -0.0002
          Episode_Reward/collision: -5.8558
        Episode_Reward/walking_dof: 0.0119
            Episode_Reward/hip_pos: -0.0022
          Episode_Reward/feet_jerk: 0.0000
              Episode_Reward/alive: 0.3000
          Episode_Reward/feet_drag: -0.0086
Episode_Reward/feet_contact_forces: -0.1971
               Episode_Reward/roll: -0.0075
        Episode_Reward/base_height: -0.0291
Episode_Reward/tracking_lin_vel_max: 0.2630
Episode_Reward/flat_orientation_l2: -0.0015
  Episode_Reward/air_time_variance: -0.0150
        Episode_Reward/feet_height: 0.0000
      Episode_Reward/feet_air_time: -0.0001
Episode_Reward/update_last_buffers: 0.0000
   Episode_Reward/wheel_idle_speed: -0.0026
    Episode_Reward/wheel_action_l2: -0.0001
  Episode_Reward/wheel_action_rate: 0.0000
Episode_Reward/teacher_ensemble_match: 0.0000
  Episode_Reward/wheel_forward_use: 0.0268
 Episode_Reward/wheel_turn_support: 0.0622
   Metrics/locomotion/error_vel_xy: 0.3134
  Metrics/locomotion/error_vel_yaw: 0.3457
      Episode_Termination/time_out: 1.0000
   Episode_Termination/bad_contact: 0.0000
          Episode_Termination/tilt: 0.0000
    Episode_Termination/low_height: 0.0000
--------------------------------------------------------------------------------
                   Total timesteps: 69120
                    Iteration time: 2.56s
                      Time elapsed: 00:01:59
                               ETA: 00:06:52

################################################################################
                      [1m Learning iteration 45/200 [0m                       

                       Computation: 604 steps/s (collection: 2.470s, learning 0.071s)
             Mean action noise std: 0.05
          Mean value_function loss: 0.1147
               Mean surrogate loss: 0.0230
                 Mean entropy loss: -27.2720
                       Mean reward: -35.06
               Mean episode length: 300.00
   Episode_Reward/term_bad_contact: 0.0000
          Episode_Reward/term_tilt: 0.0000
    Episode_Reward/term_low_height: 0.0000
      Episode_Reward/leg_action_l2: -0.0014
   Episode_Reward/tracking_lin_vel: 0.5381
Episode_Reward/tracking_lin_vel_x_exp: 0.9669
Episode_Reward/tracking_ang_vel_yaw_l1: 0.0000
Episode_Reward/tracking_ang_vel_yaw_exp: 0.7308
Episode_Reward/tracking_lin_vel_y_l2: 0.0000
Episode_Reward/tracking_lin_vel_z_l2: 0.0000
            Episode_Reward/survive: 0.0000
    Episode_Reward/foot_contacts_z: 0.0000
            Episode_Reward/torques: -0.1177
 Episode_Reward/tracking_lin_vel_y: 0.0000
          Episode_Reward/lin_vel_z: -0.0074
         Episode_Reward/ang_vel_xy: -0.0150
   Episode_Reward/tracking_ang_vel: 0.2410
               Episode_Reward/work: -0.0514
            Episode_Reward/dof_acc: -0.0028
        Episode_Reward/action_rate: -0.0020
     Episode_Reward/dof_pos_limits: 0.0000
      Episode_Reward/delta_torques: -0.0002
          Episode_Reward/collision: -5.8388
        Episode_Reward/walking_dof: 0.0047
            Episode_Reward/hip_pos: -0.0019
          Episode_Reward/feet_jerk: 0.0000
              Episode_Reward/alive: 0.3000
          Episode_Reward/feet_drag: -0.0096
Episode_Reward/feet_contact_forces: -0.1970
               Episode_Reward/roll: -0.0059
        Episode_Reward/base_height: -0.0319
Episode_Reward/tracking_lin_vel_max: 0.3684
Episode_Reward/flat_orientation_l2: -0.0012
  Episode_Reward/air_time_variance: -0.0152
        Episode_Reward/feet_height: 0.0000
      Episode_Reward/feet_air_time: -0.0000
Episode_Reward/update_last_buffers: 0.0000
   Episode_Reward/wheel_idle_speed: -0.0047
    Episode_Reward/wheel_action_l2: -0.0001
  Episode_Reward/wheel_action_rate: 0.0000
Episode_Reward/teacher_ensemble_match: 0.0000
  Episode_Reward/wheel_forward_use: 0.0010
 Episode_Reward/wheel_turn_support: 0.0778
   Metrics/locomotion/error_vel_xy: 0.2096
  Metrics/locomotion/error_vel_yaw: 0.3157
      Episode_Termination/time_out: 1.0000
   Episode_Termination/bad_contact: 0.0000
          Episode_Termination/tilt: 0.0000
    Episode_Termination/low_height: 0.0000
--------------------------------------------------------------------------------
                   Total timesteps: 70656
                    Iteration time: 2.54s
                      Time elapsed: 00:02:01
                               ETA: 00:06:49

################################################################################
                      [1m Learning iteration 46/200 [0m                       

                       Computation: 594 steps/s (collection: 2.511s, learning 0.071s)
             Mean action noise std: 0.05
          Mean value_function loss: 0.2509
               Mean surrogate loss: 0.0186
                 Mean entropy loss: -27.2720
                       Mean reward: -34.97
               Mean episode length: 300.00
   Episode_Reward/term_bad_contact: 0.0000
          Episode_Reward/term_tilt: 0.0000
    Episode_Reward/term_low_height: 0.0000
      Episode_Reward/leg_action_l2: -0.0012
   Episode_Reward/tracking_lin_vel: 0.5185
Episode_Reward/tracking_lin_vel_x_exp: 0.8637
Episode_Reward/tracking_ang_vel_yaw_l1: 0.0000
Episode_Reward/tracking_ang_vel_yaw_exp: 0.7265
Episode_Reward/tracking_lin_vel_y_l2: 0.0000
Episode_Reward/tracking_lin_vel_z_l2: 0.0000
            Episode_Reward/survive: 0.0000
    Episode_Reward/foot_contacts_z: 0.0000
            Episode_Reward/torques: -0.1162
 Episode_Reward/tracking_lin_vel_y: 0.0000
          Episode_Reward/lin_vel_z: -0.0076
         Episode_Reward/ang_vel_xy: -0.0183
   Episode_Reward/tracking_ang_vel: 0.2375
               Episode_Reward/work: -0.0573
            Episode_Reward/dof_acc: -0.0033
        Episode_Reward/action_rate: -0.0024
     Episode_Reward/dof_pos_limits: 0.0000
      Episode_Reward/delta_torques: -0.0002
          Episode_Reward/collision: -5.8608
        Episode_Reward/walking_dof: 0.0070
            Episode_Reward/hip_pos: -0.0014
          Episode_Reward/feet_jerk: 0.0000
              Episode_Reward/alive: 0.3000
          Episode_Reward/feet_drag: -0.0097
Episode_Reward/feet_contact_forces: -0.1968
               Episode_Reward/roll: -0.0059
        Episode_Reward/base_height: -0.0289
Episode_Reward/tracking_lin_vel_max: 0.3207
Episode_Reward/flat_orientation_l2: -0.0011
  Episode_Reward/air_time_variance: -0.0110
        Episode_Reward/feet_height: 0.0000
      Episode_Reward/feet_air_time: -0.0000
Episode_Reward/update_last_buffers: 0.0000
   Episode_Reward/wheel_idle_speed: -0.0049
    Episode_Reward/wheel_action_l2: -0.0000
  Episode_Reward/wheel_action_rate: 0.0000
Episode_Reward/teacher_ensemble_match: 0.0000
  Episode_Reward/wheel_forward_use: 0.0249
 Episode_Reward/wheel_turn_support: 0.0551
   Metrics/locomotion/error_vel_xy: 0.2523
  Metrics/locomotion/error_vel_yaw: 0.3265
      Episode_Termination/time_out: 1.0000
   Episode_Termination/bad_contact: 0.0000
          Episode_Termination/tilt: 0.0000
    Episode_Termination/low_height: 0.0000
--------------------------------------------------------------------------------
                   Total timesteps: 72192
                    Iteration time: 2.58s
                      Time elapsed: 00:02:04
                               ETA: 00:06:47

################################################################################
                      [1m Learning iteration 47/200 [0m                       

                       Computation: 591 steps/s (collection: 2.525s, learning 0.070s)
             Mean action noise std: 0.05
          Mean value_function loss: 0.2647
               Mean surrogate loss: 0.0036
                 Mean entropy loss: -27.2720
                       Mean reward: -34.82
               Mean episode length: 300.00
   Episode_Reward/term_bad_contact: 0.0000
          Episode_Reward/term_tilt: 0.0000
    Episode_Reward/term_low_height: 0.0000
      Episode_Reward/leg_action_l2: -0.0012
   Episode_Reward/tracking_lin_vel: 0.4596
Episode_Reward/tracking_lin_vel_x_exp: 0.6278
Episode_Reward/tracking_ang_vel_yaw_l1: 0.0000
Episode_Reward/tracking_ang_vel_yaw_exp: 0.7339
Episode_Reward/tracking_lin_vel_y_l2: 0.0000
Episode_Reward/tracking_lin_vel_z_l2: 0.0000
            Episode_Reward/survive: 0.0000
    Episode_Reward/foot_contacts_z: 0.0000
            Episode_Reward/torques: -0.1290
 Episode_Reward/tracking_lin_vel_y: 0.0000
          Episode_Reward/lin_vel_z: -0.0070
         Episode_Reward/ang_vel_xy: -0.0137
   Episode_Reward/tracking_ang_vel: 0.2420
               Episode_Reward/work: -0.0524
            Episode_Reward/dof_acc: -0.0027
        Episode_Reward/action_rate: -0.0019
     Episode_Reward/dof_pos_limits: 0.0000
      Episode_Reward/delta_torques: -0.0002
          Episode_Reward/collision: -5.8767
        Episode_Reward/walking_dof: 0.0170
            Episode_Reward/hip_pos: -0.0023
          Episode_Reward/feet_jerk: 0.0000
              Episode_Reward/alive: 0.3000
          Episode_Reward/feet_drag: -0.0092
Episode_Reward/feet_contact_forces: -0.1969
               Episode_Reward/roll: -0.0057
        Episode_Reward/base_height: -0.0236
Episode_Reward/tracking_lin_vel_max: 0.1771
Episode_Reward/flat_orientation_l2: -0.0019
  Episode_Reward/air_time_variance: -0.0100
        Episode_Reward/feet_height: 0.0000
      Episode_Reward/feet_air_time: -0.0001
Episode_Reward/update_last_buffers: 0.0000
   Episode_Reward/wheel_idle_speed: -0.0027
    Episode_Reward/wheel_action_l2: -0.0001
  Episode_Reward/wheel_action_rate: 0.0000
Episode_Reward/teacher_ensemble_match: 0.0000
  Episode_Reward/wheel_forward_use: 0.0251
 Episode_Reward/wheel_turn_support: 0.0656
   Metrics/locomotion/error_vel_xy: 0.3644
  Metrics/locomotion/error_vel_yaw: 0.3091
      Episode_Termination/time_out: 1.0000
   Episode_Termination/bad_contact: 0.0000
          Episode_Termination/tilt: 0.0000
    Episode_Termination/low_height: 0.0000
--------------------------------------------------------------------------------
                   Total timesteps: 73728
                    Iteration time: 2.60s
                      Time elapsed: 00:02:06
                               ETA: 00:06:44

################################################################################
                      [1m Learning iteration 48/200 [0m                       

                       Computation: 599 steps/s (collection: 2.492s, learning 0.071s)
             Mean action noise std: 0.05
          Mean value_function loss: 0.1745
               Mean surrogate loss: 0.0233
                 Mean entropy loss: -27.2720
                       Mean reward: -34.78
               Mean episode length: 300.00
   Episode_Reward/term_bad_contact: 0.0000
          Episode_Reward/term_tilt: 0.0000
    Episode_Reward/term_low_height: 0.0000
      Episode_Reward/leg_action_l2: -0.0012
   Episode_Reward/tracking_lin_vel: 0.4933
Episode_Reward/tracking_lin_vel_x_exp: 0.7302
Episode_Reward/tracking_ang_vel_yaw_l1: 0.0000
Episode_Reward/tracking_ang_vel_yaw_exp: 0.7614
Episode_Reward/tracking_lin_vel_y_l2: 0.0000
Episode_Reward/tracking_lin_vel_z_l2: 0.0000
            Episode_Reward/survive: 0.0000
    Episode_Reward/foot_contacts_z: 0.0000
            Episode_Reward/torques: -0.1227
 Episode_Reward/tracking_lin_vel_y: 0.0000
          Episode_Reward/lin_vel_z: -0.0062
         Episode_Reward/ang_vel_xy: -0.0123
   Episode_Reward/tracking_ang_vel: 0.2480
               Episode_Reward/work: -0.0487
            Episode_Reward/dof_acc: -0.0025
        Episode_Reward/action_rate: -0.0017
     Episode_Reward/dof_pos_limits: 0.0000
      Episode_Reward/delta_torques: -0.0002
          Episode_Reward/collision: -5.9008
        Episode_Reward/walking_dof: 0.0162
            Episode_Reward/hip_pos: -0.0027
          Episode_Reward/feet_jerk: 0.0000
              Episode_Reward/alive: 0.3000
          Episode_Reward/feet_drag: -0.0090
Episode_Reward/feet_contact_forces: -0.1969
               Episode_Reward/roll: -0.0063
        Episode_Reward/base_height: -0.0230
Episode_Reward/tracking_lin_vel_max: 0.1993
Episode_Reward/flat_orientation_l2: -0.0024
  Episode_Reward/air_time_variance: -0.0070
        Episode_Reward/feet_height: 0.0000
      Episode_Reward/feet_air_time: -0.0001
Episode_Reward/update_last_buffers: 0.0000
   Episode_Reward/wheel_idle_speed: -0.0017
    Episode_Reward/wheel_action_l2: -0.0000
  Episode_Reward/wheel_action_rate: 0.0000
Episode_Reward/teacher_ensemble_match: 0.0000
  Episode_Reward/wheel_forward_use: 0.0340
 Episode_Reward/wheel_turn_support: 0.0547
   Metrics/locomotion/error_vel_xy: 0.3046
  Metrics/locomotion/error_vel_yaw: 0.2897
      Episode_Termination/time_out: 1.0000
   Episode_Termination/bad_contact: 0.0000
          Episode_Termination/tilt: 0.0000
    Episode_Termination/low_height: 0.0000
--------------------------------------------------------------------------------
                   Total timesteps: 75264
                    Iteration time: 2.56s
                      Time elapsed: 00:02:09
                               ETA: 00:06:41

################################################################################
                      [1m Learning iteration 49/200 [0m                       

                       Computation: 601 steps/s (collection: 2.486s, learning 0.070s)
             Mean action noise std: 0.05
          Mean value_function loss: 0.2049
               Mean surrogate loss: 0.0049
                 Mean entropy loss: -27.2720
                       Mean reward: -34.79
               Mean episode length: 300.00
   Episode_Reward/term_bad_contact: 0.0000
          Episode_Reward/term_tilt: 0.0000
    Episode_Reward/term_low_height: 0.0000
      Episode_Reward/leg_action_l2: -0.0012
   Episode_Reward/tracking_lin_vel: 0.4894
Episode_Reward/tracking_lin_vel_x_exp: 0.6810
Episode_Reward/tracking_ang_vel_yaw_l1: 0.0000
Episode_Reward/tracking_ang_vel_yaw_exp: 0.7281
Episode_Reward/tracking_lin_vel_y_l2: 0.0000
Episode_Reward/tracking_lin_vel_z_l2: 0.0000
            Episode_Reward/survive: 0.0000
    Episode_Reward/foot_contacts_z: 0.0000
            Episode_Reward/torques: -0.1152
 Episode_Reward/tracking_lin_vel_y: 0.0000
          Episode_Reward/lin_vel_z: -0.0068
         Episode_Reward/ang_vel_xy: -0.0123
   Episode_Reward/tracking_ang_vel: 0.2417
               Episode_Reward/work: -0.0520
            Episode_Reward/dof_acc: -0.0024
        Episode_Reward/action_rate: -0.0018
     Episode_Reward/dof_pos_limits: 0.0000
      Episode_Reward/delta_torques: -0.0002
          Episode_Reward/collision: -5.8940
        Episode_Reward/walking_dof: 0.0167
            Episode_Reward/hip_pos: -0.0025
          Episode_Reward/feet_jerk: 0.0000
              Episode_Reward/alive: 0.3000
          Episode_Reward/feet_drag: -0.0088
Episode_Reward/feet_contact_forces: -0.1970
               Episode_Reward/roll: -0.0057
        Episode_Reward/base_height: -0.0225
Episode_Reward/tracking_lin_vel_max: 0.1916
Episode_Reward/flat_orientation_l2: -0.0020
  Episode_Reward/air_time_variance: -0.0104
        Episode_Reward/feet_height: 0.0000
      Episode_Reward/feet_air_time: -0.0001
Episode_Reward/update_last_buffers: 0.0000
   Episode_Reward/wheel_idle_speed: -0.0014
    Episode_Reward/wheel_action_l2: -0.0000
  Episode_Reward/wheel_action_rate: 0.0000
Episode_Reward/teacher_ensemble_match: 0.0000
  Episode_Reward/wheel_forward_use: 0.0436
 Episode_Reward/wheel_turn_support: 0.0633
   Metrics/locomotion/error_vel_xy: 0.3180
  Metrics/locomotion/error_vel_yaw: 0.3162
      Episode_Termination/time_out: 1.0000
   Episode_Termination/bad_contact: 0.0000
          Episode_Termination/tilt: 0.0000
    Episode_Termination/low_height: 0.0000
--------------------------------------------------------------------------------
                   Total timesteps: 76800
                    Iteration time: 2.56s
                      Time elapsed: 00:02:11
                               ETA: 00:06:38

################################################################################
                      [1m Learning iteration 50/200 [0m                       

                       Computation: 611 steps/s (collection: 2.443s, learning 0.069s)
             Mean action noise std: 0.05
          Mean value_function loss: 0.1442
               Mean surrogate loss: 0.0274
                 Mean entropy loss: -27.2720
                       Mean reward: -34.72
               Mean episode length: 300.00
   Episode_Reward/term_bad_contact: 0.0000
          Episode_Reward/term_tilt: 0.0000
    Episode_Reward/term_low_height: 0.0000
      Episode_Reward/leg_action_l2: -0.0010
   Episode_Reward/tracking_lin_vel: 0.5319
Episode_Reward/tracking_lin_vel_x_exp: 0.9119
Episode_Reward/tracking_ang_vel_yaw_l1: 0.0000
Episode_Reward/tracking_ang_vel_yaw_exp: 0.6730
Episode_Reward/tracking_lin_vel_y_l2: 0.0000
Episode_Reward/tracking_lin_vel_z_l2: 0.0000
            Episode_Reward/survive: 0.0000
    Episode_Reward/foot_contacts_z: 0.0000
            Episode_Reward/torques: -0.1058
 Episode_Reward/tracking_lin_vel_y: 0.0000
          Episode_Reward/lin_vel_z: -0.0065
         Episode_Reward/ang_vel_xy: -0.0121
   Episode_Reward/tracking_ang_vel: 0.2319
               Episode_Reward/work: -0.0525
            Episode_Reward/dof_acc: -0.0026
        Episode_Reward/action_rate: -0.0018
     Episode_Reward/dof_pos_limits: 0.0000
      Episode_Reward/delta_torques: -0.0002
          Episode_Reward/collision: -5.8771
        Episode_Reward/walking_dof: 0.0045
            Episode_Reward/hip_pos: -0.0016
          Episode_Reward/feet_jerk: 0.0000
              Episode_Reward/alive: 0.3000
          Episode_Reward/feet_drag: -0.0086
Episode_Reward/feet_contact_forces: -0.1967
               Episode_Reward/roll: -0.0048
        Episode_Reward/base_height: -0.0272
Episode_Reward/tracking_lin_vel_max: 0.3639
Episode_Reward/flat_orientation_l2: -0.0006
  Episode_Reward/air_time_variance: -0.0148
        Episode_Reward/feet_height: 0.0000
      Episode_Reward/feet_air_time: -0.0001
Episode_Reward/update_last_buffers: 0.0000
   Episode_Reward/wheel_idle_speed: -0.0038
    Episode_Reward/wheel_action_l2: -0.0000
  Episode_Reward/wheel_action_rate: 0.0000
Episode_Reward/teacher_ensemble_match: 0.0000
  Episode_Reward/wheel_forward_use: 0.0022
 Episode_Reward/wheel_turn_support: 0.0701
   Metrics/locomotion/error_vel_xy: 0.2294
  Metrics/locomotion/error_vel_yaw: 0.3521
      Episode_Termination/time_out: 1.0000
   Episode_Termination/bad_contact: 0.0000
          Episode_Termination/tilt: 0.0000
    Episode_Termination/low_height: 0.0000
--------------------------------------------------------------------------------
                   Total timesteps: 78336
                    Iteration time: 2.51s
                      Time elapsed: 00:02:14
                               ETA: 00:06:35

################################################################################
                      [1m Learning iteration 51/200 [0m                       

                       Computation: 605 steps/s (collection: 2.469s, learning 0.069s)
             Mean action noise std: 0.05
          Mean value_function loss: 0.2062
               Mean surrogate loss: 0.0015
                 Mean entropy loss: -27.2720
                       Mean reward: -34.67
               Mean episode length: 300.00
   Episode_Reward/term_bad_contact: 0.0000
          Episode_Reward/term_tilt: 0.0000
    Episode_Reward/term_low_height: 0.0000
      Episode_Reward/leg_action_l2: -0.0012
   Episode_Reward/tracking_lin_vel: 0.4390
Episode_Reward/tracking_lin_vel_x_exp: 0.5320
Episode_Reward/tracking_ang_vel_yaw_l1: 0.0000
Episode_Reward/tracking_ang_vel_yaw_exp: 0.7763
Episode_Reward/tracking_lin_vel_y_l2: 0.0000
Episode_Reward/tracking_lin_vel_z_l2: 0.0000
            Episode_Reward/survive: 0.0000
    Episode_Reward/foot_contacts_z: 0.0000
            Episode_Reward/torques: -0.1325
 Episode_Reward/tracking_lin_vel_y: 0.0000
          Episode_Reward/lin_vel_z: -0.0058
         Episode_Reward/ang_vel_xy: -0.0136
   Episode_Reward/tracking_ang_vel: 0.2534
               Episode_Reward/work: -0.0491
            Episode_Reward/dof_acc: -0.0029
        Episode_Reward/action_rate: -0.0019
     Episode_Reward/dof_pos_limits: 0.0000
      Episode_Reward/delta_torques: -0.0002
          Episode_Reward/collision: -5.8713
        Episode_Reward/walking_dof: 0.0234
            Episode_Reward/hip_pos: -0.0027
          Episode_Reward/feet_jerk: 0.0000
              Episode_Reward/alive: 0.3000
          Episode_Reward/feet_drag: -0.0094
Episode_Reward/feet_contact_forces: -0.1967
               Episode_Reward/roll: -0.0046
        Episode_Reward/base_height: -0.0208
Episode_Reward/tracking_lin_vel_max: 0.1006
Episode_Reward/flat_orientation_l2: -0.0032
  Episode_Reward/air_time_variance: -0.0161
        Episode_Reward/feet_height: 0.0000
      Episode_Reward/feet_air_time: -0.0002
Episode_Reward/update_last_buffers: 0.0000
   Episode_Reward/wheel_idle_speed: -0.0006
    Episode_Reward/wheel_action_l2: -0.0000
  Episode_Reward/wheel_action_rate: 0.0000
Episode_Reward/teacher_ensemble_match: 0.0000
  Episode_Reward/wheel_forward_use: 0.0598
 Episode_Reward/wheel_turn_support: 0.0449
   Metrics/locomotion/error_vel_xy: 0.4035
  Metrics/locomotion/error_vel_yaw: 0.2683
      Episode_Termination/time_out: 1.0000
   Episode_Termination/bad_contact: 0.0000
          Episode_Termination/tilt: 0.0000
    Episode_Termination/low_height: 0.0000
--------------------------------------------------------------------------------
                   Total timesteps: 79872
                    Iteration time: 2.54s
                      Time elapsed: 00:02:17
                               ETA: 00:06:32

################################################################################
                      [1m Learning iteration 52/200 [0m                       

                       Computation: 602 steps/s (collection: 2.479s, learning 0.071s)
             Mean action noise std: 0.05
          Mean value_function loss: 0.1495
               Mean surrogate loss: 0.0176
                 Mean entropy loss: -27.2720
                       Mean reward: -34.67
               Mean episode length: 300.00
   Episode_Reward/term_bad_contact: 0.0000
          Episode_Reward/term_tilt: 0.0000
    Episode_Reward/term_low_height: 0.0000
      Episode_Reward/leg_action_l2: -0.0012
   Episode_Reward/tracking_lin_vel: 0.4836
Episode_Reward/tracking_lin_vel_x_exp: 0.6598
Episode_Reward/tracking_ang_vel_yaw_l1: 0.0000
Episode_Reward/tracking_ang_vel_yaw_exp: 0.7600
Episode_Reward/tracking_lin_vel_y_l2: 0.0000
Episode_Reward/tracking_lin_vel_z_l2: 0.0000
            Episode_Reward/survive: 0.0000
    Episode_Reward/foot_contacts_z: 0.0000
            Episode_Reward/torques: -0.1299
 Episode_Reward/tracking_lin_vel_y: 0.0000
          Episode_Reward/lin_vel_z: -0.0054
         Episode_Reward/ang_vel_xy: -0.0121
   Episode_Reward/tracking_ang_vel: 0.2491
               Episode_Reward/work: -0.0481
            Episode_Reward/dof_acc: -0.0031
        Episode_Reward/action_rate: -0.0018
     Episode_Reward/dof_pos_limits: 0.0000
      Episode_Reward/delta_torques: -0.0002
          Episode_Reward/collision: -5.8625
        Episode_Reward/walking_dof: 0.0109
            Episode_Reward/hip_pos: -0.0023
          Episode_Reward/feet_jerk: 0.0000
              Episode_Reward/alive: 0.3000
          Episode_Reward/feet_drag: -0.0093
Episode_Reward/feet_contact_forces: -0.1971
               Episode_Reward/roll: -0.0060
        Episode_Reward/base_height: -0.0235
Episode_Reward/tracking_lin_vel_max: 0.2627
Episode_Reward/flat_orientation_l2: -0.0014
  Episode_Reward/air_time_variance: -0.0156
        Episode_Reward/feet_height: 0.0000
      Episode_Reward/feet_air_time: -0.0001
Episode_Reward/update_last_buffers: 0.0000
   Episode_Reward/wheel_idle_speed: -0.0039
    Episode_Reward/wheel_action_l2: -0.0000
  Episode_Reward/wheel_action_rate: 0.0000
Episode_Reward/teacher_ensemble_match: 0.0000
  Episode_Reward/wheel_forward_use: 0.0236
 Episode_Reward/wheel_turn_support: 0.0842
   Metrics/locomotion/error_vel_xy: 0.3264
  Metrics/locomotion/error_vel_yaw: 0.2841
      Episode_Termination/time_out: 1.0000
   Episode_Termination/bad_contact: 0.0000
          Episode_Termination/tilt: 0.0000
    Episode_Termination/low_height: 0.0000
--------------------------------------------------------------------------------
                   Total timesteps: 81408
                    Iteration time: 2.55s
                      Time elapsed: 00:02:19
                               ETA: 00:06:29

################################################################################
                      [1m Learning iteration 53/200 [0m                       

                       Computation: 609 steps/s (collection: 2.451s, learning 0.071s)
             Mean action noise std: 0.05
          Mean value_function loss: 0.0969
               Mean surrogate loss: 0.0296
                 Mean entropy loss: -27.2720
                       Mean reward: -34.75
               Mean episode length: 300.00
   Episode_Reward/term_bad_contact: 0.0000
          Episode_Reward/term_tilt: 0.0000
    Episode_Reward/term_low_height: 0.0000
      Episode_Reward/leg_action_l2: -0.0010
   Episode_Reward/tracking_lin_vel: 0.4085
Episode_Reward/tracking_lin_vel_x_exp: 0.4388
Episode_Reward/tracking_ang_vel_yaw_l1: 0.0000
Episode_Reward/tracking_ang_vel_yaw_exp: 0.7278
Episode_Reward/tracking_lin_vel_y_l2: 0.0000
Episode_Reward/tracking_lin_vel_z_l2: 0.0000
            Episode_Reward/survive: 0.0000
    Episode_Reward/foot_contacts_z: 0.0000
            Episode_Reward/torques: -0.1399
 Episode_Reward/tracking_lin_vel_y: 0.0000
          Episode_Reward/lin_vel_z: -0.0054
         Episode_Reward/ang_vel_xy: -0.0143
   Episode_Reward/tracking_ang_vel: 0.2446
               Episode_Reward/work: -0.0484
            Episode_Reward/dof_acc: -0.0036
        Episode_Reward/action_rate: -0.0021
     Episode_Reward/dof_pos_limits: 0.0000
      Episode_Reward/delta_torques: -0.0002
          Episode_Reward/collision: -5.9092
        Episode_Reward/walking_dof: 0.0274
            Episode_Reward/hip_pos: -0.0019
          Episode_Reward/feet_jerk: 0.0000
              Episode_Reward/alive: 0.3000
          Episode_Reward/feet_drag: -0.0105
Episode_Reward/feet_contact_forces: -0.1968
               Episode_Reward/roll: -0.0082
        Episode_Reward/base_height: -0.0224
Episode_Reward/tracking_lin_vel_max: 0.0171
Episode_Reward/flat_orientation_l2: -0.0026
  Episode_Reward/air_time_variance: -0.0216
        Episode_Reward/feet_height: 0.0000
      Episode_Reward/feet_air_time: -0.0002
Episode_Reward/update_last_buffers: 0.0000
   Episode_Reward/wheel_idle_speed: -0.0002
    Episode_Reward/wheel_action_l2: -0.0000
  Episode_Reward/wheel_action_rate: 0.0000
Episode_Reward/teacher_ensemble_match: 0.0000
  Episode_Reward/wheel_forward_use: 0.0024
 Episode_Reward/wheel_turn_support: 0.0923
   Metrics/locomotion/error_vel_xy: 0.4573
  Metrics/locomotion/error_vel_yaw: 0.3016
      Episode_Termination/time_out: 1.0000
   Episode_Termination/bad_contact: 0.0000
          Episode_Termination/tilt: 0.0000
    Episode_Termination/low_height: 0.0000
--------------------------------------------------------------------------------
                   Total timesteps: 82944
                    Iteration time: 2.52s
                      Time elapsed: 00:02:22
                               ETA: 00:06:26

################################################################################
                      [1m Learning iteration 54/200 [0m                       

                       Computation: 594 steps/s (collection: 2.511s, learning 0.070s)
             Mean action noise std: 0.05
          Mean value_function loss: 0.2477
               Mean surrogate loss: 0.0076
                 Mean entropy loss: -27.2720
                       Mean reward: -34.55
               Mean episode length: 300.00
   Episode_Reward/term_bad_contact: 0.0000
          Episode_Reward/term_tilt: 0.0000
    Episode_Reward/term_low_height: 0.0000
      Episode_Reward/leg_action_l2: -0.0011
   Episode_Reward/tracking_lin_vel: 0.5024
Episode_Reward/tracking_lin_vel_x_exp: 0.8011
Episode_Reward/tracking_ang_vel_yaw_l1: 0.0000
Episode_Reward/tracking_ang_vel_yaw_exp: 0.7702
Episode_Reward/tracking_lin_vel_y_l2: 0.0000
Episode_Reward/tracking_lin_vel_z_l2: 0.0000
            Episode_Reward/survive: 0.0000
    Episode_Reward/foot_contacts_z: 0.0000
            Episode_Reward/torques: -0.1257
 Episode_Reward/tracking_lin_vel_y: 0.0000
          Episode_Reward/lin_vel_z: -0.0068
         Episode_Reward/ang_vel_xy: -0.0148
   Episode_Reward/tracking_ang_vel: 0.2480
               Episode_Reward/work: -0.0531
            Episode_Reward/dof_acc: -0.0035
        Episode_Reward/action_rate: -0.0020
     Episode_Reward/dof_pos_limits: 0.0000
      Episode_Reward/delta_torques: -0.0002
          Episode_Reward/collision: -5.9042
        Episode_Reward/walking_dof: 0.0089
            Episode_Reward/hip_pos: -0.0016
          Episode_Reward/feet_jerk: 0.0000
              Episode_Reward/alive: 0.3000
          Episode_Reward/feet_drag: -0.0098
Episode_Reward/feet_contact_forces: -0.1970
               Episode_Reward/roll: -0.0049
        Episode_Reward/base_height: -0.0247
Episode_Reward/tracking_lin_vel_max: 0.2996
Episode_Reward/flat_orientation_l2: -0.0015
  Episode_Reward/air_time_variance: -0.0116
        Episode_Reward/feet_height: 0.0000
      Episode_Reward/feet_air_time: -0.0001
Episode_Reward/update_last_buffers: 0.0000
   Episode_Reward/wheel_idle_speed: -0.0045
    Episode_Reward/wheel_action_l2: -0.0000
  Episode_Reward/wheel_action_rate: 0.0000
Episode_Reward/teacher_ensemble_match: 0.0000
  Episode_Reward/wheel_forward_use: 0.0319
 Episode_Reward/wheel_turn_support: 0.0634
   Metrics/locomotion/error_vel_xy: 0.2819
  Metrics/locomotion/error_vel_yaw: 0.2849
      Episode_Termination/time_out: 1.0000
   Episode_Termination/bad_contact: 0.0000
          Episode_Termination/tilt: 0.0000
    Episode_Termination/low_height: 0.0000
--------------------------------------------------------------------------------
                   Total timesteps: 84480
                    Iteration time: 2.58s
                      Time elapsed: 00:02:24
                               ETA: 00:06:23

################################################################################
                      [1m Learning iteration 55/200 [0m                       

                       Computation: 592 steps/s (collection: 2.523s, learning 0.070s)
             Mean action noise std: 0.05
          Mean value_function loss: 0.2665
               Mean surrogate loss: 0.0073
                 Mean entropy loss: -27.2720
                       Mean reward: -34.27
               Mean episode length: 300.00
   Episode_Reward/term_bad_contact: 0.0000
          Episode_Reward/term_tilt: 0.0000
    Episode_Reward/term_low_height: 0.0000
      Episode_Reward/leg_action_l2: -0.0013
   Episode_Reward/tracking_lin_vel: 0.5012
Episode_Reward/tracking_lin_vel_x_exp: 0.8137
Episode_Reward/tracking_ang_vel_yaw_l1: 0.0000
Episode_Reward/tracking_ang_vel_yaw_exp: 0.7933
Episode_Reward/tracking_lin_vel_y_l2: 0.0000
Episode_Reward/tracking_lin_vel_z_l2: 0.0000
            Episode_Reward/survive: 0.0000
    Episode_Reward/foot_contacts_z: 0.0000
            Episode_Reward/torques: -0.1306
 Episode_Reward/tracking_lin_vel_y: 0.0000
          Episode_Reward/lin_vel_z: -0.0064
         Episode_Reward/ang_vel_xy: -0.0136
   Episode_Reward/tracking_ang_vel: 0.2534
               Episode_Reward/work: -0.0479
            Episode_Reward/dof_acc: -0.0032
        Episode_Reward/action_rate: -0.0019
     Episode_Reward/dof_pos_limits: 0.0000
      Episode_Reward/delta_torques: -0.0002
          Episode_Reward/collision: -5.9013
        Episode_Reward/walking_dof: 0.0078
            Episode_Reward/hip_pos: -0.0017
          Episode_Reward/feet_jerk: 0.0000
              Episode_Reward/alive: 0.3000
          Episode_Reward/feet_drag: -0.0097
Episode_Reward/feet_contact_forces: -0.1968
               Episode_Reward/roll: -0.0051
        Episode_Reward/base_height: -0.0256
Episode_Reward/tracking_lin_vel_max: 0.3119
Episode_Reward/flat_orientation_l2: -0.0012
  Episode_Reward/air_time_variance: -0.0141
        Episode_Reward/feet_height: 0.0000
      Episode_Reward/feet_air_time: -0.0000
Episode_Reward/update_last_buffers: 0.0000
   Episode_Reward/wheel_idle_speed: -0.0047
    Episode_Reward/wheel_action_l2: -0.0000
  Episode_Reward/wheel_action_rate: 0.0000
Episode_Reward/teacher_ensemble_match: 0.0000
  Episode_Reward/wheel_forward_use: 0.0311
 Episode_Reward/wheel_turn_support: 0.0379
   Metrics/locomotion/error_vel_xy: 0.2798
  Metrics/locomotion/error_vel_yaw: 0.2658
      Episode_Termination/time_out: 1.0000
   Episode_Termination/bad_contact: 0.0000
          Episode_Termination/tilt: 0.0000
    Episode_Termination/low_height: 0.0000
--------------------------------------------------------------------------------
                   Total timesteps: 86016
                    Iteration time: 2.59s
                      Time elapsed: 00:02:27
                               ETA: 00:06:21

################################################################################
                      [1m Learning iteration 56/200 [0m                       

                       Computation: 597 steps/s (collection: 2.502s, learning 0.070s)
             Mean action noise std: 0.05
          Mean value_function loss: 0.2524
               Mean surrogate loss: 0.0309
                 Mean entropy loss: -27.2720
                       Mean reward: -34.06
               Mean episode length: 300.00
   Episode_Reward/term_bad_contact: 0.0000
          Episode_Reward/term_tilt: 0.0000
    Episode_Reward/term_low_height: 0.0000
      Episode_Reward/leg_action_l2: -0.0016
   Episode_Reward/tracking_lin_vel: 0.5185
Episode_Reward/tracking_lin_vel_x_exp: 0.8361
Episode_Reward/tracking_ang_vel_yaw_l1: 0.0000
Episode_Reward/tracking_ang_vel_yaw_exp: 0.7620
Episode_Reward/tracking_lin_vel_y_l2: 0.0000
Episode_Reward/tracking_lin_vel_z_l2: 0.0000
            Episode_Reward/survive: 0.0000
    Episode_Reward/foot_contacts_z: 0.0000
            Episode_Reward/torques: -0.1396
 Episode_Reward/tracking_lin_vel_y: 0.0000
          Episode_Reward/lin_vel_z: -0.0069
         Episode_Reward/ang_vel_xy: -0.0128
   Episode_Reward/tracking_ang_vel: 0.2476
               Episode_Reward/work: -0.0496
            Episode_Reward/dof_acc: -0.0028
        Episode_Reward/action_rate: -0.0019
     Episode_Reward/dof_pos_limits: 0.0000
      Episode_Reward/delta_torques: -0.0002
          Episode_Reward/collision: -5.8083
        Episode_Reward/walking_dof: 0.0033
            Episode_Reward/hip_pos: -0.0024
          Episode_Reward/feet_jerk: 0.0000
              Episode_Reward/alive: 0.3000
          Episode_Reward/feet_drag: -0.0091
Episode_Reward/feet_contact_forces: -0.1969
               Episode_Reward/roll: -0.0071
        Episode_Reward/base_height: -0.0248
Episode_Reward/tracking_lin_vel_max: 0.3748
Episode_Reward/flat_orientation_l2: -0.0050
  Episode_Reward/air_time_variance: -0.0110
        Episode_Reward/feet_height: 0.0000
      Episode_Reward/feet_air_time: -0.0001
Episode_Reward/update_last_buffers: 0.0000
   Episode_Reward/wheel_idle_speed: -0.0048
    Episode_Reward/wheel_action_l2: -0.0001
  Episode_Reward/wheel_action_rate: 0.0000
Episode_Reward/teacher_ensemble_match: 0.0000
  Episode_Reward/wheel_forward_use: 0.0064
 Episode_Reward/wheel_turn_support: 0.0561
   Metrics/locomotion/error_vel_xy: 0.2576
  Metrics/locomotion/error_vel_yaw: 0.2905
      Episode_Termination/time_out: 1.0000
   Episode_Termination/bad_contact: 0.0000
          Episode_Termination/tilt: 0.0000
    Episode_Termination/low_height: 0.0000
--------------------------------------------------------------------------------
                   Total timesteps: 87552
                    Iteration time: 2.57s
                      Time elapsed: 00:02:29
                               ETA: 00:06:18

################################################################################
                      [1m Learning iteration 57/200 [0m                       

                       Computation: 611 steps/s (collection: 2.443s, learning 0.069s)
             Mean action noise std: 0.05
          Mean value_function loss: 0.1273
               Mean surrogate loss: 0.0331
                 Mean entropy loss: -27.2720
                       Mean reward: -34.02
               Mean episode length: 300.00
   Episode_Reward/term_bad_contact: 0.0000
          Episode_Reward/term_tilt: 0.0000
    Episode_Reward/term_low_height: 0.0000
      Episode_Reward/leg_action_l2: -0.0016
   Episode_Reward/tracking_lin_vel: 0.5307
Episode_Reward/tracking_lin_vel_x_exp: 0.9026
Episode_Reward/tracking_ang_vel_yaw_l1: 0.0000
Episode_Reward/tracking_ang_vel_yaw_exp: 0.8219
Episode_Reward/tracking_lin_vel_y_l2: 0.0000
Episode_Reward/tracking_lin_vel_z_l2: 0.0000
            Episode_Reward/survive: 0.0000
    Episode_Reward/foot_contacts_z: 0.0000
            Episode_Reward/torques: -0.1430
 Episode_Reward/tracking_lin_vel_y: 0.0000
          Episode_Reward/lin_vel_z: -0.0068
         Episode_Reward/ang_vel_xy: -0.0149
   Episode_Reward/tracking_ang_vel: 0.2553
               Episode_Reward/work: -0.0498
            Episode_Reward/dof_acc: -0.0036
        Episode_Reward/action_rate: -0.0020
     Episode_Reward/dof_pos_limits: 0.0000
      Episode_Reward/delta_torques: -0.0002
          Episode_Reward/collision: -5.9008
        Episode_Reward/walking_dof: 0.0090
            Episode_Reward/hip_pos: -0.0022
          Episode_Reward/feet_jerk: 0.0000
              Episode_Reward/alive: 0.3000
          Episode_Reward/feet_drag: -0.0101
Episode_Reward/feet_contact_forces: -0.1966
               Episode_Reward/roll: -0.0083
        Episode_Reward/base_height: -0.0213
Episode_Reward/tracking_lin_vel_max: 0.2770
Episode_Reward/flat_orientation_l2: -0.0012
  Episode_Reward/air_time_variance: -0.0136
        Episode_Reward/feet_height: 0.0000
      Episode_Reward/feet_air_time: -0.0001
Episode_Reward/update_last_buffers: 0.0000
   Episode_Reward/wheel_idle_speed: -0.0040
    Episode_Reward/wheel_action_l2: -0.0000
  Episode_Reward/wheel_action_rate: 0.0000
Episode_Reward/teacher_ensemble_match: 0.0000
  Episode_Reward/wheel_forward_use: 0.0426
 Episode_Reward/wheel_turn_support: 0.0143
   Metrics/locomotion/error_vel_xy: 0.2312
  Metrics/locomotion/error_vel_yaw: 0.2576
      Episode_Termination/time_out: 1.0000
   Episode_Termination/bad_contact: 0.0000
          Episode_Termination/tilt: 0.0000
    Episode_Termination/low_height: 0.0000
--------------------------------------------------------------------------------
                   Total timesteps: 89088
                    Iteration time: 2.51s
                      Time elapsed: 00:02:32
                               ETA: 00:06:15

################################################################################
                      [1m Learning iteration 58/200 [0m                       

                       Computation: 607 steps/s (collection: 2.458s, learning 0.069s)
             Mean action noise std: 0.05
          Mean value_function loss: 0.1558
               Mean surrogate loss: 0.0347
                 Mean entropy loss: -27.2720
                       Mean reward: -33.88
               Mean episode length: 300.00
   Episode_Reward/term_bad_contact: 0.0000
          Episode_Reward/term_tilt: 0.0000
    Episode_Reward/term_low_height: 0.0000
      Episode_Reward/leg_action_l2: -0.0015
   Episode_Reward/tracking_lin_vel: 0.4890
Episode_Reward/tracking_lin_vel_x_exp: 0.7309
Episode_Reward/tracking_ang_vel_yaw_l1: 0.0000
Episode_Reward/tracking_ang_vel_yaw_exp: 0.7334
Episode_Reward/tracking_lin_vel_y_l2: 0.0000
Episode_Reward/tracking_lin_vel_z_l2: 0.0000
            Episode_Reward/survive: 0.0000
    Episode_Reward/foot_contacts_z: 0.0000
            Episode_Reward/torques: -0.1610
 Episode_Reward/tracking_lin_vel_y: 0.0000
          Episode_Reward/lin_vel_z: -0.0073
         Episode_Reward/ang_vel_xy: -0.0129
   Episode_Reward/tracking_ang_vel: 0.2420
               Episode_Reward/work: -0.0539
            Episode_Reward/dof_acc: -0.0033
        Episode_Reward/action_rate: -0.0019
     Episode_Reward/dof_pos_limits: 0.0000
      Episode_Reward/delta_torques: -0.0002
          Episode_Reward/collision: -5.7448
        Episode_Reward/walking_dof: 0.0086
            Episode_Reward/hip_pos: -0.0021
          Episode_Reward/feet_jerk: 0.0000
              Episode_Reward/alive: 0.3000
          Episode_Reward/feet_drag: -0.0107
Episode_Reward/feet_contact_forces: -0.1971
               Episode_Reward/roll: -0.0082
        Episode_Reward/base_height: -0.0231
Episode_Reward/tracking_lin_vel_max: 0.3122
Episode_Reward/flat_orientation_l2: -0.0086
  Episode_Reward/air_time_variance: -0.0107
        Episode_Reward/feet_height: 0.0000
      Episode_Reward/feet_air_time: -0.0001
Episode_Reward/update_last_buffers: 0.0000
   Episode_Reward/wheel_idle_speed: -0.0046
    Episode_Reward/wheel_action_l2: -0.0000
  Episode_Reward/wheel_action_rate: 0.0000
Episode_Reward/teacher_ensemble_match: 0.0000
  Episode_Reward/wheel_forward_use: 0.0058
 Episode_Reward/wheel_turn_support: 0.0677
   Metrics/locomotion/error_vel_xy: 0.3138
  Metrics/locomotion/error_vel_yaw: 0.3091
      Episode_Termination/time_out: 1.0000
   Episode_Termination/bad_contact: 0.0000
          Episode_Termination/tilt: 0.0000
    Episode_Termination/low_height: 0.0000
--------------------------------------------------------------------------------
                   Total timesteps: 90624
                    Iteration time: 2.53s
                      Time elapsed: 00:02:34
                               ETA: 00:06:12

################################################################################
                      [1m Learning iteration 59/200 [0m                       

                       Computation: 599 steps/s (collection: 2.492s, learning 0.069s)
             Mean action noise std: 0.05
          Mean value_function loss: 0.2389
               Mean surrogate loss: 0.0219
                 Mean entropy loss: -27.2720
                       Mean reward: -34.10
               Mean episode length: 300.00
   Episode_Reward/term_bad_contact: 0.0000
          Episode_Reward/term_tilt: 0.0000
    Episode_Reward/term_low_height: 0.0000
      Episode_Reward/leg_action_l2: -0.0015
   Episode_Reward/tracking_lin_vel: 0.4760
Episode_Reward/tracking_lin_vel_x_exp: 0.6787
Episode_Reward/tracking_ang_vel_yaw_l1: 0.0000
Episode_Reward/tracking_ang_vel_yaw_exp: 0.7776
Episode_Reward/tracking_lin_vel_y_l2: 0.0000
Episode_Reward/tracking_lin_vel_z_l2: 0.0000
            Episode_Reward/survive: 0.0000
    Episode_Reward/foot_contacts_z: 0.0000
            Episode_Reward/torques: -0.1554
 Episode_Reward/tracking_lin_vel_y: 0.0000
          Episode_Reward/lin_vel_z: -0.0067
         Episode_Reward/ang_vel_xy: -0.0119
   Episode_Reward/tracking_ang_vel: 0.2501
               Episode_Reward/work: -0.0491
            Episode_Reward/dof_acc: -0.0030
        Episode_Reward/action_rate: -0.0018
     Episode_Reward/dof_pos_limits: 0.0000
      Episode_Reward/delta_torques: -0.0002
          Episode_Reward/collision: -5.8767
        Episode_Reward/walking_dof: 0.0145
            Episode_Reward/hip_pos: -0.0020
          Episode_Reward/feet_jerk: 0.0000
              Episode_Reward/alive: 0.3000
          Episode_Reward/feet_drag: -0.0098
Episode_Reward/feet_contact_forces: -0.1967
               Episode_Reward/roll: -0.0080
        Episode_Reward/base_height: -0.0240
Episode_Reward/tracking_lin_vel_max: 0.2152
Episode_Reward/flat_orientation_l2: -0.0058
  Episode_Reward/air_time_variance: -0.0136
        Episode_Reward/feet_height: 0.0000
      Episode_Reward/feet_air_time: -0.0001
Episode_Reward/update_last_buffers: 0.0000
   Episode_Reward/wheel_idle_speed: -0.0035
    Episode_Reward/wheel_action_l2: -0.0000
  Episode_Reward/wheel_action_rate: 0.0000
Episode_Reward/teacher_ensemble_match: 0.0000
  Episode_Reward/wheel_forward_use: 0.0345
 Episode_Reward/wheel_turn_support: 0.0533
   Metrics/locomotion/error_vel_xy: 0.3353
  Metrics/locomotion/error_vel_yaw: 0.2811
      Episode_Termination/time_out: 1.0000
   Episode_Termination/bad_contact: 0.0000
          Episode_Termination/tilt: 0.0000
    Episode_Termination/low_height: 0.0000
--------------------------------------------------------------------------------
                   Total timesteps: 92160
                    Iteration time: 2.56s
                      Time elapsed: 00:02:37
                               ETA: 00:06:09

################################################################################
                      [1m Learning iteration 60/200 [0m                       

                       Computation: 598 steps/s (collection: 2.494s, learning 0.073s)
             Mean action noise std: 0.05
          Mean value_function loss: 0.1823
               Mean surrogate loss: 0.0346
                 Mean entropy loss: -27.2720
                       Mean reward: -34.36
               Mean episode length: 300.00
   Episode_Reward/term_bad_contact: 0.0000
          Episode_Reward/term_tilt: 0.0000
    Episode_Reward/term_low_height: 0.0000
      Episode_Reward/leg_action_l2: -0.0013
   Episode_Reward/tracking_lin_vel: 0.4501
Episode_Reward/tracking_lin_vel_x_exp: 0.5900
Episode_Reward/tracking_ang_vel_yaw_l1: 0.0000
Episode_Reward/tracking_ang_vel_yaw_exp: 0.7808
Episode_Reward/tracking_lin_vel_y_l2: 0.0000
Episode_Reward/tracking_lin_vel_z_l2: 0.0000
            Episode_Reward/survive: 0.0000
    Episode_Reward/foot_contacts_z: 0.0000
            Episode_Reward/torques: -0.1370
 Episode_Reward/tracking_lin_vel_y: 0.0000
          Episode_Reward/lin_vel_z: -0.0069
         Episode_Reward/ang_vel_xy: -0.0123
   Episode_Reward/tracking_ang_vel: 0.2526
               Episode_Reward/work: -0.0527
            Episode_Reward/dof_acc: -0.0031
        Episode_Reward/action_rate: -0.0019
     Episode_Reward/dof_pos_limits: 0.0000
      Episode_Reward/delta_torques: -0.0002
          Episode_Reward/collision: -5.9117
        Episode_Reward/walking_dof: 0.0194
            Episode_Reward/hip_pos: -0.0017
          Episode_Reward/feet_jerk: 0.0000
              Episode_Reward/alive: 0.3000
          Episode_Reward/feet_drag: -0.0099
Episode_Reward/feet_contact_forces: -0.1972
               Episode_Reward/roll: -0.0073
        Episode_Reward/base_height: -0.0262
Episode_Reward/tracking_lin_vel_max: 0.1318
Episode_Reward/flat_orientation_l2: -0.0023
  Episode_Reward/air_time_variance: -0.0151
        Episode_Reward/feet_height: 0.0000
      Episode_Reward/feet_air_time: -0.0001
Episode_Reward/update_last_buffers: 0.0000
   Episode_Reward/wheel_idle_speed: -0.0020
    Episode_Reward/wheel_action_l2: -0.0000
  Episode_Reward/wheel_action_rate: 0.0000
Episode_Reward/teacher_ensemble_match: 0.0000
  Episode_Reward/wheel_forward_use: 0.0251
 Episode_Reward/wheel_turn_support: 0.0643
   Metrics/locomotion/error_vel_xy: 0.3810
  Metrics/locomotion/error_vel_yaw: 0.2728
      Episode_Termination/time_out: 1.0000
   Episode_Termination/bad_contact: 0.0000
          Episode_Termination/tilt: 0.0000
    Episode_Termination/low_height: 0.0000
--------------------------------------------------------------------------------
                   Total timesteps: 93696
                    Iteration time: 2.57s
                      Time elapsed: 00:02:39
                               ETA: 00:06:07

################################################################################
                      [1m Learning iteration 61/200 [0m                       

                       Computation: 601 steps/s (collection: 2.482s, learning 0.073s)
             Mean action noise std: 0.05
          Mean value_function loss: 0.1858
               Mean surrogate loss: 0.0170
                 Mean entropy loss: -27.2720
                       Mean reward: -34.51
               Mean episode length: 300.00
   Episode_Reward/term_bad_contact: 0.0000
          Episode_Reward/term_tilt: 0.0000
    Episode_Reward/term_low_height: 0.0000
      Episode_Reward/leg_action_l2: -0.0017
   Episode_Reward/tracking_lin_vel: 0.4510
Episode_Reward/tracking_lin_vel_x_exp: 0.6021
Episode_Reward/tracking_ang_vel_yaw_l1: 0.0000
Episode_Reward/tracking_ang_vel_yaw_exp: 0.7316
Episode_Reward/tracking_lin_vel_y_l2: 0.0000
Episode_Reward/tracking_lin_vel_z_l2: 0.0000
            Episode_Reward/survive: 0.0000
    Episode_Reward/foot_contacts_z: 0.0000
            Episode_Reward/torques: -0.1622
 Episode_Reward/tracking_lin_vel_y: 0.0000
          Episode_Reward/lin_vel_z: -0.0065
         Episode_Reward/ang_vel_xy: -0.0124
   Episode_Reward/tracking_ang_vel: 0.2454
               Episode_Reward/work: -0.0497
            Episode_Reward/dof_acc: -0.0034
        Episode_Reward/action_rate: -0.0021
     Episode_Reward/dof_pos_limits: 0.0000
      Episode_Reward/delta_torques: -0.0002
          Episode_Reward/collision: -5.9061
        Episode_Reward/walking_dof: 0.0140
            Episode_Reward/hip_pos: -0.0023
          Episode_Reward/feet_jerk: 0.0000
              Episode_Reward/alive: 0.3000
          Episode_Reward/feet_drag: -0.0105
Episode_Reward/feet_contact_forces: -0.1969
               Episode_Reward/roll: -0.0093
        Episode_Reward/base_height: -0.0212
Episode_Reward/tracking_lin_vel_max: 0.2103
Episode_Reward/flat_orientation_l2: -0.0031
  Episode_Reward/air_time_variance: -0.0148
        Episode_Reward/feet_height: 0.0000
      Episode_Reward/feet_air_time: -0.0001
Episode_Reward/update_last_buffers: 0.0000
   Episode_Reward/wheel_idle_speed: -0.0044
    Episode_Reward/wheel_action_l2: -0.0000
  Episode_Reward/wheel_action_rate: 0.0000
Episode_Reward/teacher_ensemble_match: 0.0000
  Episode_Reward/wheel_forward_use: 0.0127
 Episode_Reward/wheel_turn_support: 0.0801
   Metrics/locomotion/error_vel_xy: 0.3801
  Metrics/locomotion/error_vel_yaw: 0.2992
      Episode_Termination/time_out: 1.0000
   Episode_Termination/bad_contact: 0.0000
          Episode_Termination/tilt: 0.0000
    Episode_Termination/low_height: 0.0000
--------------------------------------------------------------------------------
                   Total timesteps: 95232
                    Iteration time: 2.55s
                      Time elapsed: 00:02:42
                               ETA: 00:06:04

################################################################################
                      [1m Learning iteration 62/200 [0m                       

                       Computation: 606 steps/s (collection: 2.460s, learning 0.072s)
             Mean action noise std: 0.05
          Mean value_function loss: 0.1184
               Mean surrogate loss: 0.0208
                 Mean entropy loss: -27.2720
                       Mean reward: -34.54
               Mean episode length: 300.00
   Episode_Reward/term_bad_contact: 0.0000
          Episode_Reward/term_tilt: 0.0000
    Episode_Reward/term_low_height: 0.0000
      Episode_Reward/leg_action_l2: -0.0014
   Episode_Reward/tracking_lin_vel: 0.4564
Episode_Reward/tracking_lin_vel_x_exp: 0.6064
Episode_Reward/tracking_ang_vel_yaw_l1: 0.0000
Episode_Reward/tracking_ang_vel_yaw_exp: 0.7430
Episode_Reward/tracking_lin_vel_y_l2: 0.0000
Episode_Reward/tracking_lin_vel_z_l2: 0.0000
            Episode_Reward/survive: 0.0000
    Episode_Reward/foot_contacts_z: 0.0000
            Episode_Reward/torques: -0.1665
 Episode_Reward/tracking_lin_vel_y: 0.0000
          Episode_Reward/lin_vel_z: -0.0070
         Episode_Reward/ang_vel_xy: -0.0147
   Episode_Reward/tracking_ang_vel: 0.2440
               Episode_Reward/work: -0.0512
            Episode_Reward/dof_acc: -0.0034
        Episode_Reward/action_rate: -0.0020
     Episode_Reward/dof_pos_limits: 0.0000
      Episode_Reward/delta_torques: -0.0002
          Episode_Reward/collision: -5.6708
        Episode_Reward/walking_dof: 0.0131
            Episode_Reward/hip_pos: -0.0020
          Episode_Reward/feet_jerk: 0.0000
              Episode_Reward/alive: 0.3000
          Episode_Reward/feet_drag: -0.0111
Episode_Reward/feet_contact_forces: -0.1975
               Episode_Reward/roll: -0.0097
        Episode_Reward/base_height: -0.0238
Episode_Reward/tracking_lin_vel_max: 0.2132
Episode_Reward/flat_orientation_l2: -0.0103
  Episode_Reward/air_time_variance: -0.0107
        Episode_Reward/feet_height: 0.0000
      Episode_Reward/feet_air_time: -0.0001
Episode_Reward/update_last_buffers: 0.0000
   Episode_Reward/wheel_idle_speed: -0.0045
    Episode_Reward/wheel_action_l2: -0.0000
  Episode_Reward/wheel_action_rate: 0.0000
Episode_Reward/teacher_ensemble_match: 0.0000
  Episode_Reward/wheel_forward_use: 0.0151
 Episode_Reward/wheel_turn_support: 0.0265
   Metrics/locomotion/error_vel_xy: 0.3735
  Metrics/locomotion/error_vel_yaw: 0.3042
      Episode_Termination/time_out: 1.0000
   Episode_Termination/bad_contact: 0.0000
          Episode_Termination/tilt: 0.0000
    Episode_Termination/low_height: 0.0000
--------------------------------------------------------------------------------
                   Total timesteps: 96768
                    Iteration time: 2.53s
                      Time elapsed: 00:02:45
                               ETA: 00:06:01

################################################################################
                      [1m Learning iteration 63/200 [0m                       

                       Computation: 600 steps/s (collection: 2.487s, learning 0.070s)
             Mean action noise std: 0.05
          Mean value_function loss: 0.1515
               Mean surrogate loss: 0.1071
                 Mean entropy loss: -27.2720
                       Mean reward: -34.61
               Mean episode length: 300.00
   Episode_Reward/term_bad_contact: 0.0000
          Episode_Reward/term_tilt: 0.0000
    Episode_Reward/term_low_height: 0.0000
      Episode_Reward/leg_action_l2: -0.0015
   Episode_Reward/tracking_lin_vel: 0.4789
Episode_Reward/tracking_lin_vel_x_exp: 0.7281
Episode_Reward/tracking_ang_vel_yaw_l1: 0.0000
Episode_Reward/tracking_ang_vel_yaw_exp: 0.7495
Episode_Reward/tracking_lin_vel_y_l2: 0.0000
Episode_Reward/tracking_lin_vel_z_l2: 0.0000
            Episode_Reward/survive: 0.0000
    Episode_Reward/foot_contacts_z: 0.0000
            Episode_Reward/torques: -0.1548
 Episode_Reward/tracking_lin_vel_y: 0.0000
          Episode_Reward/lin_vel_z: -0.0076
         Episode_Reward/ang_vel_xy: -0.0130
   Episode_Reward/tracking_ang_vel: 0.2450
               Episode_Reward/work: -0.0525
            Episode_Reward/dof_acc: -0.0033
        Episode_Reward/action_rate: -0.0020
     Episode_Reward/dof_pos_limits: 0.0000
      Episode_Reward/delta_torques: -0.0002
          Episode_Reward/collision: -5.7261
        Episode_Reward/walking_dof: 0.0135
            Episode_Reward/hip_pos: -0.0025
          Episode_Reward/feet_jerk: 0.0000
              Episode_Reward/alive: 0.3000
          Episode_Reward/feet_drag: -0.0103
Episode_Reward/feet_contact_forces: -0.1968
               Episode_Reward/roll: -0.0070
        Episode_Reward/base_height: -0.0260
Episode_Reward/tracking_lin_vel_max: 0.2297
Episode_Reward/flat_orientation_l2: -0.0061
  Episode_Reward/air_time_variance: -0.0107
        Episode_Reward/feet_height: 0.0000
      Episode_Reward/feet_air_time: -0.0001
Episode_Reward/update_last_buffers: 0.0000
   Episode_Reward/wheel_idle_speed: -0.0030
    Episode_Reward/wheel_action_l2: -0.0000
  Episode_Reward/wheel_action_rate: 0.0000
Episode_Reward/teacher_ensemble_match: 0.0000
  Episode_Reward/wheel_forward_use: 0.0403
 Episode_Reward/wheel_turn_support: 0.0561
   Metrics/locomotion/error_vel_xy: 0.3218
  Metrics/locomotion/error_vel_yaw: 0.3023
      Episode_Termination/time_out: 1.0000
   Episode_Termination/bad_contact: 0.0000
          Episode_Termination/tilt: 0.0000
    Episode_Termination/low_height: 0.0000
--------------------------------------------------------------------------------
                   Total timesteps: 98304
                    Iteration time: 2.56s
                      Time elapsed: 00:02:47
                               ETA: 00:05:58

################################################################################
                      [1m Learning iteration 64/200 [0m                       

                       Computation: 602 steps/s (collection: 2.480s, learning 0.070s)
             Mean action noise std: 0.05
          Mean value_function loss: 0.1487
               Mean surrogate loss: 0.0934
                 Mean entropy loss: -27.2720
                       Mean reward: -34.67
               Mean episode length: 300.00
   Episode_Reward/term_bad_contact: 0.0000
          Episode_Reward/term_tilt: 0.0000
    Episode_Reward/term_low_height: 0.0000
      Episode_Reward/leg_action_l2: -0.0018
   Episode_Reward/tracking_lin_vel: 0.4359
Episode_Reward/tracking_lin_vel_x_exp: 0.5796
Episode_Reward/tracking_ang_vel_yaw_l1: 0.0000
Episode_Reward/tracking_ang_vel_yaw_exp: 0.7800
Episode_Reward/tracking_lin_vel_y_l2: 0.0000
Episode_Reward/tracking_lin_vel_z_l2: 0.0000
            Episode_Reward/survive: 0.0000
    Episode_Reward/foot_contacts_z: 0.0000
            Episode_Reward/torques: -0.1608
 Episode_Reward/tracking_lin_vel_y: 0.0000
          Episode_Reward/lin_vel_z: -0.0074
         Episode_Reward/ang_vel_xy: -0.0124
   Episode_Reward/tracking_ang_vel: 0.2492
               Episode_Reward/work: -0.0494
            Episode_Reward/dof_acc: -0.0031
        Episode_Reward/action_rate: -0.0020
     Episode_Reward/dof_pos_limits: 0.0000
      Episode_Reward/delta_torques: -0.0002
          Episode_Reward/collision: -5.8429
        Episode_Reward/walking_dof: 0.0204
            Episode_Reward/hip_pos: -0.0029
          Episode_Reward/feet_jerk: 0.0000
              Episode_Reward/alive: 0.3000
          Episode_Reward/feet_drag: -0.0111
Episode_Reward/feet_contact_forces: -0.1966
               Episode_Reward/roll: -0.0069
        Episode_Reward/base_height: -0.0228
Episode_Reward/tracking_lin_vel_max: 0.1247
Episode_Reward/flat_orientation_l2: -0.0025
  Episode_Reward/air_time_variance: -0.0126
        Episode_Reward/feet_height: 0.0000
      Episode_Reward/feet_air_time: -0.0002
Episode_Reward/update_last_buffers: 0.0000
   Episode_Reward/wheel_idle_speed: -0.0014
    Episode_Reward/wheel_action_l2: -0.0000
  Episode_Reward/wheel_action_rate: 0.0000
Episode_Reward/teacher_ensemble_match: 0.0000
  Episode_Reward/wheel_forward_use: 0.0767
 Episode_Reward/wheel_turn_support: 0.0347
   Metrics/locomotion/error_vel_xy: 0.4045
  Metrics/locomotion/error_vel_yaw: 0.2903
      Episode_Termination/time_out: 1.0000
   Episode_Termination/bad_contact: 0.0000
          Episode_Termination/tilt: 0.0000
    Episode_Termination/low_height: 0.0000
--------------------------------------------------------------------------------
                   Total timesteps: 99840
                    Iteration time: 2.55s
                      Time elapsed: 00:02:50
                               ETA: 00:05:56

################################################################################
                      [1m Learning iteration 65/200 [0m                       

                       Computation: 603 steps/s (collection: 2.475s, learning 0.071s)
             Mean action noise std: 0.05
          Mean value_function loss: 0.1046
               Mean surrogate loss: 0.0607
                 Mean entropy loss: -27.2720
                       Mean reward: -34.75
               Mean episode length: 300.00
   Episode_Reward/term_bad_contact: 0.0000
          Episode_Reward/term_tilt: 0.0000
    Episode_Reward/term_low_height: 0.0000
      Episode_Reward/leg_action_l2: -0.0018
   Episode_Reward/tracking_lin_vel: 0.4553
Episode_Reward/tracking_lin_vel_x_exp: 0.6957
Episode_Reward/tracking_ang_vel_yaw_l1: 0.0000
Episode_Reward/tracking_ang_vel_yaw_exp: 0.7643
Episode_Reward/tracking_lin_vel_y_l2: 0.0000
Episode_Reward/tracking_lin_vel_z_l2: 0.0000
            Episode_Reward/survive: 0.0000
    Episode_Reward/foot_contacts_z: 0.0000
            Episode_Reward/torques: -0.1729
 Episode_Reward/tracking_lin_vel_y: 0.0000
          Episode_Reward/lin_vel_z: -0.0093
         Episode_Reward/ang_vel_xy: -0.0129
   Episode_Reward/tracking_ang_vel: 0.2450
               Episode_Reward/work: -0.0593
            Episode_Reward/dof_acc: -0.0032
        Episode_Reward/action_rate: -0.0020
     Episode_Reward/dof_pos_limits: 0.0000
      Episode_Reward/delta_torques: -0.0002
          Episode_Reward/collision: -5.6758
        Episode_Reward/walking_dof: 0.0135
            Episode_Reward/hip_pos: -0.0030
          Episode_Reward/feet_jerk: 0.0000
              Episode_Reward/alive: 0.3000
          Episode_Reward/feet_drag: -0.0113
Episode_Reward/feet_contact_forces: -0.1983
               Episode_Reward/roll: -0.0096
        Episode_Reward/base_height: -0.0178
Episode_Reward/tracking_lin_vel_max: 0.2250
Episode_Reward/flat_orientation_l2: -0.0082
  Episode_Reward/air_time_variance: -0.0144
        Episode_Reward/feet_height: 0.0000
      Episode_Reward/feet_air_time: -0.0002
Episode_Reward/update_last_buffers: 0.0000
   Episode_Reward/wheel_idle_speed: -0.0035
    Episode_Reward/wheel_action_l2: -0.0000
  Episode_Reward/wheel_action_rate: 0.0000
Episode_Reward/teacher_ensemble_match: 0.0000
  Episode_Reward/wheel_forward_use: 0.0346
 Episode_Reward/wheel_turn_support: 0.0271
   Metrics/locomotion/error_vel_xy: 0.3659
  Metrics/locomotion/error_vel_yaw: 0.2989
      Episode_Termination/time_out: 1.0000
   Episode_Termination/bad_contact: 0.0000
          Episode_Termination/tilt: 0.0000
    Episode_Termination/low_height: 0.0000
--------------------------------------------------------------------------------
                   Total timesteps: 101376
                    Iteration time: 2.55s
                      Time elapsed: 00:02:52
                               ETA: 00:05:53

################################################################################
                      [1m Learning iteration 66/200 [0m                       

                       Computation: 604 steps/s (collection: 2.472s, learning 0.069s)
             Mean action noise std: 0.05
          Mean value_function loss: 0.1671
               Mean surrogate loss: 0.0292
                 Mean entropy loss: -27.2720
                       Mean reward: -34.76
               Mean episode length: 300.00
   Episode_Reward/term_bad_contact: 0.0000
          Episode_Reward/term_tilt: 0.0000
    Episode_Reward/term_low_height: 0.0000
      Episode_Reward/leg_action_l2: -0.0016
   Episode_Reward/tracking_lin_vel: 0.4626
Episode_Reward/tracking_lin_vel_x_exp: 0.7076
Episode_Reward/tracking_ang_vel_yaw_l1: 0.0000
Episode_Reward/tracking_ang_vel_yaw_exp: 0.7971
Episode_Reward/tracking_lin_vel_y_l2: 0.0000
Episode_Reward/tracking_lin_vel_z_l2: 0.0000
            Episode_Reward/survive: 0.0000
    Episode_Reward/foot_contacts_z: 0.0000
            Episode_Reward/torques: -0.1523
 Episode_Reward/tracking_lin_vel_y: 0.0000
          Episode_Reward/lin_vel_z: -0.0089
         Episode_Reward/ang_vel_xy: -0.0130
   Episode_Reward/tracking_ang_vel: 0.2505
               Episode_Reward/work: -0.0566
            Episode_Reward/dof_acc: -0.0031
        Episode_Reward/action_rate: -0.0020
     Episode_Reward/dof_pos_limits: 0.0000
      Episode_Reward/delta_torques: -0.0002
          Episode_Reward/collision: -5.8342
        Episode_Reward/walking_dof: 0.0103
            Episode_Reward/hip_pos: -0.0026
          Episode_Reward/feet_jerk: 0.0000
              Episode_Reward/alive: 0.3000
          Episode_Reward/feet_drag: -0.0101
Episode_Reward/feet_contact_forces: -0.1972
               Episode_Reward/roll: -0.0092
        Episode_Reward/base_height: -0.0204
Episode_Reward/tracking_lin_vel_max: 0.2586
Episode_Reward/flat_orientation_l2: -0.0047
  Episode_Reward/air_time_variance: -0.0136
        Episode_Reward/feet_height: 0.0000
      Episode_Reward/feet_air_time: -0.0001
Episode_Reward/update_last_buffers: 0.0000
   Episode_Reward/wheel_idle_speed: -0.0035
    Episode_Reward/wheel_action_l2: -0.0000
  Episode_Reward/wheel_action_rate: 0.0000
Episode_Reward/teacher_ensemble_match: 0.0000
  Episode_Reward/wheel_forward_use: 0.0141
 Episode_Reward/wheel_turn_support: 0.0455
   Metrics/locomotion/error_vel_xy: 0.3544
  Metrics/locomotion/error_vel_yaw: 0.2782
      Episode_Termination/time_out: 1.0000
   Episode_Termination/bad_contact: 0.0000
          Episode_Termination/tilt: 0.0000
    Episode_Termination/low_height: 0.0000
--------------------------------------------------------------------------------
                   Total timesteps: 102912
                    Iteration time: 2.54s
                      Time elapsed: 00:02:55
                               ETA: 00:05:50

################################################################################
                      [1m Learning iteration 67/200 [0m                       

                       Computation: 604 steps/s (collection: 2.471s, learning 0.069s)
             Mean action noise std: 0.05
          Mean value_function loss: 0.2165
               Mean surrogate loss: 0.0627
                 Mean entropy loss: -27.2720
                       Mean reward: -34.65
               Mean episode length: 300.00
   Episode_Reward/term_bad_contact: 0.0000
          Episode_Reward/term_tilt: 0.0000
    Episode_Reward/term_low_height: 0.0000
      Episode_Reward/leg_action_l2: -0.0015
   Episode_Reward/tracking_lin_vel: 0.5151
Episode_Reward/tracking_lin_vel_x_exp: 0.8306
Episode_Reward/tracking_ang_vel_yaw_l1: 0.0000
Episode_Reward/tracking_ang_vel_yaw_exp: 0.7669
Episode_Reward/tracking_lin_vel_y_l2: 0.0000
Episode_Reward/tracking_lin_vel_z_l2: 0.0000
            Episode_Reward/survive: 0.0000
    Episode_Reward/foot_contacts_z: 0.0000
            Episode_Reward/torques: -0.1417
 Episode_Reward/tracking_lin_vel_y: 0.0000
          Episode_Reward/lin_vel_z: -0.0092
         Episode_Reward/ang_vel_xy: -0.0143
   Episode_Reward/tracking_ang_vel: 0.2487
               Episode_Reward/work: -0.0521
            Episode_Reward/dof_acc: -0.0030
        Episode_Reward/action_rate: -0.0021
     Episode_Reward/dof_pos_limits: 0.0000
      Episode_Reward/delta_torques: -0.0002
          Episode_Reward/collision: -5.8567
        Episode_Reward/walking_dof: 0.0061
            Episode_Reward/hip_pos: -0.0023
          Episode_Reward/feet_jerk: 0.0000
              Episode_Reward/alive: 0.3000
          Episode_Reward/feet_drag: -0.0096
Episode_Reward/feet_contact_forces: -0.1971
               Episode_Reward/roll: -0.0079
        Episode_Reward/base_height: -0.0232
Episode_Reward/tracking_lin_vel_max: 0.3328
Episode_Reward/flat_orientation_l2: -0.0021
  Episode_Reward/air_time_variance: -0.0129
        Episode_Reward/feet_height: 0.0000
      Episode_Reward/feet_air_time: -0.0000
Episode_Reward/update_last_buffers: 0.0000
   Episode_Reward/wheel_idle_speed: -0.0045
    Episode_Reward/wheel_action_l2: -0.0000
  Episode_Reward/wheel_action_rate: 0.0000
Episode_Reward/teacher_ensemble_match: 0.0000
  Episode_Reward/wheel_forward_use: 0.0039
 Episode_Reward/wheel_turn_support: 0.0733
   Metrics/locomotion/error_vel_xy: 0.2629
  Metrics/locomotion/error_vel_yaw: 0.2886
      Episode_Termination/time_out: 1.0000
   Episode_Termination/bad_contact: 0.0000
          Episode_Termination/tilt: 0.0000
    Episode_Termination/low_height: 0.0000
--------------------------------------------------------------------------------
                   Total timesteps: 104448
                    Iteration time: 2.54s
                      Time elapsed: 00:02:57
                               ETA: 00:05:47

################################################################################
                      [1m Learning iteration 68/200 [0m                       

                       Computation: 596 steps/s (collection: 2.505s, learning 0.069s)
             Mean action noise std: 0.05
          Mean value_function loss: 0.1864
               Mean surrogate loss: 0.0256
                 Mean entropy loss: -27.2720
                       Mean reward: -34.54
               Mean episode length: 300.00
   Episode_Reward/term_bad_contact: 0.0000
          Episode_Reward/term_tilt: 0.0000
    Episode_Reward/term_low_height: 0.0000
      Episode_Reward/leg_action_l2: -0.0017
   Episode_Reward/tracking_lin_vel: 0.4604
Episode_Reward/tracking_lin_vel_x_exp: 0.6603
Episode_Reward/tracking_ang_vel_yaw_l1: 0.0000
Episode_Reward/tracking_ang_vel_yaw_exp: 0.8064
Episode_Reward/tracking_lin_vel_y_l2: 0.0000
Episode_Reward/tracking_lin_vel_z_l2: 0.0000
            Episode_Reward/survive: 0.0000
    Episode_Reward/foot_contacts_z: 0.0000
            Episode_Reward/torques: -0.1662
 Episode_Reward/tracking_lin_vel_y: 0.0000
          Episode_Reward/lin_vel_z: -0.0099
         Episode_Reward/ang_vel_xy: -0.0143
   Episode_Reward/tracking_ang_vel: 0.2537
               Episode_Reward/work: -0.0535
            Episode_Reward/dof_acc: -0.0036
        Episode_Reward/action_rate: -0.0021
     Episode_Reward/dof_pos_limits: 0.0000
      Episode_Reward/delta_torques: -0.0002
          Episode_Reward/collision: -5.7942
        Episode_Reward/walking_dof: 0.0117
            Episode_Reward/hip_pos: -0.0033
          Episode_Reward/feet_jerk: 0.0000
              Episode_Reward/alive: 0.3000
          Episode_Reward/feet_drag: -0.0102
Episode_Reward/feet_contact_forces: -0.1975
               Episode_Reward/roll: -0.0082
        Episode_Reward/base_height: -0.0195
Episode_Reward/tracking_lin_vel_max: 0.2445
Episode_Reward/flat_orientation_l2: -0.0057
  Episode_Reward/air_time_variance: -0.0141
        Episode_Reward/feet_height: 0.0000
      Episode_Reward/feet_air_time: -0.0001
Episode_Reward/update_last_buffers: 0.0000
   Episode_Reward/wheel_idle_speed: -0.0041
    Episode_Reward/wheel_action_l2: -0.0001
  Episode_Reward/wheel_action_rate: 0.0000
Episode_Reward/teacher_ensemble_match: 0.0000
  Episode_Reward/wheel_forward_use: 0.0286
 Episode_Reward/wheel_turn_support: 0.0472
   Metrics/locomotion/error_vel_xy: 0.3590
  Metrics/locomotion/error_vel_yaw: 0.2690
      Episode_Termination/time_out: 1.0000
   Episode_Termination/bad_contact: 0.0000
          Episode_Termination/tilt: 0.0000
    Episode_Termination/low_height: 0.0000
--------------------------------------------------------------------------------
                   Total timesteps: 105984
                    Iteration time: 2.57s
                      Time elapsed: 00:03:00
                               ETA: 00:05:45

################################################################################
                      [1m Learning iteration 69/200 [0m                       

                       Computation: 605 steps/s (collection: 2.469s, learning 0.070s)
             Mean action noise std: 0.05
          Mean value_function loss: 0.1574
               Mean surrogate loss: 0.0509
                 Mean entropy loss: -27.2720
                       Mean reward: -34.64
               Mean episode length: 300.00
   Episode_Reward/term_bad_contact: 0.0000
          Episode_Reward/term_tilt: 0.0000
    Episode_Reward/term_low_height: 0.0000
      Episode_Reward/leg_action_l2: -0.0021
   Episode_Reward/tracking_lin_vel: 0.4798
Episode_Reward/tracking_lin_vel_x_exp: 0.6954
Episode_Reward/tracking_ang_vel_yaw_l1: 0.0000
Episode_Reward/tracking_ang_vel_yaw_exp: 0.7573
Episode_Reward/tracking_lin_vel_y_l2: 0.0000
Episode_Reward/tracking_lin_vel_z_l2: 0.0000
            Episode_Reward/survive: 0.0000
    Episode_Reward/foot_contacts_z: 0.0000
            Episode_Reward/torques: -0.1634
 Episode_Reward/tracking_lin_vel_y: 0.0000
          Episode_Reward/lin_vel_z: -0.0090
         Episode_Reward/ang_vel_xy: -0.0121
   Episode_Reward/tracking_ang_vel: 0.2495
               Episode_Reward/work: -0.0496
            Episode_Reward/dof_acc: -0.0030
        Episode_Reward/action_rate: -0.0021
     Episode_Reward/dof_pos_limits: 0.0000
      Episode_Reward/delta_torques: -0.0002
          Episode_Reward/collision: -5.8413
        Episode_Reward/walking_dof: 0.0095
            Episode_Reward/hip_pos: -0.0036
          Episode_Reward/feet_jerk: 0.0000
              Episode_Reward/alive: 0.3000
          Episode_Reward/feet_drag: -0.0098
Episode_Reward/feet_contact_forces: -0.1973
               Episode_Reward/roll: -0.0089
        Episode_Reward/base_height: -0.0208
Episode_Reward/tracking_lin_vel_max: 0.2790
Episode_Reward/flat_orientation_l2: -0.0045
  Episode_Reward/air_time_variance: -0.0148
        Episode_Reward/feet_height: 0.0000
      Episode_Reward/feet_air_time: -0.0000
Episode_Reward/update_last_buffers: 0.0000
   Episode_Reward/wheel_idle_speed: -0.0042
    Episode_Reward/wheel_action_l2: -0.0001
  Episode_Reward/wheel_action_rate: 0.0000
Episode_Reward/teacher_ensemble_match: 0.0000
  Episode_Reward/wheel_forward_use: 0.0151
 Episode_Reward/wheel_turn_support: 0.0749
   Metrics/locomotion/error_vel_xy: 0.3269
  Metrics/locomotion/error_vel_yaw: 0.2859
      Episode_Termination/time_out: 1.0000
   Episode_Termination/bad_contact: 0.0000
          Episode_Termination/tilt: 0.0000
    Episode_Termination/low_height: 0.0000
--------------------------------------------------------------------------------
                   Total timesteps: 107520
                    Iteration time: 2.54s
                      Time elapsed: 00:03:02
                               ETA: 00:05:42

################################################################################
                      [1m Learning iteration 70/200 [0m                       

                       Computation: 613 steps/s (collection: 2.433s, learning 0.069s)
             Mean action noise std: 0.05
          Mean value_function loss: 0.0930
               Mean surrogate loss: 0.0318
                 Mean entropy loss: -27.2720
                       Mean reward: -34.63
               Mean episode length: 300.00
   Episode_Reward/term_bad_contact: 0.0000
          Episode_Reward/term_tilt: 0.0000
    Episode_Reward/term_low_height: 0.0000
      Episode_Reward/leg_action_l2: -0.0022
   Episode_Reward/tracking_lin_vel: 0.4836
Episode_Reward/tracking_lin_vel_x_exp: 0.6769
Episode_Reward/tracking_ang_vel_yaw_l1: 0.0000
Episode_Reward/tracking_ang_vel_yaw_exp: 0.8466
Episode_Reward/tracking_lin_vel_y_l2: 0.0000
Episode_Reward/tracking_lin_vel_z_l2: 0.0000
            Episode_Reward/survive: 0.0000
    Episode_Reward/foot_contacts_z: 0.0000
            Episode_Reward/torques: -0.1785
 Episode_Reward/tracking_lin_vel_y: 0.0000
          Episode_Reward/lin_vel_z: -0.0104
         Episode_Reward/ang_vel_xy: -0.0117
   Episode_Reward/tracking_ang_vel: 0.2595
               Episode_Reward/work: -0.0562
            Episode_Reward/dof_acc: -0.0028
        Episode_Reward/action_rate: -0.0020
     Episode_Reward/dof_pos_limits: 0.0000
      Episode_Reward/delta_torques: -0.0002
          Episode_Reward/collision: -5.7846
        Episode_Reward/walking_dof: 0.0105
            Episode_Reward/hip_pos: -0.0045
          Episode_Reward/feet_jerk: 0.0000
              Episode_Reward/alive: 0.3000
          Episode_Reward/feet_drag: -0.0101
Episode_Reward/feet_contact_forces: -0.1974
               Episode_Reward/roll: -0.0085
        Episode_Reward/base_height: -0.0178
Episode_Reward/tracking_lin_vel_max: 0.2837
Episode_Reward/flat_orientation_l2: -0.0085
  Episode_Reward/air_time_variance: -0.0153
        Episode_Reward/feet_height: 0.0000
      Episode_Reward/feet_air_time: -0.0002
Episode_Reward/update_last_buffers: 0.0000
   Episode_Reward/wheel_idle_speed: -0.0045
    Episode_Reward/wheel_action_l2: -0.0001
  Episode_Reward/wheel_action_rate: 0.0000
Episode_Reward/teacher_ensemble_match: 0.0000
  Episode_Reward/wheel_forward_use: 0.0493
 Episode_Reward/wheel_turn_support: 0.0217
   Metrics/locomotion/error_vel_xy: 0.3258
  Metrics/locomotion/error_vel_yaw: 0.2421
      Episode_Termination/time_out: 1.0000
   Episode_Termination/bad_contact: 0.0000
          Episode_Termination/tilt: 0.0000
    Episode_Termination/low_height: 0.0000
--------------------------------------------------------------------------------
                   Total timesteps: 109056
                    Iteration time: 2.50s
                      Time elapsed: 00:03:05
                               ETA: 00:05:39

################################################################################
                      [1m Learning iteration 71/200 [0m                       

                       Computation: 602 steps/s (collection: 2.480s, learning 0.069s)
             Mean action noise std: 0.05
          Mean value_function loss: 0.1807
               Mean surrogate loss: 0.0243
                 Mean entropy loss: -27.2720
                       Mean reward: -34.63
               Mean episode length: 300.00
   Episode_Reward/term_bad_contact: 0.0000
          Episode_Reward/term_tilt: 0.0000
    Episode_Reward/term_low_height: 0.0000
      Episode_Reward/leg_action_l2: -0.0020
   Episode_Reward/tracking_lin_vel: 0.4656
Episode_Reward/tracking_lin_vel_x_exp: 0.6188
Episode_Reward/tracking_ang_vel_yaw_l1: 0.0000
Episode_Reward/tracking_ang_vel_yaw_exp: 0.7648
Episode_Reward/tracking_lin_vel_y_l2: 0.0000
Episode_Reward/tracking_lin_vel_z_l2: 0.0000
            Episode_Reward/survive: 0.0000
    Episode_Reward/foot_contacts_z: 0.0000
            Episode_Reward/torques: -0.1740
 Episode_Reward/tracking_lin_vel_y: 0.0000
          Episode_Reward/lin_vel_z: -0.0098
         Episode_Reward/ang_vel_xy: -0.0138
   Episode_Reward/tracking_ang_vel: 0.2489
               Episode_Reward/work: -0.0530
            Episode_Reward/dof_acc: -0.0034
        Episode_Reward/action_rate: -0.0022
     Episode_Reward/dof_pos_limits: 0.0000
      Episode_Reward/delta_torques: -0.0002
          Episode_Reward/collision: -5.8194
        Episode_Reward/walking_dof: 0.0122
            Episode_Reward/hip_pos: -0.0044
          Episode_Reward/feet_jerk: 0.0000
              Episode_Reward/alive: 0.3000
          Episode_Reward/feet_drag: -0.0113
Episode_Reward/feet_contact_forces: -0.1970
               Episode_Reward/roll: -0.0081
        Episode_Reward/base_height: -0.0126
Episode_Reward/tracking_lin_vel_max: 0.2488
Episode_Reward/flat_orientation_l2: -0.0039
  Episode_Reward/air_time_variance: -0.0138
        Episode_Reward/feet_height: 0.0000
      Episode_Reward/feet_air_time: -0.0001
Episode_Reward/update_last_buffers: 0.0000
   Episode_Reward/wheel_idle_speed: -0.0050
    Episode_Reward/wheel_action_l2: -0.0001
  Episode_Reward/wheel_action_rate: 0.0000
Episode_Reward/teacher_ensemble_match: 0.0000
  Episode_Reward/wheel_forward_use: 0.0146
 Episode_Reward/wheel_turn_support: 0.0480
   Metrics/locomotion/error_vel_xy: 0.3579
  Metrics/locomotion/error_vel_yaw: 0.2849
      Episode_Termination/time_out: 1.0000
   Episode_Termination/bad_contact: 0.0000
          Episode_Termination/tilt: 0.0000
    Episode_Termination/low_height: 0.0000
--------------------------------------------------------------------------------
                   Total timesteps: 110592
                    Iteration time: 2.55s
                      Time elapsed: 00:03:07
                               ETA: 00:05:36

################################################################################
                      [1m Learning iteration 72/200 [0m                       

                       Computation: 586 steps/s (collection: 2.545s, learning 0.075s)
             Mean action noise std: 0.05
          Mean value_function loss: 0.1883
               Mean surrogate loss: 0.0601
                 Mean entropy loss: -27.2720
                       Mean reward: -34.40
               Mean episode length: 300.00
   Episode_Reward/term_bad_contact: 0.0000
          Episode_Reward/term_tilt: 0.0000
    Episode_Reward/term_low_height: 0.0000
      Episode_Reward/leg_action_l2: -0.0024
   Episode_Reward/tracking_lin_vel: 0.4940
Episode_Reward/tracking_lin_vel_x_exp: 0.7637
Episode_Reward/tracking_ang_vel_yaw_l1: 0.0000
Episode_Reward/tracking_ang_vel_yaw_exp: 0.7647
Episode_Reward/tracking_lin_vel_y_l2: 0.0000
Episode_Reward/tracking_lin_vel_z_l2: 0.0000
            Episode_Reward/survive: 0.0000
    Episode_Reward/foot_contacts_z: 0.0000
            Episode_Reward/torques: -0.1718
 Episode_Reward/tracking_lin_vel_y: 0.0000
          Episode_Reward/lin_vel_z: -0.0101
         Episode_Reward/ang_vel_xy: -0.0146
   Episode_Reward/tracking_ang_vel: 0.2488
               Episode_Reward/work: -0.0551
            Episode_Reward/dof_acc: -0.0033
        Episode_Reward/action_rate: -0.0024
     Episode_Reward/dof_pos_limits: 0.0000
      Episode_Reward/delta_torques: -0.0002
          Episode_Reward/collision: -5.5894
        Episode_Reward/walking_dof: 0.0081
            Episode_Reward/hip_pos: -0.0037
          Episode_Reward/feet_jerk: 0.0000
              Episode_Reward/alive: 0.3000
          Episode_Reward/feet_drag: -0.0108
Episode_Reward/feet_contact_forces: -0.1976
               Episode_Reward/roll: -0.0132
        Episode_Reward/base_height: -0.0180
Episode_Reward/tracking_lin_vel_max: 0.2979
Episode_Reward/flat_orientation_l2: -0.0082
  Episode_Reward/air_time_variance: -0.0161
        Episode_Reward/feet_height: 0.0000
      Episode_Reward/feet_air_time: -0.0001
Episode_Reward/update_last_buffers: 0.0000
   Episode_Reward/wheel_idle_speed: -0.0063
    Episode_Reward/wheel_action_l2: -0.0001
  Episode_Reward/wheel_action_rate: 0.0000
Episode_Reward/teacher_ensemble_match: 0.0000
  Episode_Reward/wheel_forward_use: 0.0247
 Episode_Reward/wheel_turn_support: 0.0546
   Metrics/locomotion/error_vel_xy: 0.3022
  Metrics/locomotion/error_vel_yaw: 0.2874
      Episode_Termination/time_out: 1.0000
   Episode_Termination/bad_contact: 0.0000
          Episode_Termination/tilt: 0.0000
    Episode_Termination/low_height: 0.0000
--------------------------------------------------------------------------------
                   Total timesteps: 112128
                    Iteration time: 2.62s
                      Time elapsed: 00:03:10
                               ETA: 00:05:34

################################################################################
                      [1m Learning iteration 73/200 [0m                       

                       Computation: 577 steps/s (collection: 2.590s, learning 0.069s)
             Mean action noise std: 0.05
          Mean value_function loss: 0.1226
               Mean surrogate loss: 0.0446
                 Mean entropy loss: -27.2720
                       Mean reward: -34.63
               Mean episode length: 300.00
   Episode_Reward/term_bad_contact: 0.0000
          Episode_Reward/term_tilt: 0.0000
    Episode_Reward/term_low_height: 0.0000
      Episode_Reward/leg_action_l2: -0.0022
   Episode_Reward/tracking_lin_vel: 0.3996
Episode_Reward/tracking_lin_vel_x_exp: 0.4868
Episode_Reward/tracking_ang_vel_yaw_l1: 0.0000
Episode_Reward/tracking_ang_vel_yaw_exp: 0.8292
Episode_Reward/tracking_lin_vel_y_l2: 0.0000
Episode_Reward/tracking_lin_vel_z_l2: 0.0000
            Episode_Reward/survive: 0.0000
    Episode_Reward/foot_contacts_z: 0.0000
            Episode_Reward/torques: -0.2014
 Episode_Reward/tracking_lin_vel_y: 0.0000
          Episode_Reward/lin_vel_z: -0.0108
         Episode_Reward/ang_vel_xy: -0.0120
   Episode_Reward/tracking_ang_vel: 0.2566
               Episode_Reward/work: -0.0565
            Episode_Reward/dof_acc: -0.0028
        Episode_Reward/action_rate: -0.0021
     Episode_Reward/dof_pos_limits: 0.0000
      Episode_Reward/delta_torques: -0.0002
          Episode_Reward/collision: -5.7538
        Episode_Reward/walking_dof: 0.0203
            Episode_Reward/hip_pos: -0.0039
          Episode_Reward/feet_jerk: 0.0000
              Episode_Reward/alive: 0.3000
          Episode_Reward/feet_drag: -0.0105
Episode_Reward/feet_contact_forces: -0.1976
               Episode_Reward/roll: -0.0121
        Episode_Reward/base_height: -0.0133
Episode_Reward/tracking_lin_vel_max: 0.0923
Episode_Reward/flat_orientation_l2: -0.0043
  Episode_Reward/air_time_variance: -0.0078
        Episode_Reward/feet_height: 0.0000
      Episode_Reward/feet_air_time: -0.0001
Episode_Reward/update_last_buffers: 0.0000
   Episode_Reward/wheel_idle_speed: -0.0024
    Episode_Reward/wheel_action_l2: -0.0001
  Episode_Reward/wheel_action_rate: 0.0000
Episode_Reward/teacher_ensemble_match: 0.0000
  Episode_Reward/wheel_forward_use: 0.0716
 Episode_Reward/wheel_turn_support: 0.0370
   Metrics/locomotion/error_vel_xy: 0.4653
  Metrics/locomotion/error_vel_yaw: 0.2530
      Episode_Termination/time_out: 1.0000
   Episode_Termination/bad_contact: 0.0000
          Episode_Termination/tilt: 0.0000
    Episode_Termination/low_height: 0.0000
--------------------------------------------------------------------------------
                   Total timesteps: 113664
                    Iteration time: 2.66s
                      Time elapsed: 00:03:13
                               ETA: 00:05:31

################################################################################
                      [1m Learning iteration 74/200 [0m                       

                       Computation: 607 steps/s (collection: 2.456s, learning 0.070s)
             Mean action noise std: 0.05
          Mean value_function loss: 0.1298
               Mean surrogate loss: 0.0416
                 Mean entropy loss: -27.2720
                       Mean reward: -34.56
               Mean episode length: 300.00
   Episode_Reward/term_bad_contact: 0.0000
          Episode_Reward/term_tilt: 0.0000
    Episode_Reward/term_low_height: 0.0000
      Episode_Reward/leg_action_l2: -0.0026
   Episode_Reward/tracking_lin_vel: 0.4670
Episode_Reward/tracking_lin_vel_x_exp: 0.6509
Episode_Reward/tracking_ang_vel_yaw_l1: 0.0000
Episode_Reward/tracking_ang_vel_yaw_exp: 0.7732
Episode_Reward/tracking_lin_vel_y_l2: 0.0000
Episode_Reward/tracking_lin_vel_z_l2: 0.0000
            Episode_Reward/survive: 0.0000
    Episode_Reward/foot_contacts_z: 0.0000
            Episode_Reward/torques: -0.1912
 Episode_Reward/tracking_lin_vel_y: 0.0000
          Episode_Reward/lin_vel_z: -0.0110
         Episode_Reward/ang_vel_xy: -0.0128
   Episode_Reward/tracking_ang_vel: 0.2493
               Episode_Reward/work: -0.0559
            Episode_Reward/dof_acc: -0.0030
        Episode_Reward/action_rate: -0.0022
     Episode_Reward/dof_pos_limits: 0.0000
      Episode_Reward/delta_torques: -0.0002
          Episode_Reward/collision: -5.6102
        Episode_Reward/walking_dof: 0.0099
            Episode_Reward/hip_pos: -0.0053
          Episode_Reward/feet_jerk: 0.0000
              Episode_Reward/alive: 0.3000
          Episode_Reward/feet_drag: -0.0097
Episode_Reward/feet_contact_forces: -0.1979
               Episode_Reward/roll: -0.0136
        Episode_Reward/base_height: -0.0138
Episode_Reward/tracking_lin_vel_max: 0.2607
Episode_Reward/flat_orientation_l2: -0.0087
  Episode_Reward/air_time_variance: -0.0145
        Episode_Reward/feet_height: 0.0000
      Episode_Reward/feet_air_time: -0.0001
Episode_Reward/update_last_buffers: 0.0000
   Episode_Reward/wheel_idle_speed: -0.0049
    Episode_Reward/wheel_action_l2: -0.0001
  Episode_Reward/wheel_action_rate: 0.0000
Episode_Reward/teacher_ensemble_match: 0.0000
  Episode_Reward/wheel_forward_use: 0.0387
 Episode_Reward/wheel_turn_support: 0.0538
   Metrics/locomotion/error_vel_xy: 0.3569
  Metrics/locomotion/error_vel_yaw: 0.2836
      Episode_Termination/time_out: 1.0000
   Episode_Termination/bad_contact: 0.0000
          Episode_Termination/tilt: 0.0000
    Episode_Termination/low_height: 0.0000
--------------------------------------------------------------------------------
                   Total timesteps: 115200
                    Iteration time: 2.53s
                      Time elapsed: 00:03:15
                               ETA: 00:05:28

################################################################################
                      [1m Learning iteration 75/200 [0m                       

                       Computation: 606 steps/s (collection: 2.461s, learning 0.071s)
             Mean action noise std: 0.05
          Mean value_function loss: 0.1155
               Mean surrogate loss: 0.1510
                 Mean entropy loss: -27.2720
                       Mean reward: -34.67
               Mean episode length: 300.00
   Episode_Reward/term_bad_contact: 0.0000
          Episode_Reward/term_tilt: 0.0000
    Episode_Reward/term_low_height: 0.0000
      Episode_Reward/leg_action_l2: -0.0025
   Episode_Reward/tracking_lin_vel: 0.4647
Episode_Reward/tracking_lin_vel_x_exp: 0.6118
Episode_Reward/tracking_ang_vel_yaw_l1: 0.0000
Episode_Reward/tracking_ang_vel_yaw_exp: 0.7644
Episode_Reward/tracking_lin_vel_y_l2: 0.0000
Episode_Reward/tracking_lin_vel_z_l2: 0.0000
            Episode_Reward/survive: 0.0000
    Episode_Reward/foot_contacts_z: 0.0000
            Episode_Reward/torques: -0.1991
 Episode_Reward/tracking_lin_vel_y: 0.0000
          Episode_Reward/lin_vel_z: -0.0101
         Episode_Reward/ang_vel_xy: -0.0121
   Episode_Reward/tracking_ang_vel: 0.2509
               Episode_Reward/work: -0.0499
            Episode_Reward/dof_acc: -0.0026
        Episode_Reward/action_rate: -0.0022
     Episode_Reward/dof_pos_limits: 0.0000
      Episode_Reward/delta_torques: -0.0002
          Episode_Reward/collision: -5.6817
        Episode_Reward/walking_dof: 0.0136
            Episode_Reward/hip_pos: -0.0063
          Episode_Reward/feet_jerk: 0.0000
              Episode_Reward/alive: 0.3000
          Episode_Reward/feet_drag: -0.0092
Episode_Reward/feet_contact_forces: -0.1977
               Episode_Reward/roll: -0.0135
        Episode_Reward/base_height: -0.0075
Episode_Reward/tracking_lin_vel_max: 0.2206
Episode_Reward/flat_orientation_l2: -0.0070
  Episode_Reward/air_time_variance: -0.0125
        Episode_Reward/feet_height: 0.0000
      Episode_Reward/feet_air_time: -0.0002
Episode_Reward/update_last_buffers: 0.0000
   Episode_Reward/wheel_idle_speed: -0.0020
    Episode_Reward/wheel_action_l2: -0.0001
  Episode_Reward/wheel_action_rate: 0.0000
Episode_Reward/teacher_ensemble_match: 0.0000
  Episode_Reward/wheel_forward_use: 0.0369
 Episode_Reward/wheel_turn_support: 0.0576
   Metrics/locomotion/error_vel_xy: 0.3602
  Metrics/locomotion/error_vel_yaw: 0.2808
      Episode_Termination/time_out: 1.0000
   Episode_Termination/bad_contact: 0.0000
          Episode_Termination/tilt: 0.0000
    Episode_Termination/low_height: 0.0000
--------------------------------------------------------------------------------
                   Total timesteps: 116736
                    Iteration time: 2.53s
                      Time elapsed: 00:03:18
                               ETA: 00:05:26

################################################################################
                      [1m Learning iteration 76/200 [0m                       

                       Computation: 599 steps/s (collection: 2.491s, learning 0.070s)
             Mean action noise std: 0.05
          Mean value_function loss: 0.1420
               Mean surrogate loss: 0.1043
                 Mean entropy loss: -27.2720
                       Mean reward: -34.93
               Mean episode length: 300.00
   Episode_Reward/term_bad_contact: 0.0000
          Episode_Reward/term_tilt: 0.0000
    Episode_Reward/term_low_height: 0.0000
      Episode_Reward/leg_action_l2: -0.0024
   Episode_Reward/tracking_lin_vel: 0.4323
Episode_Reward/tracking_lin_vel_x_exp: 0.4873
Episode_Reward/tracking_ang_vel_yaw_l1: 0.0000
Episode_Reward/tracking_ang_vel_yaw_exp: 0.7629
Episode_Reward/tracking_lin_vel_y_l2: 0.0000
Episode_Reward/tracking_lin_vel_z_l2: 0.0000
            Episode_Reward/survive: 0.0000
    Episode_Reward/foot_contacts_z: 0.0000
            Episode_Reward/torques: -0.1997
 Episode_Reward/tracking_lin_vel_y: 0.0000
          Episode_Reward/lin_vel_z: -0.0090
         Episode_Reward/ang_vel_xy: -0.0107
   Episode_Reward/tracking_ang_vel: 0.2485
               Episode_Reward/work: -0.0459
            Episode_Reward/dof_acc: -0.0027
        Episode_Reward/action_rate: -0.0020
     Episode_Reward/dof_pos_limits: 0.0000
      Episode_Reward/delta_torques: -0.0002
          Episode_Reward/collision: -5.8077
        Episode_Reward/walking_dof: 0.0256
            Episode_Reward/hip_pos: -0.0046
          Episode_Reward/feet_jerk: 0.0000
              Episode_Reward/alive: 0.3000
          Episode_Reward/feet_drag: -0.0101
Episode_Reward/feet_contact_forces: -0.1967
               Episode_Reward/roll: -0.0126
        Episode_Reward/base_height: -0.0128
Episode_Reward/tracking_lin_vel_max: 0.0430
Episode_Reward/flat_orientation_l2: -0.0049
  Episode_Reward/air_time_variance: -0.0158
        Episode_Reward/feet_height: 0.0000
      Episode_Reward/feet_air_time: -0.0001
Episode_Reward/update_last_buffers: 0.0000
   Episode_Reward/wheel_idle_speed: -0.0004
    Episode_Reward/wheel_action_l2: -0.0001
  Episode_Reward/wheel_action_rate: 0.0000
Episode_Reward/teacher_ensemble_match: 0.0000
  Episode_Reward/wheel_forward_use: 0.0594
 Episode_Reward/wheel_turn_support: 0.0551
   Metrics/locomotion/error_vel_xy: 0.4216
  Metrics/locomotion/error_vel_yaw: 0.2867
      Episode_Termination/time_out: 1.0000
   Episode_Termination/bad_contact: 0.0000
          Episode_Termination/tilt: 0.0000
    Episode_Termination/low_height: 0.0000
--------------------------------------------------------------------------------
                   Total timesteps: 118272
                    Iteration time: 2.56s
                      Time elapsed: 00:03:20
                               ETA: 00:05:23

################################################################################
                      [1m Learning iteration 77/200 [0m                       

                       Computation: 604 steps/s (collection: 2.471s, learning 0.070s)
             Mean action noise std: 0.05
          Mean value_function loss: 0.0948
               Mean surrogate loss: 0.0868
                 Mean entropy loss: -27.2720
                       Mean reward: -35.00
               Mean episode length: 300.00
   Episode_Reward/term_bad_contact: 0.0000
          Episode_Reward/term_tilt: 0.0000
    Episode_Reward/term_low_height: 0.0000
      Episode_Reward/leg_action_l2: -0.0020
   Episode_Reward/tracking_lin_vel: 0.4842
Episode_Reward/tracking_lin_vel_x_exp: 0.6745
Episode_Reward/tracking_ang_vel_yaw_l1: 0.0000
Episode_Reward/tracking_ang_vel_yaw_exp: 0.7766
Episode_Reward/tracking_lin_vel_y_l2: 0.0000
Episode_Reward/tracking_lin_vel_z_l2: 0.0000
            Episode_Reward/survive: 0.0000
    Episode_Reward/foot_contacts_z: 0.0000
            Episode_Reward/torques: -0.1767
 Episode_Reward/tracking_lin_vel_y: 0.0000
          Episode_Reward/lin_vel_z: -0.0088
         Episode_Reward/ang_vel_xy: -0.0112
   Episode_Reward/tracking_ang_vel: 0.2506
               Episode_Reward/work: -0.0436
            Episode_Reward/dof_acc: -0.0027
        Episode_Reward/action_rate: -0.0020
     Episode_Reward/dof_pos_limits: 0.0000
      Episode_Reward/delta_torques: -0.0002
          Episode_Reward/collision: -5.8275
        Episode_Reward/walking_dof: 0.0168
            Episode_Reward/hip_pos: -0.0053
          Episode_Reward/feet_jerk: 0.0000
              Episode_Reward/alive: 0.3000
          Episode_Reward/feet_drag: -0.0091
Episode_Reward/feet_contact_forces: -0.1966
               Episode_Reward/roll: -0.0108
        Episode_Reward/base_height: -0.0089
Episode_Reward/tracking_lin_vel_max: 0.1803
Episode_Reward/flat_orientation_l2: -0.0048
  Episode_Reward/air_time_variance: -0.0095
        Episode_Reward/feet_height: 0.0000
      Episode_Reward/feet_air_time: -0.0001
Episode_Reward/update_last_buffers: 0.0000
   Episode_Reward/wheel_idle_speed: -0.0031
    Episode_Reward/wheel_action_l2: -0.0001
  Episode_Reward/wheel_action_rate: 0.0000
Episode_Reward/teacher_ensemble_match: 0.0000
  Episode_Reward/wheel_forward_use: 0.0398
 Episode_Reward/wheel_turn_support: 0.0570
   Metrics/locomotion/error_vel_xy: 0.3246
  Metrics/locomotion/error_vel_yaw: 0.2806
      Episode_Termination/time_out: 1.0000
   Episode_Termination/bad_contact: 0.0000
          Episode_Termination/tilt: 0.0000
    Episode_Termination/low_height: 0.0000
--------------------------------------------------------------------------------
                   Total timesteps: 119808
                    Iteration time: 2.54s
                      Time elapsed: 00:03:23
                               ETA: 00:05:20

################################################################################
                      [1m Learning iteration 78/200 [0m                       

                       Computation: 612 steps/s (collection: 2.437s, learning 0.070s)
             Mean action noise std: 0.05
          Mean value_function loss: 0.0615
               Mean surrogate loss: 0.0898
                 Mean entropy loss: -27.2720
                       Mean reward: -35.03
               Mean episode length: 300.00
   Episode_Reward/term_bad_contact: 0.0000
          Episode_Reward/term_tilt: 0.0000
    Episode_Reward/term_low_height: 0.0000
      Episode_Reward/leg_action_l2: -0.0028
   Episode_Reward/tracking_lin_vel: 0.3914
Episode_Reward/tracking_lin_vel_x_exp: 0.4594
Episode_Reward/tracking_ang_vel_yaw_l1: 0.0000
Episode_Reward/tracking_ang_vel_yaw_exp: 0.7481
Episode_Reward/tracking_lin_vel_y_l2: 0.0000
Episode_Reward/tracking_lin_vel_z_l2: 0.0000
            Episode_Reward/survive: 0.0000
    Episode_Reward/foot_contacts_z: 0.0000
            Episode_Reward/torques: -0.2565
 Episode_Reward/tracking_lin_vel_y: 0.0000
          Episode_Reward/lin_vel_z: -0.0086
         Episode_Reward/ang_vel_xy: -0.0104
   Episode_Reward/tracking_ang_vel: 0.2467
               Episode_Reward/work: -0.0461
            Episode_Reward/dof_acc: -0.0023
        Episode_Reward/action_rate: -0.0019
     Episode_Reward/dof_pos_limits: 0.0000
      Episode_Reward/delta_torques: -0.0002
          Episode_Reward/collision: -5.3129
        Episode_Reward/walking_dof: 0.0245
            Episode_Reward/hip_pos: -0.0056
          Episode_Reward/feet_jerk: 0.0000
              Episode_Reward/alive: 0.3000
          Episode_Reward/feet_drag: -0.0096
Episode_Reward/feet_contact_forces: -0.1992
               Episode_Reward/roll: -0.0123
        Episode_Reward/base_height: -0.0087
Episode_Reward/tracking_lin_vel_max: 0.0576
Episode_Reward/flat_orientation_l2: -0.0153
  Episode_Reward/air_time_variance: -0.0039
        Episode_Reward/feet_height: 0.0000
      Episode_Reward/feet_air_time: -0.0003
Episode_Reward/update_last_buffers: 0.0000
   Episode_Reward/wheel_idle_speed: -0.0003
    Episode_Reward/wheel_action_l2: -0.0001
  Episode_Reward/wheel_action_rate: 0.0000
Episode_Reward/teacher_ensemble_match: 0.0000
  Episode_Reward/wheel_forward_use: 0.0592
 Episode_Reward/wheel_turn_support: 0.0864
   Metrics/locomotion/error_vel_xy: 0.4787
  Metrics/locomotion/error_vel_yaw: 0.2958
      Episode_Termination/time_out: 1.0000
   Episode_Termination/bad_contact: 0.0000
          Episode_Termination/tilt: 0.0000
    Episode_Termination/low_height: 0.0000
--------------------------------------------------------------------------------
                   Total timesteps: 121344
                    Iteration time: 2.51s
                      Time elapsed: 00:03:25
                               ETA: 00:05:18

################################################################################
                      [1m Learning iteration 79/200 [0m                       

                       Computation: 599 steps/s (collection: 2.492s, learning 0.071s)
             Mean action noise std: 0.05
          Mean value_function loss: 0.1601
               Mean surrogate loss: 0.0800
                 Mean entropy loss: -27.2720
                       Mean reward: -34.61
               Mean episode length: 300.00
   Episode_Reward/term_bad_contact: 0.0000
          Episode_Reward/term_tilt: 0.0000
    Episode_Reward/term_low_height: 0.0000
      Episode_Reward/leg_action_l2: -0.0026
   Episode_Reward/tracking_lin_vel: 0.5011
Episode_Reward/tracking_lin_vel_x_exp: 0.7526
Episode_Reward/tracking_ang_vel_yaw_l1: 0.0000
Episode_Reward/tracking_ang_vel_yaw_exp: 0.7706
Episode_Reward/tracking_lin_vel_y_l2: 0.0000
Episode_Reward/tracking_lin_vel_z_l2: 0.0000
            Episode_Reward/survive: 0.0000
    Episode_Reward/foot_contacts_z: 0.0000
            Episode_Reward/torques: -0.1983
 Episode_Reward/tracking_lin_vel_y: 0.0000
          Episode_Reward/lin_vel_z: -0.0095
         Episode_Reward/ang_vel_xy: -0.0113
   Episode_Reward/tracking_ang_vel: 0.2508
               Episode_Reward/work: -0.0458
            Episode_Reward/dof_acc: -0.0026
        Episode_Reward/action_rate: -0.0021
     Episode_Reward/dof_pos_limits: 0.0000
      Episode_Reward/delta_torques: -0.0002
          Episode_Reward/collision: -5.7104
        Episode_Reward/walking_dof: 0.0108
            Episode_Reward/hip_pos: -0.0046
          Episode_Reward/feet_jerk: 0.0000
              Episode_Reward/alive: 0.3000
          Episode_Reward/feet_drag: -0.0087
Episode_Reward/feet_contact_forces: -0.1973
               Episode_Reward/roll: -0.0129
        Episode_Reward/base_height: -0.0119
Episode_Reward/tracking_lin_vel_max: 0.2591
Episode_Reward/flat_orientation_l2: -0.0059
  Episode_Reward/air_time_variance: -0.0142
        Episode_Reward/feet_height: 0.0000
      Episode_Reward/feet_air_time: -0.0000
Episode_Reward/update_last_buffers: 0.0000
   Episode_Reward/wheel_idle_speed: -0.0045
    Episode_Reward/wheel_action_l2: -0.0001
  Episode_Reward/wheel_action_rate: 0.0000
Episode_Reward/teacher_ensemble_match: 0.0000
  Episode_Reward/wheel_forward_use: 0.0244
 Episode_Reward/wheel_turn_support: 0.0622
   Metrics/locomotion/error_vel_xy: 0.2932
  Metrics/locomotion/error_vel_yaw: 0.2781
      Episode_Termination/time_out: 1.0000
   Episode_Termination/bad_contact: 0.0000
          Episode_Termination/tilt: 0.0000
    Episode_Termination/low_height: 0.0000
--------------------------------------------------------------------------------
                   Total timesteps: 122880
                    Iteration time: 2.56s
                      Time elapsed: 00:03:28
                               ETA: 00:05:15

################################################################################
                      [1m Learning iteration 80/200 [0m                       

                       Computation: 592 steps/s (collection: 2.524s, learning 0.070s)
             Mean action noise std: 0.05
          Mean value_function loss: 0.1416
               Mean surrogate loss: 0.0423
                 Mean entropy loss: -27.2720
                       Mean reward: -34.30
               Mean episode length: 300.00
   Episode_Reward/term_bad_contact: 0.0000
          Episode_Reward/term_tilt: 0.0000
    Episode_Reward/term_low_height: 0.0000
      Episode_Reward/leg_action_l2: -0.0030
   Episode_Reward/tracking_lin_vel: 0.4977
Episode_Reward/tracking_lin_vel_x_exp: 0.7966
Episode_Reward/tracking_ang_vel_yaw_l1: 0.0000
Episode_Reward/tracking_ang_vel_yaw_exp: 0.7972
Episode_Reward/tracking_lin_vel_y_l2: 0.0000
Episode_Reward/tracking_lin_vel_z_l2: 0.0000
            Episode_Reward/survive: 0.0000
    Episode_Reward/foot_contacts_z: 0.0000
            Episode_Reward/torques: -0.1944
 Episode_Reward/tracking_lin_vel_y: 0.0000
          Episode_Reward/lin_vel_z: -0.0097
         Episode_Reward/ang_vel_xy: -0.0101
   Episode_Reward/tracking_ang_vel: 0.2547
               Episode_Reward/work: -0.0443
            Episode_Reward/dof_acc: -0.0024
        Episode_Reward/action_rate: -0.0021
     Episode_Reward/dof_pos_limits: 0.0000
      Episode_Reward/delta_torques: -0.0002
          Episode_Reward/collision: -5.7844
        Episode_Reward/walking_dof: 0.0107
            Episode_Reward/hip_pos: -0.0051
          Episode_Reward/feet_jerk: 0.0000
              Episode_Reward/alive: 0.3000
          Episode_Reward/feet_drag: -0.0084
Episode_Reward/feet_contact_forces: -0.1971
               Episode_Reward/roll: -0.0121
        Episode_Reward/base_height: -0.0098
Episode_Reward/tracking_lin_vel_max: 0.2473
Episode_Reward/flat_orientation_l2: -0.0037
  Episode_Reward/air_time_variance: -0.0152
        Episode_Reward/feet_height: 0.0000
      Episode_Reward/feet_air_time: -0.0001
Episode_Reward/update_last_buffers: 0.0000
   Episode_Reward/wheel_idle_speed: -0.0027
    Episode_Reward/wheel_action_l2: -0.0001
  Episode_Reward/wheel_action_rate: 0.0000
Episode_Reward/teacher_ensemble_match: 0.0000
  Episode_Reward/wheel_forward_use: 0.0330
 Episode_Reward/wheel_turn_support: 0.0529
   Metrics/locomotion/error_vel_xy: 0.2889
  Metrics/locomotion/error_vel_yaw: 0.2640
      Episode_Termination/time_out: 1.0000
   Episode_Termination/bad_contact: 0.0000
          Episode_Termination/tilt: 0.0000
    Episode_Termination/low_height: 0.0000
--------------------------------------------------------------------------------
                   Total timesteps: 124416
                    Iteration time: 2.59s
                      Time elapsed: 00:03:31
                               ETA: 00:05:12

################################################################################
                      [1m Learning iteration 81/200 [0m                       

                       Computation: 592 steps/s (collection: 2.521s, learning 0.070s)
             Mean action noise std: 0.05
          Mean value_function loss: 0.1435
               Mean surrogate loss: 0.0545
                 Mean entropy loss: -27.2720
                       Mean reward: -34.24
               Mean episode length: 300.00
   Episode_Reward/term_bad_contact: 0.0000
          Episode_Reward/term_tilt: 0.0000
    Episode_Reward/term_low_height: 0.0000
      Episode_Reward/leg_action_l2: -0.0029
   Episode_Reward/tracking_lin_vel: 0.4533
Episode_Reward/tracking_lin_vel_x_exp: 0.6152
Episode_Reward/tracking_ang_vel_yaw_l1: 0.0000
Episode_Reward/tracking_ang_vel_yaw_exp: 0.8170
Episode_Reward/tracking_lin_vel_y_l2: 0.0000
Episode_Reward/tracking_lin_vel_z_l2: 0.0000
            Episode_Reward/survive: 0.0000
    Episode_Reward/foot_contacts_z: 0.0000
            Episode_Reward/torques: -0.2066
 Episode_Reward/tracking_lin_vel_y: 0.0000
          Episode_Reward/lin_vel_z: -0.0096
         Episode_Reward/ang_vel_xy: -0.0113
   Episode_Reward/tracking_ang_vel: 0.2555
               Episode_Reward/work: -0.0464
            Episode_Reward/dof_acc: -0.0024
        Episode_Reward/action_rate: -0.0022
     Episode_Reward/dof_pos_limits: 0.0000
      Episode_Reward/delta_torques: -0.0002
          Episode_Reward/collision: -5.7425
        Episode_Reward/walking_dof: 0.0185
            Episode_Reward/hip_pos: -0.0061
          Episode_Reward/feet_jerk: 0.0000
              Episode_Reward/alive: 0.3000
          Episode_Reward/feet_drag: -0.0088
Episode_Reward/feet_contact_forces: -0.1973
               Episode_Reward/roll: -0.0140
        Episode_Reward/base_height: -0.0080
Episode_Reward/tracking_lin_vel_max: 0.1429
Episode_Reward/flat_orientation_l2: -0.0058
  Episode_Reward/air_time_variance: -0.0137
        Episode_Reward/feet_height: 0.0000
      Episode_Reward/feet_air_time: -0.0002
Episode_Reward/update_last_buffers: 0.0000
   Episode_Reward/wheel_idle_speed: -0.0012
    Episode_Reward/wheel_action_l2: -0.0001
  Episode_Reward/wheel_action_rate: 0.0000
Episode_Reward/teacher_ensemble_match: 0.0000
  Episode_Reward/wheel_forward_use: 0.0617
 Episode_Reward/wheel_turn_support: 0.0472
   Metrics/locomotion/error_vel_xy: 0.3731
  Metrics/locomotion/error_vel_yaw: 0.2588
      Episode_Termination/time_out: 1.0000
   Episode_Termination/bad_contact: 0.0000
          Episode_Termination/tilt: 0.0000
    Episode_Termination/low_height: 0.0000
--------------------------------------------------------------------------------
                   Total timesteps: 125952
                    Iteration time: 2.59s
                      Time elapsed: 00:03:33
                               ETA: 00:05:10

################################################################################
                      [1m Learning iteration 82/200 [0m                       

                       Computation: 608 steps/s (collection: 2.455s, learning 0.070s)
             Mean action noise std: 0.05
          Mean value_function loss: 0.0811
               Mean surrogate loss: 0.0417
                 Mean entropy loss: -27.2720
                       Mean reward: -34.26
               Mean episode length: 300.00
   Episode_Reward/term_bad_contact: 0.0000
          Episode_Reward/term_tilt: 0.0000
    Episode_Reward/term_low_height: 0.0000
      Episode_Reward/leg_action_l2: -0.0025
   Episode_Reward/tracking_lin_vel: 0.4179
Episode_Reward/tracking_lin_vel_x_exp: 0.5164
Episode_Reward/tracking_ang_vel_yaw_l1: 0.0000
Episode_Reward/tracking_ang_vel_yaw_exp: 0.8475
Episode_Reward/tracking_lin_vel_y_l2: 0.0000
Episode_Reward/tracking_lin_vel_z_l2: 0.0000
            Episode_Reward/survive: 0.0000
    Episode_Reward/foot_contacts_z: 0.0000
            Episode_Reward/torques: -0.1743
 Episode_Reward/tracking_lin_vel_y: 0.0000
          Episode_Reward/lin_vel_z: -0.0087
         Episode_Reward/ang_vel_xy: -0.0108
   Episode_Reward/tracking_ang_vel: 0.2592
               Episode_Reward/work: -0.0434
            Episode_Reward/dof_acc: -0.0024
        Episode_Reward/action_rate: -0.0021
     Episode_Reward/dof_pos_limits: 0.0000
      Episode_Reward/delta_torques: -0.0002
          Episode_Reward/collision: -5.7783
        Episode_Reward/walking_dof: 0.0139
            Episode_Reward/hip_pos: -0.0063
          Episode_Reward/feet_jerk: 0.0000
              Episode_Reward/alive: 0.3000
          Episode_Reward/feet_drag: -0.0086
Episode_Reward/feet_contact_forces: -0.1973
               Episode_Reward/roll: -0.0126
        Episode_Reward/base_height: -0.0118
Episode_Reward/tracking_lin_vel_max: 0.1995
Episode_Reward/flat_orientation_l2: -0.0072
  Episode_Reward/air_time_variance: -0.0128
        Episode_Reward/feet_height: 0.0000
      Episode_Reward/feet_air_time: -0.0001
Episode_Reward/update_last_buffers: 0.0000
   Episode_Reward/wheel_idle_speed: -0.0025
    Episode_Reward/wheel_action_l2: -0.0001
  Episode_Reward/wheel_action_rate: 0.0000
Episode_Reward/teacher_ensemble_match: 0.0000
  Episode_Reward/wheel_forward_use: 0.0583
 Episode_Reward/wheel_turn_support: 0.0309
   Metrics/locomotion/error_vel_xy: 0.4334
  Metrics/locomotion/error_vel_yaw: 0.2469
      Episode_Termination/time_out: 1.0000
   Episode_Termination/bad_contact: 0.0000
          Episode_Termination/tilt: 0.0000
    Episode_Termination/low_height: 0.0000
--------------------------------------------------------------------------------
                   Total timesteps: 127488
                    Iteration time: 2.53s
                      Time elapsed: 00:03:36
                               ETA: 00:05:07

################################################################################
                      [1m Learning iteration 83/200 [0m                       

                       Computation: 580 steps/s (collection: 2.577s, learning 0.070s)
             Mean action noise std: 0.05
          Mean value_function loss: 0.0908
               Mean surrogate loss: 0.0628
                 Mean entropy loss: -27.2720
                       Mean reward: -34.26
               Mean episode length: 300.00
   Episode_Reward/term_bad_contact: 0.0000
          Episode_Reward/term_tilt: 0.0000
    Episode_Reward/term_low_height: 0.0000
      Episode_Reward/leg_action_l2: -0.0024
   Episode_Reward/tracking_lin_vel: 0.5030
Episode_Reward/tracking_lin_vel_x_exp: 0.7827
Episode_Reward/tracking_ang_vel_yaw_l1: 0.0000
Episode_Reward/tracking_ang_vel_yaw_exp: 0.7792
Episode_Reward/tracking_lin_vel_y_l2: 0.0000
Episode_Reward/tracking_lin_vel_z_l2: 0.0000
            Episode_Reward/survive: 0.0000
    Episode_Reward/foot_contacts_z: 0.0000
            Episode_Reward/torques: -0.1754
 Episode_Reward/tracking_lin_vel_y: 0.0000
          Episode_Reward/lin_vel_z: -0.0093
         Episode_Reward/ang_vel_xy: -0.0119
   Episode_Reward/tracking_ang_vel: 0.2533
               Episode_Reward/work: -0.0472
            Episode_Reward/dof_acc: -0.0026
        Episode_Reward/action_rate: -0.0021
     Episode_Reward/dof_pos_limits: 0.0000
      Episode_Reward/delta_torques: -0.0002
          Episode_Reward/collision: -5.8746
        Episode_Reward/walking_dof: 0.0091
            Episode_Reward/hip_pos: -0.0032
          Episode_Reward/feet_jerk: 0.0000
              Episode_Reward/alive: 0.3000
          Episode_Reward/feet_drag: -0.0096
Episode_Reward/feet_contact_forces: -0.1965
               Episode_Reward/roll: -0.0173
        Episode_Reward/base_height: -0.0152
Episode_Reward/tracking_lin_vel_max: 0.2872
Episode_Reward/flat_orientation_l2: -0.0041
  Episode_Reward/air_time_variance: -0.0094
        Episode_Reward/feet_height: 0.0000
      Episode_Reward/feet_air_time: -0.0001
Episode_Reward/update_last_buffers: 0.0000
   Episode_Reward/wheel_idle_speed: -0.0039
    Episode_Reward/wheel_action_l2: -0.0001
  Episode_Reward/wheel_action_rate: 0.0000
Episode_Reward/teacher_ensemble_match: 0.0000
  Episode_Reward/wheel_forward_use: 0.0148
 Episode_Reward/wheel_turn_support: 0.0806
   Metrics/locomotion/error_vel_xy: 0.2858
  Metrics/locomotion/error_vel_yaw: 0.2711
      Episode_Termination/time_out: 1.0000
   Episode_Termination/bad_contact: 0.0000
          Episode_Termination/tilt: 0.0000
    Episode_Termination/low_height: 0.0000
--------------------------------------------------------------------------------
                   Total timesteps: 129024
                    Iteration time: 2.65s
                      Time elapsed: 00:03:38
                               ETA: 00:05:04

################################################################################
                      [1m Learning iteration 84/200 [0m                       

                       Computation: 595 steps/s (collection: 2.510s, learning 0.069s)
             Mean action noise std: 0.05
          Mean value_function loss: 0.1478
               Mean surrogate loss: 0.0539
                 Mean entropy loss: -27.2720
                       Mean reward: -34.21
               Mean episode length: 300.00
   Episode_Reward/term_bad_contact: 0.0000
          Episode_Reward/term_tilt: 0.0000
    Episode_Reward/term_low_height: 0.0000
      Episode_Reward/leg_action_l2: -0.0029
   Episode_Reward/tracking_lin_vel: 0.4679
Episode_Reward/tracking_lin_vel_x_exp: 0.6389
Episode_Reward/tracking_ang_vel_yaw_l1: 0.0000
Episode_Reward/tracking_ang_vel_yaw_exp: 0.7605
Episode_Reward/tracking_lin_vel_y_l2: 0.0000
Episode_Reward/tracking_lin_vel_z_l2: 0.0000
            Episode_Reward/survive: 0.0000
    Episode_Reward/foot_contacts_z: 0.0000
            Episode_Reward/torques: -0.2075
 Episode_Reward/tracking_lin_vel_y: 0.0000
          Episode_Reward/lin_vel_z: -0.0084
         Episode_Reward/ang_vel_xy: -0.0107
   Episode_Reward/tracking_ang_vel: 0.2489
               Episode_Reward/work: -0.0438
            Episode_Reward/dof_acc: -0.0024
        Episode_Reward/action_rate: -0.0023
     Episode_Reward/dof_pos_limits: 0.0000
      Episode_Reward/delta_torques: -0.0002
          Episode_Reward/collision: -5.6225
        Episode_Reward/walking_dof: 0.0116
            Episode_Reward/hip_pos: -0.0072
          Episode_Reward/feet_jerk: 0.0000
              Episode_Reward/alive: 0.3000
          Episode_Reward/feet_drag: -0.0086
Episode_Reward/feet_contact_forces: -0.1976
               Episode_Reward/roll: -0.0150
        Episode_Reward/base_height: -0.0115
Episode_Reward/tracking_lin_vel_max: 0.2506
Episode_Reward/flat_orientation_l2: -0.0106
  Episode_Reward/air_time_variance: -0.0157
        Episode_Reward/feet_height: 0.0000
      Episode_Reward/feet_air_time: -0.0001
Episode_Reward/update_last_buffers: 0.0000
   Episode_Reward/wheel_idle_speed: -0.0023
    Episode_Reward/wheel_action_l2: -0.0001
  Episode_Reward/wheel_action_rate: 0.0000
Episode_Reward/teacher_ensemble_match: 0.0000
  Episode_Reward/wheel_forward_use: 0.0210
 Episode_Reward/wheel_turn_support: 0.0628
   Metrics/locomotion/error_vel_xy: 0.3527
  Metrics/locomotion/error_vel_yaw: 0.2849
      Episode_Termination/time_out: 1.0000
   Episode_Termination/bad_contact: 0.0000
          Episode_Termination/tilt: 0.0000
    Episode_Termination/low_height: 0.0000
--------------------------------------------------------------------------------
                   Total timesteps: 130560
                    Iteration time: 2.58s
                      Time elapsed: 00:03:41
                               ETA: 00:05:02

################################################################################
                      [1m Learning iteration 85/200 [0m                       

                       Computation: 600 steps/s (collection: 2.487s, learning 0.069s)
             Mean action noise std: 0.05
          Mean value_function loss: 0.1104
               Mean surrogate loss: 0.0262
                 Mean entropy loss: -27.2720
                       Mean reward: -34.44
               Mean episode length: 300.00
   Episode_Reward/term_bad_contact: 0.0000
          Episode_Reward/term_tilt: 0.0000
    Episode_Reward/term_low_height: 0.0000
      Episode_Reward/leg_action_l2: -0.0030
   Episode_Reward/tracking_lin_vel: 0.4610
Episode_Reward/tracking_lin_vel_x_exp: 0.6281
Episode_Reward/tracking_ang_vel_yaw_l1: 0.0000
Episode_Reward/tracking_ang_vel_yaw_exp: 0.7682
Episode_Reward/tracking_lin_vel_y_l2: 0.0000
Episode_Reward/tracking_lin_vel_z_l2: 0.0000
            Episode_Reward/survive: 0.0000
    Episode_Reward/foot_contacts_z: 0.0000
            Episode_Reward/torques: -0.2004
 Episode_Reward/tracking_lin_vel_y: 0.0000
          Episode_Reward/lin_vel_z: -0.0096
         Episode_Reward/ang_vel_xy: -0.0113
   Episode_Reward/tracking_ang_vel: 0.2523
               Episode_Reward/work: -0.0475
            Episode_Reward/dof_acc: -0.0028
        Episode_Reward/action_rate: -0.0023
     Episode_Reward/dof_pos_limits: 0.0000
      Episode_Reward/delta_torques: -0.0002
          Episode_Reward/collision: -5.8263
        Episode_Reward/walking_dof: 0.0155
            Episode_Reward/hip_pos: -0.0037
          Episode_Reward/feet_jerk: 0.0000
              Episode_Reward/alive: 0.3000
          Episode_Reward/feet_drag: -0.0093
Episode_Reward/feet_contact_forces: -0.1971
               Episode_Reward/roll: -0.0152
        Episode_Reward/base_height: -0.0143
Episode_Reward/tracking_lin_vel_max: 0.1877
Episode_Reward/flat_orientation_l2: -0.0042
  Episode_Reward/air_time_variance: -0.0104
        Episode_Reward/feet_height: 0.0000
      Episode_Reward/feet_air_time: -0.0001
Episode_Reward/update_last_buffers: 0.0000
   Episode_Reward/wheel_idle_speed: -0.0026
    Episode_Reward/wheel_action_l2: -0.0001
  Episode_Reward/wheel_action_rate: 0.0000
Episode_Reward/teacher_ensemble_match: 0.0000
  Episode_Reward/wheel_forward_use: 0.0419
 Episode_Reward/wheel_turn_support: 0.0825
   Metrics/locomotion/error_vel_xy: 0.3624
  Metrics/locomotion/error_vel_yaw: 0.2756
      Episode_Termination/time_out: 1.0000
   Episode_Termination/bad_contact: 0.0000
          Episode_Termination/tilt: 0.0000
    Episode_Termination/low_height: 0.0000
--------------------------------------------------------------------------------
                   Total timesteps: 132096
                    Iteration time: 2.56s
                      Time elapsed: 00:03:43
                               ETA: 00:04:59

################################################################################
                      [1m Learning iteration 86/200 [0m                       

                       Computation: 612 steps/s (collection: 2.440s, learning 0.069s)
             Mean action noise std: 0.05
          Mean value_function loss: 0.1159
               Mean surrogate loss: 0.0348
                 Mean entropy loss: -27.2720
                       Mean reward: -34.48
               Mean episode length: 300.00
   Episode_Reward/term_bad_contact: 0.0000
          Episode_Reward/term_tilt: 0.0000
    Episode_Reward/term_low_height: 0.0000
      Episode_Reward/leg_action_l2: -0.0028
   Episode_Reward/tracking_lin_vel: 0.4083
Episode_Reward/tracking_lin_vel_x_exp: 0.5094
Episode_Reward/tracking_ang_vel_yaw_l1: 0.0000
Episode_Reward/tracking_ang_vel_yaw_exp: 0.8391
Episode_Reward/tracking_lin_vel_y_l2: 0.0000
Episode_Reward/tracking_lin_vel_z_l2: 0.0000
            Episode_Reward/survive: 0.0000
    Episode_Reward/foot_contacts_z: 0.0000
            Episode_Reward/torques: -0.2370
 Episode_Reward/tracking_lin_vel_y: 0.0000
          Episode_Reward/lin_vel_z: -0.0108
         Episode_Reward/ang_vel_xy: -0.0104
   Episode_Reward/tracking_ang_vel: 0.2593
               Episode_Reward/work: -0.0540
            Episode_Reward/dof_acc: -0.0025
        Episode_Reward/action_rate: -0.0021
     Episode_Reward/dof_pos_limits: 0.0000
      Episode_Reward/delta_torques: -0.0002
          Episode_Reward/collision: -5.5890
        Episode_Reward/walking_dof: 0.0206
            Episode_Reward/hip_pos: -0.0043
          Episode_Reward/feet_jerk: 0.0000
              Episode_Reward/alive: 0.3000
          Episode_Reward/feet_drag: -0.0100
Episode_Reward/feet_contact_forces: -0.1968
               Episode_Reward/roll: -0.0144
        Episode_Reward/base_height: -0.0178
Episode_Reward/tracking_lin_vel_max: 0.1194
Episode_Reward/flat_orientation_l2: -0.0150
  Episode_Reward/air_time_variance: -0.0132
        Episode_Reward/feet_height: 0.0000
      Episode_Reward/feet_air_time: -0.0001
Episode_Reward/update_last_buffers: 0.0000
   Episode_Reward/wheel_idle_speed: -0.0012
    Episode_Reward/wheel_action_l2: -0.0001
  Episode_Reward/wheel_action_rate: 0.0000
Episode_Reward/teacher_ensemble_match: 0.0000
  Episode_Reward/wheel_forward_use: 0.0577
 Episode_Reward/wheel_turn_support: 0.0442
   Metrics/locomotion/error_vel_xy: 0.4487
  Metrics/locomotion/error_vel_yaw: 0.2418
      Episode_Termination/time_out: 1.0000
   Episode_Termination/bad_contact: 0.0000
          Episode_Termination/tilt: 0.0000
    Episode_Termination/low_height: 0.0000
--------------------------------------------------------------------------------
                   Total timesteps: 133632
                    Iteration time: 2.51s
                      Time elapsed: 00:03:46
                               ETA: 00:04:56

################################################################################
                      [1m Learning iteration 87/200 [0m                       

                       Computation: 614 steps/s (collection: 2.429s, learning 0.069s)
             Mean action noise std: 0.05
          Mean value_function loss: 0.0974
               Mean surrogate loss: 0.0684
                 Mean entropy loss: -27.2720
                       Mean reward: -34.44
               Mean episode length: 300.00
   Episode_Reward/term_bad_contact: 0.0000
          Episode_Reward/term_tilt: 0.0000
    Episode_Reward/term_low_height: 0.0000
      Episode_Reward/leg_action_l2: -0.0015
   Episode_Reward/tracking_lin_vel: 0.5083
Episode_Reward/tracking_lin_vel_x_exp: 0.8027
Episode_Reward/tracking_ang_vel_yaw_l1: 0.0000
Episode_Reward/tracking_ang_vel_yaw_exp: 0.8001
Episode_Reward/tracking_lin_vel_y_l2: 0.0000
Episode_Reward/tracking_lin_vel_z_l2: 0.0000
            Episode_Reward/survive: 0.0000
    Episode_Reward/foot_contacts_z: 0.0000
            Episode_Reward/torques: -0.1677
 Episode_Reward/tracking_lin_vel_y: 0.0000
          Episode_Reward/lin_vel_z: -0.0101
         Episode_Reward/ang_vel_xy: -0.0122
   Episode_Reward/tracking_ang_vel: 0.2538
               Episode_Reward/work: -0.0501
            Episode_Reward/dof_acc: -0.0026
        Episode_Reward/action_rate: -0.0019
     Episode_Reward/dof_pos_limits: 0.0000
      Episode_Reward/delta_torques: -0.0002
          Episode_Reward/collision: -5.7392
        Episode_Reward/walking_dof: 0.0080
            Episode_Reward/hip_pos: -0.0029
          Episode_Reward/feet_jerk: 0.0000
              Episode_Reward/alive: 0.3000
          Episode_Reward/feet_drag: -0.0092
Episode_Reward/feet_contact_forces: -0.1976
               Episode_Reward/roll: -0.0062
        Episode_Reward/base_height: -0.0221
Episode_Reward/tracking_lin_vel_max: 0.3111
Episode_Reward/flat_orientation_l2: -0.0063
  Episode_Reward/air_time_variance: -0.0174
        Episode_Reward/feet_height: 0.0000
      Episode_Reward/feet_air_time: -0.0001
Episode_Reward/update_last_buffers: 0.0000
   Episode_Reward/wheel_idle_speed: -0.0039
    Episode_Reward/wheel_action_l2: -0.0000
  Episode_Reward/wheel_action_rate: 0.0000
Episode_Reward/teacher_ensemble_match: 0.0000
  Episode_Reward/wheel_forward_use: 0.0000
 Episode_Reward/wheel_turn_support: 0.0602
   Metrics/locomotion/error_vel_xy: 0.2725
  Metrics/locomotion/error_vel_yaw: 0.2656
      Episode_Termination/time_out: 1.0000
   Episode_Termination/bad_contact: 0.0000
          Episode_Termination/tilt: 0.0000
    Episode_Termination/low_height: 0.0000
--------------------------------------------------------------------------------
                   Total timesteps: 135168
                    Iteration time: 2.50s
                      Time elapsed: 00:03:48
                               ETA: 00:04:54

################################################################################
                      [1m Learning iteration 88/200 [0m                       

                       Computation: 600 steps/s (collection: 2.486s, learning 0.070s)
             Mean action noise std: 0.05
          Mean value_function loss: 0.1255
               Mean surrogate loss: 0.0730
                 Mean entropy loss: -27.2720
                       Mean reward: -34.45
               Mean episode length: 300.00
   Episode_Reward/term_bad_contact: 0.0000
          Episode_Reward/term_tilt: 0.0000
    Episode_Reward/term_low_height: 0.0000
      Episode_Reward/leg_action_l2: -0.0022
   Episode_Reward/tracking_lin_vel: 0.4890
Episode_Reward/tracking_lin_vel_x_exp: 0.7321
Episode_Reward/tracking_ang_vel_yaw_l1: 0.0000
Episode_Reward/tracking_ang_vel_yaw_exp: 0.8202
Episode_Reward/tracking_lin_vel_y_l2: 0.0000
Episode_Reward/tracking_lin_vel_z_l2: 0.0000
            Episode_Reward/survive: 0.0000
    Episode_Reward/foot_contacts_z: 0.0000
            Episode_Reward/torques: -0.1935
 Episode_Reward/tracking_lin_vel_y: 0.0000
          Episode_Reward/lin_vel_z: -0.0102
         Episode_Reward/ang_vel_xy: -0.0113
   Episode_Reward/tracking_ang_vel: 0.2585
               Episode_Reward/work: -0.0506
            Episode_Reward/dof_acc: -0.0029
        Episode_Reward/action_rate: -0.0022
     Episode_Reward/dof_pos_limits: 0.0000
      Episode_Reward/delta_torques: -0.0002
          Episode_Reward/collision: -5.7169
        Episode_Reward/walking_dof: 0.0128
            Episode_Reward/hip_pos: -0.0062
          Episode_Reward/feet_jerk: 0.0000
              Episode_Reward/alive: 0.3000
          Episode_Reward/feet_drag: -0.0096
Episode_Reward/feet_contact_forces: -0.1972
               Episode_Reward/roll: -0.0111
        Episode_Reward/base_height: -0.0118
Episode_Reward/tracking_lin_vel_max: 0.2387
Episode_Reward/flat_orientation_l2: -0.0077
  Episode_Reward/air_time_variance: -0.0165
        Episode_Reward/feet_height: 0.0000
      Episode_Reward/feet_air_time: -0.0001
Episode_Reward/update_last_buffers: 0.0000
   Episode_Reward/wheel_idle_speed: -0.0032
    Episode_Reward/wheel_action_l2: -0.0001
  Episode_Reward/wheel_action_rate: 0.0000
Episode_Reward/teacher_ensemble_match: 0.0000
  Episode_Reward/wheel_forward_use: 0.0534
 Episode_Reward/wheel_turn_support: 0.0310
   Metrics/locomotion/error_vel_xy: 0.3092
  Metrics/locomotion/error_vel_yaw: 0.2488
      Episode_Termination/time_out: 1.0000
   Episode_Termination/bad_contact: 0.0000
          Episode_Termination/tilt: 0.0000
    Episode_Termination/low_height: 0.0000
--------------------------------------------------------------------------------
                   Total timesteps: 136704
                    Iteration time: 2.56s
                      Time elapsed: 00:03:51
                               ETA: 00:04:51

################################################################################
                      [1m Learning iteration 89/200 [0m                       

                       Computation: 595 steps/s (collection: 2.508s, learning 0.070s)
             Mean action noise std: 0.05
          Mean value_function loss: 0.0856
               Mean surrogate loss: 0.0893
                 Mean entropy loss: -27.2720
                       Mean reward: -34.45
               Mean episode length: 300.00
   Episode_Reward/term_bad_contact: 0.0000
          Episode_Reward/term_tilt: 0.0000
    Episode_Reward/term_low_height: 0.0000
      Episode_Reward/leg_action_l2: -0.0028
   Episode_Reward/tracking_lin_vel: 0.5065
Episode_Reward/tracking_lin_vel_x_exp: 0.8438
Episode_Reward/tracking_ang_vel_yaw_l1: 0.0000
Episode_Reward/tracking_ang_vel_yaw_exp: 0.7428
Episode_Reward/tracking_lin_vel_y_l2: 0.0000
Episode_Reward/tracking_lin_vel_z_l2: 0.0000
            Episode_Reward/survive: 0.0000
    Episode_Reward/foot_contacts_z: 0.0000
            Episode_Reward/torques: -0.1864
 Episode_Reward/tracking_lin_vel_y: 0.0000
          Episode_Reward/lin_vel_z: -0.0106
         Episode_Reward/ang_vel_xy: -0.0095
   Episode_Reward/tracking_ang_vel: 0.2507
               Episode_Reward/work: -0.0474
            Episode_Reward/dof_acc: -0.0022
        Episode_Reward/action_rate: -0.0021
     Episode_Reward/dof_pos_limits: 0.0000
      Episode_Reward/delta_torques: -0.0002
          Episode_Reward/collision: -5.9033
        Episode_Reward/walking_dof: 0.0102
            Episode_Reward/hip_pos: -0.0065
          Episode_Reward/feet_jerk: 0.0000
              Episode_Reward/alive: 0.3000
          Episode_Reward/feet_drag: -0.0082
Episode_Reward/feet_contact_forces: -0.1966
               Episode_Reward/roll: -0.0111
        Episode_Reward/base_height: -0.0076
Episode_Reward/tracking_lin_vel_max: 0.2837
Episode_Reward/flat_orientation_l2: -0.0024
  Episode_Reward/air_time_variance: -0.0141
        Episode_Reward/feet_height: 0.0000
      Episode_Reward/feet_air_time: -0.0001
Episode_Reward/update_last_buffers: 0.0000
   Episode_Reward/wheel_idle_speed: -0.0023
    Episode_Reward/wheel_action_l2: -0.0001
  Episode_Reward/wheel_action_rate: 0.0000
Episode_Reward/teacher_ensemble_match: 0.0000
  Episode_Reward/wheel_forward_use: 0.0223
 Episode_Reward/wheel_turn_support: 0.0697
   Metrics/locomotion/error_vel_xy: 0.2675
  Metrics/locomotion/error_vel_yaw: 0.2826
      Episode_Termination/time_out: 1.0000
   Episode_Termination/bad_contact: 0.0000
          Episode_Termination/tilt: 0.0000
    Episode_Termination/low_height: 0.0000
--------------------------------------------------------------------------------
                   Total timesteps: 138240
                    Iteration time: 2.58s
                      Time elapsed: 00:03:54
                               ETA: 00:04:48

################################################################################
                      [1m Learning iteration 90/200 [0m                       

                       Computation: 606 steps/s (collection: 2.464s, learning 0.070s)
             Mean action noise std: 0.05
          Mean value_function loss: 0.1284
               Mean surrogate loss: 0.1392
                 Mean entropy loss: -27.2720
                       Mean reward: -34.37
               Mean episode length: 300.00
   Episode_Reward/term_bad_contact: 0.0000
          Episode_Reward/term_tilt: 0.0000
    Episode_Reward/term_low_height: 0.0000
      Episode_Reward/leg_action_l2: -0.0022
   Episode_Reward/tracking_lin_vel: 0.5091
Episode_Reward/tracking_lin_vel_x_exp: 0.8133
Episode_Reward/tracking_ang_vel_yaw_l1: 0.0000
Episode_Reward/tracking_ang_vel_yaw_exp: 0.7657
Episode_Reward/tracking_lin_vel_y_l2: 0.0000
Episode_Reward/tracking_lin_vel_z_l2: 0.0000
            Episode_Reward/survive: 0.0000
    Episode_Reward/foot_contacts_z: 0.0000
            Episode_Reward/torques: -0.1821
 Episode_Reward/tracking_lin_vel_y: 0.0000
          Episode_Reward/lin_vel_z: -0.0104
         Episode_Reward/ang_vel_xy: -0.0107
   Episode_Reward/tracking_ang_vel: 0.2494
               Episode_Reward/work: -0.0493
            Episode_Reward/dof_acc: -0.0027
        Episode_Reward/action_rate: -0.0021
     Episode_Reward/dof_pos_limits: 0.0000
      Episode_Reward/delta_torques: -0.0002
          Episode_Reward/collision: -5.7438
        Episode_Reward/walking_dof: 0.0099
            Episode_Reward/hip_pos: -0.0044
          Episode_Reward/feet_jerk: 0.0000
              Episode_Reward/alive: 0.3000
          Episode_Reward/feet_drag: -0.0096
Episode_Reward/feet_contact_forces: -0.1972
               Episode_Reward/roll: -0.0084
        Episode_Reward/base_height: -0.0133
Episode_Reward/tracking_lin_vel_max: 0.3076
Episode_Reward/flat_orientation_l2: -0.0060
  Episode_Reward/air_time_variance: -0.0104
        Episode_Reward/feet_height: 0.0000
      Episode_Reward/feet_air_time: -0.0000
Episode_Reward/update_last_buffers: 0.0000
   Episode_Reward/wheel_idle_speed: -0.0044
    Episode_Reward/wheel_action_l2: -0.0001
  Episode_Reward/wheel_action_rate: 0.0000
Episode_Reward/teacher_ensemble_match: 0.0000
  Episode_Reward/wheel_forward_use: 0.0000
 Episode_Reward/wheel_turn_support: 0.0560
   Metrics/locomotion/error_vel_xy: 0.2733
  Metrics/locomotion/error_vel_yaw: 0.2804
      Episode_Termination/time_out: 1.0000
   Episode_Termination/bad_contact: 0.0000
          Episode_Termination/tilt: 0.0000
    Episode_Termination/low_height: 0.0000
--------------------------------------------------------------------------------
                   Total timesteps: 139776
                    Iteration time: 2.53s
                      Time elapsed: 00:03:56
                               ETA: 00:04:46

################################################################################
                      [1m Learning iteration 91/200 [0m                       

                       Computation: 602 steps/s (collection: 2.481s, learning 0.070s)
             Mean action noise std: 0.05
          Mean value_function loss: 0.1354
               Mean surrogate loss: 0.0748
                 Mean entropy loss: -27.2720
                       Mean reward: -34.33
               Mean episode length: 300.00
   Episode_Reward/term_bad_contact: 0.0000
          Episode_Reward/term_tilt: 0.0000
    Episode_Reward/term_low_height: 0.0000
      Episode_Reward/leg_action_l2: -0.0024
   Episode_Reward/tracking_lin_vel: 0.5069
Episode_Reward/tracking_lin_vel_x_exp: 0.8028
Episode_Reward/tracking_ang_vel_yaw_l1: 0.0000
Episode_Reward/tracking_ang_vel_yaw_exp: 0.7759
Episode_Reward/tracking_lin_vel_y_l2: 0.0000
Episode_Reward/tracking_lin_vel_z_l2: 0.0000
            Episode_Reward/survive: 0.0000
    Episode_Reward/foot_contacts_z: 0.0000
            Episode_Reward/torques: -0.1929
 Episode_Reward/tracking_lin_vel_y: 0.0000
          Episode_Reward/lin_vel_z: -0.0102
         Episode_Reward/ang_vel_xy: -0.0107
   Episode_Reward/tracking_ang_vel: 0.2511
               Episode_Reward/work: -0.0477
            Episode_Reward/dof_acc: -0.0027
        Episode_Reward/action_rate: -0.0022
     Episode_Reward/dof_pos_limits: 0.0000
      Episode_Reward/delta_torques: -0.0002
          Episode_Reward/collision: -5.7133
        Episode_Reward/walking_dof: 0.0119
            Episode_Reward/hip_pos: -0.0041
          Episode_Reward/feet_jerk: 0.0000
              Episode_Reward/alive: 0.3000
          Episode_Reward/feet_drag: -0.0093
Episode_Reward/feet_contact_forces: -0.1974
               Episode_Reward/roll: -0.0110
        Episode_Reward/base_height: -0.0145
Episode_Reward/tracking_lin_vel_max: 0.2734
Episode_Reward/flat_orientation_l2: -0.0075
  Episode_Reward/air_time_variance: -0.0120
        Episode_Reward/feet_height: 0.0000
      Episode_Reward/feet_air_time: -0.0000
Episode_Reward/update_last_buffers: 0.0000
   Episode_Reward/wheel_idle_speed: -0.0037
    Episode_Reward/wheel_action_l2: -0.0001
  Episode_Reward/wheel_action_rate: 0.0000
Episode_Reward/teacher_ensemble_match: 0.0000
  Episode_Reward/wheel_forward_use: 0.0000
 Episode_Reward/wheel_turn_support: 0.0597
   Metrics/locomotion/error_vel_xy: 0.2779
  Metrics/locomotion/error_vel_yaw: 0.2744
      Episode_Termination/time_out: 1.0000
   Episode_Termination/bad_contact: 0.0000
          Episode_Termination/tilt: 0.0000
    Episode_Termination/low_height: 0.0000
--------------------------------------------------------------------------------
                   Total timesteps: 141312
                    Iteration time: 2.55s
                      Time elapsed: 00:03:59
                               ETA: 00:04:43

################################################################################
                      [1m Learning iteration 92/200 [0m                       

                       Computation: 603 steps/s (collection: 2.475s, learning 0.069s)
             Mean action noise std: 0.05
          Mean value_function loss: 0.0917
               Mean surrogate loss: 0.0693
                 Mean entropy loss: -27.2720
                       Mean reward: -34.39
               Mean episode length: 300.00
   Episode_Reward/term_bad_contact: 0.0000
          Episode_Reward/term_tilt: 0.0000
    Episode_Reward/term_low_height: 0.0000
      Episode_Reward/leg_action_l2: -0.0033
   Episode_Reward/tracking_lin_vel: 0.4709
Episode_Reward/tracking_lin_vel_x_exp: 0.6839
Episode_Reward/tracking_ang_vel_yaw_l1: 0.0000
Episode_Reward/tracking_ang_vel_yaw_exp: 0.7462
Episode_Reward/tracking_lin_vel_y_l2: 0.0000
Episode_Reward/tracking_lin_vel_z_l2: 0.0000
            Episode_Reward/survive: 0.0000
    Episode_Reward/foot_contacts_z: 0.0000
            Episode_Reward/torques: -0.2113
 Episode_Reward/tracking_lin_vel_y: 0.0000
          Episode_Reward/lin_vel_z: -0.0092
         Episode_Reward/ang_vel_xy: -0.0102
   Episode_Reward/tracking_ang_vel: 0.2483
               Episode_Reward/work: -0.0449
            Episode_Reward/dof_acc: -0.0024
        Episode_Reward/action_rate: -0.0024
     Episode_Reward/dof_pos_limits: 0.0000
      Episode_Reward/delta_torques: -0.0002
          Episode_Reward/collision: -5.6088
        Episode_Reward/walking_dof: 0.0120
            Episode_Reward/hip_pos: -0.0069
          Episode_Reward/feet_jerk: 0.0000
              Episode_Reward/alive: 0.3000
          Episode_Reward/feet_drag: -0.0090
Episode_Reward/feet_contact_forces: -0.1977
               Episode_Reward/roll: -0.0142
        Episode_Reward/base_height: -0.0110
Episode_Reward/tracking_lin_vel_max: 0.2427
Episode_Reward/flat_orientation_l2: -0.0101
  Episode_Reward/air_time_variance: -0.0138
        Episode_Reward/feet_height: 0.0000
      Episode_Reward/feet_air_time: -0.0001
Episode_Reward/update_last_buffers: 0.0000
   Episode_Reward/wheel_idle_speed: -0.0030
    Episode_Reward/wheel_action_l2: -0.0001
  Episode_Reward/wheel_action_rate: 0.0000
Episode_Reward/teacher_ensemble_match: 0.0000
  Episode_Reward/wheel_forward_use: 0.0345
 Episode_Reward/wheel_turn_support: 0.0615
   Metrics/locomotion/error_vel_xy: 0.3438
  Metrics/locomotion/error_vel_yaw: 0.2865
      Episode_Termination/time_out: 1.0000
   Episode_Termination/bad_contact: 0.0000
          Episode_Termination/tilt: 0.0000
    Episode_Termination/low_height: 0.0000
--------------------------------------------------------------------------------
                   Total timesteps: 142848
                    Iteration time: 2.54s
                      Time elapsed: 00:04:01
                               ETA: 00:04:40

################################################################################
                      [1m Learning iteration 93/200 [0m                       

                       Computation: 594 steps/s (collection: 2.515s, learning 0.069s)
             Mean action noise std: 0.05
          Mean value_function loss: 0.1041
               Mean surrogate loss: 0.0555
                 Mean entropy loss: -27.2720
                       Mean reward: -34.45
               Mean episode length: 300.00
   Episode_Reward/term_bad_contact: 0.0000
          Episode_Reward/term_tilt: 0.0000
    Episode_Reward/term_low_height: 0.0000
      Episode_Reward/leg_action_l2: -0.0030
   Episode_Reward/tracking_lin_vel: 0.4275
Episode_Reward/tracking_lin_vel_x_exp: 0.5699
Episode_Reward/tracking_ang_vel_yaw_l1: 0.0000
Episode_Reward/tracking_ang_vel_yaw_exp: 0.7451
Episode_Reward/tracking_lin_vel_y_l2: 0.0000
Episode_Reward/tracking_lin_vel_z_l2: 0.0000
            Episode_Reward/survive: 0.0000
    Episode_Reward/foot_contacts_z: 0.0000
            Episode_Reward/torques: -0.2198
 Episode_Reward/tracking_lin_vel_y: 0.0000
          Episode_Reward/lin_vel_z: -0.0103
         Episode_Reward/ang_vel_xy: -0.0116
   Episode_Reward/tracking_ang_vel: 0.2473
               Episode_Reward/work: -0.0502
            Episode_Reward/dof_acc: -0.0029
        Episode_Reward/action_rate: -0.0025
     Episode_Reward/dof_pos_limits: 0.0000
      Episode_Reward/delta_torques: -0.0002
          Episode_Reward/collision: -5.5763
        Episode_Reward/walking_dof: 0.0200
            Episode_Reward/hip_pos: -0.0059
          Episode_Reward/feet_jerk: 0.0000
              Episode_Reward/alive: 0.3000
          Episode_Reward/feet_drag: -0.0103
Episode_Reward/feet_contact_forces: -0.1974
               Episode_Reward/roll: -0.0145
        Episode_Reward/base_height: -0.0125
Episode_Reward/tracking_lin_vel_max: 0.1205
Episode_Reward/flat_orientation_l2: -0.0111
  Episode_Reward/air_time_variance: -0.0154
        Episode_Reward/feet_height: 0.0000
      Episode_Reward/feet_air_time: -0.0001
Episode_Reward/update_last_buffers: 0.0000
   Episode_Reward/wheel_idle_speed: -0.0018
    Episode_Reward/wheel_action_l2: -0.0001
  Episode_Reward/wheel_action_rate: 0.0000
Episode_Reward/teacher_ensemble_match: 0.0000
  Episode_Reward/wheel_forward_use: 0.0251
 Episode_Reward/wheel_turn_support: 0.0668
   Metrics/locomotion/error_vel_xy: 0.4162
  Metrics/locomotion/error_vel_yaw: 0.2903
      Episode_Termination/time_out: 1.0000
   Episode_Termination/bad_contact: 0.0000
          Episode_Termination/tilt: 0.0000
    Episode_Termination/low_height: 0.0000
--------------------------------------------------------------------------------
                   Total timesteps: 144384
                    Iteration time: 2.58s
                      Time elapsed: 00:04:04
                               ETA: 00:04:38

################################################################################
                      [1m Learning iteration 94/200 [0m                       

                       Computation: 605 steps/s (collection: 2.468s, learning 0.069s)
             Mean action noise std: 0.05
          Mean value_function loss: 0.1189
               Mean surrogate loss: 0.0734
                 Mean entropy loss: -27.2720
                       Mean reward: -34.46
               Mean episode length: 300.00
   Episode_Reward/term_bad_contact: 0.0000
          Episode_Reward/term_tilt: 0.0000
    Episode_Reward/term_low_height: 0.0000
      Episode_Reward/leg_action_l2: -0.0032
   Episode_Reward/tracking_lin_vel: 0.5051
Episode_Reward/tracking_lin_vel_x_exp: 0.8173
Episode_Reward/tracking_ang_vel_yaw_l1: 0.0000
Episode_Reward/tracking_ang_vel_yaw_exp: 0.8034
Episode_Reward/tracking_lin_vel_y_l2: 0.0000
Episode_Reward/tracking_lin_vel_z_l2: 0.0000
            Episode_Reward/survive: 0.0000
    Episode_Reward/foot_contacts_z: 0.0000
            Episode_Reward/torques: -0.2079
 Episode_Reward/tracking_lin_vel_y: 0.0000
          Episode_Reward/lin_vel_z: -0.0097
         Episode_Reward/ang_vel_xy: -0.0107
   Episode_Reward/tracking_ang_vel: 0.2580
               Episode_Reward/work: -0.0472
            Episode_Reward/dof_acc: -0.0026
        Episode_Reward/action_rate: -0.0026
     Episode_Reward/dof_pos_limits: 0.0000
      Episode_Reward/delta_torques: -0.0002
          Episode_Reward/collision: -5.6067
        Episode_Reward/walking_dof: 0.0068
            Episode_Reward/hip_pos: -0.0063
          Episode_Reward/feet_jerk: 0.0000
              Episode_Reward/alive: 0.3000
          Episode_Reward/feet_drag: -0.0089
Episode_Reward/feet_contact_forces: -0.1976
               Episode_Reward/roll: -0.0155
        Episode_Reward/base_height: -0.0147
Episode_Reward/tracking_lin_vel_max: 0.3194
Episode_Reward/flat_orientation_l2: -0.0090
  Episode_Reward/air_time_variance: -0.0141
        Episode_Reward/feet_height: 0.0000
      Episode_Reward/feet_air_time: -0.0001
Episode_Reward/update_last_buffers: 0.0000
   Episode_Reward/wheel_idle_speed: -0.0044
    Episode_Reward/wheel_action_l2: -0.0001
  Episode_Reward/wheel_action_rate: 0.0000
Episode_Reward/teacher_ensemble_match: 0.0000
  Episode_Reward/wheel_forward_use: 0.0195
 Episode_Reward/wheel_turn_support: 0.0385
   Metrics/locomotion/error_vel_xy: 0.2782
  Metrics/locomotion/error_vel_yaw: 0.2508
      Episode_Termination/time_out: 1.0000
   Episode_Termination/bad_contact: 0.0000
          Episode_Termination/tilt: 0.0000
    Episode_Termination/low_height: 0.0000
--------------------------------------------------------------------------------
                   Total timesteps: 145920
                    Iteration time: 2.54s
                      Time elapsed: 00:04:06
                               ETA: 00:04:35

################################################################################
                      [1m Learning iteration 95/200 [0m                       

                       Computation: 609 steps/s (collection: 2.450s, learning 0.071s)
             Mean action noise std: 0.05
          Mean value_function loss: 0.0667
               Mean surrogate loss: 0.1172
                 Mean entropy loss: -27.2720
                       Mean reward: -34.46
               Mean episode length: 300.00
   Episode_Reward/term_bad_contact: 0.0000
          Episode_Reward/term_tilt: 0.0000
    Episode_Reward/term_low_height: 0.0000
      Episode_Reward/leg_action_l2: -0.0033
   Episode_Reward/tracking_lin_vel: 0.4387
Episode_Reward/tracking_lin_vel_x_exp: 0.6625
Episode_Reward/tracking_ang_vel_yaw_l1: 0.0000
Episode_Reward/tracking_ang_vel_yaw_exp: 0.8152
Episode_Reward/tracking_lin_vel_y_l2: 0.0000
Episode_Reward/tracking_lin_vel_z_l2: 0.0000
            Episode_Reward/survive: 0.0000
    Episode_Reward/foot_contacts_z: 0.0000
            Episode_Reward/torques: -0.2070
 Episode_Reward/tracking_lin_vel_y: 0.0000
          Episode_Reward/lin_vel_z: -0.0101
         Episode_Reward/ang_vel_xy: -0.0108
   Episode_Reward/tracking_ang_vel: 0.2589
               Episode_Reward/work: -0.0485
            Episode_Reward/dof_acc: -0.0025
        Episode_Reward/action_rate: -0.0026
     Episode_Reward/dof_pos_limits: 0.0000
      Episode_Reward/delta_torques: -0.0002
          Episode_Reward/collision: -5.8471
        Episode_Reward/walking_dof: 0.0156
            Episode_Reward/hip_pos: -0.0070
          Episode_Reward/feet_jerk: 0.0000
              Episode_Reward/alive: 0.3000
          Episode_Reward/feet_drag: -0.0094
Episode_Reward/feet_contact_forces: -0.1967
               Episode_Reward/roll: -0.0144
        Episode_Reward/base_height: -0.0178
Episode_Reward/tracking_lin_vel_max: 0.1709
Episode_Reward/flat_orientation_l2: -0.0070
  Episode_Reward/air_time_variance: -0.0162
        Episode_Reward/feet_height: 0.0000
      Episode_Reward/feet_air_time: -0.0001
Episode_Reward/update_last_buffers: 0.0000
   Episode_Reward/wheel_idle_speed: -0.0026
    Episode_Reward/wheel_action_l2: -0.0001
  Episode_Reward/wheel_action_rate: 0.0000
Episode_Reward/teacher_ensemble_match: 0.0000
  Episode_Reward/wheel_forward_use: 0.0477
 Episode_Reward/wheel_turn_support: 0.0465
   Metrics/locomotion/error_vel_xy: 0.3861
  Metrics/locomotion/error_vel_yaw: 0.2466
      Episode_Termination/time_out: 1.0000
   Episode_Termination/bad_contact: 0.0000
          Episode_Termination/tilt: 0.0000
    Episode_Termination/low_height: 0.0000
--------------------------------------------------------------------------------
                   Total timesteps: 147456
                    Iteration time: 2.52s
                      Time elapsed: 00:04:09
                               ETA: 00:04:32

################################################################################
                      [1m Learning iteration 96/200 [0m                       

                       Computation: 596 steps/s (collection: 2.504s, learning 0.070s)
             Mean action noise std: 0.05
          Mean value_function loss: 0.0932
               Mean surrogate loss: 0.0868
                 Mean entropy loss: -27.2720
                       Mean reward: -34.30
               Mean episode length: 300.00
   Episode_Reward/term_bad_contact: 0.0000
          Episode_Reward/term_tilt: 0.0000
    Episode_Reward/term_low_height: 0.0000
      Episode_Reward/leg_action_l2: -0.0030
   Episode_Reward/tracking_lin_vel: 0.4967
Episode_Reward/tracking_lin_vel_x_exp: 0.8307
Episode_Reward/tracking_ang_vel_yaw_l1: 0.0000
Episode_Reward/tracking_ang_vel_yaw_exp: 0.7464
Episode_Reward/tracking_lin_vel_y_l2: 0.0000
Episode_Reward/tracking_lin_vel_z_l2: 0.0000
            Episode_Reward/survive: 0.0000
    Episode_Reward/foot_contacts_z: 0.0000
            Episode_Reward/torques: -0.1911
 Episode_Reward/tracking_lin_vel_y: 0.0000
          Episode_Reward/lin_vel_z: -0.0107
         Episode_Reward/ang_vel_xy: -0.0135
   Episode_Reward/tracking_ang_vel: 0.2483
               Episode_Reward/work: -0.0539
            Episode_Reward/dof_acc: -0.0032
        Episode_Reward/action_rate: -0.0028
     Episode_Reward/dof_pos_limits: 0.0000
      Episode_Reward/delta_torques: -0.0002
          Episode_Reward/collision: -5.7683
        Episode_Reward/walking_dof: 0.0080
            Episode_Reward/hip_pos: -0.0045
          Episode_Reward/feet_jerk: 0.0000
              Episode_Reward/alive: 0.3000
          Episode_Reward/feet_drag: -0.0101
Episode_Reward/feet_contact_forces: -0.1967
               Episode_Reward/roll: -0.0151
        Episode_Reward/base_height: -0.0159
Episode_Reward/tracking_lin_vel_max: 0.3058
Episode_Reward/flat_orientation_l2: -0.0044
  Episode_Reward/air_time_variance: -0.0163
        Episode_Reward/feet_height: 0.0000
      Episode_Reward/feet_air_time: -0.0001
Episode_Reward/update_last_buffers: 0.0000
   Episode_Reward/wheel_idle_speed: -0.0053
    Episode_Reward/wheel_action_l2: -0.0001
  Episode_Reward/wheel_action_rate: 0.0000
Episode_Reward/teacher_ensemble_match: 0.0000
  Episode_Reward/wheel_forward_use: 0.0084
 Episode_Reward/wheel_turn_support: 0.0918
   Metrics/locomotion/error_vel_xy: 0.2913
  Metrics/locomotion/error_vel_yaw: 0.2875
      Episode_Termination/time_out: 1.0000
   Episode_Termination/bad_contact: 0.0000
          Episode_Termination/tilt: 0.0000
    Episode_Termination/low_height: 0.0000
--------------------------------------------------------------------------------
                   Total timesteps: 148992
                    Iteration time: 2.57s
                      Time elapsed: 00:04:11
                               ETA: 00:04:30

################################################################################
                      [1m Learning iteration 97/200 [0m                       

                       Computation: 595 steps/s (collection: 2.510s, learning 0.070s)
             Mean action noise std: 0.05
          Mean value_function loss: 0.0950
               Mean surrogate loss: 0.1028
                 Mean entropy loss: -27.2720
                       Mean reward: -34.66
               Mean episode length: 300.00
   Episode_Reward/term_bad_contact: 0.0000
          Episode_Reward/term_tilt: 0.0000
    Episode_Reward/term_low_height: 0.0000
      Episode_Reward/leg_action_l2: -0.0031
   Episode_Reward/tracking_lin_vel: 0.4789
Episode_Reward/tracking_lin_vel_x_exp: 0.6709
Episode_Reward/tracking_ang_vel_yaw_l1: 0.0000
Episode_Reward/tracking_ang_vel_yaw_exp: 0.7425
Episode_Reward/tracking_lin_vel_y_l2: 0.0000
Episode_Reward/tracking_lin_vel_z_l2: 0.0000
            Episode_Reward/survive: 0.0000
    Episode_Reward/foot_contacts_z: 0.0000
            Episode_Reward/torques: -0.2117
 Episode_Reward/tracking_lin_vel_y: 0.0000
          Episode_Reward/lin_vel_z: -0.0101
         Episode_Reward/ang_vel_xy: -0.0125
   Episode_Reward/tracking_ang_vel: 0.2477
               Episode_Reward/work: -0.0476
            Episode_Reward/dof_acc: -0.0029
        Episode_Reward/action_rate: -0.0027
     Episode_Reward/dof_pos_limits: 0.0000
      Episode_Reward/delta_torques: -0.0003
          Episode_Reward/collision: -5.8344
        Episode_Reward/walking_dof: 0.0116
            Episode_Reward/hip_pos: -0.0049
          Episode_Reward/feet_jerk: 0.0000
              Episode_Reward/alive: 0.3000
          Episode_Reward/feet_drag: -0.0095
Episode_Reward/feet_contact_forces: -0.1967
               Episode_Reward/roll: -0.0140
        Episode_Reward/base_height: -0.0120
Episode_Reward/tracking_lin_vel_max: 0.2470
Episode_Reward/flat_orientation_l2: -0.0042
  Episode_Reward/air_time_variance: -0.0139
        Episode_Reward/feet_height: 0.0000
      Episode_Reward/feet_air_time: -0.0001
Episode_Reward/update_last_buffers: 0.0000
   Episode_Reward/wheel_idle_speed: -0.0044
    Episode_Reward/wheel_action_l2: -0.0001
  Episode_Reward/wheel_action_rate: 0.0000
Episode_Reward/teacher_ensemble_match: 0.0000
  Episode_Reward/wheel_forward_use: 0.0216
 Episode_Reward/wheel_turn_support: 0.0724
   Metrics/locomotion/error_vel_xy: 0.3351
  Metrics/locomotion/error_vel_yaw: 0.2893
      Episode_Termination/time_out: 1.0000
   Episode_Termination/bad_contact: 0.0000
          Episode_Termination/tilt: 0.0000
    Episode_Termination/low_height: 0.0000
--------------------------------------------------------------------------------
                   Total timesteps: 150528
                    Iteration time: 2.58s
                      Time elapsed: 00:04:14
                               ETA: 00:04:27

################################################################################
                      [1m Learning iteration 98/200 [0m                       

                       Computation: 600 steps/s (collection: 2.486s, learning 0.070s)
             Mean action noise std: 0.05
          Mean value_function loss: 0.0928
               Mean surrogate loss: 0.0706
                 Mean entropy loss: -27.2720
                       Mean reward: -34.77
               Mean episode length: 300.00
   Episode_Reward/term_bad_contact: 0.0000
          Episode_Reward/term_tilt: 0.0000
    Episode_Reward/term_low_height: 0.0000
      Episode_Reward/leg_action_l2: -0.0031
   Episode_Reward/tracking_lin_vel: 0.4539
Episode_Reward/tracking_lin_vel_x_exp: 0.5877
Episode_Reward/tracking_ang_vel_yaw_l1: 0.0000
Episode_Reward/tracking_ang_vel_yaw_exp: 0.7951
Episode_Reward/tracking_lin_vel_y_l2: 0.0000
Episode_Reward/tracking_lin_vel_z_l2: 0.0000
            Episode_Reward/survive: 0.0000
    Episode_Reward/foot_contacts_z: 0.0000
            Episode_Reward/torques: -0.2029
 Episode_Reward/tracking_lin_vel_y: 0.0000
          Episode_Reward/lin_vel_z: -0.0097
         Episode_Reward/ang_vel_xy: -0.0113
   Episode_Reward/tracking_ang_vel: 0.2558
               Episode_Reward/work: -0.0461
            Episode_Reward/dof_acc: -0.0027
        Episode_Reward/action_rate: -0.0025
     Episode_Reward/dof_pos_limits: 0.0000
      Episode_Reward/delta_torques: -0.0002
          Episode_Reward/collision: -5.8871
        Episode_Reward/walking_dof: 0.0135
            Episode_Reward/hip_pos: -0.0053
          Episode_Reward/feet_jerk: 0.0000
              Episode_Reward/alive: 0.3000
          Episode_Reward/feet_drag: -0.0092
Episode_Reward/feet_contact_forces: -0.1965
               Episode_Reward/roll: -0.0148
        Episode_Reward/base_height: -0.0101
Episode_Reward/tracking_lin_vel_max: 0.2147
Episode_Reward/flat_orientation_l2: -0.0036
  Episode_Reward/air_time_variance: -0.0167
        Episode_Reward/feet_height: 0.0000
      Episode_Reward/feet_air_time: -0.0001
Episode_Reward/update_last_buffers: 0.0000
   Episode_Reward/wheel_idle_speed: -0.0027
    Episode_Reward/wheel_action_l2: -0.0001
  Episode_Reward/wheel_action_rate: 0.0000
Episode_Reward/teacher_ensemble_match: 0.0000
  Episode_Reward/wheel_forward_use: 0.0340
 Episode_Reward/wheel_turn_support: 0.0633
   Metrics/locomotion/error_vel_xy: 0.3780
  Metrics/locomotion/error_vel_yaw: 0.2601
      Episode_Termination/time_out: 1.0000
   Episode_Termination/bad_contact: 0.0000
          Episode_Termination/tilt: 0.0000
    Episode_Termination/low_height: 0.0000
--------------------------------------------------------------------------------
                   Total timesteps: 152064
                    Iteration time: 2.56s
                      Time elapsed: 00:04:17
                               ETA: 00:04:24

################################################################################
                      [1m Learning iteration 99/200 [0m                       

                       Computation: 602 steps/s (collection: 2.481s, learning 0.070s)
             Mean action noise std: 0.05
          Mean value_function loss: 0.0913
               Mean surrogate loss: 0.0645
                 Mean entropy loss: -27.2720
                       Mean reward: -34.94
               Mean episode length: 300.00
   Episode_Reward/term_bad_contact: 0.0000
          Episode_Reward/term_tilt: 0.0000
    Episode_Reward/term_low_height: 0.0000
      Episode_Reward/leg_action_l2: -0.0033
   Episode_Reward/tracking_lin_vel: 0.4628
Episode_Reward/tracking_lin_vel_x_exp: 0.6528
Episode_Reward/tracking_ang_vel_yaw_l1: 0.0000
Episode_Reward/tracking_ang_vel_yaw_exp: 0.7867
Episode_Reward/tracking_lin_vel_y_l2: 0.0000
Episode_Reward/tracking_lin_vel_z_l2: 0.0000
            Episode_Reward/survive: 0.0000
    Episode_Reward/foot_contacts_z: 0.0000
            Episode_Reward/torques: -0.2077
 Episode_Reward/tracking_lin_vel_y: 0.0000
          Episode_Reward/lin_vel_z: -0.0107
         Episode_Reward/ang_vel_xy: -0.0130
   Episode_Reward/tracking_ang_vel: 0.2512
               Episode_Reward/work: -0.0522
            Episode_Reward/dof_acc: -0.0027
        Episode_Reward/action_rate: -0.0027
     Episode_Reward/dof_pos_limits: 0.0000
      Episode_Reward/delta_torques: -0.0002
          Episode_Reward/collision: -5.7969
        Episode_Reward/walking_dof: 0.0170
            Episode_Reward/hip_pos: -0.0056
          Episode_Reward/feet_jerk: 0.0000
              Episode_Reward/alive: 0.3000
          Episode_Reward/feet_drag: -0.0098
Episode_Reward/feet_contact_forces: -0.1970
               Episode_Reward/roll: -0.0137
        Episode_Reward/base_height: -0.0127
Episode_Reward/tracking_lin_vel_max: 0.1732
Episode_Reward/flat_orientation_l2: -0.0039
  Episode_Reward/air_time_variance: -0.0137
        Episode_Reward/feet_height: 0.0000
      Episode_Reward/feet_air_time: -0.0001
Episode_Reward/update_last_buffers: 0.0000
   Episode_Reward/wheel_idle_speed: -0.0027
    Episode_Reward/wheel_action_l2: -0.0001
  Episode_Reward/wheel_action_rate: 0.0000
Episode_Reward/teacher_ensemble_match: 0.0000
  Episode_Reward/wheel_forward_use: 0.0363
 Episode_Reward/wheel_turn_support: 0.0651
   Metrics/locomotion/error_vel_xy: 0.3598
  Metrics/locomotion/error_vel_yaw: 0.2728
      Episode_Termination/time_out: 1.0000
   Episode_Termination/bad_contact: 0.0000
          Episode_Termination/tilt: 0.0000
    Episode_Termination/low_height: 0.0000
--------------------------------------------------------------------------------
                   Total timesteps: 153600
                    Iteration time: 2.55s
                      Time elapsed: 00:04:19
                               ETA: 00:04:22

################################################################################
                      [1m Learning iteration 100/200 [0m                      

                       Computation: 614 steps/s (collection: 2.431s, learning 0.069s)
             Mean action noise std: 0.05
          Mean value_function loss: 0.1049
               Mean surrogate loss: 0.0466
                 Mean entropy loss: -27.2720
                       Mean reward: -34.70
               Mean episode length: 300.00
   Episode_Reward/term_bad_contact: 0.0000
          Episode_Reward/term_tilt: 0.0000
    Episode_Reward/term_low_height: 0.0000
      Episode_Reward/leg_action_l2: -0.0036
   Episode_Reward/tracking_lin_vel: 0.4823
Episode_Reward/tracking_lin_vel_x_exp: 0.6876
Episode_Reward/tracking_ang_vel_yaw_l1: 0.0000
Episode_Reward/tracking_ang_vel_yaw_exp: 0.8598
Episode_Reward/tracking_lin_vel_y_l2: 0.0000
Episode_Reward/tracking_lin_vel_z_l2: 0.0000
            Episode_Reward/survive: 0.0000
    Episode_Reward/foot_contacts_z: 0.0000
            Episode_Reward/torques: -0.2069
 Episode_Reward/tracking_lin_vel_y: 0.0000
          Episode_Reward/lin_vel_z: -0.0108
         Episode_Reward/ang_vel_xy: -0.0120
   Episode_Reward/tracking_ang_vel: 0.2625
               Episode_Reward/work: -0.0516
            Episode_Reward/dof_acc: -0.0026
        Episode_Reward/action_rate: -0.0027
     Episode_Reward/dof_pos_limits: 0.0000
      Episode_Reward/delta_torques: -0.0002
          Episode_Reward/collision: -5.6250
        Episode_Reward/walking_dof: 0.0134
            Episode_Reward/hip_pos: -0.0053
          Episode_Reward/feet_jerk: 0.0000
              Episode_Reward/alive: 0.3000
          Episode_Reward/feet_drag: -0.0097
Episode_Reward/feet_contact_forces: -0.1974
               Episode_Reward/roll: -0.0159
        Episode_Reward/base_height: -0.0169
Episode_Reward/tracking_lin_vel_max: 0.2067
Episode_Reward/flat_orientation_l2: -0.0066
  Episode_Reward/air_time_variance: -0.0143
        Episode_Reward/feet_height: 0.0000
      Episode_Reward/feet_air_time: -0.0001
Episode_Reward/update_last_buffers: 0.0000
   Episode_Reward/wheel_idle_speed: -0.0030
    Episode_Reward/wheel_action_l2: -0.0001
  Episode_Reward/wheel_action_rate: 0.0000
Episode_Reward/teacher_ensemble_match: 0.0000
  Episode_Reward/wheel_forward_use: 0.0614
 Episode_Reward/wheel_turn_support: 0.0433
   Metrics/locomotion/error_vel_xy: 0.3306
  Metrics/locomotion/error_vel_yaw: 0.2297
      Episode_Termination/time_out: 1.0000
   Episode_Termination/bad_contact: 0.0000
          Episode_Termination/tilt: 0.0000
    Episode_Termination/low_height: 0.0000
--------------------------------------------------------------------------------
                   Total timesteps: 155136
                    Iteration time: 2.50s
                      Time elapsed: 00:04:22
                               ETA: 00:04:19

################################################################################
                      [1m Learning iteration 101/200 [0m                      

                       Computation: 601 steps/s (collection: 2.486s, learning 0.069s)
             Mean action noise std: 0.05
          Mean value_function loss: 0.0839
               Mean surrogate loss: 0.0431
                 Mean entropy loss: -27.2720
                       Mean reward: -34.57
               Mean episode length: 300.00
   Episode_Reward/term_bad_contact: 0.0000
          Episode_Reward/term_tilt: 0.0000
    Episode_Reward/term_low_height: 0.0000
      Episode_Reward/leg_action_l2: -0.0042
   Episode_Reward/tracking_lin_vel: 0.5197
Episode_Reward/tracking_lin_vel_x_exp: 0.9439
Episode_Reward/tracking_ang_vel_yaw_l1: 0.0000
Episode_Reward/tracking_ang_vel_yaw_exp: 0.7837
Episode_Reward/tracking_lin_vel_y_l2: 0.0000
Episode_Reward/tracking_lin_vel_z_l2: 0.0000
            Episode_Reward/survive: 0.0000
    Episode_Reward/foot_contacts_z: 0.0000
            Episode_Reward/torques: -0.2235
 Episode_Reward/tracking_lin_vel_y: 0.0000
          Episode_Reward/lin_vel_z: -0.0098
         Episode_Reward/ang_vel_xy: -0.0127
   Episode_Reward/tracking_ang_vel: 0.2523
               Episode_Reward/work: -0.0490
            Episode_Reward/dof_acc: -0.0028
        Episode_Reward/action_rate: -0.0033
     Episode_Reward/dof_pos_limits: 0.0000
      Episode_Reward/delta_torques: -0.0002
          Episode_Reward/collision: -5.6019
        Episode_Reward/walking_dof: 0.0072
            Episode_Reward/hip_pos: -0.0097
          Episode_Reward/feet_jerk: 0.0000
              Episode_Reward/alive: 0.3000
          Episode_Reward/feet_drag: -0.0092
Episode_Reward/feet_contact_forces: -0.1977
               Episode_Reward/roll: -0.0177
        Episode_Reward/base_height: -0.0115
Episode_Reward/tracking_lin_vel_max: 0.3061
Episode_Reward/flat_orientation_l2: -0.0082
  Episode_Reward/air_time_variance: -0.0120
        Episode_Reward/feet_height: 0.0000
      Episode_Reward/feet_air_time: -0.0001
Episode_Reward/update_last_buffers: 0.0000
   Episode_Reward/wheel_idle_speed: -0.0048
    Episode_Reward/wheel_action_l2: -0.0002
  Episode_Reward/wheel_action_rate: 0.0000
Episode_Reward/teacher_ensemble_match: 0.0000
  Episode_Reward/wheel_forward_use: 0.0220
 Episode_Reward/wheel_turn_support: 0.0510
   Metrics/locomotion/error_vel_xy: 0.2387
  Metrics/locomotion/error_vel_yaw: 0.2723
      Episode_Termination/time_out: 1.0000
   Episode_Termination/bad_contact: 0.0000
          Episode_Termination/tilt: 0.0000
    Episode_Termination/low_height: 0.0000
--------------------------------------------------------------------------------
                   Total timesteps: 156672
                    Iteration time: 2.56s
                      Time elapsed: 00:04:24
                               ETA: 00:04:16

################################################################################
                      [1m Learning iteration 102/200 [0m                      

                       Computation: 609 steps/s (collection: 2.449s, learning 0.070s)
             Mean action noise std: 0.05
          Mean value_function loss: 0.1261
               Mean surrogate loss: 0.0675
                 Mean entropy loss: -27.2720
                       Mean reward: -34.49
               Mean episode length: 300.00
   Episode_Reward/term_bad_contact: 0.0000
          Episode_Reward/term_tilt: 0.0000
    Episode_Reward/term_low_height: 0.0000
      Episode_Reward/leg_action_l2: -0.0045
   Episode_Reward/tracking_lin_vel: 0.4816
Episode_Reward/tracking_lin_vel_x_exp: 0.7398
Episode_Reward/tracking_ang_vel_yaw_l1: 0.0000
Episode_Reward/tracking_ang_vel_yaw_exp: 0.8177
Episode_Reward/tracking_lin_vel_y_l2: 0.0000
Episode_Reward/tracking_lin_vel_z_l2: 0.0000
            Episode_Reward/survive: 0.0000
    Episode_Reward/foot_contacts_z: 0.0000
            Episode_Reward/torques: -0.2151
 Episode_Reward/tracking_lin_vel_y: 0.0000
          Episode_Reward/lin_vel_z: -0.0114
         Episode_Reward/ang_vel_xy: -0.0140
   Episode_Reward/tracking_ang_vel: 0.2558
               Episode_Reward/work: -0.0592
            Episode_Reward/dof_acc: -0.0029
        Episode_Reward/action_rate: -0.0034
     Episode_Reward/dof_pos_limits: 0.0000
      Episode_Reward/delta_torques: -0.0002
          Episode_Reward/collision: -5.4963
        Episode_Reward/walking_dof: 0.0134
            Episode_Reward/hip_pos: -0.0070
          Episode_Reward/feet_jerk: 0.0000
              Episode_Reward/alive: 0.3000
          Episode_Reward/feet_drag: -0.0096
Episode_Reward/feet_contact_forces: -0.1978
               Episode_Reward/roll: -0.0176
        Episode_Reward/base_height: -0.0138
Episode_Reward/tracking_lin_vel_max: 0.1976
Episode_Reward/flat_orientation_l2: -0.0092
  Episode_Reward/air_time_variance: -0.0174
        Episode_Reward/feet_height: 0.0000
      Episode_Reward/feet_air_time: -0.0002
Episode_Reward/update_last_buffers: 0.0000
   Episode_Reward/wheel_idle_speed: -0.0038
    Episode_Reward/wheel_action_l2: -0.0002
  Episode_Reward/wheel_action_rate: 0.0000
Episode_Reward/teacher_ensemble_match: 0.0000
  Episode_Reward/wheel_forward_use: 0.0140
 Episode_Reward/wheel_turn_support: 0.0500
   Metrics/locomotion/error_vel_xy: 0.3244
  Metrics/locomotion/error_vel_yaw: 0.2598
      Episode_Termination/time_out: 1.0000
   Episode_Termination/bad_contact: 0.0000
          Episode_Termination/tilt: 0.0000
    Episode_Termination/low_height: 0.0000
--------------------------------------------------------------------------------
                   Total timesteps: 158208
                    Iteration time: 2.52s
                      Time elapsed: 00:04:27
                               ETA: 00:04:14

################################################################################
                      [1m Learning iteration 103/200 [0m                      

                       Computation: 613 steps/s (collection: 2.436s, learning 0.069s)
             Mean action noise std: 0.05
          Mean value_function loss: 0.0802
               Mean surrogate loss: 0.0359
                 Mean entropy loss: -27.2720
                       Mean reward: -34.57
               Mean episode length: 300.00
   Episode_Reward/term_bad_contact: 0.0000
          Episode_Reward/term_tilt: 0.0000
    Episode_Reward/term_low_height: 0.0000
      Episode_Reward/leg_action_l2: -0.0020
   Episode_Reward/tracking_lin_vel: 0.3612
Episode_Reward/tracking_lin_vel_x_exp: 0.3536
Episode_Reward/tracking_ang_vel_yaw_l1: 0.0000
Episode_Reward/tracking_ang_vel_yaw_exp: 0.7469
Episode_Reward/tracking_lin_vel_y_l2: 0.0000
Episode_Reward/tracking_lin_vel_z_l2: 0.0000
            Episode_Reward/survive: 0.0000
    Episode_Reward/foot_contacts_z: 0.0000
            Episode_Reward/torques: -0.1834
 Episode_Reward/tracking_lin_vel_y: 0.0000
          Episode_Reward/lin_vel_z: -0.0119
         Episode_Reward/ang_vel_xy: -0.0144
   Episode_Reward/tracking_ang_vel: 0.2424
               Episode_Reward/work: -0.0604
            Episode_Reward/dof_acc: -0.0034
        Episode_Reward/action_rate: -0.0026
     Episode_Reward/dof_pos_limits: 0.0000
      Episode_Reward/delta_torques: -0.0002
          Episode_Reward/collision: -5.8704
        Episode_Reward/walking_dof: 0.0275
            Episode_Reward/hip_pos: -0.0032
          Episode_Reward/feet_jerk: 0.0000
              Episode_Reward/alive: 0.3000
          Episode_Reward/feet_drag: -0.0116
Episode_Reward/feet_contact_forces: -0.1967
               Episode_Reward/roll: -0.0140
        Episode_Reward/base_height: -0.0199
Episode_Reward/tracking_lin_vel_max: -0.0169
Episode_Reward/flat_orientation_l2: -0.0030
  Episode_Reward/air_time_variance: -0.0209
        Episode_Reward/feet_height: 0.0000
      Episode_Reward/feet_air_time: -0.0001
Episode_Reward/update_last_buffers: 0.0000
   Episode_Reward/wheel_idle_speed: -0.0000
    Episode_Reward/wheel_action_l2: -0.0001
  Episode_Reward/wheel_action_rate: 0.0000
Episode_Reward/teacher_ensemble_match: 0.0000
  Episode_Reward/wheel_forward_use: 0.0632
 Episode_Reward/wheel_turn_support: 0.0373
   Metrics/locomotion/error_vel_xy: 0.5343
  Metrics/locomotion/error_vel_yaw: 0.3130
      Episode_Termination/time_out: 1.0000
   Episode_Termination/bad_contact: 0.0000
          Episode_Termination/tilt: 0.0000
    Episode_Termination/low_height: 0.0000
--------------------------------------------------------------------------------
                   Total timesteps: 159744
                    Iteration time: 2.51s
                      Time elapsed: 00:04:29
                               ETA: 00:04:11

################################################################################
                      [1m Learning iteration 104/200 [0m                      

                       Computation: 598 steps/s (collection: 2.495s, learning 0.069s)
             Mean action noise std: 0.05
          Mean value_function loss: 0.1256
               Mean surrogate loss: 0.0464
                 Mean entropy loss: -27.2720
                       Mean reward: -34.67
               Mean episode length: 300.00
   Episode_Reward/term_bad_contact: 0.0000
          Episode_Reward/term_tilt: 0.0000
    Episode_Reward/term_low_height: 0.0000
      Episode_Reward/leg_action_l2: -0.0032
   Episode_Reward/tracking_lin_vel: 0.4737
Episode_Reward/tracking_lin_vel_x_exp: 0.6835
Episode_Reward/tracking_ang_vel_yaw_l1: 0.0000
Episode_Reward/tracking_ang_vel_yaw_exp: 0.7486
Episode_Reward/tracking_lin_vel_y_l2: 0.0000
Episode_Reward/tracking_lin_vel_z_l2: 0.0000
            Episode_Reward/survive: 0.0000
    Episode_Reward/foot_contacts_z: 0.0000
            Episode_Reward/torques: -0.1809
 Episode_Reward/tracking_lin_vel_y: 0.0000
          Episode_Reward/lin_vel_z: -0.0132
         Episode_Reward/ang_vel_xy: -0.0192
   Episode_Reward/tracking_ang_vel: 0.2445
               Episode_Reward/work: -0.0711
            Episode_Reward/dof_acc: -0.0039
        Episode_Reward/action_rate: -0.0034
     Episode_Reward/dof_pos_limits: 0.0000
      Episode_Reward/delta_torques: -0.0003
          Episode_Reward/collision: -5.7044
        Episode_Reward/walking_dof: 0.0072
            Episode_Reward/hip_pos: -0.0039
          Episode_Reward/feet_jerk: 0.0000
              Episode_Reward/alive: 0.3000
          Episode_Reward/feet_drag: -0.0120
Episode_Reward/feet_contact_forces: -0.1968
               Episode_Reward/roll: -0.0120
        Episode_Reward/base_height: -0.0192
Episode_Reward/tracking_lin_vel_max: 0.3083
Episode_Reward/flat_orientation_l2: -0.0035
  Episode_Reward/air_time_variance: -0.0116
        Episode_Reward/feet_height: 0.0000
      Episode_Reward/feet_air_time: -0.0000
Episode_Reward/update_last_buffers: 0.0000
   Episode_Reward/wheel_idle_speed: -0.0070
    Episode_Reward/wheel_action_l2: -0.0001
  Episode_Reward/wheel_action_rate: 0.0000
Episode_Reward/teacher_ensemble_match: 0.0000
  Episode_Reward/wheel_forward_use: 0.0000
 Episode_Reward/wheel_turn_support: 0.0557
   Metrics/locomotion/error_vel_xy: 0.3443
  Metrics/locomotion/error_vel_yaw: 0.2994
      Episode_Termination/time_out: 1.0000
   Episode_Termination/bad_contact: 0.0000
          Episode_Termination/tilt: 0.0000
    Episode_Termination/low_height: 0.0000
--------------------------------------------------------------------------------
                   Total timesteps: 161280
                    Iteration time: 2.56s
                      Time elapsed: 00:04:32
                               ETA: 00:04:08

################################################################################
                      [1m Learning iteration 105/200 [0m                      

                       Computation: 595 steps/s (collection: 2.509s, learning 0.069s)
             Mean action noise std: 0.05
          Mean value_function loss: 0.0869
               Mean surrogate loss: 0.0653
                 Mean entropy loss: -27.2720
                       Mean reward: -34.22
               Mean episode length: 300.00
   Episode_Reward/term_bad_contact: 0.0000
          Episode_Reward/term_tilt: 0.0000
    Episode_Reward/term_low_height: 0.0000
      Episode_Reward/leg_action_l2: -0.0040
   Episode_Reward/tracking_lin_vel: 0.4442
Episode_Reward/tracking_lin_vel_x_exp: 0.6689
Episode_Reward/tracking_ang_vel_yaw_l1: 0.0000
Episode_Reward/tracking_ang_vel_yaw_exp: 0.7128
Episode_Reward/tracking_lin_vel_y_l2: 0.0000
Episode_Reward/tracking_lin_vel_z_l2: 0.0000
            Episode_Reward/survive: 0.0000
    Episode_Reward/foot_contacts_z: 0.0000
            Episode_Reward/torques: -0.2276
 Episode_Reward/tracking_lin_vel_y: 0.0000
          Episode_Reward/lin_vel_z: -0.0122
         Episode_Reward/ang_vel_xy: -0.0189
   Episode_Reward/tracking_ang_vel: 0.2370
               Episode_Reward/work: -0.0660
            Episode_Reward/dof_acc: -0.0041
        Episode_Reward/action_rate: -0.0037
     Episode_Reward/dof_pos_limits: 0.0000
      Episode_Reward/delta_torques: -0.0003
          Episode_Reward/collision: -5.1556
        Episode_Reward/walking_dof: 0.0105
            Episode_Reward/hip_pos: -0.0057
          Episode_Reward/feet_jerk: 0.0000
              Episode_Reward/alive: 0.3000
          Episode_Reward/feet_drag: -0.0121
Episode_Reward/feet_contact_forces: -0.1988
               Episode_Reward/roll: -0.0187
        Episode_Reward/base_height: -0.0130
Episode_Reward/tracking_lin_vel_max: 0.2391
Episode_Reward/flat_orientation_l2: -0.0127
  Episode_Reward/air_time_variance: -0.0105
        Episode_Reward/feet_height: 0.0000
      Episode_Reward/feet_air_time: -0.0001
Episode_Reward/update_last_buffers: 0.0000
   Episode_Reward/wheel_idle_speed: -0.0055
    Episode_Reward/wheel_action_l2: -0.0001
  Episode_Reward/wheel_action_rate: 0.0000
Episode_Reward/teacher_ensemble_match: 0.0000
  Episode_Reward/wheel_forward_use: 0.0145
 Episode_Reward/wheel_turn_support: 0.0663
   Metrics/locomotion/error_vel_xy: 0.3923
  Metrics/locomotion/error_vel_yaw: 0.3269
      Episode_Termination/time_out: 1.0000
   Episode_Termination/bad_contact: 0.0000
          Episode_Termination/tilt: 0.0000
    Episode_Termination/low_height: 0.0000
--------------------------------------------------------------------------------
                   Total timesteps: 162816
                    Iteration time: 2.58s
                      Time elapsed: 00:04:34
                               ETA: 00:04:06

################################################################################
                      [1m Learning iteration 106/200 [0m                      

                       Computation: 598 steps/s (collection: 2.499s, learning 0.069s)
             Mean action noise std: 0.05
          Mean value_function loss: 0.0719
               Mean surrogate loss: 0.0753
                 Mean entropy loss: -27.2720
                       Mean reward: -33.99
               Mean episode length: 300.00
   Episode_Reward/term_bad_contact: 0.0000
          Episode_Reward/term_tilt: 0.0000
    Episode_Reward/term_low_height: 0.0000
      Episode_Reward/leg_action_l2: -0.0034
   Episode_Reward/tracking_lin_vel: 0.4652
Episode_Reward/tracking_lin_vel_x_exp: 0.7486
Episode_Reward/tracking_ang_vel_yaw_l1: 0.0000
Episode_Reward/tracking_ang_vel_yaw_exp: 0.7387
Episode_Reward/tracking_lin_vel_y_l2: 0.0000
Episode_Reward/tracking_lin_vel_z_l2: 0.0000
            Episode_Reward/survive: 0.0000
    Episode_Reward/foot_contacts_z: 0.0000
            Episode_Reward/torques: -0.2136
 Episode_Reward/tracking_lin_vel_y: 0.0000
          Episode_Reward/lin_vel_z: -0.0123
         Episode_Reward/ang_vel_xy: -0.0194
   Episode_Reward/tracking_ang_vel: 0.2429
               Episode_Reward/work: -0.0633
            Episode_Reward/dof_acc: -0.0044
        Episode_Reward/action_rate: -0.0038
     Episode_Reward/dof_pos_limits: 0.0000
      Episode_Reward/delta_torques: -0.0003
          Episode_Reward/collision: -5.3690
        Episode_Reward/walking_dof: 0.0088
            Episode_Reward/hip_pos: -0.0059
          Episode_Reward/feet_jerk: 0.0000
              Episode_Reward/alive: 0.3000
          Episode_Reward/feet_drag: -0.0112
Episode_Reward/feet_contact_forces: -0.1983
               Episode_Reward/roll: -0.0160
        Episode_Reward/base_height: -0.0161
Episode_Reward/tracking_lin_vel_max: 0.2828
Episode_Reward/flat_orientation_l2: -0.0100
  Episode_Reward/air_time_variance: -0.0119
        Episode_Reward/feet_height: 0.0000
      Episode_Reward/feet_air_time: -0.0001
Episode_Reward/update_last_buffers: 0.0000
   Episode_Reward/wheel_idle_speed: -0.0059
    Episode_Reward/wheel_action_l2: -0.0001
  Episode_Reward/wheel_action_rate: 0.0000
Episode_Reward/teacher_ensemble_match: 0.0000
  Episode_Reward/wheel_forward_use: 0.0171
 Episode_Reward/wheel_turn_support: 0.0592
   Metrics/locomotion/error_vel_xy: 0.3478
  Metrics/locomotion/error_vel_yaw: 0.3080
      Episode_Termination/time_out: 1.0000
   Episode_Termination/bad_contact: 0.0000
          Episode_Termination/tilt: 0.0000
    Episode_Termination/low_height: 0.0000
--------------------------------------------------------------------------------
                   Total timesteps: 164352
                    Iteration time: 2.57s
                      Time elapsed: 00:04:37
                               ETA: 00:04:03

################################################################################
                      [1m Learning iteration 107/200 [0m                      

                       Computation: 613 steps/s (collection: 2.432s, learning 0.069s)
             Mean action noise std: 0.05
          Mean value_function loss: 0.0995
               Mean surrogate loss: 0.0519
                 Mean entropy loss: -27.2720
                       Mean reward: -34.07
               Mean episode length: 300.00
   Episode_Reward/term_bad_contact: 0.0000
          Episode_Reward/term_tilt: 0.0000
    Episode_Reward/term_low_height: 0.0000
      Episode_Reward/leg_action_l2: -0.0036
   Episode_Reward/tracking_lin_vel: 0.4678
Episode_Reward/tracking_lin_vel_x_exp: 0.6689
Episode_Reward/tracking_ang_vel_yaw_l1: 0.0000
Episode_Reward/tracking_ang_vel_yaw_exp: 0.6743
Episode_Reward/tracking_lin_vel_y_l2: 0.0000
Episode_Reward/tracking_lin_vel_z_l2: 0.0000
            Episode_Reward/survive: 0.0000
    Episode_Reward/foot_contacts_z: 0.0000
            Episode_Reward/torques: -0.1967
 Episode_Reward/tracking_lin_vel_y: 0.0000
          Episode_Reward/lin_vel_z: -0.0140
         Episode_Reward/ang_vel_xy: -0.0280
   Episode_Reward/tracking_ang_vel: 0.2323
               Episode_Reward/work: -0.0762
            Episode_Reward/dof_acc: -0.0070
        Episode_Reward/action_rate: -0.0051
     Episode_Reward/dof_pos_limits: 0.0000
      Episode_Reward/delta_torques: -0.0003
          Episode_Reward/collision: -5.7817
        Episode_Reward/walking_dof: 0.0106
            Episode_Reward/hip_pos: -0.0040
          Episode_Reward/feet_jerk: 0.0000
              Episode_Reward/alive: 0.3000
          Episode_Reward/feet_drag: -0.0148
Episode_Reward/feet_contact_forces: -0.1970
               Episode_Reward/roll: -0.0171
        Episode_Reward/base_height: -0.0176
Episode_Reward/tracking_lin_vel_max: 0.2568
Episode_Reward/flat_orientation_l2: -0.0046
  Episode_Reward/air_time_variance: -0.0166
        Episode_Reward/feet_height: 0.0000
      Episode_Reward/feet_air_time: -0.0000
Episode_Reward/update_last_buffers: 0.0000
   Episode_Reward/wheel_idle_speed: -0.0094
    Episode_Reward/wheel_action_l2: -0.0001
  Episode_Reward/wheel_action_rate: 0.0000
Episode_Reward/teacher_ensemble_match: 0.0000
  Episode_Reward/wheel_forward_use: 0.0000
 Episode_Reward/wheel_turn_support: 0.0588
   Metrics/locomotion/error_vel_xy: 0.3546
  Metrics/locomotion/error_vel_yaw: 0.3445
      Episode_Termination/time_out: 1.0000
   Episode_Termination/bad_contact: 0.0000
          Episode_Termination/tilt: 0.0000
    Episode_Termination/low_height: 0.0000
--------------------------------------------------------------------------------
                   Total timesteps: 165888
                    Iteration time: 2.50s
                      Time elapsed: 00:04:39
                               ETA: 00:04:01

################################################################################
                      [1m Learning iteration 108/200 [0m                      

                       Computation: 610 steps/s (collection: 2.445s, learning 0.069s)
             Mean action noise std: 0.05
          Mean value_function loss: 0.1570
               Mean surrogate loss: 0.0739
                 Mean entropy loss: -27.2720
                       Mean reward: -33.97
               Mean episode length: 300.00
   Episode_Reward/term_bad_contact: 0.0000
          Episode_Reward/term_tilt: 0.0000
    Episode_Reward/term_low_height: 0.0000
      Episode_Reward/leg_action_l2: -0.0040
   Episode_Reward/tracking_lin_vel: 0.4563
Episode_Reward/tracking_lin_vel_x_exp: 0.6443
Episode_Reward/tracking_ang_vel_yaw_l1: 0.0000
Episode_Reward/tracking_ang_vel_yaw_exp: 0.7818
Episode_Reward/tracking_lin_vel_y_l2: 0.0000
Episode_Reward/tracking_lin_vel_z_l2: 0.0000
            Episode_Reward/survive: 0.0000
    Episode_Reward/foot_contacts_z: 0.0000
            Episode_Reward/torques: -0.2289
 Episode_Reward/tracking_lin_vel_y: 0.0000
          Episode_Reward/lin_vel_z: -0.0116
         Episode_Reward/ang_vel_xy: -0.0210
   Episode_Reward/tracking_ang_vel: 0.2504
               Episode_Reward/work: -0.0596
            Episode_Reward/dof_acc: -0.0047
        Episode_Reward/action_rate: -0.0041
     Episode_Reward/dof_pos_limits: 0.0000
      Episode_Reward/delta_torques: -0.0003
          Episode_Reward/collision: -5.4004
        Episode_Reward/walking_dof: 0.0137
            Episode_Reward/hip_pos: -0.0079
          Episode_Reward/feet_jerk: 0.0000
              Episode_Reward/alive: 0.3000
          Episode_Reward/feet_drag: -0.0111
Episode_Reward/feet_contact_forces: -0.1988
               Episode_Reward/roll: -0.0152
        Episode_Reward/base_height: -0.0173
Episode_Reward/tracking_lin_vel_max: 0.1956
Episode_Reward/flat_orientation_l2: -0.0135
  Episode_Reward/air_time_variance: -0.0106
        Episode_Reward/feet_height: 0.0000
      Episode_Reward/feet_air_time: -0.0002
Episode_Reward/update_last_buffers: 0.0000
   Episode_Reward/wheel_idle_speed: -0.0032
    Episode_Reward/wheel_action_l2: -0.0002
  Episode_Reward/wheel_action_rate: 0.0000
Episode_Reward/teacher_ensemble_match: 0.0000
  Episode_Reward/wheel_forward_use: 0.0128
 Episode_Reward/wheel_turn_support: 0.0651
   Metrics/locomotion/error_vel_xy: 0.3739
  Metrics/locomotion/error_vel_yaw: 0.2769
      Episode_Termination/time_out: 1.0000
   Episode_Termination/bad_contact: 0.0000
          Episode_Termination/tilt: 0.0000
    Episode_Termination/low_height: 0.0000
--------------------------------------------------------------------------------
                   Total timesteps: 167424
                    Iteration time: 2.51s
                      Time elapsed: 00:04:42
                               ETA: 00:03:58

################################################################################
                      [1m Learning iteration 109/200 [0m                      

                       Computation: 603 steps/s (collection: 2.475s, learning 0.069s)
             Mean action noise std: 0.05
          Mean value_function loss: 0.1349
               Mean surrogate loss: 0.0426
                 Mean entropy loss: -27.2720
                       Mean reward: -33.77
               Mean episode length: 300.00
   Episode_Reward/term_bad_contact: 0.0000
          Episode_Reward/term_tilt: 0.0000
    Episode_Reward/term_low_height: 0.0000
      Episode_Reward/leg_action_l2: -0.0038
   Episode_Reward/tracking_lin_vel: 0.5013
Episode_Reward/tracking_lin_vel_x_exp: 0.7701
Episode_Reward/tracking_ang_vel_yaw_l1: 0.0000
Episode_Reward/tracking_ang_vel_yaw_exp: 0.7061
Episode_Reward/tracking_lin_vel_y_l2: 0.0000
Episode_Reward/tracking_lin_vel_z_l2: 0.0000
            Episode_Reward/survive: 0.0000
    Episode_Reward/foot_contacts_z: 0.0000
            Episode_Reward/torques: -0.2064
 Episode_Reward/tracking_lin_vel_y: 0.0000
          Episode_Reward/lin_vel_z: -0.0126
         Episode_Reward/ang_vel_xy: -0.0292
   Episode_Reward/tracking_ang_vel: 0.2389
               Episode_Reward/work: -0.0691
            Episode_Reward/dof_acc: -0.0070
        Episode_Reward/action_rate: -0.0055
     Episode_Reward/dof_pos_limits: 0.0000
      Episode_Reward/delta_torques: -0.0004
          Episode_Reward/collision: -5.5192
        Episode_Reward/walking_dof: 0.0022
            Episode_Reward/hip_pos: -0.0057
          Episode_Reward/feet_jerk: 0.0000
              Episode_Reward/alive: 0.3000
          Episode_Reward/feet_drag: -0.0136
Episode_Reward/feet_contact_forces: -0.1979
               Episode_Reward/roll: -0.0118
        Episode_Reward/base_height: -0.0169
Episode_Reward/tracking_lin_vel_max: 0.3841
Episode_Reward/flat_orientation_l2: -0.0079
  Episode_Reward/air_time_variance: -0.0111
        Episode_Reward/feet_height: 0.0000
      Episode_Reward/feet_air_time: -0.0000
Episode_Reward/update_last_buffers: 0.0000
   Episode_Reward/wheel_idle_speed: -0.0098
    Episode_Reward/wheel_action_l2: -0.0001
  Episode_Reward/wheel_action_rate: 0.0000
Episode_Reward/teacher_ensemble_match: 0.0000
  Episode_Reward/wheel_forward_use: 0.0053
 Episode_Reward/wheel_turn_support: 0.0391
   Metrics/locomotion/error_vel_xy: 0.2958
  Metrics/locomotion/error_vel_yaw: 0.3214
      Episode_Termination/time_out: 1.0000
   Episode_Termination/bad_contact: 0.0000
          Episode_Termination/tilt: 0.0000
    Episode_Termination/low_height: 0.0000
--------------------------------------------------------------------------------
                   Total timesteps: 168960
                    Iteration time: 2.54s
                      Time elapsed: 00:04:45
                               ETA: 00:03:55

################################################################################
                      [1m Learning iteration 110/200 [0m                      

                       Computation: 604 steps/s (collection: 2.473s, learning 0.069s)
             Mean action noise std: 0.05
          Mean value_function loss: 0.0861
               Mean surrogate loss: 0.0253
                 Mean entropy loss: -27.2720
                       Mean reward: -33.75
               Mean episode length: 300.00
   Episode_Reward/term_bad_contact: 0.0000
          Episode_Reward/term_tilt: 0.0000
    Episode_Reward/term_low_height: 0.0000
      Episode_Reward/leg_action_l2: -0.0037
   Episode_Reward/tracking_lin_vel: 0.4453
Episode_Reward/tracking_lin_vel_x_exp: 0.6357
Episode_Reward/tracking_ang_vel_yaw_l1: 0.0000
Episode_Reward/tracking_ang_vel_yaw_exp: 0.7408
Episode_Reward/tracking_lin_vel_y_l2: 0.0000
Episode_Reward/tracking_lin_vel_z_l2: 0.0000
            Episode_Reward/survive: 0.0000
    Episode_Reward/foot_contacts_z: 0.0000
            Episode_Reward/torques: -0.2045
 Episode_Reward/tracking_lin_vel_y: 0.0000
          Episode_Reward/lin_vel_z: -0.0124
         Episode_Reward/ang_vel_xy: -0.0289
   Episode_Reward/tracking_ang_vel: 0.2427
               Episode_Reward/work: -0.0683
            Episode_Reward/dof_acc: -0.0074
        Episode_Reward/action_rate: -0.0057
     Episode_Reward/dof_pos_limits: 0.0000
      Episode_Reward/delta_torques: -0.0003
          Episode_Reward/collision: -5.5931
        Episode_Reward/walking_dof: 0.0172
            Episode_Reward/hip_pos: -0.0047
          Episode_Reward/feet_jerk: 0.0000
              Episode_Reward/alive: 0.3000
          Episode_Reward/feet_drag: -0.0142
Episode_Reward/feet_contact_forces: -0.1974
               Episode_Reward/roll: -0.0161
        Episode_Reward/base_height: -0.0162
Episode_Reward/tracking_lin_vel_max: 0.1528
Episode_Reward/flat_orientation_l2: -0.0054
  Episode_Reward/air_time_variance: -0.0136
        Episode_Reward/feet_height: 0.0000
      Episode_Reward/feet_air_time: -0.0002
Episode_Reward/update_last_buffers: 0.0000
   Episode_Reward/wheel_idle_speed: -0.0041
    Episode_Reward/wheel_action_l2: -0.0001
  Episode_Reward/wheel_action_rate: 0.0000
Episode_Reward/teacher_ensemble_match: 0.0000
  Episode_Reward/wheel_forward_use: 0.0406
 Episode_Reward/wheel_turn_support: 0.0553
   Metrics/locomotion/error_vel_xy: 0.3876
  Metrics/locomotion/error_vel_yaw: 0.3088
      Episode_Termination/time_out: 1.0000
   Episode_Termination/bad_contact: 0.0000
          Episode_Termination/tilt: 0.0000
    Episode_Termination/low_height: 0.0000
--------------------------------------------------------------------------------
                   Total timesteps: 170496
                    Iteration time: 2.54s
                      Time elapsed: 00:04:47
                               ETA: 00:03:53

################################################################################
                      [1m Learning iteration 111/200 [0m                      

                       Computation: 608 steps/s (collection: 2.451s, learning 0.072s)
             Mean action noise std: 0.05
          Mean value_function loss: 0.0953
               Mean surrogate loss: 0.0312
                 Mean entropy loss: -27.2720
                       Mean reward: -33.82
               Mean episode length: 300.00
   Episode_Reward/term_bad_contact: 0.0000
          Episode_Reward/term_tilt: 0.0000
    Episode_Reward/term_low_height: 0.0000
      Episode_Reward/leg_action_l2: -0.0031
   Episode_Reward/tracking_lin_vel: 0.4415
Episode_Reward/tracking_lin_vel_x_exp: 0.5922
Episode_Reward/tracking_ang_vel_yaw_l1: 0.0000
Episode_Reward/tracking_ang_vel_yaw_exp: 0.7434
Episode_Reward/tracking_lin_vel_y_l2: 0.0000
Episode_Reward/tracking_lin_vel_z_l2: 0.0000
            Episode_Reward/survive: 0.0000
    Episode_Reward/foot_contacts_z: 0.0000
            Episode_Reward/torques: -0.2113
 Episode_Reward/tracking_lin_vel_y: 0.0000
          Episode_Reward/lin_vel_z: -0.0125
         Episode_Reward/ang_vel_xy: -0.0240
   Episode_Reward/tracking_ang_vel: 0.2428
               Episode_Reward/work: -0.0693
            Episode_Reward/dof_acc: -0.0060
        Episode_Reward/action_rate: -0.0045
     Episode_Reward/dof_pos_limits: 0.0000
      Episode_Reward/delta_torques: -0.0003
          Episode_Reward/collision: -5.6831
        Episode_Reward/walking_dof: 0.0158
            Episode_Reward/hip_pos: -0.0056
          Episode_Reward/feet_jerk: 0.0000
              Episode_Reward/alive: 0.3000
          Episode_Reward/feet_drag: -0.0145
Episode_Reward/feet_contact_forces: -0.1971
               Episode_Reward/roll: -0.0128
        Episode_Reward/base_height: -0.0182
Episode_Reward/tracking_lin_vel_max: 0.1816
Episode_Reward/flat_orientation_l2: -0.0069
  Episode_Reward/air_time_variance: -0.0145
        Episode_Reward/feet_height: 0.0000
      Episode_Reward/feet_air_time: -0.0002
Episode_Reward/update_last_buffers: 0.0000
   Episode_Reward/wheel_idle_speed: -0.0039
    Episode_Reward/wheel_action_l2: -0.0001
  Episode_Reward/wheel_action_rate: 0.0000
Episode_Reward/teacher_ensemble_match: 0.0000
  Episode_Reward/wheel_forward_use: 0.0570
 Episode_Reward/wheel_turn_support: 0.0275
   Metrics/locomotion/error_vel_xy: 0.3964
  Metrics/locomotion/error_vel_yaw: 0.3063
      Episode_Termination/time_out: 1.0000
   Episode_Termination/bad_contact: 0.0000
          Episode_Termination/tilt: 0.0000
    Episode_Termination/low_height: 0.0000
--------------------------------------------------------------------------------
                   Total timesteps: 172032
                    Iteration time: 2.52s
                      Time elapsed: 00:04:50
                               ETA: 00:03:50
Loading user config located at: '/isaac-sim/kit/data/Kit/Isaac-Sim/5.1/user.config.json'
[Info] [carb] Logging to file: /isaac-sim/kit/logs/Kit/Isaac-Sim/5.1/kit_20260818_075116.log
2026-08-17T23:51:17Z [449ms] [Warning] [omni.usd_config.extension] Enable omni.materialx.libs extension to use MaterialX
2026-08-17T23:51:17Z [1,011ms] [Warning] [carb] Acquiring non optional plugin interface which is not listed as dependency: [omni::physx::IPhysxBenchmarks v1.0] (plugin: <default plugin>), by client: omni.physics.physx.plugin. Add it to CARB_PLUGIN_IMPL_DEPS() macro of a client.
2026-08-17T23:51:18Z [1,314ms] [Warning] [omni.isaac.dynamic_control] omni.isaac.dynamic_control is deprecated as of Isaac Sim 4.5. No action is needed from end-users.

|---------------------------------------------------------------------------------------------|
| Driver Version: 580.126.09    | Graphics API: Vulkan
|=============================================================================================|
| GPU | Name                             | Active | LDA | GPU Memory | Vendor-ID | LUID       |
|     |                                  |        |     |            | Device-ID | UUID       |
|     |                                  |        |     |            | Bus-ID    |            |
|---------------------------------------------------------------------------------------------|
| 0   | NVIDIA L40                       | Yes: 0 |     | 46068   MB | 10de      | 0          |
|     |                                  |        |     |            | 26b5      | c3c5dcf0.. |
|     |                                  |        |     |            | 37        |            |
|=============================================================================================|
| OS: 24.04.3 LTS (Noble Numbat) ubuntu, Version: 24.04.3, Kernel: 5.15.0-168-generic
| XServer Vendor: The X.Org Foundation, XServer Version: 12101011 (1.21.1.11)
| Processor: Intel(R) Xeon(R) Platinum 8358 CPU @ 2.60GHz
| Bare Metal Cores: 64 | Bare Metal Logical Cores: 128
| Core Usage Quota: 14
|---------------------------------------------------------------------------------------------|
| Total Memory (MB): 122880 | Free Memory: 118806
| Total Page/Swap (MB): 0 | Free Page/Swap: 0
|---------------------------------------------------------------------------------------------|
2026-08-17T23:51:21Z [4,777ms] [Warning] [gpu.foundation.plugin] ECC is enabled on physical device 0
2026-08-17T23:51:28Z [11,554ms] [Warning] [omni.physx.fabric.plugin] FabricManager::initializePointInstancer mismatched prototypes on point instancer: /Visuals/Command/velocity_current.
2026-08-17T23:51:28Z [11,554ms] [Warning] [omni.physx.fabric.plugin] FabricManager::initializePointInstancer mismatched prototypes on point instancer: /Visuals/Command/velocity_goal.
2026-08-17T23:51:28Z [11,554ms] [Warning] [omni.physx.fabric.plugin] FabricManager::initializePointInstancer mismatched prototypes on point instancer: /Visuals/ee_goal.
2026-08-17T23:51:28Z [11,554ms] [Warning] [omni.physx.fabric.plugin] FabricManager::initializePointInstancer mismatched prototypes on point instancer: /Visuals/ee_goal_center.
2026-08-17T23:51:28Z [11,555ms] [Warning] [omni.physx.fabric.plugin] FabricManager::initializePointInstancer mismatched prototypes on point instancer: /Visuals/ee_current.
