Loading user config located at: '/isaac-sim/kit/data/Kit/Isaac-Sim/5.1/user.config.json'
[Info] [carb] Logging to file: /isaac-sim/kit/logs/Kit/Isaac-Sim/5.1/kit_20260818_071849.log
[0.056s] [ext: omni.kit.async_engine-0.0.3] startup
[0.506s] [ext: omni.metrics.core-0.0.3] startup
[0.506s] [ext: omni.client.lib-1.1.0] startup
[0.521s] [ext: omni.blobkey-1.1.2] startup
[0.522s] [ext: omni.stats-1.0.1] startup
[0.522s] [ext: omni.datastore-0.0.0] startup
[0.529s] [ext: omni.client-1.3.0] startup
[0.533s] [ext: omni.ujitso.default-1.0.0] startup
[0.534s] [ext: omni.hsscclient-1.1.2] startup
[0.540s] [ext: omni.gpu_foundation.shadercache.vulkan-1.0.0] startup
[0.545s] [ext: omni.assets.plugins-0.0.0] startup
[0.546s] [ext: omni.gpu_foundation-0.0.0] startup
[0.552s] [ext: carb.windowing.plugins-1.0.0] startup
[0.569s] [ext: omni.kit.renderer.init-0.0.0] startup

|---------------------------------------------------------------------------------------------|
| Driver Version: 580.126.09    | Graphics API: Vulkan
|=============================================================================================|
| GPU | Name                             | Active | LDA | GPU Memory | Vendor-ID | LUID       |
|     |                                  |        |     |            | Device-ID | UUID       |
|     |                                  |        |     |            | Bus-ID    |            |
|---------------------------------------------------------------------------------------------|
| 0   | NVIDIA L40                       | Yes: 0 |     | 46068   MB | 10de      | 0          |
|     |                                  |        |     |            | 26b5      | c3c5dcf0.. |
|     |                                  |        |     |            | 37        |            |
|=============================================================================================|
| OS: 24.04.3 LTS (Noble Numbat) ubuntu, Version: 24.04.3, Kernel: 5.15.0-168-generic
| XServer Vendor: The X.Org Foundation, XServer Version: 12101011 (1.21.1.11)
| Processor: Intel(R) Xeon(R) Platinum 8358 CPU @ 2.60GHz
| Bare Metal Cores: 64 | Bare Metal Logical Cores: 128
| Core Usage Quota: 14
|---------------------------------------------------------------------------------------------|
| Total Memory (MB): 122880 | Free Memory: 119305
| Total Page/Swap (MB): 0 | Free Page/Swap: 0
|---------------------------------------------------------------------------------------------|
2026-08-17T23:18:53Z [3,718ms] [Warning] [gpu.foundation.plugin] ECC is enabled on physical device 0
[4.008s] [ext: omni.kit.pipapi-0.0.0] startup
[4.010s] [ext: omni.kit.pip_archive-0.0.0] startup
[4.010s] [ext: omni.pip.compute-1.6.3] startup
[4.011s] [ext: omni.pip.cloud-1.4.3] startup
[4.015s] [ext: omni.isaac.core_archive-3.0.0] startup
[4.016s] [ext: omni.materialx.libs-1.0.7] startup
[4.024s] [ext: omni.kit.loop-isaac-1.3.7] startup
[4.025s] [ext: omni.kit.test-2.0.1] startup
[4.083s] [ext: omni.kit.telemetry-0.5.2] startup
[4.107s] [ext: omni.isaac.ml_archive-3.0.4] startup
[4.108s] [ext: omni.usd.config-1.0.6] startup
[4.115s] [ext: omni.gpucompute.plugins-0.0.0] startup
[4.115s] [ext: omni.usd.libs-1.0.1] startup
[4.205s] [ext: omni.mdl-56.0.3] startup
[4.340s] [ext: omni.iray.libs-0.0.0] startup
[4.345s] [ext: omni.mdl.neuraylib-0.2.12] startup
[4.347s] [ext: omni.kit.usd.mdl-1.1.5] startup
[4.454s] [ext: omni.appwindow-1.1.10] startup
[4.457s] [ext: omni.kit.renderer.core-1.1.0] startup
[4.517s] [ext: omni.kit.renderer.capture-0.0.0] startup
[4.519s] [ext: omni.kit.renderer.imgui-2.0.5] startup
[4.589s] [ext: omni.ui-2.27.1] startup
[4.600s] [ext: omni.kit.mainwindow-1.0.3] startup
[4.602s] [ext: carb.audio-0.1.0] startup
[4.623s] [ext: omni.uiaudio-1.0.0] startup
[4.624s] [ext: omni.kit.uiapp-0.0.0] startup
[4.624s] [ext: omni.usd.schema.metrics.assembler-107.3.1] startup
[4.627s] [ext: omni.usd.schema.anim-0.0.0] startup
[4.648s] [ext: omni.usd.schema.physx-107.3.26] startup
[4.684s] [ext: omni.usd.schema.geospatial-0.0.0] startup
[4.687s] [ext: omni.usd.schema.omniscripting-1.0.0] startup
[4.692s] [ext: omni.usd.schema.audio-0.0.0] startup
[4.695s] [ext: omni.usd.schema.semantics-0.0.0] startup
[4.697s] [ext: omni.usd_resolver-1.0.0] startup
[4.701s] [ext: usdrt.scenegraph-7.6.1] startup
[4.743s] [ext: omni.kit.actions.core-1.0.0] startup
[4.745s] [ext: omni.timeline-1.0.14] startup
[4.747s] [ext: omni.usd.core-1.5.3] startup
[4.750s] [ext: omni.resourcemonitor-107.0.1] startup
[4.752s] [ext: omni.activity.core-1.0.3] startup
[4.753s] [ext: omni.kit.audiodeviceenum-1.0.2] startup
[4.754s] [ext: omni.hydra.usdrt_delegate-7.5.1] startup
[4.761s] [ext: omni.graph.exec-0.9.6] startup
[4.761s] [ext: omni.kit.window.popup_dialog-2.0.24] startup
[4.766s] [ext: omni.kit.exec.core-0.13.4] startup
[4.769s] [ext: omni.kit.widget.nucleus_connector-2.0.1] startup
[4.771s] [ext: omni.kit.usd_undo-0.1.8] startup
[4.772s] [ext: omni.kit.commands-1.4.10] startup
[4.775s] [ext: omni.hydra.scene_delegate-0.3.4] startup
[4.780s] [ext: omni.usd-1.13.10] startup
[4.826s] [ext: omni.kit.asset_converter-5.0.17] startup
[4.839s] [ext: omni.usd.schema.omni_lens_distortion-0.0.0] startup
[4.840s] [ext: omni.usd.schema.omni_sensors-0.0.0] startup
[4.840s] [ext: omni.usd.schema.render_settings.rtx-0.0.0] startup
[4.841s] [ext: omni.usd.schema.omnigraph-1.0.0] startup
[4.847s] [ext: isaacsim.robot.schema-3.6.0] startup
[4.856s] [ext: omni.kit.property.adapter.core-1.0.2] startup
[4.858s] [ext: omni.kit.menu.core-1.1.2] startup
[4.859s] [ext: omni.kit.property.adapter.fabric-1.0.3] startup
[4.860s] [ext: omni.kit.usd.layers-2.2.11] startup
[4.869s] [ext: omni.kit.clipboard-1.0.5] startup
[4.870s] [ext: omni.kit.widget.context_menu-1.2.5] startup
[4.871s] [ext: omni.kit.hotkeys.core-1.3.10] startup
[4.875s] [ext: omni.kit.widget.path_field-2.0.11] startup
[4.876s] [ext: omni.kit.context_menu-1.8.6] startup
[4.878s] [ext: omni.index.libs-380600.8087.0] startup
[4.878s] [ext: omni.kit.widget.browser_bar-2.0.10] startup
[4.879s] [ext: omni.kit.widget.options_menu-1.1.6] startup
[4.882s] [ext: omni.kit.helper.file_utils-0.1.9] startup
[4.884s] [ext: omni.index-1.0.1] startup
[4.884s] [ext: omni.hydra.rtx.shadercache.vulkan-1.0.0] startup
[4.885s] [ext: omni.kit.widget.options_button-1.0.3] startup
[4.886s] [ext: omni.kit.widget.filebrowser-2.12.3] startup
[4.892s] [ext: omni.volume-0.5.2] startup
[4.894s] [ext: omni.ujitso.client-0.0.0] startup
[4.894s] [ext: omni.kit.notification_manager-1.0.10] startup
[4.896s] [ext: omni.hydra.rtx-1.0.0] startup
2026-08-17T23:18:54Z [4,895ms] [Warning] [omni.log] Source: omni.hydra was already registered.
[4.930s] [ext: omni.ui.scene-1.11.5] startup
[4.935s] [ext: omni.kit.widget.searchable_combobox-1.0.6] startup
[4.936s] [ext: omni.kit.window.filepicker-2.13.4] startup
[4.952s] [ext: omni.kit.widget.searchfield-1.1.8] startup
[4.953s] [ext: omni.kit.widget.settings-1.2.6] startup
[4.956s] [ext: omni.kit.menu.utils-2.0.5] startup
[4.961s] [ext: omni.kit.window.file_exporter-1.0.33] startup
[4.963s] [ext: omni.kit.widget.filter-1.1.4] startup
[4.964s] [ext: omni.hydra.engine.stats-1.0.3] startup
[4.966s] [ext: omni.kit.window.preferences-1.8.0] startup
[4.970s] [ext: omni.kit.widget.stage-3.1.4] startup
[4.982s] [ext: omni.kit.window.file_importer-1.1.18] startup
[4.983s] [ext: omni.kit.raycast.query-1.1.0] startup
[4.988s] [ext: omni.kit.viewport.registry-104.0.6] startup
[4.989s] [ext: omni.kit.viewport.legacy_gizmos-1.0.19] startup
[4.991s] [ext: omni.kit.material.library-2.0.7] startup
[4.998s] [ext: omni.kit.property.adapter.usd-1.0.2] startup
[4.999s] [ext: omni.kit.viewport.scene_camera_model-1.0.6] startup
[5.004s] [ext: omni.kit.hydra_texture-1.4.6] startup
[5.007s] [ext: omni.kit.window.drop_support-1.0.5] startup
[5.008s] [ext: omni.kit.widget.viewport-107.1.3] startup
[5.012s] [ext: omni.kit.primitive.mesh-1.0.17] startup
[5.015s] [ext: omni.kit.viewport.window-107.2.0] startup
[5.032s] [ext: omni.kit.manipulator.transform-107.0.0] startup
[5.037s] [ext: omni.kit.stage_template.core-1.1.22] startup
[5.038s] [ext: omni.kit.widget.toolbar-2.0.1] startup
[5.045s] [ext: omni.kit.viewport.utility-1.1.2] startup
[5.046s] [ext: omni.kit.window.content_browser_registry-0.0.6] startup
[5.046s] [ext: omni.kit.widget.highlight_label-1.0.3] startup
[5.047s] [ext: omni.kit.window.file-2.0.5] startup
[5.050s] [ext: omni.kit.manipulator.tool.snap-1.5.13] startup
[5.055s] [ext: omni.kit.manipulator.selector-1.1.3] startup
[5.056s] [ext: omni.kit.window.property-1.12.1] startup
[5.059s] [ext: omni.kit.window.content_browser-3.1.3] startup
[5.072s] [ext: omni.kit.viewport.manipulator.transform-107.0.4] startup
[5.074s] [ext: omni.kit.manipulator.viewport-107.0.1] startup
[5.075s] [ext: omni.kit.property.usd-4.5.12] startup
[5.087s] [ext: omni.kit.manipulator.selection-106.0.1] startup
[5.088s] [ext: omni.fabric.commands-1.1.6] startup
[5.091s] [ext: omni.kvdb-107.3.26] startup
[5.092s] [ext: omni.kit.manipulator.prim.core-107.0.8] startup
[5.100s] [ext: omni.convexdecomposition-107.3.26] startup
[5.103s] [ext: omni.physx.foundation-107.3.26] startup
[5.104s] [ext: omni.localcache-107.3.26] startup
[5.106s] [ext: omni.kit.manipulator.prim.fabric-107.0.4] startup
[5.107s] [ext: omni.kit.viewport.menubar.core-107.2.1] startup
[5.123s] [ext: omni.kit.viewport.actions-107.0.2] startup
[5.128s] [ext: omni.usdphysics-107.3.26] startup
[5.131s] [ext: omni.kit.widget.prompt-1.0.7] startup
[5.132s] [ext: omni.kit.manipulator.prim.usd-107.0.3] startup
[5.133s] [ext: omni.kit.viewport.menubar.display-107.0.3] startup
[5.134s] [ext: omni.physx.cooking-107.3.26] startup
[5.137s] [ext: omni.inspect-1.0.2] startup
[5.138s] [ext: omni.kit.widget.layers-1.8.6] startup
[5.152s] [ext: omni.kit.manipulator.prim-107.0.0] startup
[5.152s] [ext: omni.debugdraw-0.1.4] startup
[5.155s] [ext: omni.physx-107.3.26] startup
[5.165s] [ext: omni.physics-107.3.26] startup
[5.169s] [ext: omni.graph.core-2.184.5] startup
[5.171s] [ext: omni.usdphysics.ui-107.3.26] startup
[5.199s] [ext: omni.physx.commands-107.3.26] startup
[5.205s] [ext: omni.physics.stageupdate-107.3.26] startup
[5.207s] [ext: isaacsim.core.deprecation_manager-0.2.7] startup
[5.208s] [ext: omni.physx.ui-107.3.26] startup
[5.242s] [ext: isaacsim.core.version-2.0.6] startup
[5.243s] [ext: omni.physics.physx-107.3.26] startup
2026-08-17T23:18:54Z [5,224ms] [Warning] [carb] Acquiring non optional plugin interface which is not listed as dependency: [omni::physx::IPhysxBenchmarks v1.0] (plugin: <default plugin>), by client: omni.physics.physx.plugin. Add it to CARB_PLUGIN_IMPL_DEPS() macro of a client.
[5.244s] [ext: isaacsim.storage.native-1.5.1] startup
[5.246s] [ext: omni.usd.metrics.assembler-107.3.1] startup
[5.251s] [ext: omni.kit.numpy.common-0.1.3] startup
[5.253s] [ext: omni.physics.tensors-107.3.26] startup
[5.258s] [ext: omni.warp.core-1.8.2] startup
[5.534s] [ext: omni.usd.metrics.assembler.physics-107.3.26] startup
[5.536s] [ext: omni.isaac.dynamic_control-2.0.7] startup
2026-08-17T23:18:55Z [5,522ms] [Warning] [omni.isaac.dynamic_control] omni.isaac.dynamic_control is deprecated as of Isaac Sim 4.5. No action is needed from end-users.
[5.542s] [ext: omni.physx.tensors-107.3.26] startup
[5.547s] [ext: isaacsim.core.utils-3.5.1] startup
[5.550s] [ext: isaacsim.core.simulation_manager-1.4.4] startup
[7.274s] [ext: omni.kit.widget.stage_icons-1.0.8] startup
[7.275s] [ext: omni.kit.stagerecorder.core-107.0.3] startup
[7.278s] [ext: omni.kit.window.stage-2.6.1] startup
[7.283s] [ext: omni.kit.menu.create-2.0.1] startup
[7.284s] [ext: omni.kit.widget.zoombar-1.0.6] startup
[7.285s] [ext: omni.kit.scripting-107.3.2] startup
[7.290s] [ext: omni.kit.browser.core-2.3.13] startup
[7.294s] [ext: isaacsim.replicator.behavior-1.1.16] startup
[7.295s] [ext: omni.kit.browser.folder.core-1.10.9] startup
[7.300s] [ext: omni.kit.usd.collect-2.4.5] startup
[7.303s] [ext: omni.graph.tools-1.79.2] startup
[7.330s] [ext: omni.kit.usdz_export-1.0.9] startup
[7.332s] [ext: omni.graph.action_core-1.1.7] startup
[7.334s] [ext: omni.graph-1.141.2] startup
[7.389s] [ext: omni.kit.tool.asset_importer-4.3.2] startup
[7.394s] [ext: omni.graph.action_nodes-1.50.4] startup
[7.398s] [ext: omni.kit.widget.text_editor-1.1.1] startup
[7.401s] [ext: omni.ui_query-1.1.8] startup
[7.403s] [ext: omni.graph.action-1.130.0] startup
[7.404s] [ext: omni.kit.window.extensions-1.4.27] startup
[7.418s] [ext: omni.kit.ui_test-1.3.7] startup
[7.422s] [ext: omni.graph.visualization.nodes-2.1.3] startup
[7.452s] [ext: omni.kit.tool.collect-2.2.18] startup
[7.458s] [ext: omni.kit.menu.stage-1.2.7] startup
[7.460s] [ext: isaacsim.gui.components-1.2.1] startup
[7.468s] [ext: isaacsim.examples.browser-0.2.1] startup
[7.474s] [ext: isaacsim.asset.importer.urdf-2.4.31] startup
[7.544s] [ext: isaacsim.core.cloner-1.4.10] startup
[7.547s] [ext: omni.kit.stagerecorder.ui-107.0.1] startup
[7.554s] [ext: isaacsim.asset.browser-1.3.23] startup
[7.639s] [ext: semantics.schema.editor-2.0.2] startup
2026-08-17T23:18:57Z [7,624ms] [Warning] [pxr.Semantics] pxr.Semantics is deprecated - please use Semantics instead
[7.645s] [ext: omni.kit.stagerecorder.bundle-105.0.2] startup
[7.646s] [ext: omni.kit.window.status_bar-0.1.9] startup
[7.650s] [ext: omni.kit.widget.graph-2.0.0] startup
[7.657s] [ext: omni.kit.stage_templates-2.0.0] startup
[7.659s] [ext: omni.graph.image.core-0.6.1] startup
[7.660s] [ext: omni.kit.graph.delegate.default-1.2.3] startup
[7.661s] [ext: isaacsim.core.experimental.utils-0.3.0] startup
[7.663s] [ext: omni.graph.image.nodes-1.3.1] startup
[7.664s] [ext: omni.kit.graph.editor.core-1.5.3] startup
[7.668s] [ext: omni.kit.graph.usd.commands-1.3.1] startup
[7.669s] [ext: omni.graph.nodes-1.170.10] startup
[7.680s] [ext: omni.graph.ui_nodes-1.50.5] startup
[7.684s] [ext: omni.kit.widget.material_preview-1.0.16] startup
[7.688s] [ext: omni.syntheticdata-0.6.13] startup
[7.724s] [ext: omni.videoencoding-0.1.2] startup
[7.731s] [ext: omni.warp-1.8.2] startup
[7.747s] [ext: omni.kit.window.material_graph-1.9.1] startup
[7.776s] [ext: omni.graph.scriptnode-1.50.0] startup
[7.779s] [ext: isaacsim.core.prims-0.6.1] startup
[7.872s] [ext: isaacsim.test.docstring-1.1.0] startup
[7.884s] [ext: omni.replicator.core-1.12.27] startup
2026-08-17T23:18:57Z [8,017ms] [Warning] [omni.graph.core.plugin] Found duplicate of category 'Replicator' - was 'Annotators', adding 'Fabric Reader'
2026-08-17T23:18:57Z [8,017ms] [Warning] [omni.graph.core.plugin] Category 'Replicator' not accepted on node type 'omni.replicator.core.FabricReader' in extension 'omni.replicator.core'
2026-08-17T23:18:57Z [8,018ms] [Warning] [omni.replicator.core.scripts.extension] No material configuration file, adding configuration to material settings directly.
[8.042s] [ext: isaacsim.core.api-4.8.0] startup
[8.080s] [ext: isaacsim.core.experimental.prims-0.8.1] startup
[8.155s] [ext: isaacsim.core.nodes-3.4.3] startup
[8.174s] [ext: isaacsim.robot.surface_gripper-3.3.1] startup
[8.185s] [ext: isaacsim.util.debug_draw-3.1.0] startup
[8.194s] [ext: omni.sensors.nv.common-3.0.0] startup
[8.267s] [ext: isaacsim.robot.manipulators-3.3.6] startup
[8.388s] [ext: isaacsim.sensors.physx-2.3.2] startup
[8.423s] [ext: omni.sensors.nv.materials-2.0.0] startup
[8.437s] [ext: omni.sensors.net-1.0.0] startup
[8.444s] [ext: isaacsim.app.about-2.0.11] startup
[8.522s] [ext: isaacsim.simulation_app-2.12.2] startup
[8.525s] [ext: omni.sensors.nv.ids-2.0.0] startup
[8.610s] [ext: omni.sensors.nv.lidar-3.0.0] startup
[8.620s] [ext: omni.kit.property.audio-1.0.16] startup
[8.654s] [ext: omni.kit.property.camera-1.0.10] startup
[8.713s] [ext: omni.kit.property.geometry-2.0.4] startup
[8.763s] [ext: omni.hydra.scene_api-0.1.2] startup
[8.785s] [ext: omni.kit.property.light-1.0.12] startup
[8.859s] [ext: omni.sensors.nv.wpm-3.0.0] startup
[8.861s] [ext: omni.kit.selection-0.1.6] startup
[8.886s] [ext: omni.kit.property.material-1.11.9] startup
[8.936s] [ext: omni.kit.property.transform-1.5.13] startup
[8.946s] [ext: omni.kit.property.render-1.2.1] startup
[8.949s] [ext: omni.sensors.nv.radar-3.0.0] startup
[8.954s] [ext: isaacsim.gui.menu-2.4.4] startup
[8.978s] [ext: omni.kit.manipulator.camera-106.0.4] startup
[8.991s] [ext: isaacsim.gui.property-1.1.3] startup
[8.996s] [ext: omni.kit.property.bundle-1.4.1] startup
[9.000s] [ext: isaacsim.sensors.rtx-15.8.4] startup
[9.012s] [ext: isaacsim.sensors.physics-0.4.3] startup
[9.031s] [ext: omni.kit.viewport.menubar.camera-107.0.6] startup
[9.055s] [ext: omni.kit.viewport.menubar.lighting-107.3.1] startup
[9.065s] [ext: omni.kit.viewport.menubar.settings-107.0.3] startup
[9.078s] [ext: omni.kit.viewport.menubar.render-107.0.10] startup
[9.089s] [ext: isaacsim.robot.policy.examples-4.1.11] startup
[9.099s] [ext: isaacsim.asset.importer.mjcf-2.5.13] startup
[9.108s] [ext: omni.kit.window.console-1.1.4] startup
[9.114s] [ext: omni.rtx.window.settings-0.6.19] startup
[9.120s] [ext: omni.ocio-0.1.1] startup
[9.123s] [ext: omni.physx.demos-107.3.26] startup
[9.150s] [ext: omni.kit.property.physx-107.3.26] startup
[9.181s] [ext: omni.replicator.replicator_yaml-2.0.11] startup
[9.202s] [ext: omni.asset_validator.core-1.1.6] startup
[9.274s] [ext: omni.rtx.settings.core-0.6.5] startup
[9.280s] [ext: omni.physx.vehicle-107.3.26] startup
[9.304s] [ext: omni.usd.metrics.assembler.ui-107.3.1] startup
[9.318s] [ext: omni.kit.window.script_editor-2.0.1] startup
[9.322s] [ext: isaacsim.robot.wheeled_robots-4.0.24] startup
[9.329s] [ext: omni.physx.asset_validator-107.3.26] startup
[9.338s] [ext: omni.kit.window.toolbar-2.0.0] startup
[9.345s] [ext: omni.physx.camera-107.3.26] startup
[9.366s] [ext: omni.anim.curve.core-1.3.1] startup
[9.387s] [ext: omni.physx.cct-107.3.26] startup
[9.402s] [ext: omni.physx.graph-107.3.26] startup
[9.428s] [ext: omni.physx.supportui-107.3.26] startup
[9.446s] [ext: omni.physx.telemetry-107.3.26] startup
[9.449s] [ext: isaaclab-0.54.2] startup
[9.693s] [ext: isaaclab_contrib-0.0.2] startup
[9.695s] [ext: isaacsim.core.throttling-2.2.2] startup
[9.697s] [ext: omni.kit.ui.actions-1.0.5] startup
[9.699s] [ext: semantics.schema.property-2.0.1] startup
[9.702s] [ext: omni.physx.bundle-107.3.26] startup
[9.703s] [ext: isaacsim.sensors.camera-1.3.6] startup
[9.709s] [ext: isaaclab_assets-0.2.4] startup
[10.101s] [ext: isaaclab_tasks-0.11.12] startup
[10.332s] [ext: omni.kit.menu.common-2.0.1] startup
[10.334s] [ext: isaaclab_rl-0.4.7] startup
[10.335s] [ext: isaaclab_mimic-1.0.16] startup
[10.335s] [ext: isaaclab.python-2.3.2] startup
[10.338s] Simulation App Starting
2026-08-17T23:19:00Z [10,563ms] [Warning] [carb.audio.device] audio device is misconfigured or broken {deviceIndex = 0, name = 'default'} (The device is likely misconfigured, check your $HOME/.asoundrc)
2026-08-17T23:19:00Z [10,564ms] [Warning] [carb.audio.output] failed to retrieve the capabilities for device 0 {result = eDeviceLost (2)}
2026-08-17T23:19:00Z [10,564ms] [Warning] [carb.audio.context] failed to set the requested output during context creation.  Using a null streamer instead {result = eDeviceLost (2)}
2026-08-17T23:19:00Z [10,598ms] [Warning] [omni.fabric.plugin] Warning: attribute viewportHandle not found for bucket id 9

[10.781s] app ready
[INFO][AppLauncher]: Using device: cuda:0
[INFO][AppLauncher]: Loading experience file: /workspace/isaaclab/apps/isaaclab.python.kit
[INFO]: Parsing configuration from: quadruped_arm.tasks.manager_based.maniploco.standalone_lower_env_cfg:StandaloneLowerEnvCfg
======Missing terms====== 
[]
 =======================
[INFO]: Parsing configuration from: quadruped_arm.tasks.manager_based.maniploco.agents.rsl_rl_ppo_cfg:ManiPLocoPPORunnerCfg
[INFO] Logging experiment in directory: /root/gpufree-data/tandem_hrl_620d798/logs/rsl_rl/maniploco
Exact experiment name requested from command line: 2026-08-18_07-19-07

[36m======================================================================================[0m
[36m[1m[INFO][IsaacLab]: Logging to file: /tmp/isaaclab/logs/isaaclab_2026-08-18_07-19-07.log[0m
[36m======================================================================================[0m

[33m07:19:07 [simulation_context.py] WARNING: The `enable_external_forces_every_iteration` parameter in the PhysxCfg is set to False. If you are experiencing noisy velocities, consider enabling this flag. You may need to slightly increase the number of velocity iterations (setting it to 1 or 2 rather than 0), together with this flag, to improve the accuracy of velocity updates.[0m
[INFO]: Base environment:
	Environment device    : cuda:0
	Environment seed      : 147
	Physics step-size     : 0.008333333333333333
	Rendering step-size   : 0.03333333333333333
	Environment step-size : 0.03333333333333333
[33m07:19:07 [terrain_importer.py] WARNING: Visual material specified for ground plane but no diffuse color found. Using default color: (0.0, 0.0, 0.0)[0m
sh: 1: zenity: not found
[INFO]: Time taken for scene creation : 160.289585 seconds
[INFO]: Scene manager:  <class InteractiveScene>
	Number of environments: 64
	Environment spacing   : 4.0
	Source prim name      : /World/envs/env_0
	Global prim paths     : ['/World/ground']
	Replicate physics     : True
[INFO]: Starting the simulation. This may take a few seconds. Please wait...
[INFO]: Time taken for simulation start : 3.858476 seconds
[33m07:21:52 [velocity_command.py] WARNING: The velocity command has the 'ranges.heading' attribute set to '(-3.141592653589793, 3.141592653589793)' but the heading command is not active. Consider setting the flag for the heading command to True.[0m
[INFO] Command Manager:  <CommandManager> contains 2 active terms.
+---------------------------------------------+
|             Active Command Terms            |
+-------+------------+------------------------+
| Index | Name       |          Type          |
+-------+------------+------------------------+
|   0   | locomotion | UniformVelocityCommand |
|   1   | ee_goal    | EeSphericalGoalCommand |
+-------+------------+------------------------+

[INFO] Event Manager:  <EventManager> contains 1 active terms.
+------------------------------------+
| Active Event Terms in Mode: 'reset' |
+-----------+------------------------+
|   Index   | Name                   |
+-----------+------------------------+
|     0     | reset_root             |
|     1     | reset_joints           |
|     2     | init_priv              |
|     3     | reset_rewards          |
+-----------+------------------------+

[INFO] Recorder Manager:  <RecorderManager> contains 0 active terms.
+---------------------+
| Active Recorder Terms |
+-----------+---------+
|   Index   | Name    |
+-----------+---------+
+-----------+---------+

[INFO] Action Manager:  <ActionManager> contains 3 active terms.
+------------------------------------+
|  Active Action Terms (shape: 16)   |
+--------+-------------+-------------+
| Index  | Name        |   Dimension |
+--------+-------------+-------------+
|   0    | leg_pos     |          12 |
|   1    | wheel_vel   |           4 |
|   2    | arm_ik      |           0 |
+--------+-------------+-------------+

[INFO] Observation Manager: <ObservationManager> contains 1 groups.
+--------------------------------------------------+
| Active Observation Terms in Group: 'policy' (shape: (876,)) |
+----------------+-------------+-------------------+
|     Index      | Name        |       Shape       |
+----------------+-------------+-------------------+
|       0        | obs         |       (876,)      |
+----------------+-------------+-------------------+

[INFO] Termination Manager:  <TerminationManager> contains 4 active terms.
+--------------------------------+
|    Active Termination Terms    |
+-------+-------------+----------+
| Index | Name        | Time Out |
+-------+-------------+----------+
|   0   | time_out    |   True   |
|   1   | bad_contact |  False   |
|   2   | tilt        |  False   |
|   3   | low_height  |  False   |
+-------+-------------+----------+

[INFO] Reward Manager:  <RewardManager> contains 43 active terms.
+---------------------------------------------------------+
|                   Active Reward Terms                   |
+-------+--------------------------+----------------------+
| Index | Name                     |               Weight |
+-------+--------------------------+----------------------+
|   0   | term_bad_contact         |              -3000.0 |
|   1   | term_tilt                |              -3000.0 |
|   2   | term_low_height          |              -3000.0 |
|   3   | leg_action_l2            |               -0.003 |
|   4   | tracking_lin_vel         |                  0.6 |
|   5   | tracking_lin_vel_x_exp   |                  1.5 |
|   6   | tracking_ang_vel_yaw_l1  |                  0.0 |
|   7   | tracking_ang_vel_yaw_exp |                  1.5 |
|   8   | tracking_lin_vel_y_l2    |                  0.0 |
|   9   | tracking_lin_vel_z_l2    |                  0.0 |
|   10  | survive                  |                  0.0 |
|   11  | foot_contacts_z          |                  0.0 |
|   12  | torques                  |             -7.5e-06 |
|   13  | tracking_lin_vel_y       |                  0.0 |
|   14  | lin_vel_z                | -0.44999999999999996 |
|   15  | ang_vel_xy               |                -0.06 |
|   16  | tracking_ang_vel         |                  0.3 |
|   17  | work                     |              -0.0009 |
|   18  | dof_acc                  |            -2.25e-07 |
|   19  | action_rate              |              -0.0045 |
|   20  | dof_pos_limits           |                 -3.0 |
|   21  | delta_torques            |               -3e-08 |
|   22  | collision                |                 -3.0 |
|   23  | walking_dof              |                 0.03 |
|   24  | hip_pos                  |                -0.06 |
|   25  | feet_jerk                |               -6e-05 |
|   26  | alive                    |                  0.3 |
|   27  | feet_drag                |               -0.024 |
|   28  | feet_contact_forces      |              -0.0003 |
|   29  | roll                     |                 -0.3 |
|   30  | base_height              |                 -0.6 |
|   31  | tracking_lin_vel_max     |  0.44999999999999996 |
|   32  | flat_orientation_l2      |                 -0.6 |
|   33  | air_time_variance        |                 -0.3 |
|   34  | feet_height              |                  0.0 |
|   35  | feet_air_time            |                0.015 |
|   36  | update_last_buffers      |                  0.0 |
|   37  | wheel_idle_speed         |              -0.0009 |
|   38  | wheel_action_l2          |              -0.0003 |
|   39  | wheel_action_rate        |              -0.0006 |
|   40  | teacher_ensemble_match   |                  0.0 |
|   41  | wheel_forward_use        |                 0.18 |
|   42  | wheel_turn_support       |                0.135 |
+-------+--------------------------+----------------------+

[INFO] Curriculum Manager:  <CurriculumManager> contains 0 active terms.
+----------------------+
| Active Curriculum Terms |
+-----------+----------+
|   Index   | Name     |
+-----------+----------+
+-----------+----------+

Creating window for environment.
[INFO]: Completed setting up the environment...
[INFO] Multi-teacher lower-body mode enabled: ZYB stability + conservative transient + neutral recovery.
--------------------------------------------------------------------------------
Resolved observation sets: 
	 policy :  ['policy']
	 critic :  ['policy']
--------------------------------------------------------------------------------
Actor MLP: MLP(
  (0): Linear(in_features=876, out_features=256, bias=True)
  (1): ELU(alpha=1.0)
  (2): Linear(in_features=256, out_features=128, bias=True)
  (3): ELU(alpha=1.0)
  (4): Linear(in_features=128, out_features=16, bias=True)
)
Critic MLP: MLP(
  (0): Linear(in_features=876, out_features=256, bias=True)
  (1): ELU(alpha=1.0)
  (2): Linear(in_features=256, out_features=128, bias=True)
  (3): ELU(alpha=1.0)
  (4): Linear(in_features=128, out_features=1, bias=True)
)
[INFO] Action exploration std fixed to: 0.060000
[INFO] Leg action exploration std set to: 0.050000
[INFO] Wheel action exploration std fixed to: 0.080000
################################################################################
                       [1m Learning iteration 0/120 [0m                       

                       Computation: 291 steps/s (collection: 5.131s, learning 0.136s)
             Mean action noise std: 0.06
          Mean value_function loss: 0.9341
               Mean surrogate loss: 0.0395
                 Mean entropy loss: -23.3487
                       Mean reward: -0.55
               Mean episode length: 6.00
   Episode_Reward/term_bad_contact: 0.0000
          Episode_Reward/term_tilt: 0.0000
    Episode_Reward/term_low_height: 0.0000
      Episode_Reward/leg_action_l2: -0.0000
   Episode_Reward/tracking_lin_vel: 0.0108
Episode_Reward/tracking_lin_vel_x_exp: 0.0126
Episode_Reward/tracking_ang_vel_yaw_l1: 0.0000
Episode_Reward/tracking_ang_vel_yaw_exp: 0.0269
Episode_Reward/tracking_lin_vel_y_l2: 0.0000
Episode_Reward/tracking_lin_vel_z_l2: 0.0000
            Episode_Reward/survive: 0.0000
    Episode_Reward/foot_contacts_z: 0.0000
            Episode_Reward/torques: -0.0024
 Episode_Reward/tracking_lin_vel_y: 0.0000
          Episode_Reward/lin_vel_z: -0.0021
         Episode_Reward/ang_vel_xy: -0.0002
   Episode_Reward/tracking_ang_vel: 0.0078
               Episode_Reward/work: -0.0052
            Episode_Reward/dof_acc: -0.0001
        Episode_Reward/action_rate: -0.0000
     Episode_Reward/dof_pos_limits: 0.0000
      Episode_Reward/delta_torques: -0.0000
          Episode_Reward/collision: -0.1421
        Episode_Reward/walking_dof: 0.0006
            Episode_Reward/hip_pos: -0.0000
          Episode_Reward/feet_jerk: 0.0000
              Episode_Reward/alive: 0.0085
          Episode_Reward/feet_drag: -0.0003
Episode_Reward/feet_contact_forces: -0.0058
               Episode_Reward/roll: -0.0000
        Episode_Reward/base_height: -0.0009
Episode_Reward/tracking_lin_vel_max: -0.0033
Episode_Reward/flat_orientation_l2: -0.0000
  Episode_Reward/air_time_variance: -0.0000
        Episode_Reward/feet_height: 0.0000
      Episode_Reward/feet_air_time: -0.0000
Episode_Reward/update_last_buffers: 0.0000
   Episode_Reward/wheel_idle_speed: -0.0000
    Episode_Reward/wheel_action_l2: -0.0000
  Episode_Reward/wheel_action_rate: 0.0000
Episode_Reward/teacher_ensemble_match: 0.0000
  Episode_Reward/wheel_forward_use: 0.0038
 Episode_Reward/wheel_turn_support: 0.0000
   Metrics/locomotion/error_vel_xy: 0.0123
  Metrics/locomotion/error_vel_yaw: 0.0045
      Episode_Termination/time_out: 0.0495
   Episode_Termination/bad_contact: 0.0000
          Episode_Termination/tilt: 0.0000
    Episode_Termination/low_height: 0.0000
--------------------------------------------------------------------------------
                   Total timesteps: 1536
                    Iteration time: 5.27s
                      Time elapsed: 00:00:05
                               ETA: 00:10:32

Could not find git repository in /workspace/isaaclab/_isaac_sim/kit/python/lib/python3.11/site-packages/rsl_rl/__init__.py. Skipping.
Could not find git repository in /root/gpufree-data/tandem_hrl_620d798/scripts/rsl_rl/train.py. Skipping.
################################################################################
                       [1m Learning iteration 1/120 [0m                       

                       Computation: 421 steps/s (collection: 3.573s, learning 0.070s)
             Mean action noise std: 0.06
          Mean value_function loss: 0.7577
               Mean surrogate loss: 0.0239
                 Mean entropy loss: -23.3487
                       Mean reward: -2.23
               Mean episode length: 21.70
   Episode_Reward/term_bad_contact: 0.0000
          Episode_Reward/term_tilt: 0.0000
    Episode_Reward/term_low_height: 0.0000
      Episode_Reward/leg_action_l2: -0.0000
   Episode_Reward/tracking_lin_vel: 0.0561
Episode_Reward/tracking_lin_vel_x_exp: 0.0919
Episode_Reward/tracking_ang_vel_yaw_l1: 0.0000
Episode_Reward/tracking_ang_vel_yaw_exp: 0.0782
Episode_Reward/tracking_lin_vel_y_l2: 0.0000
Episode_Reward/tracking_lin_vel_z_l2: 0.0000
            Episode_Reward/survive: 0.0000
    Episode_Reward/foot_contacts_z: 0.0000
            Episode_Reward/torques: -0.0103
 Episode_Reward/tracking_lin_vel_y: 0.0000
          Episode_Reward/lin_vel_z: -0.0026
         Episode_Reward/ang_vel_xy: -0.0003
   Episode_Reward/tracking_ang_vel: 0.0276
               Episode_Reward/work: -0.0082
            Episode_Reward/dof_acc: -0.0001
        Episode_Reward/action_rate: -0.0000
     Episode_Reward/dof_pos_limits: 0.0000
      Episode_Reward/delta_torques: -0.0000
          Episode_Reward/collision: -0.6308
        Episode_Reward/walking_dof: 0.0005
            Episode_Reward/hip_pos: -0.0000
          Episode_Reward/feet_jerk: 0.0000
              Episode_Reward/alive: 0.0330
          Episode_Reward/feet_drag: -0.0008
Episode_Reward/feet_contact_forces: -0.0221
               Episode_Reward/roll: -0.0002
        Episode_Reward/base_height: -0.0024
Episode_Reward/tracking_lin_vel_max: 0.0368
Episode_Reward/flat_orientation_l2: -0.0001
  Episode_Reward/air_time_variance: -0.0000
        Episode_Reward/feet_height: 0.0000
      Episode_Reward/feet_air_time: -0.0000
Episode_Reward/update_last_buffers: 0.0000
   Episode_Reward/wheel_idle_speed: -0.0004
    Episode_Reward/wheel_action_l2: -0.0000
  Episode_Reward/wheel_action_rate: 0.0000
Episode_Reward/teacher_ensemble_match: 0.0000
  Episode_Reward/wheel_forward_use: 0.0027
 Episode_Reward/wheel_turn_support: 0.0000
   Metrics/locomotion/error_vel_xy: 0.0275
  Metrics/locomotion/error_vel_yaw: 0.0307
      Episode_Termination/time_out: 0.1283
   Episode_Termination/bad_contact: 0.0000
          Episode_Termination/tilt: 0.0000
    Episode_Termination/low_height: 0.0000
--------------------------------------------------------------------------------
                   Total timesteps: 3072
                    Iteration time: 3.64s
                      Time elapsed: 00:00:08
                               ETA: 00:08:50

################################################################################
                       [1m Learning iteration 2/120 [0m                       

                       Computation: 425 steps/s (collection: 3.540s, learning 0.070s)
             Mean action noise std: 0.06
          Mean value_function loss: 0.9007
               Mean surrogate loss: 0.0274
                 Mean entropy loss: -23.3487
                       Mean reward: -3.87
               Mean episode length: 36.62
   Episode_Reward/term_bad_contact: 0.0000
          Episode_Reward/term_tilt: 0.0000
    Episode_Reward/term_low_height: 0.0000
      Episode_Reward/leg_action_l2: -0.0000
   Episode_Reward/tracking_lin_vel: 0.0925
Episode_Reward/tracking_lin_vel_x_exp: 0.1374
Episode_Reward/tracking_ang_vel_yaw_l1: 0.0000
Episode_Reward/tracking_ang_vel_yaw_exp: 0.1803
Episode_Reward/tracking_lin_vel_y_l2: 0.0000
Episode_Reward/tracking_lin_vel_z_l2: 0.0000
            Episode_Reward/survive: 0.0000
    Episode_Reward/foot_contacts_z: 0.0000
            Episode_Reward/torques: -0.0215
 Episode_Reward/tracking_lin_vel_y: 0.0000
          Episode_Reward/lin_vel_z: -0.0025
         Episode_Reward/ang_vel_xy: -0.0003
   Episode_Reward/tracking_ang_vel: 0.0527
               Episode_Reward/work: -0.0089
            Episode_Reward/dof_acc: -0.0001
        Episode_Reward/action_rate: -0.0000
     Episode_Reward/dof_pos_limits: 0.0000
      Episode_Reward/delta_torques: -0.0000
          Episode_Reward/collision: -1.1267
        Episode_Reward/walking_dof: 0.0034
            Episode_Reward/hip_pos: -0.0000
          Episode_Reward/feet_jerk: 0.0000
              Episode_Reward/alive: 0.0578
          Episode_Reward/feet_drag: -0.0012
Episode_Reward/feet_contact_forces: -0.0382
               Episode_Reward/roll: -0.0005
        Episode_Reward/base_height: -0.0035
Episode_Reward/tracking_lin_vel_max: 0.0432
Episode_Reward/flat_orientation_l2: -0.0007
  Episode_Reward/air_time_variance: -0.0000
        Episode_Reward/feet_height: 0.0000
      Episode_Reward/feet_air_time: -0.0000
Episode_Reward/update_last_buffers: 0.0000
   Episode_Reward/wheel_idle_speed: -0.0001
    Episode_Reward/wheel_action_l2: -0.0000
  Episode_Reward/wheel_action_rate: 0.0000
Episode_Reward/teacher_ensemble_match: 0.0000
  Episode_Reward/wheel_forward_use: 0.0163
 Episode_Reward/wheel_turn_support: 0.0000
   Metrics/locomotion/error_vel_xy: 0.0594
  Metrics/locomotion/error_vel_yaw: 0.0354
      Episode_Termination/time_out: 0.2012
   Episode_Termination/bad_contact: 0.0000
          Episode_Termination/tilt: 0.0000
    Episode_Termination/low_height: 0.0000
--------------------------------------------------------------------------------
                   Total timesteps: 4608
                    Iteration time: 3.61s
                      Time elapsed: 00:00:12
                               ETA: 00:08:12

################################################################################
                       [1m Learning iteration 3/120 [0m                       

                       Computation: 386 steps/s (collection: 3.901s, learning 0.070s)
             Mean action noise std: 0.06
          Mean value_function loss: 1.1348
               Mean surrogate loss: 0.0210
                 Mean entropy loss: -23.3487
                       Mean reward: -4.74
               Mean episode length: 43.16
   Episode_Reward/term_bad_contact: 0.0000
          Episode_Reward/term_tilt: 0.0000
    Episode_Reward/term_low_height: 0.0000
      Episode_Reward/leg_action_l2: -0.0000
   Episode_Reward/tracking_lin_vel: 0.1302
Episode_Reward/tracking_lin_vel_x_exp: 0.1739
Episode_Reward/tracking_ang_vel_yaw_l1: 0.0000
Episode_Reward/tracking_ang_vel_yaw_exp: 0.1639
Episode_Reward/tracking_lin_vel_y_l2: 0.0000
Episode_Reward/tracking_lin_vel_z_l2: 0.0000
            Episode_Reward/survive: 0.0000
    Episode_Reward/foot_contacts_z: 0.0000
            Episode_Reward/torques: -0.0308
 Episode_Reward/tracking_lin_vel_y: 0.0000
          Episode_Reward/lin_vel_z: -0.0025
         Episode_Reward/ang_vel_xy: -0.0004
   Episode_Reward/tracking_ang_vel: 0.0568
               Episode_Reward/work: -0.0096
            Episode_Reward/dof_acc: -0.0001
        Episode_Reward/action_rate: -0.0000
     Episode_Reward/dof_pos_limits: 0.0000
      Episode_Reward/delta_torques: -0.0000
          Episode_Reward/collision: -1.5425
        Episode_Reward/walking_dof: 0.0042
            Episode_Reward/hip_pos: -0.0001
          Episode_Reward/feet_jerk: 0.0000
              Episode_Reward/alive: 0.0786
          Episode_Reward/feet_drag: -0.0013
Episode_Reward/feet_contact_forces: -0.0517
               Episode_Reward/roll: -0.0012
        Episode_Reward/base_height: -0.0045
Episode_Reward/tracking_lin_vel_max: 0.0681
Episode_Reward/flat_orientation_l2: -0.0014
  Episode_Reward/air_time_variance: -0.0000
        Episode_Reward/feet_height: 0.0000
      Episode_Reward/feet_air_time: -0.0000
Episode_Reward/update_last_buffers: 0.0000
   Episode_Reward/wheel_idle_speed: -0.0003
    Episode_Reward/wheel_action_l2: -0.0000
  Episode_Reward/wheel_action_rate: 0.0000
Episode_Reward/teacher_ensemble_match: 0.0000
  Episode_Reward/wheel_forward_use: 0.0193
 Episode_Reward/wheel_turn_support: 0.0000
   Metrics/locomotion/error_vel_xy: 0.0787
  Metrics/locomotion/error_vel_yaw: 0.0984
      Episode_Termination/time_out: 0.2871
   Episode_Termination/bad_contact: 0.0000
          Episode_Termination/tilt: 0.0000
    Episode_Termination/low_height: 0.0000
--------------------------------------------------------------------------------
                   Total timesteps: 6144
                    Iteration time: 3.97s
                      Time elapsed: 00:00:16
                               ETA: 00:08:02

################################################################################
                       [1m Learning iteration 4/120 [0m                       

                       Computation: 422 steps/s (collection: 3.569s, learning 0.070s)
             Mean action noise std: 0.06
          Mean value_function loss: 1.0443
               Mean surrogate loss: 0.0012
                 Mean entropy loss: -23.3487
                       Mean reward: -7.47
               Mean episode length: 63.07
   Episode_Reward/term_bad_contact: 0.0000
          Episode_Reward/term_tilt: 0.0000
    Episode_Reward/term_low_height: 0.0000
      Episode_Reward/leg_action_l2: -0.0000
   Episode_Reward/tracking_lin_vel: 0.1862
Episode_Reward/tracking_lin_vel_x_exp: 0.2794
Episode_Reward/tracking_ang_vel_yaw_l1: 0.0000
Episode_Reward/tracking_ang_vel_yaw_exp: 0.2289
Episode_Reward/tracking_lin_vel_y_l2: 0.0000
Episode_Reward/tracking_lin_vel_z_l2: 0.0000
            Episode_Reward/survive: 0.0000
    Episode_Reward/foot_contacts_z: 0.0000
            Episode_Reward/torques: -0.0485
 Episode_Reward/tracking_lin_vel_y: 0.0000
          Episode_Reward/lin_vel_z: -0.0025
         Episode_Reward/ang_vel_xy: -0.0004
   Episode_Reward/tracking_ang_vel: 0.0886
               Episode_Reward/work: -0.0102
            Episode_Reward/dof_acc: -0.0001
        Episode_Reward/action_rate: -0.0000
     Episode_Reward/dof_pos_limits: 0.0000
      Episode_Reward/delta_torques: -0.0000
          Episode_Reward/collision: -2.2337
        Episode_Reward/walking_dof: 0.0047
            Episode_Reward/hip_pos: -0.0001
          Episode_Reward/feet_jerk: 0.0000
              Episode_Reward/alive: 0.1070
          Episode_Reward/feet_drag: -0.0015
Episode_Reward/feet_contact_forces: -0.0699
               Episode_Reward/roll: -0.0007
        Episode_Reward/base_height: -0.0073
Episode_Reward/tracking_lin_vel_max: 0.0997
Episode_Reward/flat_orientation_l2: -0.0043
  Episode_Reward/air_time_variance: -0.0000
        Episode_Reward/feet_height: 0.0000
      Episode_Reward/feet_air_time: -0.0000
Episode_Reward/update_last_buffers: 0.0000
   Episode_Reward/wheel_idle_speed: -0.0002
    Episode_Reward/wheel_action_l2: -0.0000
  Episode_Reward/wheel_action_rate: 0.0000
Episode_Reward/teacher_ensemble_match: 0.0000
  Episode_Reward/wheel_forward_use: 0.0205
 Episode_Reward/wheel_turn_support: 0.0000
   Metrics/locomotion/error_vel_xy: 0.0878
  Metrics/locomotion/error_vel_yaw: 0.1083
      Episode_Termination/time_out: 0.3900
   Episode_Termination/bad_contact: 0.0000
          Episode_Termination/tilt: 0.0000
    Episode_Termination/low_height: 0.0000
--------------------------------------------------------------------------------
                   Total timesteps: 7680
                    Iteration time: 3.64s
                      Time elapsed: 00:00:20
                               ETA: 00:07:47

################################################################################
                       [1m Learning iteration 5/120 [0m                       

                       Computation: 426 steps/s (collection: 3.528s, learning 0.070s)
             Mean action noise std: 0.06
          Mean value_function loss: 1.0236
               Mean surrogate loss: 0.0063
                 Mean entropy loss: -23.3487
                       Mean reward: -8.58
               Mean episode length: 75.00
   Episode_Reward/term_bad_contact: 0.0000
          Episode_Reward/term_tilt: 0.0000
    Episode_Reward/term_low_height: 0.0000
      Episode_Reward/leg_action_l2: -0.0000
   Episode_Reward/tracking_lin_vel: 0.2465
Episode_Reward/tracking_lin_vel_x_exp: 0.4527
Episode_Reward/tracking_ang_vel_yaw_l1: 0.0000
Episode_Reward/tracking_ang_vel_yaw_exp: 0.2813
Episode_Reward/tracking_lin_vel_y_l2: 0.0000
Episode_Reward/tracking_lin_vel_z_l2: 0.0000
            Episode_Reward/survive: 0.0000
    Episode_Reward/foot_contacts_z: 0.0000
            Episode_Reward/torques: -0.0359
 Episode_Reward/tracking_lin_vel_y: 0.0000
          Episode_Reward/lin_vel_z: -0.0025
         Episode_Reward/ang_vel_xy: -0.0003
   Episode_Reward/tracking_ang_vel: 0.1025
               Episode_Reward/work: -0.0090
            Episode_Reward/dof_acc: -0.0001
        Episode_Reward/action_rate: -0.0000
     Episode_Reward/dof_pos_limits: 0.0000
      Episode_Reward/delta_torques: -0.0000
          Episode_Reward/collision: -2.5600
        Episode_Reward/walking_dof: 0.0000
            Episode_Reward/hip_pos: -0.0001
          Episode_Reward/feet_jerk: 0.0000
              Episode_Reward/alive: 0.1294
          Episode_Reward/feet_drag: -0.0011
Episode_Reward/feet_contact_forces: -0.0851
               Episode_Reward/roll: -0.0016
        Episode_Reward/base_height: -0.0097
Episode_Reward/tracking_lin_vel_max: 0.1879
Episode_Reward/flat_orientation_l2: -0.0004
  Episode_Reward/air_time_variance: -0.0000
        Episode_Reward/feet_height: 0.0000
      Episode_Reward/feet_air_time: 0.0000
Episode_Reward/update_last_buffers: 0.0000
   Episode_Reward/wheel_idle_speed: -0.0004
    Episode_Reward/wheel_action_l2: -0.0000
  Episode_Reward/wheel_action_rate: 0.0000
Episode_Reward/teacher_ensemble_match: 0.0000
  Episode_Reward/wheel_forward_use: 0.0001
 Episode_Reward/wheel_turn_support: 0.0000
   Metrics/locomotion/error_vel_xy: 0.0576
  Metrics/locomotion/error_vel_yaw: 0.1404
      Episode_Termination/time_out: 0.4935
   Episode_Termination/bad_contact: 0.0000
          Episode_Termination/tilt: 0.0000
    Episode_Termination/low_height: 0.0000
--------------------------------------------------------------------------------
                   Total timesteps: 9216
                    Iteration time: 3.60s
                      Time elapsed: 00:00:23
                               ETA: 00:07:34

################################################################################
                       [1m Learning iteration 6/120 [0m                       

                       Computation: 427 steps/s (collection: 3.519s, learning 0.070s)
             Mean action noise std: 0.06
          Mean value_function loss: 0.8547
               Mean surrogate loss: 0.0070
                 Mean entropy loss: -23.3487
                       Mean reward: -10.33
               Mean episode length: 85.79
   Episode_Reward/term_bad_contact: 0.0000
          Episode_Reward/term_tilt: 0.0000
    Episode_Reward/term_low_height: 0.0000
      Episode_Reward/leg_action_l2: -0.0000
   Episode_Reward/tracking_lin_vel: 0.2485
Episode_Reward/tracking_lin_vel_x_exp: 0.3550
Episode_Reward/tracking_ang_vel_yaw_l1: 0.0000
Episode_Reward/tracking_ang_vel_yaw_exp: 0.3637
Episode_Reward/tracking_lin_vel_y_l2: 0.0000
Episode_Reward/tracking_lin_vel_z_l2: 0.0000
            Episode_Reward/survive: 0.0000
    Episode_Reward/foot_contacts_z: 0.0000
            Episode_Reward/torques: -0.0895
 Episode_Reward/tracking_lin_vel_y: 0.0000
          Episode_Reward/lin_vel_z: -0.0024
         Episode_Reward/ang_vel_xy: -0.0005
   Episode_Reward/tracking_ang_vel: 0.1239
               Episode_Reward/work: -0.0114
            Episode_Reward/dof_acc: -0.0001
        Episode_Reward/action_rate: -0.0000
     Episode_Reward/dof_pos_limits: 0.0000
      Episode_Reward/delta_torques: -0.0001
          Episode_Reward/collision: -3.4969
        Episode_Reward/walking_dof: 0.0096
            Episode_Reward/hip_pos: -0.0002
          Episode_Reward/feet_jerk: 0.0000
              Episode_Reward/alive: 0.1536
          Episode_Reward/feet_drag: -0.0019
Episode_Reward/feet_contact_forces: -0.0991
               Episode_Reward/roll: -0.0011
        Episode_Reward/base_height: -0.0115
Episode_Reward/tracking_lin_vel_max: 0.1016
Episode_Reward/flat_orientation_l2: -0.0125
  Episode_Reward/air_time_variance: -0.0000
        Episode_Reward/feet_height: 0.0000
      Episode_Reward/feet_air_time: -0.0000
Episode_Reward/update_last_buffers: 0.0000
   Episode_Reward/wheel_idle_speed: -0.0002
    Episode_Reward/wheel_action_l2: -0.0000
  Episode_Reward/wheel_action_rate: 0.0000
Episode_Reward/teacher_ensemble_match: 0.0000
  Episode_Reward/wheel_forward_use: 0.0366
 Episode_Reward/wheel_turn_support: 0.0000
   Metrics/locomotion/error_vel_xy: 0.1574
  Metrics/locomotion/error_vel_yaw: 0.1554
      Episode_Termination/time_out: 0.5632
   Episode_Termination/bad_contact: 0.0000
          Episode_Termination/tilt: 0.0000
    Episode_Termination/low_height: 0.0000
--------------------------------------------------------------------------------
                   Total timesteps: 10752
                    Iteration time: 3.59s
                      Time elapsed: 00:00:27
                               ETA: 00:07:24

################################################################################
                       [1m Learning iteration 7/120 [0m                       

                       Computation: 434 steps/s (collection: 3.465s, learning 0.070s)
             Mean action noise std: 0.06
          Mean value_function loss: 0.7799
               Mean surrogate loss: -0.0203
                 Mean entropy loss: -23.3487
                       Mean reward: -10.57
               Mean episode length: 87.88
   Episode_Reward/term_bad_contact: 0.0000
          Episode_Reward/term_tilt: 0.0000
    Episode_Reward/term_low_height: 0.0000
      Episode_Reward/leg_action_l2: -0.0000
   Episode_Reward/tracking_lin_vel: 0.2866
Episode_Reward/tracking_lin_vel_x_exp: 0.3565
Episode_Reward/tracking_ang_vel_yaw_l1: 0.0000
Episode_Reward/tracking_ang_vel_yaw_exp: 0.3747
Episode_Reward/tracking_lin_vel_y_l2: 0.0000
Episode_Reward/tracking_lin_vel_z_l2: 0.0000
            Episode_Reward/survive: 0.0000
    Episode_Reward/foot_contacts_z: 0.0000
            Episode_Reward/torques: -0.0559
 Episode_Reward/tracking_lin_vel_y: 0.0000
          Episode_Reward/lin_vel_z: -0.0025
         Episode_Reward/ang_vel_xy: -0.0003
   Episode_Reward/tracking_ang_vel: 0.1438
               Episode_Reward/work: -0.0092
            Episode_Reward/dof_acc: -0.0001
        Episode_Reward/action_rate: -0.0000
     Episode_Reward/dof_pos_limits: 0.0000
      Episode_Reward/delta_torques: -0.0000
          Episode_Reward/collision: -3.3500
        Episode_Reward/walking_dof: 0.0015
            Episode_Reward/hip_pos: -0.0001
          Episode_Reward/feet_jerk: 0.0000
              Episode_Reward/alive: 0.1690
          Episode_Reward/feet_drag: -0.0022
Episode_Reward/feet_contact_forces: -0.1108
               Episode_Reward/roll: -0.0026
        Episode_Reward/base_height: -0.0101
Episode_Reward/tracking_lin_vel_max: 0.2239
Episode_Reward/flat_orientation_l2: -0.0011
  Episode_Reward/air_time_variance: -0.0000
        Episode_Reward/feet_height: 0.0000
      Episode_Reward/feet_air_time: 0.0000
Episode_Reward/update_last_buffers: 0.0000
   Episode_Reward/wheel_idle_speed: -0.0008
    Episode_Reward/wheel_action_l2: -0.0000
  Episode_Reward/wheel_action_rate: 0.0000
Episode_Reward/teacher_ensemble_match: 0.0000
  Episode_Reward/wheel_forward_use: 0.0078
 Episode_Reward/wheel_turn_support: 0.0000
   Metrics/locomotion/error_vel_xy: 0.1657
  Metrics/locomotion/error_vel_yaw: 0.1616
      Episode_Termination/time_out: 0.6250
   Episode_Termination/bad_contact: 0.0000
          Episode_Termination/tilt: 0.0000
    Episode_Termination/low_height: 0.0000
--------------------------------------------------------------------------------
                   Total timesteps: 12288
                    Iteration time: 3.53s
                      Time elapsed: 00:00:30
                               ETA: 00:07:15

################################################################################
                       [1m Learning iteration 8/120 [0m                       

                       Computation: 422 steps/s (collection: 3.564s, learning 0.070s)
             Mean action noise std: 0.06
          Mean value_function loss: 0.8458
               Mean surrogate loss: -0.0105
                 Mean entropy loss: -23.3487
                       Mean reward: -12.98
               Mean episode length: 107.46
   Episode_Reward/term_bad_contact: 0.0000
          Episode_Reward/term_tilt: 0.0000
    Episode_Reward/term_low_height: 0.0000
      Episode_Reward/leg_action_l2: -0.0000
   Episode_Reward/tracking_lin_vel: 0.3391
Episode_Reward/tracking_lin_vel_x_exp: 0.4676
Episode_Reward/tracking_ang_vel_yaw_l1: 0.0000
Episode_Reward/tracking_ang_vel_yaw_exp: 0.4036
Episode_Reward/tracking_lin_vel_y_l2: 0.0000
Episode_Reward/tracking_lin_vel_z_l2: 0.0000
            Episode_Reward/survive: 0.0000
    Episode_Reward/foot_contacts_z: 0.0000
            Episode_Reward/torques: -0.0778
 Episode_Reward/tracking_lin_vel_y: 0.0000
          Episode_Reward/lin_vel_z: -0.0025
         Episode_Reward/ang_vel_xy: -0.0004
   Episode_Reward/tracking_ang_vel: 0.1620
               Episode_Reward/work: -0.0119
            Episode_Reward/dof_acc: -0.0001
        Episode_Reward/action_rate: -0.0000
     Episode_Reward/dof_pos_limits: 0.0000
      Episode_Reward/delta_torques: -0.0001
          Episode_Reward/collision: -4.0317
        Episode_Reward/walking_dof: 0.0063
            Episode_Reward/hip_pos: -0.0002
          Episode_Reward/feet_jerk: 0.0000
              Episode_Reward/alive: 0.2002
          Episode_Reward/feet_drag: -0.0028
Episode_Reward/feet_contact_forces: -0.1309
               Episode_Reward/roll: -0.0021
        Episode_Reward/base_height: -0.0122
Episode_Reward/tracking_lin_vel_max: 0.2017
Episode_Reward/flat_orientation_l2: -0.0040
  Episode_Reward/air_time_variance: -0.0000
        Episode_Reward/feet_height: 0.0000
      Episode_Reward/feet_air_time: -0.0000
Episode_Reward/update_last_buffers: 0.0000
   Episode_Reward/wheel_idle_speed: -0.0006
    Episode_Reward/wheel_action_l2: -0.0000
  Episode_Reward/wheel_action_rate: 0.0000
Episode_Reward/teacher_ensemble_match: 0.0000
  Episode_Reward/wheel_forward_use: 0.0268
 Episode_Reward/wheel_turn_support: 0.0000
   Metrics/locomotion/error_vel_xy: 0.1876
  Metrics/locomotion/error_vel_yaw: 0.2177
      Episode_Termination/time_out: 0.6855
   Episode_Termination/bad_contact: 0.0000
          Episode_Termination/tilt: 0.0000
    Episode_Termination/low_height: 0.0000
--------------------------------------------------------------------------------
                   Total timesteps: 13824
                    Iteration time: 3.63s
                      Time elapsed: 00:00:34
                               ETA: 00:07:09

################################################################################
                       [1m Learning iteration 9/120 [0m                       

                       Computation: 427 steps/s (collection: 3.525s, learning 0.070s)
             Mean action noise std: 0.06
          Mean value_function loss: 0.8811
               Mean surrogate loss: -0.0191
                 Mean entropy loss: -23.3487
                       Mean reward: -14.77
               Mean episode length: 123.18
   Episode_Reward/term_bad_contact: 0.0000
          Episode_Reward/term_tilt: 0.0000
    Episode_Reward/term_low_height: 0.0000
      Episode_Reward/leg_action_l2: -0.0000
   Episode_Reward/tracking_lin_vel: 0.3915
Episode_Reward/tracking_lin_vel_x_exp: 0.5678
Episode_Reward/tracking_ang_vel_yaw_l1: 0.0000
Episode_Reward/tracking_ang_vel_yaw_exp: 0.5641
Episode_Reward/tracking_lin_vel_y_l2: 0.0000
Episode_Reward/tracking_lin_vel_z_l2: 0.0000
            Episode_Reward/survive: 0.0000
    Episode_Reward/foot_contacts_z: 0.0000
            Episode_Reward/torques: -0.0771
 Episode_Reward/tracking_lin_vel_y: 0.0000
          Episode_Reward/lin_vel_z: -0.0026
         Episode_Reward/ang_vel_xy: -0.0004
   Episode_Reward/tracking_ang_vel: 0.1873
               Episode_Reward/work: -0.0113
            Episode_Reward/dof_acc: -0.0001
        Episode_Reward/action_rate: -0.0000
     Episode_Reward/dof_pos_limits: 0.0000
      Episode_Reward/delta_torques: -0.0001
          Episode_Reward/collision: -4.5258
        Episode_Reward/walking_dof: 0.0100
            Episode_Reward/hip_pos: -0.0002
          Episode_Reward/feet_jerk: 0.0000
              Episode_Reward/alive: 0.2262
          Episode_Reward/feet_drag: -0.0030
Episode_Reward/feet_contact_forces: -0.1482
               Episode_Reward/roll: -0.0025
        Episode_Reward/base_height: -0.0139
Episode_Reward/tracking_lin_vel_max: 0.1847
Episode_Reward/flat_orientation_l2: -0.0020
  Episode_Reward/air_time_variance: -0.0000
        Episode_Reward/feet_height: 0.0000
      Episode_Reward/feet_air_time: -0.0000
Episode_Reward/update_last_buffers: 0.0000
   Episode_Reward/wheel_idle_speed: -0.0003
    Episode_Reward/wheel_action_l2: -0.0000
  Episode_Reward/wheel_action_rate: 0.0000
Episode_Reward/teacher_ensemble_match: 0.0000
  Episode_Reward/wheel_forward_use: 0.0521
 Episode_Reward/wheel_turn_support: 0.0000
   Metrics/locomotion/error_vel_xy: 0.1938
  Metrics/locomotion/error_vel_yaw: 0.2128
      Episode_Termination/time_out: 0.7956
   Episode_Termination/bad_contact: 0.0000
          Episode_Termination/tilt: 0.0000
    Episode_Termination/low_height: 0.0000
--------------------------------------------------------------------------------
                   Total timesteps: 15360
                    Iteration time: 3.60s
                      Time elapsed: 00:00:38
                               ETA: 00:07:02

################################################################################
                      [1m Learning iteration 10/120 [0m                       

                       Computation: 426 steps/s (collection: 3.530s, learning 0.071s)
             Mean action noise std: 0.06
          Mean value_function loss: 0.8304
               Mean surrogate loss: -0.0327
                 Mean entropy loss: -23.3487
                       Mean reward: -16.16
               Mean episode length: 135.75
   Episode_Reward/term_bad_contact: 0.0000
          Episode_Reward/term_tilt: 0.0000
    Episode_Reward/term_low_height: 0.0000
      Episode_Reward/leg_action_l2: -0.0000
   Episode_Reward/tracking_lin_vel: 0.4369
Episode_Reward/tracking_lin_vel_x_exp: 0.6832
Episode_Reward/tracking_ang_vel_yaw_l1: 0.0000
Episode_Reward/tracking_ang_vel_yaw_exp: 0.5827
Episode_Reward/tracking_lin_vel_y_l2: 0.0000
Episode_Reward/tracking_lin_vel_z_l2: 0.0000
            Episode_Reward/survive: 0.0000
    Episode_Reward/foot_contacts_z: 0.0000
            Episode_Reward/torques: -0.1372
 Episode_Reward/tracking_lin_vel_y: 0.0000
          Episode_Reward/lin_vel_z: -0.0026
         Episode_Reward/ang_vel_xy: -0.0005
   Episode_Reward/tracking_ang_vel: 0.1978
               Episode_Reward/work: -0.0121
            Episode_Reward/dof_acc: -0.0001
        Episode_Reward/action_rate: -0.0000
     Episode_Reward/dof_pos_limits: 0.0000
      Episode_Reward/delta_torques: -0.0001
          Episode_Reward/collision: -5.6296
        Episode_Reward/walking_dof: 0.0074
            Episode_Reward/hip_pos: -0.0004
          Episode_Reward/feet_jerk: 0.0000
              Episode_Reward/alive: 0.2502
          Episode_Reward/feet_drag: -0.0025
Episode_Reward/feet_contact_forces: -0.1625
               Episode_Reward/roll: -0.0015
        Episode_Reward/base_height: -0.0191
Episode_Reward/tracking_lin_vel_max: 0.2734
Episode_Reward/flat_orientation_l2: -0.0173
  Episode_Reward/air_time_variance: -0.0000
        Episode_Reward/feet_height: 0.0000
      Episode_Reward/feet_air_time: -0.0000
Episode_Reward/update_last_buffers: 0.0000
   Episode_Reward/wheel_idle_speed: -0.0004
    Episode_Reward/wheel_action_l2: -0.0000
  Episode_Reward/wheel_action_rate: 0.0000
Episode_Reward/teacher_ensemble_match: 0.0000
  Episode_Reward/wheel_forward_use: 0.0241
 Episode_Reward/wheel_turn_support: 0.0000
   Metrics/locomotion/error_vel_xy: 0.1976
  Metrics/locomotion/error_vel_yaw: 0.2645
      Episode_Termination/time_out: 0.9141
   Episode_Termination/bad_contact: 0.0000
          Episode_Termination/tilt: 0.0000
    Episode_Termination/low_height: 0.0000
--------------------------------------------------------------------------------
                   Total timesteps: 16896
                    Iteration time: 3.60s
                      Time elapsed: 00:00:41
                               ETA: 00:06:56

################################################################################
                      [1m Learning iteration 11/120 [0m                       

                       Computation: 433 steps/s (collection: 3.476s, learning 0.071s)
             Mean action noise std: 0.06
          Mean value_function loss: 0.6657
               Mean surrogate loss: -0.0162
                 Mean entropy loss: -23.3487
                       Mean reward: -16.93
               Mean episode length: 142.58
   Episode_Reward/term_bad_contact: 0.0000
          Episode_Reward/term_tilt: 0.0000
    Episode_Reward/term_low_height: 0.0000
      Episode_Reward/leg_action_l2: -0.0000
   Episode_Reward/tracking_lin_vel: 0.5170
Episode_Reward/tracking_lin_vel_x_exp: 0.9362
Episode_Reward/tracking_ang_vel_yaw_l1: 0.0000
Episode_Reward/tracking_ang_vel_yaw_exp: 0.5208
Episode_Reward/tracking_lin_vel_y_l2: 0.0000
Episode_Reward/tracking_lin_vel_z_l2: 0.0000
            Episode_Reward/survive: 0.0000
    Episode_Reward/foot_contacts_z: 0.0000
            Episode_Reward/torques: -0.0745
 Episode_Reward/tracking_lin_vel_y: 0.0000
          Episode_Reward/lin_vel_z: -0.0027
         Episode_Reward/ang_vel_xy: -0.0003
   Episode_Reward/tracking_ang_vel: 0.2090
               Episode_Reward/work: -0.0110
            Episode_Reward/dof_acc: -0.0001
        Episode_Reward/action_rate: -0.0000
     Episode_Reward/dof_pos_limits: 0.0000
      Episode_Reward/delta_torques: -0.0001
          Episode_Reward/collision: -5.3650
        Episode_Reward/walking_dof: 0.0012
            Episode_Reward/hip_pos: -0.0002
          Episode_Reward/feet_jerk: 0.0000
              Episode_Reward/alive: 0.2697
          Episode_Reward/feet_drag: -0.0026
Episode_Reward/feet_contact_forces: -0.1769
               Episode_Reward/roll: -0.0022
        Episode_Reward/base_height: -0.0186
Episode_Reward/tracking_lin_vel_max: 0.3769
Episode_Reward/flat_orientation_l2: -0.0007
  Episode_Reward/air_time_variance: -0.0000
        Episode_Reward/feet_height: 0.0000
      Episode_Reward/feet_air_time: -0.0000
Episode_Reward/update_last_buffers: 0.0000
   Episode_Reward/wheel_idle_speed: -0.0006
    Episode_Reward/wheel_action_l2: -0.0000
  Episode_Reward/wheel_action_rate: 0.0000
Episode_Reward/teacher_ensemble_match: 0.0000
  Episode_Reward/wheel_forward_use: 0.0057
 Episode_Reward/wheel_turn_support: 0.0000
   Metrics/locomotion/error_vel_xy: 0.1186
  Metrics/locomotion/error_vel_yaw: 0.3193
      Episode_Termination/time_out: 0.9681
   Episode_Termination/bad_contact: 0.0000
          Episode_Termination/tilt: 0.0000
    Episode_Termination/low_height: 0.0000
--------------------------------------------------------------------------------
                   Total timesteps: 18432
                    Iteration time: 3.55s
                      Time elapsed: 00:00:45
                               ETA: 00:06:50

################################################################################
                      [1m Learning iteration 12/120 [0m                       

                       Computation: 429 steps/s (collection: 3.506s, learning 0.071s)
             Mean action noise std: 0.06
          Mean value_function loss: 0.6295
               Mean surrogate loss: -0.0093
                 Mean entropy loss: -23.3487
                       Mean reward: -18.16
               Mean episode length: 151.84
   Episode_Reward/term_bad_contact: 0.0000
          Episode_Reward/term_tilt: 0.0000
    Episode_Reward/term_low_height: 0.0000
      Episode_Reward/leg_action_l2: -0.0000
   Episode_Reward/tracking_lin_vel: 0.4914
Episode_Reward/tracking_lin_vel_x_exp: 0.6815
Episode_Reward/tracking_ang_vel_yaw_l1: 0.0000
Episode_Reward/tracking_ang_vel_yaw_exp: 0.7264
Episode_Reward/tracking_lin_vel_y_l2: 0.0000
Episode_Reward/tracking_lin_vel_z_l2: 0.0000
            Episode_Reward/survive: 0.0000
    Episode_Reward/foot_contacts_z: 0.0000
            Episode_Reward/torques: -0.1375
 Episode_Reward/tracking_lin_vel_y: 0.0000
          Episode_Reward/lin_vel_z: -0.0026
         Episode_Reward/ang_vel_xy: -0.0006
   Episode_Reward/tracking_ang_vel: 0.2477
               Episode_Reward/work: -0.0144
            Episode_Reward/dof_acc: -0.0002
        Episode_Reward/action_rate: -0.0000
     Episode_Reward/dof_pos_limits: 0.0000
      Episode_Reward/delta_torques: -0.0001
          Episode_Reward/collision: -6.1483
        Episode_Reward/walking_dof: 0.0121
            Episode_Reward/hip_pos: -0.0004
          Episode_Reward/feet_jerk: 0.0000
              Episode_Reward/alive: 0.2930
          Episode_Reward/feet_drag: -0.0039
Episode_Reward/feet_contact_forces: -0.1907
               Episode_Reward/roll: -0.0027
        Episode_Reward/base_height: -0.0183
Episode_Reward/tracking_lin_vel_max: 0.2502
Episode_Reward/flat_orientation_l2: -0.0120
  Episode_Reward/air_time_variance: -0.0000
        Episode_Reward/feet_height: 0.0000
      Episode_Reward/feet_air_time: -0.0000
Episode_Reward/update_last_buffers: 0.0000
   Episode_Reward/wheel_idle_speed: -0.0005
    Episode_Reward/wheel_action_l2: -0.0000
  Episode_Reward/wheel_action_rate: 0.0000
Episode_Reward/teacher_ensemble_match: 0.0000
  Episode_Reward/wheel_forward_use: 0.0520
 Episode_Reward/wheel_turn_support: 0.0000
   Metrics/locomotion/error_vel_xy: 0.2816
  Metrics/locomotion/error_vel_yaw: 0.2653
      Episode_Termination/time_out: 1.0000
   Episode_Termination/bad_contact: 0.0000
          Episode_Termination/tilt: 0.0000
    Episode_Termination/low_height: 0.0000
--------------------------------------------------------------------------------
                   Total timesteps: 19968
                    Iteration time: 3.58s
                      Time elapsed: 00:00:48
                               ETA: 00:06:45

################################################################################
                      [1m Learning iteration 13/120 [0m                       

                       Computation: 430 steps/s (collection: 3.500s, learning 0.071s)
             Mean action noise std: 0.06
          Mean value_function loss: 0.6497
               Mean surrogate loss: -0.0229
                 Mean entropy loss: -23.3487
                       Mean reward: -19.67
               Mean episode length: 161.99
   Episode_Reward/term_bad_contact: 0.0000
          Episode_Reward/term_tilt: 0.0000
    Episode_Reward/term_low_height: 0.0000
      Episode_Reward/leg_action_l2: -0.0000
   Episode_Reward/tracking_lin_vel: 0.5194
Episode_Reward/tracking_lin_vel_x_exp: 0.7346
Episode_Reward/tracking_ang_vel_yaw_l1: 0.0000
Episode_Reward/tracking_ang_vel_yaw_exp: 0.6734
Episode_Reward/tracking_lin_vel_y_l2: 0.0000
Episode_Reward/tracking_lin_vel_z_l2: 0.0000
            Episode_Reward/survive: 0.0000
    Episode_Reward/foot_contacts_z: 0.0000
            Episode_Reward/torques: -0.1291
 Episode_Reward/tracking_lin_vel_y: 0.0000
          Episode_Reward/lin_vel_z: -0.0026
         Episode_Reward/ang_vel_xy: -0.0004
   Episode_Reward/tracking_ang_vel: 0.2405
               Episode_Reward/work: -0.0126
            Episode_Reward/dof_acc: -0.0001
        Episode_Reward/action_rate: -0.0000
     Episode_Reward/dof_pos_limits: 0.0000
      Episode_Reward/delta_torques: -0.0001
          Episode_Reward/collision: -6.0458
        Episode_Reward/walking_dof: 0.0065
            Episode_Reward/hip_pos: -0.0003
          Episode_Reward/feet_jerk: 0.0000
              Episode_Reward/alive: 0.3000
          Episode_Reward/feet_drag: -0.0036
Episode_Reward/feet_contact_forces: -0.1960
               Episode_Reward/roll: -0.0028
        Episode_Reward/base_height: -0.0171
Episode_Reward/tracking_lin_vel_max: 0.3512
Episode_Reward/flat_orientation_l2: -0.0081
  Episode_Reward/air_time_variance: -0.0000
        Episode_Reward/feet_height: 0.0000
      Episode_Reward/feet_air_time: -0.0000
Episode_Reward/update_last_buffers: 0.0000
   Episode_Reward/wheel_idle_speed: -0.0006
    Episode_Reward/wheel_action_l2: -0.0000
  Episode_Reward/wheel_action_rate: 0.0000
Episode_Reward/teacher_ensemble_match: 0.0000
  Episode_Reward/wheel_forward_use: 0.0244
 Episode_Reward/wheel_turn_support: 0.0000
   Metrics/locomotion/error_vel_xy: 0.2621
  Metrics/locomotion/error_vel_yaw: 0.3164
      Episode_Termination/time_out: 1.0000
   Episode_Termination/bad_contact: 0.0000
          Episode_Termination/tilt: 0.0000
    Episode_Termination/low_height: 0.0000
--------------------------------------------------------------------------------
                   Total timesteps: 21504
                    Iteration time: 3.57s
                      Time elapsed: 00:00:52
                               ETA: 00:06:40

################################################################################
                      [1m Learning iteration 14/120 [0m                       

                       Computation: 430 steps/s (collection: 3.501s, learning 0.071s)
             Mean action noise std: 0.06
          Mean value_function loss: 0.6626
               Mean surrogate loss: -0.0284
                 Mean entropy loss: -23.3487
                       Mean reward: -20.97
               Mean episode length: 167.43
   Episode_Reward/term_bad_contact: 0.0000
          Episode_Reward/term_tilt: 0.0000
    Episode_Reward/term_low_height: 0.0000
      Episode_Reward/leg_action_l2: -0.0000
   Episode_Reward/tracking_lin_vel: 0.5073
Episode_Reward/tracking_lin_vel_x_exp: 0.7613
Episode_Reward/tracking_ang_vel_yaw_l1: 0.0000
Episode_Reward/tracking_ang_vel_yaw_exp: 0.5902
Episode_Reward/tracking_lin_vel_y_l2: 0.0000
Episode_Reward/tracking_lin_vel_z_l2: 0.0000
            Episode_Reward/survive: 0.0000
    Episode_Reward/foot_contacts_z: 0.0000
            Episode_Reward/torques: -0.1966
 Episode_Reward/tracking_lin_vel_y: 0.0000
          Episode_Reward/lin_vel_z: -0.0026
         Episode_Reward/ang_vel_xy: -0.0006
   Episode_Reward/tracking_ang_vel: 0.2415
               Episode_Reward/work: -0.0147
            Episode_Reward/dof_acc: -0.0001
        Episode_Reward/action_rate: -0.0000
     Episode_Reward/dof_pos_limits: 0.0000
      Episode_Reward/delta_torques: -0.0001
          Episode_Reward/collision: -6.6413
        Episode_Reward/walking_dof: 0.0172
            Episode_Reward/hip_pos: -0.0006
          Episode_Reward/feet_jerk: 0.0000
              Episode_Reward/alive: 0.3000
          Episode_Reward/feet_drag: -0.0037
Episode_Reward/feet_contact_forces: -0.1941
               Episode_Reward/roll: -0.0039
        Episode_Reward/base_height: -0.0216
Episode_Reward/tracking_lin_vel_max: 0.2172
Episode_Reward/flat_orientation_l2: -0.0272
  Episode_Reward/air_time_variance: -0.0000
        Episode_Reward/feet_height: 0.0000
      Episode_Reward/feet_air_time: -0.0000
Episode_Reward/update_last_buffers: 0.0000
   Episode_Reward/wheel_idle_speed: -0.0002
    Episode_Reward/wheel_action_l2: -0.0000
  Episode_Reward/wheel_action_rate: 0.0000
Episode_Reward/teacher_ensemble_match: 0.0000
  Episode_Reward/wheel_forward_use: 0.0698
 Episode_Reward/wheel_turn_support: 0.0000
   Metrics/locomotion/error_vel_xy: 0.2692
  Metrics/locomotion/error_vel_yaw: 0.3338
      Episode_Termination/time_out: 1.0000
   Episode_Termination/bad_contact: 0.0000
          Episode_Termination/tilt: 0.0000
    Episode_Termination/low_height: 0.0000
--------------------------------------------------------------------------------
                   Total timesteps: 23040
                    Iteration time: 3.57s
                      Time elapsed: 00:00:55
                               ETA: 00:06:35

################################################################################
                      [1m Learning iteration 15/120 [0m                       

                       Computation: 427 steps/s (collection: 3.523s, learning 0.071s)
             Mean action noise std: 0.06
          Mean value_function loss: 0.9255
               Mean surrogate loss: -0.0457
                 Mean entropy loss: -23.3487
                       Mean reward: -22.38
               Mean episode length: 177.13
   Episode_Reward/term_bad_contact: 0.0000
          Episode_Reward/term_tilt: 0.0000
    Episode_Reward/term_low_height: 0.0000
      Episode_Reward/leg_action_l2: -0.0000
   Episode_Reward/tracking_lin_vel: 0.4823
Episode_Reward/tracking_lin_vel_x_exp: 0.6431
Episode_Reward/tracking_ang_vel_yaw_l1: 0.0000
Episode_Reward/tracking_ang_vel_yaw_exp: 0.6092
Episode_Reward/tracking_lin_vel_y_l2: 0.0000
Episode_Reward/tracking_lin_vel_z_l2: 0.0000
            Episode_Reward/survive: 0.0000
    Episode_Reward/foot_contacts_z: 0.0000
            Episode_Reward/torques: -0.1295
 Episode_Reward/tracking_lin_vel_y: 0.0000
          Episode_Reward/lin_vel_z: -0.0025
         Episode_Reward/ang_vel_xy: -0.0005
   Episode_Reward/tracking_ang_vel: 0.2441
               Episode_Reward/work: -0.0127
            Episode_Reward/dof_acc: -0.0001
        Episode_Reward/action_rate: -0.0000
     Episode_Reward/dof_pos_limits: 0.0000
      Episode_Reward/delta_torques: -0.0001
          Episode_Reward/collision: -6.2608
        Episode_Reward/walking_dof: 0.0139
            Episode_Reward/hip_pos: -0.0003
          Episode_Reward/feet_jerk: 0.0000
              Episode_Reward/alive: 0.3000
          Episode_Reward/feet_drag: -0.0040
Episode_Reward/feet_contact_forces: -0.1951
               Episode_Reward/roll: -0.0029
        Episode_Reward/base_height: -0.0188
Episode_Reward/tracking_lin_vel_max: 0.2374
Episode_Reward/flat_orientation_l2: -0.0097
  Episode_Reward/air_time_variance: -0.0000
        Episode_Reward/feet_height: 0.0000
      Episode_Reward/feet_air_time: -0.0000
Episode_Reward/update_last_buffers: 0.0000
   Episode_Reward/wheel_idle_speed: -0.0005
    Episode_Reward/wheel_action_l2: -0.0000
  Episode_Reward/wheel_action_rate: 0.0000
Episode_Reward/teacher_ensemble_match: 0.0000
  Episode_Reward/wheel_forward_use: 0.0536
 Episode_Reward/wheel_turn_support: 0.0000
   Metrics/locomotion/error_vel_xy: 0.3227
  Metrics/locomotion/error_vel_yaw: 0.3237
      Episode_Termination/time_out: 1.0000
   Episode_Termination/bad_contact: 0.0000
          Episode_Termination/tilt: 0.0000
    Episode_Termination/low_height: 0.0000
--------------------------------------------------------------------------------
                   Total timesteps: 24576
                    Iteration time: 3.59s
                      Time elapsed: 00:00:59
                               ETA: 00:06:30

################################################################################
                      [1m Learning iteration 16/120 [0m                       

                       Computation: 426 steps/s (collection: 3.530s, learning 0.071s)
             Mean action noise std: 0.06
          Mean value_function loss: 0.6706
               Mean surrogate loss: -0.0324
                 Mean entropy loss: -23.3487
                       Mean reward: -23.26
               Mean episode length: 186.80
   Episode_Reward/term_bad_contact: 0.0000
          Episode_Reward/term_tilt: 0.0000
    Episode_Reward/term_low_height: 0.0000
      Episode_Reward/leg_action_l2: -0.0000
   Episode_Reward/tracking_lin_vel: 0.5217
Episode_Reward/tracking_lin_vel_x_exp: 0.8262
Episode_Reward/tracking_ang_vel_yaw_l1: 0.0000
Episode_Reward/tracking_ang_vel_yaw_exp: 0.6080
Episode_Reward/tracking_lin_vel_y_l2: 0.0000
Episode_Reward/tracking_lin_vel_z_l2: 0.0000
            Episode_Reward/survive: 0.0000
    Episode_Reward/foot_contacts_z: 0.0000
            Episode_Reward/torques: -0.1063
 Episode_Reward/tracking_lin_vel_y: 0.0000
          Episode_Reward/lin_vel_z: -0.0025
         Episode_Reward/ang_vel_xy: -0.0004
   Episode_Reward/tracking_ang_vel: 0.2361
               Episode_Reward/work: -0.0120
            Episode_Reward/dof_acc: -0.0001
        Episode_Reward/action_rate: -0.0000
     Episode_Reward/dof_pos_limits: 0.0000
      Episode_Reward/delta_torques: -0.0001
          Episode_Reward/collision: -6.0481
        Episode_Reward/walking_dof: 0.0072
            Episode_Reward/hip_pos: -0.0002
          Episode_Reward/feet_jerk: 0.0000
              Episode_Reward/alive: 0.3000
          Episode_Reward/feet_drag: -0.0032
Episode_Reward/feet_contact_forces: -0.1958
               Episode_Reward/roll: -0.0043
        Episode_Reward/base_height: -0.0192
Episode_Reward/tracking_lin_vel_max: 0.3321
Episode_Reward/flat_orientation_l2: -0.0042
  Episode_Reward/air_time_variance: -0.0000
        Episode_Reward/feet_height: 0.0000
      Episode_Reward/feet_air_time: -0.0000
Episode_Reward/update_last_buffers: 0.0000
   Episode_Reward/wheel_idle_speed: -0.0006
    Episode_Reward/wheel_action_l2: -0.0000
  Episode_Reward/wheel_action_rate: 0.0000
Episode_Reward/teacher_ensemble_match: 0.0000
  Episode_Reward/wheel_forward_use: 0.0295
 Episode_Reward/wheel_turn_support: 0.0000
   Metrics/locomotion/error_vel_xy: 0.2398
  Metrics/locomotion/error_vel_yaw: 0.3419
      Episode_Termination/time_out: 1.0000
   Episode_Termination/bad_contact: 0.0000
          Episode_Termination/tilt: 0.0000
    Episode_Termination/low_height: 0.0000
--------------------------------------------------------------------------------
                   Total timesteps: 26112
                    Iteration time: 3.60s
                      Time elapsed: 00:01:03
                               ETA: 00:06:26

################################################################################
                      [1m Learning iteration 17/120 [0m                       

                       Computation: 428 steps/s (collection: 3.510s, learning 0.071s)
             Mean action noise std: 0.06
          Mean value_function loss: 0.8536
               Mean surrogate loss: -0.0222
                 Mean entropy loss: -23.3487
                       Mean reward: -24.28
               Mean episode length: 193.95
   Episode_Reward/term_bad_contact: 0.0000
          Episode_Reward/term_tilt: 0.0000
    Episode_Reward/term_low_height: 0.0000
      Episode_Reward/leg_action_l2: -0.0000
   Episode_Reward/tracking_lin_vel: 0.5138
Episode_Reward/tracking_lin_vel_x_exp: 0.7620
Episode_Reward/tracking_ang_vel_yaw_l1: 0.0000
Episode_Reward/tracking_ang_vel_yaw_exp: 0.8030
Episode_Reward/tracking_lin_vel_y_l2: 0.0000
Episode_Reward/tracking_lin_vel_z_l2: 0.0000
            Episode_Reward/survive: 0.0000
    Episode_Reward/foot_contacts_z: 0.0000
            Episode_Reward/torques: -0.1683
 Episode_Reward/tracking_lin_vel_y: 0.0000
          Episode_Reward/lin_vel_z: -0.0025
         Episode_Reward/ang_vel_xy: -0.0006
   Episode_Reward/tracking_ang_vel: 0.2548
               Episode_Reward/work: -0.0140
            Episode_Reward/dof_acc: -0.0001
        Episode_Reward/action_rate: -0.0000
     Episode_Reward/dof_pos_limits: 0.0000
      Episode_Reward/delta_torques: -0.0001
          Episode_Reward/collision: -6.5925
        Episode_Reward/walking_dof: 0.0120
            Episode_Reward/hip_pos: -0.0005
          Episode_Reward/feet_jerk: 0.0000
              Episode_Reward/alive: 0.3000
          Episode_Reward/feet_drag: -0.0035
Episode_Reward/feet_contact_forces: -0.1944
               Episode_Reward/roll: -0.0029
        Episode_Reward/base_height: -0.0209
Episode_Reward/tracking_lin_vel_max: 0.2844
Episode_Reward/flat_orientation_l2: -0.0208
  Episode_Reward/air_time_variance: -0.0000
        Episode_Reward/feet_height: 0.0000
      Episode_Reward/feet_air_time: -0.0000
Episode_Reward/update_last_buffers: 0.0000
   Episode_Reward/wheel_idle_speed: -0.0004
    Episode_Reward/wheel_action_l2: -0.0000
  Episode_Reward/wheel_action_rate: 0.0000
Episode_Reward/teacher_ensemble_match: 0.0000
  Episode_Reward/wheel_forward_use: 0.0468
 Episode_Reward/wheel_turn_support: 0.0000
   Metrics/locomotion/error_vel_xy: 0.2622
  Metrics/locomotion/error_vel_yaw: 0.2568
      Episode_Termination/time_out: 1.0000
   Episode_Termination/bad_contact: 0.0000
          Episode_Termination/tilt: 0.0000
    Episode_Termination/low_height: 0.0000
--------------------------------------------------------------------------------
                   Total timesteps: 27648
                    Iteration time: 3.58s
                      Time elapsed: 00:01:06
                               ETA: 00:06:21

################################################################################
                      [1m Learning iteration 18/120 [0m                       

                       Computation: 434 steps/s (collection: 3.467s, learning 0.071s)
             Mean action noise std: 0.06
          Mean value_function loss: 0.6906
               Mean surrogate loss: -0.0357
                 Mean entropy loss: -23.3487
                       Mean reward: -24.81
               Mean episode length: 198.23
   Episode_Reward/term_bad_contact: 0.0000
          Episode_Reward/term_tilt: 0.0000
    Episode_Reward/term_low_height: 0.0000
      Episode_Reward/leg_action_l2: -0.0000
   Episode_Reward/tracking_lin_vel: 0.4779
Episode_Reward/tracking_lin_vel_x_exp: 0.6023
Episode_Reward/tracking_ang_vel_yaw_l1: 0.0000
Episode_Reward/tracking_ang_vel_yaw_exp: 0.9320
Episode_Reward/tracking_lin_vel_y_l2: 0.0000
Episode_Reward/tracking_lin_vel_z_l2: 0.0000
            Episode_Reward/survive: 0.0000
    Episode_Reward/foot_contacts_z: 0.0000
            Episode_Reward/torques: -0.1255
 Episode_Reward/tracking_lin_vel_y: 0.0000
          Episode_Reward/lin_vel_z: -0.0025
         Episode_Reward/ang_vel_xy: -0.0006
   Episode_Reward/tracking_ang_vel: 0.2779
               Episode_Reward/work: -0.0139
            Episode_Reward/dof_acc: -0.0001
        Episode_Reward/action_rate: -0.0000
     Episode_Reward/dof_pos_limits: 0.0000
      Episode_Reward/delta_torques: -0.0001
          Episode_Reward/collision: -6.2200
        Episode_Reward/walking_dof: 0.0165
            Episode_Reward/hip_pos: -0.0003
          Episode_Reward/feet_jerk: 0.0000
              Episode_Reward/alive: 0.3000
          Episode_Reward/feet_drag: -0.0043
Episode_Reward/feet_contact_forces: -0.1951
               Episode_Reward/roll: -0.0037
        Episode_Reward/base_height: -0.0191
Episode_Reward/tracking_lin_vel_max: 0.2065
Episode_Reward/flat_orientation_l2: -0.0088
  Episode_Reward/air_time_variance: -0.0000
        Episode_Reward/feet_height: 0.0000
      Episode_Reward/feet_air_time: -0.0000
Episode_Reward/update_last_buffers: 0.0000
   Episode_Reward/wheel_idle_speed: -0.0005
    Episode_Reward/wheel_action_l2: -0.0000
  Episode_Reward/wheel_action_rate: 0.0000
Episode_Reward/teacher_ensemble_match: 0.0000
  Episode_Reward/wheel_forward_use: 0.0759
 Episode_Reward/wheel_turn_support: 0.0000
   Metrics/locomotion/error_vel_xy: 0.3372
  Metrics/locomotion/error_vel_yaw: 0.1774
      Episode_Termination/time_out: 1.0000
   Episode_Termination/bad_contact: 0.0000
          Episode_Termination/tilt: 0.0000
    Episode_Termination/low_height: 0.0000
--------------------------------------------------------------------------------
                   Total timesteps: 29184
                    Iteration time: 3.54s
                      Time elapsed: 00:01:10
                               ETA: 00:06:17

################################################################################
                      [1m Learning iteration 19/120 [0m                       

                       Computation: 431 steps/s (collection: 3.485s, learning 0.071s)
             Mean action noise std: 0.06
          Mean value_function loss: 0.8238
               Mean surrogate loss: -0.0226
                 Mean entropy loss: -23.3487
                       Mean reward: -26.38
               Mean episode length: 211.01
   Episode_Reward/term_bad_contact: 0.0000
          Episode_Reward/term_tilt: 0.0000
    Episode_Reward/term_low_height: 0.0000
      Episode_Reward/leg_action_l2: -0.0000
   Episode_Reward/tracking_lin_vel: 0.5101
Episode_Reward/tracking_lin_vel_x_exp: 0.6881
Episode_Reward/tracking_ang_vel_yaw_l1: 0.0000
Episode_Reward/tracking_ang_vel_yaw_exp: 0.5551
Episode_Reward/tracking_lin_vel_y_l2: 0.0000
Episode_Reward/tracking_lin_vel_z_l2: 0.0000
            Episode_Reward/survive: 0.0000
    Episode_Reward/foot_contacts_z: 0.0000
            Episode_Reward/torques: -0.0984
 Episode_Reward/tracking_lin_vel_y: 0.0000
          Episode_Reward/lin_vel_z: -0.0024
         Episode_Reward/ang_vel_xy: -0.0004
   Episode_Reward/tracking_ang_vel: 0.2261
               Episode_Reward/work: -0.0122
            Episode_Reward/dof_acc: -0.0001
        Episode_Reward/action_rate: -0.0000
     Episode_Reward/dof_pos_limits: 0.0000
      Episode_Reward/delta_torques: -0.0001
          Episode_Reward/collision: -6.0071
        Episode_Reward/walking_dof: 0.0100
            Episode_Reward/hip_pos: -0.0002
          Episode_Reward/feet_jerk: 0.0000
              Episode_Reward/alive: 0.3000
          Episode_Reward/feet_drag: -0.0036
Episode_Reward/feet_contact_forces: -0.1960
               Episode_Reward/roll: -0.0031
        Episode_Reward/base_height: -0.0197
Episode_Reward/tracking_lin_vel_max: 0.2913
Episode_Reward/flat_orientation_l2: -0.0026
  Episode_Reward/air_time_variance: -0.0000
        Episode_Reward/feet_height: 0.0000
      Episode_Reward/feet_air_time: -0.0000
Episode_Reward/update_last_buffers: 0.0000
   Episode_Reward/wheel_idle_speed: -0.0007
    Episode_Reward/wheel_action_l2: -0.0000
  Episode_Reward/wheel_action_rate: 0.0000
Episode_Reward/teacher_ensemble_match: 0.0000
  Episode_Reward/wheel_forward_use: 0.0337
 Episode_Reward/wheel_turn_support: 0.0000
   Metrics/locomotion/error_vel_xy: 0.2837
  Metrics/locomotion/error_vel_yaw: 0.3757
      Episode_Termination/time_out: 1.0000
   Episode_Termination/bad_contact: 0.0000
          Episode_Termination/tilt: 0.0000
    Episode_Termination/low_height: 0.0000
--------------------------------------------------------------------------------
                   Total timesteps: 30720
                    Iteration time: 3.56s
                      Time elapsed: 00:01:13
                               ETA: 00:06:12

################################################################################
                      [1m Learning iteration 20/120 [0m                       

                       Computation: 430 steps/s (collection: 3.499s, learning 0.071s)
             Mean action noise std: 0.06
          Mean value_function loss: 0.4630
               Mean surrogate loss: -0.0200
                 Mean entropy loss: -23.3487
                       Mean reward: -27.85
               Mean episode length: 221.86
   Episode_Reward/term_bad_contact: 0.0000
          Episode_Reward/term_tilt: 0.0000
    Episode_Reward/term_low_height: 0.0000
      Episode_Reward/leg_action_l2: -0.0000
   Episode_Reward/tracking_lin_vel: 0.4977
Episode_Reward/tracking_lin_vel_x_exp: 0.6341
Episode_Reward/tracking_ang_vel_yaw_l1: 0.0000
Episode_Reward/tracking_ang_vel_yaw_exp: 0.4507
Episode_Reward/tracking_lin_vel_y_l2: 0.0000
Episode_Reward/tracking_lin_vel_z_l2: 0.0000
            Episode_Reward/survive: 0.0000
    Episode_Reward/foot_contacts_z: 0.0000
            Episode_Reward/torques: -0.1135
 Episode_Reward/tracking_lin_vel_y: 0.0000
          Episode_Reward/lin_vel_z: -0.0024
         Episode_Reward/ang_vel_xy: -0.0004
   Episode_Reward/tracking_ang_vel: 0.2139
               Episode_Reward/work: -0.0122
            Episode_Reward/dof_acc: -0.0001
        Episode_Reward/action_rate: -0.0000
     Episode_Reward/dof_pos_limits: 0.0000
      Episode_Reward/delta_torques: -0.0001
          Episode_Reward/collision: -6.1267
        Episode_Reward/walking_dof: 0.0142
            Episode_Reward/hip_pos: -0.0002
          Episode_Reward/feet_jerk: 0.0000
              Episode_Reward/alive: 0.3000
          Episode_Reward/feet_drag: -0.0033
Episode_Reward/feet_contact_forces: -0.1959
               Episode_Reward/roll: -0.0037
        Episode_Reward/base_height: -0.0194
Episode_Reward/tracking_lin_vel_max: 0.2235
Episode_Reward/flat_orientation_l2: -0.0054
  Episode_Reward/air_time_variance: -0.0000
        Episode_Reward/feet_height: 0.0000
      Episode_Reward/feet_air_time: -0.0001
Episode_Reward/update_last_buffers: 0.0000
   Episode_Reward/wheel_idle_speed: -0.0005
    Episode_Reward/wheel_action_l2: -0.0000
  Episode_Reward/wheel_action_rate: 0.0000
Episode_Reward/teacher_ensemble_match: 0.0000
  Episode_Reward/wheel_forward_use: 0.0507
 Episode_Reward/wheel_turn_support: 0.0000
   Metrics/locomotion/error_vel_xy: 0.3096
  Metrics/locomotion/error_vel_yaw: 0.4256
      Episode_Termination/time_out: 1.0000
   Episode_Termination/bad_contact: 0.0000
          Episode_Termination/tilt: 0.0000
    Episode_Termination/low_height: 0.0000
--------------------------------------------------------------------------------
                   Total timesteps: 32256
                    Iteration time: 3.57s
                      Time elapsed: 00:01:17
                               ETA: 00:06:08

################################################################################
                      [1m Learning iteration 21/120 [0m                       

                       Computation: 427 steps/s (collection: 3.525s, learning 0.071s)
             Mean action noise std: 0.06
          Mean value_function loss: 1.1760
               Mean surrogate loss: -0.0255
                 Mean entropy loss: -23.3487
                       Mean reward: -30.12
               Mean episode length: 239.07
   Episode_Reward/term_bad_contact: 0.0000
          Episode_Reward/term_tilt: 0.0000
    Episode_Reward/term_low_height: 0.0000
      Episode_Reward/leg_action_l2: -0.0000
   Episode_Reward/tracking_lin_vel: 0.5222
Episode_Reward/tracking_lin_vel_x_exp: 0.8371
Episode_Reward/tracking_ang_vel_yaw_l1: 0.0000
Episode_Reward/tracking_ang_vel_yaw_exp: 0.8464
Episode_Reward/tracking_lin_vel_y_l2: 0.0000
Episode_Reward/tracking_lin_vel_z_l2: 0.0000
            Episode_Reward/survive: 0.0000
    Episode_Reward/foot_contacts_z: 0.0000
            Episode_Reward/torques: -0.1158
 Episode_Reward/tracking_lin_vel_y: 0.0000
          Episode_Reward/lin_vel_z: -0.0024
         Episode_Reward/ang_vel_xy: -0.0005
   Episode_Reward/tracking_ang_vel: 0.2667
               Episode_Reward/work: -0.0129
            Episode_Reward/dof_acc: -0.0001
        Episode_Reward/action_rate: -0.0000
     Episode_Reward/dof_pos_limits: 0.0000
      Episode_Reward/delta_torques: -0.0001
          Episode_Reward/collision: -6.2792
        Episode_Reward/walking_dof: 0.0104
            Episode_Reward/hip_pos: -0.0003
          Episode_Reward/feet_jerk: 0.0000
              Episode_Reward/alive: 0.3000
          Episode_Reward/feet_drag: -0.0034
Episode_Reward/feet_contact_forces: -0.1951
               Episode_Reward/roll: -0.0028
        Episode_Reward/base_height: -0.0215
Episode_Reward/tracking_lin_vel_max: 0.2871
Episode_Reward/flat_orientation_l2: -0.0082
  Episode_Reward/air_time_variance: -0.0000
        Episode_Reward/feet_height: 0.0000
      Episode_Reward/feet_air_time: -0.0000
Episode_Reward/update_last_buffers: 0.0000
   Episode_Reward/wheel_idle_speed: -0.0005
    Episode_Reward/wheel_action_l2: -0.0000
  Episode_Reward/wheel_action_rate: 0.0000
Episode_Reward/teacher_ensemble_match: 0.0000
  Episode_Reward/wheel_forward_use: 0.0465
 Episode_Reward/wheel_turn_support: 0.0000
   Metrics/locomotion/error_vel_xy: 0.2364
  Metrics/locomotion/error_vel_yaw: 0.2205
      Episode_Termination/time_out: 1.0000
   Episode_Termination/bad_contact: 0.0000
          Episode_Termination/tilt: 0.0000
    Episode_Termination/low_height: 0.0000
--------------------------------------------------------------------------------
                   Total timesteps: 33792
                    Iteration time: 3.60s
                      Time elapsed: 00:01:20
                               ETA: 00:06:04

################################################################################
                      [1m Learning iteration 22/120 [0m                       

                       Computation: 427 steps/s (collection: 3.521s, learning 0.071s)
             Mean action noise std: 0.06
          Mean value_function loss: 0.9543
               Mean surrogate loss: -0.0303
                 Mean entropy loss: -23.3487
                       Mean reward: -32.20
               Mean episode length: 256.05
   Episode_Reward/term_bad_contact: 0.0000
          Episode_Reward/term_tilt: 0.0000
    Episode_Reward/term_low_height: 0.0000
      Episode_Reward/leg_action_l2: -0.0000
   Episode_Reward/tracking_lin_vel: 0.4978
Episode_Reward/tracking_lin_vel_x_exp: 0.7029
Episode_Reward/tracking_ang_vel_yaw_l1: 0.0000
Episode_Reward/tracking_ang_vel_yaw_exp: 0.7936
Episode_Reward/tracking_lin_vel_y_l2: 0.0000
Episode_Reward/tracking_lin_vel_z_l2: 0.0000
            Episode_Reward/survive: 0.0000
    Episode_Reward/foot_contacts_z: 0.0000
            Episode_Reward/torques: -0.1452
 Episode_Reward/tracking_lin_vel_y: 0.0000
          Episode_Reward/lin_vel_z: -0.0024
         Episode_Reward/ang_vel_xy: -0.0005
   Episode_Reward/tracking_ang_vel: 0.2654
               Episode_Reward/work: -0.0136
            Episode_Reward/dof_acc: -0.0002
        Episode_Reward/action_rate: -0.0000
     Episode_Reward/dof_pos_limits: 0.0000
      Episode_Reward/delta_torques: -0.0001
          Episode_Reward/collision: -6.4429
        Episode_Reward/walking_dof: 0.0173
            Episode_Reward/hip_pos: -0.0004
          Episode_Reward/feet_jerk: 0.0000
              Episode_Reward/alive: 0.3000
          Episode_Reward/feet_drag: -0.0039
Episode_Reward/feet_contact_forces: -0.1945
               Episode_Reward/roll: -0.0022
        Episode_Reward/base_height: -0.0194
Episode_Reward/tracking_lin_vel_max: 0.1862
Episode_Reward/flat_orientation_l2: -0.0138
  Episode_Reward/air_time_variance: -0.0000
        Episode_Reward/feet_height: 0.0000
      Episode_Reward/feet_air_time: -0.0001
Episode_Reward/update_last_buffers: 0.0000
   Episode_Reward/wheel_idle_speed: -0.0003
    Episode_Reward/wheel_action_l2: -0.0000
  Episode_Reward/wheel_action_rate: 0.0000
Episode_Reward/teacher_ensemble_match: 0.0000
  Episode_Reward/wheel_forward_use: 0.0790
 Episode_Reward/wheel_turn_support: 0.0000
   Metrics/locomotion/error_vel_xy: 0.2936
  Metrics/locomotion/error_vel_yaw: 0.2359
      Episode_Termination/time_out: 1.0000
   Episode_Termination/bad_contact: 0.0000
          Episode_Termination/tilt: 0.0000
    Episode_Termination/low_height: 0.0000
--------------------------------------------------------------------------------
                   Total timesteps: 35328
                    Iteration time: 3.59s
                      Time elapsed: 00:01:24
                               ETA: 00:06:00

################################################################################
                      [1m Learning iteration 23/120 [0m                       

                       Computation: 433 steps/s (collection: 3.475s, learning 0.071s)
             Mean action noise std: 0.06
          Mean value_function loss: 0.7710
               Mean surrogate loss: -0.0335
                 Mean entropy loss: -23.3487
                       Mean reward: -33.18
               Mean episode length: 261.90
   Episode_Reward/term_bad_contact: 0.0000
          Episode_Reward/term_tilt: 0.0000
    Episode_Reward/term_low_height: 0.0000
      Episode_Reward/leg_action_l2: -0.0001
   Episode_Reward/tracking_lin_vel: 0.4675
Episode_Reward/tracking_lin_vel_x_exp: 0.5688
Episode_Reward/tracking_ang_vel_yaw_l1: 0.0000
Episode_Reward/tracking_ang_vel_yaw_exp: 0.6799
Episode_Reward/tracking_lin_vel_y_l2: 0.0000
Episode_Reward/tracking_lin_vel_z_l2: 0.0000
            Episode_Reward/survive: 0.0000
    Episode_Reward/foot_contacts_z: 0.0000
            Episode_Reward/torques: -0.1799
 Episode_Reward/tracking_lin_vel_y: 0.0000
          Episode_Reward/lin_vel_z: -0.0024
         Episode_Reward/ang_vel_xy: -0.0006
   Episode_Reward/tracking_ang_vel: 0.2542
               Episode_Reward/work: -0.0149
            Episode_Reward/dof_acc: -0.0001
        Episode_Reward/action_rate: -0.0000
     Episode_Reward/dof_pos_limits: 0.0000
      Episode_Reward/delta_torques: -0.0001
          Episode_Reward/collision: -6.9054
        Episode_Reward/walking_dof: 0.0234
            Episode_Reward/hip_pos: -0.0007
          Episode_Reward/feet_jerk: 0.0000
              Episode_Reward/alive: 0.3000
          Episode_Reward/feet_drag: -0.0042
Episode_Reward/feet_contact_forces: -0.1928
               Episode_Reward/roll: -0.0036
        Episode_Reward/base_height: -0.0194
Episode_Reward/tracking_lin_vel_max: 0.1045
Episode_Reward/flat_orientation_l2: -0.0243
  Episode_Reward/air_time_variance: -0.0001
        Episode_Reward/feet_height: 0.0000
      Episode_Reward/feet_air_time: -0.0001
Episode_Reward/update_last_buffers: 0.0000
   Episode_Reward/wheel_idle_speed: -0.0001
    Episode_Reward/wheel_action_l2: -0.0000
  Episode_Reward/wheel_action_rate: 0.0000
Episode_Reward/teacher_ensemble_match: 0.0000
  Episode_Reward/wheel_forward_use: 0.1046
 Episode_Reward/wheel_turn_support: 0.0000
   Metrics/locomotion/error_vel_xy: 0.3560
  Metrics/locomotion/error_vel_yaw: 0.2863
      Episode_Termination/time_out: 1.0000
   Episode_Termination/bad_contact: 0.0000
          Episode_Termination/tilt: 0.0000
    Episode_Termination/low_height: 0.0000
--------------------------------------------------------------------------------
                   Total timesteps: 36864
                    Iteration time: 3.55s
                      Time elapsed: 00:01:28
                               ETA: 00:05:56

################################################################################
                      [1m Learning iteration 24/120 [0m                       

                       Computation: 438 steps/s (collection: 3.433s, learning 0.070s)
             Mean action noise std: 0.06
          Mean value_function loss: 0.4625
               Mean surrogate loss: -0.0373
                 Mean entropy loss: -23.3487
                       Mean reward: -33.64
               Mean episode length: 265.59
   Episode_Reward/term_bad_contact: 0.0000
          Episode_Reward/term_tilt: 0.0000
    Episode_Reward/term_low_height: 0.0000
      Episode_Reward/leg_action_l2: -0.0000
   Episode_Reward/tracking_lin_vel: 0.4751
Episode_Reward/tracking_lin_vel_x_exp: 0.6157
Episode_Reward/tracking_ang_vel_yaw_l1: 0.0000
Episode_Reward/tracking_ang_vel_yaw_exp: 0.8481
Episode_Reward/tracking_lin_vel_y_l2: 0.0000
Episode_Reward/tracking_lin_vel_z_l2: 0.0000
            Episode_Reward/survive: 0.0000
    Episode_Reward/foot_contacts_z: 0.0000
            Episode_Reward/torques: -0.1161
 Episode_Reward/tracking_lin_vel_y: 0.0000
          Episode_Reward/lin_vel_z: -0.0024
         Episode_Reward/ang_vel_xy: -0.0006
   Episode_Reward/tracking_ang_vel: 0.2661
               Episode_Reward/work: -0.0129
            Episode_Reward/dof_acc: -0.0002
        Episode_Reward/action_rate: -0.0001
     Episode_Reward/dof_pos_limits: 0.0000
      Episode_Reward/delta_torques: -0.0001
          Episode_Reward/collision: -6.1363
        Episode_Reward/walking_dof: 0.0146
            Episode_Reward/hip_pos: -0.0003
          Episode_Reward/feet_jerk: 0.0000
              Episode_Reward/alive: 0.3000
          Episode_Reward/feet_drag: -0.0045
Episode_Reward/feet_contact_forces: -0.1953
               Episode_Reward/roll: -0.0019
        Episode_Reward/base_height: -0.0178
Episode_Reward/tracking_lin_vel_max: 0.2232
Episode_Reward/flat_orientation_l2: -0.0058
  Episode_Reward/air_time_variance: -0.0000
        Episode_Reward/feet_height: 0.0000
      Episode_Reward/feet_air_time: -0.0001
Episode_Reward/update_last_buffers: 0.0000
   Episode_Reward/wheel_idle_speed: -0.0005
    Episode_Reward/wheel_action_l2: -0.0000
  Episode_Reward/wheel_action_rate: 0.0000
Episode_Reward/teacher_ensemble_match: 0.0000
  Episode_Reward/wheel_forward_use: 0.0647
 Episode_Reward/wheel_turn_support: 0.0000
   Metrics/locomotion/error_vel_xy: 0.3378
  Metrics/locomotion/error_vel_yaw: 0.2218
      Episode_Termination/time_out: 1.0000
   Episode_Termination/bad_contact: 0.0000
          Episode_Termination/tilt: 0.0000
    Episode_Termination/low_height: 0.0000
--------------------------------------------------------------------------------
                   Total timesteps: 38400
                    Iteration time: 3.50s
                      Time elapsed: 00:01:31
                               ETA: 00:05:51

################################################################################
                      [1m Learning iteration 25/120 [0m                       

                       Computation: 433 steps/s (collection: 3.472s, learning 0.071s)
             Mean action noise std: 0.06
          Mean value_function loss: 0.7297
               Mean surrogate loss: -0.0280
                 Mean entropy loss: -23.3487
                       Mean reward: -34.26
               Mean episode length: 272.52
   Episode_Reward/term_bad_contact: 0.0000
          Episode_Reward/term_tilt: 0.0000
    Episode_Reward/term_low_height: 0.0000
      Episode_Reward/leg_action_l2: -0.0000
   Episode_Reward/tracking_lin_vel: 0.5383
Episode_Reward/tracking_lin_vel_x_exp: 0.9424
Episode_Reward/tracking_ang_vel_yaw_l1: 0.0000
Episode_Reward/tracking_ang_vel_yaw_exp: 0.8417
Episode_Reward/tracking_lin_vel_y_l2: 0.0000
Episode_Reward/tracking_lin_vel_z_l2: 0.0000
            Episode_Reward/survive: 0.0000
    Episode_Reward/foot_contacts_z: 0.0000
            Episode_Reward/torques: -0.0889
 Episode_Reward/tracking_lin_vel_y: 0.0000
          Episode_Reward/lin_vel_z: -0.0023
         Episode_Reward/ang_vel_xy: -0.0005
   Episode_Reward/tracking_ang_vel: 0.2646
               Episode_Reward/work: -0.0120
            Episode_Reward/dof_acc: -0.0001
        Episode_Reward/action_rate: -0.0001
     Episode_Reward/dof_pos_limits: 0.0000
      Episode_Reward/delta_torques: -0.0001
          Episode_Reward/collision: -5.9844
        Episode_Reward/walking_dof: 0.0051
            Episode_Reward/hip_pos: -0.0001
          Episode_Reward/feet_jerk: 0.0000
              Episode_Reward/alive: 0.3000
          Episode_Reward/feet_drag: -0.0032
Episode_Reward/feet_contact_forces: -0.1958
               Episode_Reward/roll: -0.0032
        Episode_Reward/base_height: -0.0221
Episode_Reward/tracking_lin_vel_max: 0.3624
Episode_Reward/flat_orientation_l2: -0.0012
  Episode_Reward/air_time_variance: -0.0000
        Episode_Reward/feet_height: 0.0000
      Episode_Reward/feet_air_time: -0.0000
Episode_Reward/update_last_buffers: 0.0000
   Episode_Reward/wheel_idle_speed: -0.0005
    Episode_Reward/wheel_action_l2: -0.0000
  Episode_Reward/wheel_action_rate: 0.0000
Episode_Reward/teacher_ensemble_match: 0.0000
  Episode_Reward/wheel_forward_use: 0.0219
 Episode_Reward/wheel_turn_support: 0.0000
   Metrics/locomotion/error_vel_xy: 0.1966
  Metrics/locomotion/error_vel_yaw: 0.2267
      Episode_Termination/time_out: 1.0000
   Episode_Termination/bad_contact: 0.0000
          Episode_Termination/tilt: 0.0000
    Episode_Termination/low_height: 0.0000
--------------------------------------------------------------------------------
                   Total timesteps: 39936
                    Iteration time: 3.54s
                      Time elapsed: 00:01:35
                               ETA: 00:05:47

################################################################################
                      [1m Learning iteration 26/120 [0m                       

                       Computation: 429 steps/s (collection: 3.501s, learning 0.071s)
             Mean action noise std: 0.06
          Mean value_function loss: 0.8710
               Mean surrogate loss: -0.0262
                 Mean entropy loss: -23.3487
                       Mean reward: -35.35
               Mean episode length: 281.46
   Episode_Reward/term_bad_contact: 0.0000
          Episode_Reward/term_tilt: 0.0000
    Episode_Reward/term_low_height: 0.0000
      Episode_Reward/leg_action_l2: -0.0000
   Episode_Reward/tracking_lin_vel: 0.4880
Episode_Reward/tracking_lin_vel_x_exp: 0.6853
Episode_Reward/tracking_ang_vel_yaw_l1: 0.0000
Episode_Reward/tracking_ang_vel_yaw_exp: 0.6991
Episode_Reward/tracking_lin_vel_y_l2: 0.0000
Episode_Reward/tracking_lin_vel_z_l2: 0.0000
            Episode_Reward/survive: 0.0000
    Episode_Reward/foot_contacts_z: 0.0000
            Episode_Reward/torques: -0.1259
 Episode_Reward/tracking_lin_vel_y: 0.0000
          Episode_Reward/lin_vel_z: -0.0023
         Episode_Reward/ang_vel_xy: -0.0006
   Episode_Reward/tracking_ang_vel: 0.2408
               Episode_Reward/work: -0.0136
            Episode_Reward/dof_acc: -0.0002
        Episode_Reward/action_rate: -0.0001
     Episode_Reward/dof_pos_limits: 0.0000
      Episode_Reward/delta_torques: -0.0001
          Episode_Reward/collision: -6.1421
        Episode_Reward/walking_dof: 0.0144
            Episode_Reward/hip_pos: -0.0003
          Episode_Reward/feet_jerk: 0.0000
              Episode_Reward/alive: 0.3000
          Episode_Reward/feet_drag: -0.0037
Episode_Reward/feet_contact_forces: -0.1954
               Episode_Reward/roll: -0.0035
        Episode_Reward/base_height: -0.0200
Episode_Reward/tracking_lin_vel_max: 0.2265
Episode_Reward/flat_orientation_l2: -0.0085
  Episode_Reward/air_time_variance: -0.0001
        Episode_Reward/feet_height: 0.0000
      Episode_Reward/feet_air_time: -0.0000
Episode_Reward/update_last_buffers: 0.0000
   Episode_Reward/wheel_idle_speed: -0.0003
    Episode_Reward/wheel_action_l2: -0.0000
  Episode_Reward/wheel_action_rate: 0.0000
Episode_Reward/teacher_ensemble_match: 0.0000
  Episode_Reward/wheel_forward_use: 0.0605
 Episode_Reward/wheel_turn_support: 0.0000
   Metrics/locomotion/error_vel_xy: 0.3084
  Metrics/locomotion/error_vel_yaw: 0.3108
      Episode_Termination/time_out: 1.0000
   Episode_Termination/bad_contact: 0.0000
          Episode_Termination/tilt: 0.0000
    Episode_Termination/low_height: 0.0000
--------------------------------------------------------------------------------
                   Total timesteps: 41472
                    Iteration time: 3.57s
                      Time elapsed: 00:01:38
                               ETA: 00:05:43

################################################################################
                      [1m Learning iteration 27/120 [0m                       

                       Computation: 431 steps/s (collection: 3.489s, learning 0.070s)
             Mean action noise std: 0.06
          Mean value_function loss: 0.7110
               Mean surrogate loss: -0.0182
                 Mean entropy loss: -23.3487
                       Mean reward: -36.06
               Mean episode length: 288.08
   Episode_Reward/term_bad_contact: 0.0000
          Episode_Reward/term_tilt: 0.0000
    Episode_Reward/term_low_height: 0.0000
      Episode_Reward/leg_action_l2: -0.0000
   Episode_Reward/tracking_lin_vel: 0.5636
Episode_Reward/tracking_lin_vel_x_exp: 1.0306
Episode_Reward/tracking_ang_vel_yaw_l1: 0.0000
Episode_Reward/tracking_ang_vel_yaw_exp: 0.6403
Episode_Reward/tracking_lin_vel_y_l2: 0.0000
Episode_Reward/tracking_lin_vel_z_l2: 0.0000
            Episode_Reward/survive: 0.0000
    Episode_Reward/foot_contacts_z: 0.0000
            Episode_Reward/torques: -0.0889
 Episode_Reward/tracking_lin_vel_y: 0.0000
          Episode_Reward/lin_vel_z: -0.0024
         Episode_Reward/ang_vel_xy: -0.0006
   Episode_Reward/tracking_ang_vel: 0.2443
               Episode_Reward/work: -0.0126
            Episode_Reward/dof_acc: -0.0001
        Episode_Reward/action_rate: -0.0001
     Episode_Reward/dof_pos_limits: 0.0000
      Episode_Reward/delta_torques: -0.0001
          Episode_Reward/collision: -5.9963
        Episode_Reward/walking_dof: 0.0020
            Episode_Reward/hip_pos: -0.0001
          Episode_Reward/feet_jerk: 0.0000
              Episode_Reward/alive: 0.3000
          Episode_Reward/feet_drag: -0.0030
Episode_Reward/feet_contact_forces: -0.1958
               Episode_Reward/roll: -0.0031
        Episode_Reward/base_height: -0.0223
Episode_Reward/tracking_lin_vel_max: 0.4144
Episode_Reward/flat_orientation_l2: -0.0019
  Episode_Reward/air_time_variance: -0.0000
        Episode_Reward/feet_height: 0.0000
      Episode_Reward/feet_air_time: -0.0000
Episode_Reward/update_last_buffers: 0.0000
   Episode_Reward/wheel_idle_speed: -0.0007
    Episode_Reward/wheel_action_l2: -0.0000
  Episode_Reward/wheel_action_rate: 0.0000
Episode_Reward/teacher_ensemble_match: 0.0000
  Episode_Reward/wheel_forward_use: 0.0083
 Episode_Reward/wheel_turn_support: 0.0000
   Metrics/locomotion/error_vel_xy: 0.1491
  Metrics/locomotion/error_vel_yaw: 0.3164
      Episode_Termination/time_out: 1.0000
   Episode_Termination/bad_contact: 0.0000
          Episode_Termination/tilt: 0.0000
    Episode_Termination/low_height: 0.0000
--------------------------------------------------------------------------------
                   Total timesteps: 43008
                    Iteration time: 3.56s
                      Time elapsed: 00:01:42
                               ETA: 00:05:39

################################################################################
                      [1m Learning iteration 28/120 [0m                       

                       Computation: 436 steps/s (collection: 3.450s, learning 0.071s)
             Mean action noise std: 0.06
          Mean value_function loss: 0.5745
               Mean surrogate loss: -0.0249
                 Mean entropy loss: -23.3487
                       Mean reward: -36.57
               Mean episode length: 290.83
   Episode_Reward/term_bad_contact: 0.0000
          Episode_Reward/term_tilt: 0.0000
    Episode_Reward/term_low_height: 0.0000
      Episode_Reward/leg_action_l2: -0.0001
   Episode_Reward/tracking_lin_vel: 0.5066
Episode_Reward/tracking_lin_vel_x_exp: 0.6921
Episode_Reward/tracking_ang_vel_yaw_l1: 0.0000
Episode_Reward/tracking_ang_vel_yaw_exp: 0.7736
Episode_Reward/tracking_lin_vel_y_l2: 0.0000
Episode_Reward/tracking_lin_vel_z_l2: 0.0000
            Episode_Reward/survive: 0.0000
    Episode_Reward/foot_contacts_z: 0.0000
            Episode_Reward/torques: -0.1569
 Episode_Reward/tracking_lin_vel_y: 0.0000
          Episode_Reward/lin_vel_z: -0.0023
         Episode_Reward/ang_vel_xy: -0.0005
   Episode_Reward/tracking_ang_vel: 0.2633
               Episode_Reward/work: -0.0133
            Episode_Reward/dof_acc: -0.0001
        Episode_Reward/action_rate: -0.0001
     Episode_Reward/dof_pos_limits: 0.0000
      Episode_Reward/delta_torques: -0.0001
          Episode_Reward/collision: -6.6419
        Episode_Reward/walking_dof: 0.0143
            Episode_Reward/hip_pos: -0.0004
          Episode_Reward/feet_jerk: 0.0000
              Episode_Reward/alive: 0.3000
          Episode_Reward/feet_drag: -0.0036
Episode_Reward/feet_contact_forces: -0.1936
               Episode_Reward/roll: -0.0042
        Episode_Reward/base_height: -0.0206
Episode_Reward/tracking_lin_vel_max: 0.2324
Episode_Reward/flat_orientation_l2: -0.0173
  Episode_Reward/air_time_variance: -0.0001
        Episode_Reward/feet_height: 0.0000
      Episode_Reward/feet_air_time: -0.0001
Episode_Reward/update_last_buffers: 0.0000
   Episode_Reward/wheel_idle_speed: -0.0003
    Episode_Reward/wheel_action_l2: -0.0000
  Episode_Reward/wheel_action_rate: 0.0000
Episode_Reward/teacher_ensemble_match: 0.0000
  Episode_Reward/wheel_forward_use: 0.0659
 Episode_Reward/wheel_turn_support: 0.0000
   Metrics/locomotion/error_vel_xy: 0.2857
  Metrics/locomotion/error_vel_yaw: 0.2443
      Episode_Termination/time_out: 1.0000
   Episode_Termination/bad_contact: 0.0000
          Episode_Termination/tilt: 0.0000
    Episode_Termination/low_height: 0.0000
--------------------------------------------------------------------------------
                   Total timesteps: 44544
                    Iteration time: 3.52s
                      Time elapsed: 00:01:45
                               ETA: 00:05:35

################################################################################
                      [1m Learning iteration 29/120 [0m                       

                       Computation: 424 steps/s (collection: 3.549s, learning 0.072s)
             Mean action noise std: 0.06
          Mean value_function loss: 1.0726
               Mean surrogate loss: -0.0314
                 Mean entropy loss: -23.3487
                       Mean reward: -37.91
               Mean episode length: 297.06
   Episode_Reward/term_bad_contact: 0.0000
          Episode_Reward/term_tilt: 0.0000
    Episode_Reward/term_low_height: 0.0000
      Episode_Reward/leg_action_l2: -0.0001
   Episode_Reward/tracking_lin_vel: 0.5161
Episode_Reward/tracking_lin_vel_x_exp: 0.7865
Episode_Reward/tracking_ang_vel_yaw_l1: 0.0000
Episode_Reward/tracking_ang_vel_yaw_exp: 0.6886
Episode_Reward/tracking_lin_vel_y_l2: 0.0000
Episode_Reward/tracking_lin_vel_z_l2: 0.0000
            Episode_Reward/survive: 0.0000
    Episode_Reward/foot_contacts_z: 0.0000
            Episode_Reward/torques: -0.1683
 Episode_Reward/tracking_lin_vel_y: 0.0000
          Episode_Reward/lin_vel_z: -0.0024
         Episode_Reward/ang_vel_xy: -0.0007
   Episode_Reward/tracking_ang_vel: 0.2509
               Episode_Reward/work: -0.0150
            Episode_Reward/dof_acc: -0.0001
        Episode_Reward/action_rate: -0.0001
     Episode_Reward/dof_pos_limits: 0.0000
      Episode_Reward/delta_torques: -0.0001
          Episode_Reward/collision: -6.9167
        Episode_Reward/walking_dof: 0.0124
            Episode_Reward/hip_pos: -0.0005
          Episode_Reward/feet_jerk: 0.0000
              Episode_Reward/alive: 0.3000
          Episode_Reward/feet_drag: -0.0035
Episode_Reward/feet_contact_forces: -0.1935
               Episode_Reward/roll: -0.0036
        Episode_Reward/base_height: -0.0241
Episode_Reward/tracking_lin_vel_max: 0.2745
Episode_Reward/flat_orientation_l2: -0.0241
  Episode_Reward/air_time_variance: -0.0001
        Episode_Reward/feet_height: 0.0000
      Episode_Reward/feet_air_time: -0.0000
Episode_Reward/update_last_buffers: 0.0000
   Episode_Reward/wheel_idle_speed: -0.0005
    Episode_Reward/wheel_action_l2: -0.0000
  Episode_Reward/wheel_action_rate: 0.0000
Episode_Reward/teacher_ensemble_match: 0.0000
  Episode_Reward/wheel_forward_use: 0.0540
 Episode_Reward/wheel_turn_support: 0.0000
   Metrics/locomotion/error_vel_xy: 0.2543
  Metrics/locomotion/error_vel_yaw: 0.2913
      Episode_Termination/time_out: 1.0000
   Episode_Termination/bad_contact: 0.0000
          Episode_Termination/tilt: 0.0000
    Episode_Termination/low_height: 0.0000
--------------------------------------------------------------------------------
                   Total timesteps: 46080
                    Iteration time: 3.62s
                      Time elapsed: 00:01:49
                               ETA: 00:05:31

################################################################################
                      [1m Learning iteration 30/120 [0m                       

                       Computation: 427 steps/s (collection: 3.525s, learning 0.071s)
             Mean action noise std: 0.06
          Mean value_function loss: 0.9264
               Mean surrogate loss: -0.0316
                 Mean entropy loss: -23.3487
                       Mean reward: -38.66
               Mean episode length: 299.74
   Episode_Reward/term_bad_contact: 0.0000
          Episode_Reward/term_tilt: 0.0000
    Episode_Reward/term_low_height: 0.0000
      Episode_Reward/leg_action_l2: -0.0001
   Episode_Reward/tracking_lin_vel: 0.5048
Episode_Reward/tracking_lin_vel_x_exp: 0.7238
Episode_Reward/tracking_ang_vel_yaw_l1: 0.0000
Episode_Reward/tracking_ang_vel_yaw_exp: 0.7174
Episode_Reward/tracking_lin_vel_y_l2: 0.0000
Episode_Reward/tracking_lin_vel_z_l2: 0.0000
            Episode_Reward/survive: 0.0000
    Episode_Reward/foot_contacts_z: 0.0000
            Episode_Reward/torques: -0.1341
 Episode_Reward/tracking_lin_vel_y: 0.0000
          Episode_Reward/lin_vel_z: -0.0024
         Episode_Reward/ang_vel_xy: -0.0008
   Episode_Reward/tracking_ang_vel: 0.2490
               Episode_Reward/work: -0.0157
            Episode_Reward/dof_acc: -0.0002
        Episode_Reward/action_rate: -0.0001
     Episode_Reward/dof_pos_limits: 0.0000
      Episode_Reward/delta_torques: -0.0001
          Episode_Reward/collision: -6.2669
        Episode_Reward/walking_dof: 0.0113
            Episode_Reward/hip_pos: -0.0003
          Episode_Reward/feet_jerk: 0.0000
              Episode_Reward/alive: 0.3000
          Episode_Reward/feet_drag: -0.0041
Episode_Reward/feet_contact_forces: -0.1950
               Episode_Reward/roll: -0.0035
        Episode_Reward/base_height: -0.0199
Episode_Reward/tracking_lin_vel_max: 0.2842
Episode_Reward/flat_orientation_l2: -0.0110
  Episode_Reward/air_time_variance: -0.0001
        Episode_Reward/feet_height: 0.0000
      Episode_Reward/feet_air_time: -0.0000
Episode_Reward/update_last_buffers: 0.0000
   Episode_Reward/wheel_idle_speed: -0.0006
    Episode_Reward/wheel_action_l2: -0.0000
  Episode_Reward/wheel_action_rate: 0.0000
Episode_Reward/teacher_ensemble_match: 0.0000
  Episode_Reward/wheel_forward_use: 0.0450
 Episode_Reward/wheel_turn_support: 0.0000
   Metrics/locomotion/error_vel_xy: 0.2831
  Metrics/locomotion/error_vel_yaw: 0.2890
      Episode_Termination/time_out: 1.0000
   Episode_Termination/bad_contact: 0.0000
          Episode_Termination/tilt: 0.0000
    Episode_Termination/low_height: 0.0000
--------------------------------------------------------------------------------
                   Total timesteps: 47616
                    Iteration time: 3.60s
                      Time elapsed: 00:01:53
                               ETA: 00:05:28

################################################################################
                      [1m Learning iteration 31/120 [0m                       

                       Computation: 421 steps/s (collection: 3.564s, learning 0.078s)
             Mean action noise std: 0.06
          Mean value_function loss: 0.6226
               Mean surrogate loss: -0.0306
                 Mean entropy loss: -23.3487
                       Mean reward: -38.90
               Mean episode length: 300.00
   Episode_Reward/term_bad_contact: 0.0000
          Episode_Reward/term_tilt: 0.0000
    Episode_Reward/term_low_height: 0.0000
      Episode_Reward/leg_action_l2: -0.0001
   Episode_Reward/tracking_lin_vel: 0.4490
Episode_Reward/tracking_lin_vel_x_exp: 0.5658
Episode_Reward/tracking_ang_vel_yaw_l1: 0.0000
Episode_Reward/tracking_ang_vel_yaw_exp: 0.6230
Episode_Reward/tracking_lin_vel_y_l2: 0.0000
Episode_Reward/tracking_lin_vel_z_l2: 0.0000
            Episode_Reward/survive: 0.0000
    Episode_Reward/foot_contacts_z: 0.0000
            Episode_Reward/torques: -0.1631
 Episode_Reward/tracking_lin_vel_y: 0.0000
          Episode_Reward/lin_vel_z: -0.0023
         Episode_Reward/ang_vel_xy: -0.0007
   Episode_Reward/tracking_ang_vel: 0.2313
               Episode_Reward/work: -0.0141
            Episode_Reward/dof_acc: -0.0002
        Episode_Reward/action_rate: -0.0001
     Episode_Reward/dof_pos_limits: 0.0000
      Episode_Reward/delta_torques: -0.0001
          Episode_Reward/collision: -6.5471
        Episode_Reward/walking_dof: 0.0179
            Episode_Reward/hip_pos: -0.0004
          Episode_Reward/feet_jerk: 0.0000
              Episode_Reward/alive: 0.3000
          Episode_Reward/feet_drag: -0.0039
Episode_Reward/feet_contact_forces: -0.1933
               Episode_Reward/roll: -0.0046
        Episode_Reward/base_height: -0.0185
Episode_Reward/tracking_lin_vel_max: 0.1627
Episode_Reward/flat_orientation_l2: -0.0160
  Episode_Reward/air_time_variance: -0.0001
        Episode_Reward/feet_height: 0.0000
      Episode_Reward/feet_air_time: -0.0000
Episode_Reward/update_last_buffers: 0.0000
   Episode_Reward/wheel_idle_speed: -0.0003
    Episode_Reward/wheel_action_l2: -0.0000
  Episode_Reward/wheel_action_rate: 0.0000
Episode_Reward/teacher_ensemble_match: 0.0000
  Episode_Reward/wheel_forward_use: 0.0582
 Episode_Reward/wheel_turn_support: 0.0000
   Metrics/locomotion/error_vel_xy: 0.3782
  Metrics/locomotion/error_vel_yaw: 0.3498
      Episode_Termination/time_out: 1.0000
   Episode_Termination/bad_contact: 0.0000
          Episode_Termination/tilt: 0.0000
    Episode_Termination/low_height: 0.0000
--------------------------------------------------------------------------------
                   Total timesteps: 49152
                    Iteration time: 3.64s
                      Time elapsed: 00:01:56
                               ETA: 00:05:24

################################################################################
                      [1m Learning iteration 32/120 [0m                       

                       Computation: 433 steps/s (collection: 3.470s, learning 0.070s)
             Mean action noise std: 0.06
          Mean value_function loss: 0.4815
               Mean surrogate loss: -0.0279
                 Mean entropy loss: -23.3487
                       Mean reward: -38.93
               Mean episode length: 300.00
   Episode_Reward/term_bad_contact: 0.0000
          Episode_Reward/term_tilt: 0.0000
    Episode_Reward/term_low_height: 0.0000
      Episode_Reward/leg_action_l2: -0.0001
   Episode_Reward/tracking_lin_vel: 0.5238
Episode_Reward/tracking_lin_vel_x_exp: 0.7101
Episode_Reward/tracking_ang_vel_yaw_l1: 0.0000
Episode_Reward/tracking_ang_vel_yaw_exp: 0.5608
Episode_Reward/tracking_lin_vel_y_l2: 0.0000
Episode_Reward/tracking_lin_vel_z_l2: 0.0000
            Episode_Reward/survive: 0.0000
    Episode_Reward/foot_contacts_z: 0.0000
            Episode_Reward/torques: -0.1001
 Episode_Reward/tracking_lin_vel_y: 0.0000
          Episode_Reward/lin_vel_z: -0.0024
         Episode_Reward/ang_vel_xy: -0.0007
   Episode_Reward/tracking_ang_vel: 0.2250
               Episode_Reward/work: -0.0130
            Episode_Reward/dof_acc: -0.0001
        Episode_Reward/action_rate: -0.0001
     Episode_Reward/dof_pos_limits: 0.0000
      Episode_Reward/delta_torques: -0.0001
          Episode_Reward/collision: -5.9700
        Episode_Reward/walking_dof: 0.0020
            Episode_Reward/hip_pos: -0.0001
          Episode_Reward/feet_jerk: 0.0000
              Episode_Reward/alive: 0.3000
          Episode_Reward/feet_drag: -0.0038
Episode_Reward/feet_contact_forces: -0.1950
               Episode_Reward/roll: -0.0049
        Episode_Reward/base_height: -0.0193
Episode_Reward/tracking_lin_vel_max: 0.4105
Episode_Reward/flat_orientation_l2: -0.0018
  Episode_Reward/air_time_variance: -0.0001
        Episode_Reward/feet_height: 0.0000
      Episode_Reward/feet_air_time: 0.0000
Episode_Reward/update_last_buffers: 0.0000
   Episode_Reward/wheel_idle_speed: -0.0011
    Episode_Reward/wheel_action_l2: -0.0000
  Episode_Reward/wheel_action_rate: 0.0000
Episode_Reward/teacher_ensemble_match: 0.0000
  Episode_Reward/wheel_forward_use: 0.0055
 Episode_Reward/wheel_turn_support: 0.0000
   Metrics/locomotion/error_vel_xy: 0.2631
  Metrics/locomotion/error_vel_yaw: 0.3787
      Episode_Termination/time_out: 1.0000
   Episode_Termination/bad_contact: 0.0000
          Episode_Termination/tilt: 0.0000
    Episode_Termination/low_height: 0.0000
--------------------------------------------------------------------------------
                   Total timesteps: 50688
                    Iteration time: 3.54s
                      Time elapsed: 00:02:00
                               ETA: 00:05:20

################################################################################
                      [1m Learning iteration 33/120 [0m                       

                       Computation: 426 steps/s (collection: 3.535s, learning 0.070s)
             Mean action noise std: 0.06
          Mean value_function loss: 0.7943
               Mean surrogate loss: -0.0277
                 Mean entropy loss: -23.3487
                       Mean reward: -38.56
               Mean episode length: 300.00
   Episode_Reward/term_bad_contact: 0.0000
          Episode_Reward/term_tilt: 0.0000
    Episode_Reward/term_low_height: 0.0000
      Episode_Reward/leg_action_l2: -0.0001
   Episode_Reward/tracking_lin_vel: 0.4984
Episode_Reward/tracking_lin_vel_x_exp: 0.7186
Episode_Reward/tracking_ang_vel_yaw_l1: 0.0000
Episode_Reward/tracking_ang_vel_yaw_exp: 0.6523
Episode_Reward/tracking_lin_vel_y_l2: 0.0000
Episode_Reward/tracking_lin_vel_z_l2: 0.0000
            Episode_Reward/survive: 0.0000
    Episode_Reward/foot_contacts_z: 0.0000
            Episode_Reward/torques: -0.1369
 Episode_Reward/tracking_lin_vel_y: 0.0000
          Episode_Reward/lin_vel_z: -0.0024
         Episode_Reward/ang_vel_xy: -0.0009
   Episode_Reward/tracking_ang_vel: 0.2355
               Episode_Reward/work: -0.0146
            Episode_Reward/dof_acc: -0.0003
        Episode_Reward/action_rate: -0.0001
     Episode_Reward/dof_pos_limits: 0.0000
      Episode_Reward/delta_torques: -0.0001
          Episode_Reward/collision: -6.1838
        Episode_Reward/walking_dof: 0.0136
            Episode_Reward/hip_pos: -0.0003
          Episode_Reward/feet_jerk: 0.0000
              Episode_Reward/alive: 0.3000
          Episode_Reward/feet_drag: -0.0042
Episode_Reward/feet_contact_forces: -0.1952
               Episode_Reward/roll: -0.0040
        Episode_Reward/base_height: -0.0199
Episode_Reward/tracking_lin_vel_max: 0.2435
Episode_Reward/flat_orientation_l2: -0.0100
  Episode_Reward/air_time_variance: -0.0001
        Episode_Reward/feet_height: 0.0000
      Episode_Reward/feet_air_time: -0.0000
Episode_Reward/update_last_buffers: 0.0000
   Episode_Reward/wheel_idle_speed: -0.0005
    Episode_Reward/wheel_action_l2: -0.0000
  Episode_Reward/wheel_action_rate: 0.0000
Episode_Reward/teacher_ensemble_match: 0.0000
  Episode_Reward/wheel_forward_use: 0.0530
 Episode_Reward/wheel_turn_support: 0.0000
   Metrics/locomotion/error_vel_xy: 0.2907
  Metrics/locomotion/error_vel_yaw: 0.3330
      Episode_Termination/time_out: 1.0000
   Episode_Termination/bad_contact: 0.0000
          Episode_Termination/tilt: 0.0000
    Episode_Termination/low_height: 0.0000
--------------------------------------------------------------------------------
                   Total timesteps: 52224
                    Iteration time: 3.60s
                      Time elapsed: 00:02:03
                               ETA: 00:05:16

################################################################################
                      [1m Learning iteration 34/120 [0m                       

                       Computation: 432 steps/s (collection: 3.483s, learning 0.070s)
             Mean action noise std: 0.06
          Mean value_function loss: 0.8092
               Mean surrogate loss: -0.0233
                 Mean entropy loss: -23.3487
                       Mean reward: -38.83
               Mean episode length: 300.00
   Episode_Reward/term_bad_contact: 0.0000
          Episode_Reward/term_tilt: 0.0000
    Episode_Reward/term_low_height: 0.0000
      Episode_Reward/leg_action_l2: -0.0001
   Episode_Reward/tracking_lin_vel: 0.5068
Episode_Reward/tracking_lin_vel_x_exp: 0.6967
Episode_Reward/tracking_ang_vel_yaw_l1: 0.0000
Episode_Reward/tracking_ang_vel_yaw_exp: 0.6414
Episode_Reward/tracking_lin_vel_y_l2: 0.0000
Episode_Reward/tracking_lin_vel_z_l2: 0.0000
            Episode_Reward/survive: 0.0000
    Episode_Reward/foot_contacts_z: 0.0000
            Episode_Reward/torques: -0.2063
 Episode_Reward/tracking_lin_vel_y: 0.0000
          Episode_Reward/lin_vel_z: -0.0024
         Episode_Reward/ang_vel_xy: -0.0009
   Episode_Reward/tracking_ang_vel: 0.2450
               Episode_Reward/work: -0.0168
            Episode_Reward/dof_acc: -0.0002
        Episode_Reward/action_rate: -0.0001
     Episode_Reward/dof_pos_limits: 0.0000
      Episode_Reward/delta_torques: -0.0002
          Episode_Reward/collision: -6.8304
        Episode_Reward/walking_dof: 0.0147
            Episode_Reward/hip_pos: -0.0006
          Episode_Reward/feet_jerk: 0.0000
              Episode_Reward/alive: 0.3000
          Episode_Reward/feet_drag: -0.0033
Episode_Reward/feet_contact_forces: -0.1944
               Episode_Reward/roll: -0.0026
        Episode_Reward/base_height: -0.0233
Episode_Reward/tracking_lin_vel_max: 0.2491
Episode_Reward/flat_orientation_l2: -0.0306
  Episode_Reward/air_time_variance: -0.0000
        Episode_Reward/feet_height: 0.0000
      Episode_Reward/feet_air_time: -0.0000
Episode_Reward/update_last_buffers: 0.0000
   Episode_Reward/wheel_idle_speed: -0.0002
    Episode_Reward/wheel_action_l2: -0.0000
  Episode_Reward/wheel_action_rate: 0.0000
Episode_Reward/teacher_ensemble_match: 0.0000
  Episode_Reward/wheel_forward_use: 0.0595
 Episode_Reward/wheel_turn_support: 0.0000
   Metrics/locomotion/error_vel_xy: 0.2855
  Metrics/locomotion/error_vel_yaw: 0.3152
      Episode_Termination/time_out: 1.0000
   Episode_Termination/bad_contact: 0.0000
          Episode_Termination/tilt: 0.0000
    Episode_Termination/low_height: 0.0000
--------------------------------------------------------------------------------
                   Total timesteps: 53760
                    Iteration time: 3.55s
                      Time elapsed: 00:02:07
                               ETA: 00:05:12

################################################################################
                      [1m Learning iteration 35/120 [0m                       

                       Computation: 433 steps/s (collection: 3.472s, learning 0.070s)
             Mean action noise std: 0.06
          Mean value_function loss: 0.8517
               Mean surrogate loss: -0.0314
                 Mean entropy loss: -23.3487
                       Mean reward: -38.85
               Mean episode length: 300.00
   Episode_Reward/term_bad_contact: 0.0000
          Episode_Reward/term_tilt: 0.0000
    Episode_Reward/term_low_height: 0.0000
      Episode_Reward/leg_action_l2: -0.0001
   Episode_Reward/tracking_lin_vel: 0.5169
Episode_Reward/tracking_lin_vel_x_exp: 0.8510
Episode_Reward/tracking_ang_vel_yaw_l1: 0.0000
Episode_Reward/tracking_ang_vel_yaw_exp: 0.6480
Episode_Reward/tracking_lin_vel_y_l2: 0.0000
Episode_Reward/tracking_lin_vel_z_l2: 0.0000
            Episode_Reward/survive: 0.0000
    Episode_Reward/foot_contacts_z: 0.0000
            Episode_Reward/torques: -0.1009
 Episode_Reward/tracking_lin_vel_y: 0.0000
          Episode_Reward/lin_vel_z: -0.0025
         Episode_Reward/ang_vel_xy: -0.0009
   Episode_Reward/tracking_ang_vel: 0.2385
               Episode_Reward/work: -0.0141
            Episode_Reward/dof_acc: -0.0002
        Episode_Reward/action_rate: -0.0002
     Episode_Reward/dof_pos_limits: 0.0000
      Episode_Reward/delta_torques: -0.0001
          Episode_Reward/collision: -5.9742
        Episode_Reward/walking_dof: 0.0105
            Episode_Reward/hip_pos: -0.0002
          Episode_Reward/feet_jerk: 0.0000
              Episode_Reward/alive: 0.3000
          Episode_Reward/feet_drag: -0.0040
Episode_Reward/feet_contact_forces: -0.1958
               Episode_Reward/roll: -0.0055
        Episode_Reward/base_height: -0.0189
Episode_Reward/tracking_lin_vel_max: 0.2844
Episode_Reward/flat_orientation_l2: -0.0017
  Episode_Reward/air_time_variance: -0.0001
        Episode_Reward/feet_height: 0.0000
      Episode_Reward/feet_air_time: -0.0000
Episode_Reward/update_last_buffers: 0.0000
   Episode_Reward/wheel_idle_speed: -0.0006
    Episode_Reward/wheel_action_l2: -0.0000
  Episode_Reward/wheel_action_rate: 0.0000
Episode_Reward/teacher_ensemble_match: 0.0000
  Episode_Reward/wheel_forward_use: 0.0483
 Episode_Reward/wheel_turn_support: 0.0000
   Metrics/locomotion/error_vel_xy: 0.2414
  Metrics/locomotion/error_vel_yaw: 0.3275
      Episode_Termination/time_out: 1.0000
   Episode_Termination/bad_contact: 0.0000
          Episode_Termination/tilt: 0.0000
    Episode_Termination/low_height: 0.0000
--------------------------------------------------------------------------------
                   Total timesteps: 55296
                    Iteration time: 3.54s
                      Time elapsed: 00:02:10
                               ETA: 00:05:09

################################################################################
                      [1m Learning iteration 36/120 [0m                       

                       Computation: 428 steps/s (collection: 3.509s, learning 0.074s)
             Mean action noise std: 0.06
          Mean value_function loss: 0.3707
               Mean surrogate loss: -0.0315
                 Mean entropy loss: -23.3487
                       Mean reward: -39.37
               Mean episode length: 300.00
   Episode_Reward/term_bad_contact: 0.0000
          Episode_Reward/term_tilt: 0.0000
    Episode_Reward/term_low_height: 0.0000
      Episode_Reward/leg_action_l2: -0.0001
   Episode_Reward/tracking_lin_vel: 0.4969
Episode_Reward/tracking_lin_vel_x_exp: 0.6842
Episode_Reward/tracking_ang_vel_yaw_l1: 0.0000
Episode_Reward/tracking_ang_vel_yaw_exp: 0.9925
Episode_Reward/tracking_lin_vel_y_l2: 0.0000
Episode_Reward/tracking_lin_vel_z_l2: 0.0000
            Episode_Reward/survive: 0.0000
    Episode_Reward/foot_contacts_z: 0.0000
            Episode_Reward/torques: -0.2316
 Episode_Reward/tracking_lin_vel_y: 0.0000
          Episode_Reward/lin_vel_z: -0.0025
         Episode_Reward/ang_vel_xy: -0.0009
   Episode_Reward/tracking_ang_vel: 0.2779
               Episode_Reward/work: -0.0161
            Episode_Reward/dof_acc: -0.0001
        Episode_Reward/action_rate: -0.0001
     Episode_Reward/dof_pos_limits: 0.0000
      Episode_Reward/delta_torques: -0.0002
          Episode_Reward/collision: -7.7658
        Episode_Reward/walking_dof: 0.0208
            Episode_Reward/hip_pos: -0.0009
          Episode_Reward/feet_jerk: 0.0000
              Episode_Reward/alive: 0.3000
          Episode_Reward/feet_drag: -0.0029
Episode_Reward/feet_contact_forces: -0.1909
               Episode_Reward/roll: -0.0049
        Episode_Reward/base_height: -0.0244
Episode_Reward/tracking_lin_vel_max: 0.1439
Episode_Reward/flat_orientation_l2: -0.0424
  Episode_Reward/air_time_variance: -0.0001
        Episode_Reward/feet_height: 0.0000
      Episode_Reward/feet_air_time: -0.0001
Episode_Reward/update_last_buffers: 0.0000
   Episode_Reward/wheel_idle_speed: -0.0002
    Episode_Reward/wheel_action_l2: -0.0000
  Episode_Reward/wheel_action_rate: 0.0000
Episode_Reward/teacher_ensemble_match: 0.0000
  Episode_Reward/wheel_forward_use: 0.1066
 Episode_Reward/wheel_turn_support: 0.0000
   Metrics/locomotion/error_vel_xy: 0.2995
  Metrics/locomotion/error_vel_yaw: 0.1636
      Episode_Termination/time_out: 1.0000
   Episode_Termination/bad_contact: 0.0000
          Episode_Termination/tilt: 0.0000
    Episode_Termination/low_height: 0.0000
--------------------------------------------------------------------------------
                   Total timesteps: 56832
                    Iteration time: 3.58s
                      Time elapsed: 00:02:14
                               ETA: 00:05:05

################################################################################
                      [1m Learning iteration 37/120 [0m                       

                       Computation: 415 steps/s (collection: 3.629s, learning 0.070s)
             Mean action noise std: 0.06
          Mean value_function loss: 0.6109
               Mean surrogate loss: -0.0228
                 Mean entropy loss: -23.3487
                       Mean reward: -38.93
               Mean episode length: 300.00
   Episode_Reward/term_bad_contact: 0.0000
          Episode_Reward/term_tilt: 0.0000
    Episode_Reward/term_low_height: 0.0000
      Episode_Reward/leg_action_l2: -0.0002
   Episode_Reward/tracking_lin_vel: 0.5334
Episode_Reward/tracking_lin_vel_x_exp: 0.8322
Episode_Reward/tracking_ang_vel_yaw_l1: 0.0000
Episode_Reward/tracking_ang_vel_yaw_exp: 0.6467
Episode_Reward/tracking_lin_vel_y_l2: 0.0000
Episode_Reward/tracking_lin_vel_z_l2: 0.0000
            Episode_Reward/survive: 0.0000
    Episode_Reward/foot_contacts_z: 0.0000
            Episode_Reward/torques: -0.1594
 Episode_Reward/tracking_lin_vel_y: 0.0000
          Episode_Reward/lin_vel_z: -0.0026
         Episode_Reward/ang_vel_xy: -0.0012
   Episode_Reward/tracking_ang_vel: 0.2348
               Episode_Reward/work: -0.0172
            Episode_Reward/dof_acc: -0.0002
        Episode_Reward/action_rate: -0.0002
     Episode_Reward/dof_pos_limits: 0.0000
      Episode_Reward/delta_torques: -0.0001
          Episode_Reward/collision: -6.5473
        Episode_Reward/walking_dof: 0.0079
            Episode_Reward/hip_pos: -0.0006
          Episode_Reward/feet_jerk: 0.0000
              Episode_Reward/alive: 0.3000
          Episode_Reward/feet_drag: -0.0033
Episode_Reward/feet_contact_forces: -0.1952
               Episode_Reward/roll: -0.0055
        Episode_Reward/base_height: -0.0218
Episode_Reward/tracking_lin_vel_max: 0.3226
Episode_Reward/flat_orientation_l2: -0.0192
  Episode_Reward/air_time_variance: -0.0001
        Episode_Reward/feet_height: 0.0000
      Episode_Reward/feet_air_time: -0.0000
Episode_Reward/update_last_buffers: 0.0000
   Episode_Reward/wheel_idle_speed: -0.0007
    Episode_Reward/wheel_action_l2: -0.0000
  Episode_Reward/wheel_action_rate: 0.0000
Episode_Reward/teacher_ensemble_match: 0.0000
  Episode_Reward/wheel_forward_use: 0.0343
 Episode_Reward/wheel_turn_support: 0.0000
   Metrics/locomotion/error_vel_xy: 0.2280
  Metrics/locomotion/error_vel_yaw: 0.3363
      Episode_Termination/time_out: 1.0000
   Episode_Termination/bad_contact: 0.0000
          Episode_Termination/tilt: 0.0000
    Episode_Termination/low_height: 0.0000
--------------------------------------------------------------------------------
                   Total timesteps: 58368
                    Iteration time: 3.70s
                      Time elapsed: 00:02:18
                               ETA: 00:05:01

################################################################################
                      [1m Learning iteration 38/120 [0m                       

                       Computation: 431 steps/s (collection: 3.491s, learning 0.070s)
             Mean action noise std: 0.06
          Mean value_function loss: 0.6419
               Mean surrogate loss: -0.0291
                 Mean entropy loss: -23.3487
                       Mean reward: -39.13
               Mean episode length: 300.00
   Episode_Reward/term_bad_contact: 0.0000
          Episode_Reward/term_tilt: 0.0000
    Episode_Reward/term_low_height: 0.0000
      Episode_Reward/leg_action_l2: -0.0002
   Episode_Reward/tracking_lin_vel: 0.4950
Episode_Reward/tracking_lin_vel_x_exp: 0.7994
Episode_Reward/tracking_ang_vel_yaw_l1: 0.0000
Episode_Reward/tracking_ang_vel_yaw_exp: 0.8359
Episode_Reward/tracking_lin_vel_y_l2: 0.0000
Episode_Reward/tracking_lin_vel_z_l2: 0.0000
            Episode_Reward/survive: 0.0000
    Episode_Reward/foot_contacts_z: 0.0000
            Episode_Reward/torques: -0.1205
 Episode_Reward/tracking_lin_vel_y: 0.0000
          Episode_Reward/lin_vel_z: -0.0025
         Episode_Reward/ang_vel_xy: -0.0014
   Episode_Reward/tracking_ang_vel: 0.2534
               Episode_Reward/work: -0.0156
            Episode_Reward/dof_acc: -0.0003
        Episode_Reward/action_rate: -0.0003
     Episode_Reward/dof_pos_limits: 0.0000
      Episode_Reward/delta_torques: -0.0001
          Episode_Reward/collision: -6.0696
        Episode_Reward/walking_dof: 0.0136
            Episode_Reward/hip_pos: -0.0002
          Episode_Reward/feet_jerk: 0.0000
              Episode_Reward/alive: 0.3000
          Episode_Reward/feet_drag: -0.0041
Episode_Reward/feet_contact_forces: -0.1946
               Episode_Reward/roll: -0.0049
        Episode_Reward/base_height: -0.0202
Episode_Reward/tracking_lin_vel_max: 0.2356
Episode_Reward/flat_orientation_l2: -0.0049
  Episode_Reward/air_time_variance: -0.0001
        Episode_Reward/feet_height: 0.0000
      Episode_Reward/feet_air_time: -0.0001
Episode_Reward/update_last_buffers: 0.0000
   Episode_Reward/wheel_idle_speed: -0.0004
    Episode_Reward/wheel_action_l2: -0.0000
  Episode_Reward/wheel_action_rate: 0.0000
Episode_Reward/teacher_ensemble_match: 0.0000
  Episode_Reward/wheel_forward_use: 0.0582
 Episode_Reward/wheel_turn_support: 0.0000
   Metrics/locomotion/error_vel_xy: 0.2783
  Metrics/locomotion/error_vel_yaw: 0.2524
      Episode_Termination/time_out: 1.0000
   Episode_Termination/bad_contact: 0.0000
          Episode_Termination/tilt: 0.0000
    Episode_Termination/low_height: 0.0000
--------------------------------------------------------------------------------
                   Total timesteps: 59904
                    Iteration time: 3.56s
                      Time elapsed: 00:02:21
                               ETA: 00:04:58

################################################################################
                      [1m Learning iteration 39/120 [0m                       

                       Computation: 438 steps/s (collection: 3.430s, learning 0.070s)
             Mean action noise std: 0.06
          Mean value_function loss: 0.5266
               Mean surrogate loss: -0.0062
                 Mean entropy loss: -23.3487
                       Mean reward: -39.18
               Mean episode length: 300.00
   Episode_Reward/term_bad_contact: 0.0000
          Episode_Reward/term_tilt: 0.0000
    Episode_Reward/term_low_height: 0.0000
      Episode_Reward/leg_action_l2: -0.0002
   Episode_Reward/tracking_lin_vel: 0.5428
Episode_Reward/tracking_lin_vel_x_exp: 0.9837
Episode_Reward/tracking_ang_vel_yaw_l1: 0.0000
Episode_Reward/tracking_ang_vel_yaw_exp: 0.6452
Episode_Reward/tracking_lin_vel_y_l2: 0.0000
Episode_Reward/tracking_lin_vel_z_l2: 0.0000
            Episode_Reward/survive: 0.0000
    Episode_Reward/foot_contacts_z: 0.0000
            Episode_Reward/torques: -0.1583
 Episode_Reward/tracking_lin_vel_y: 0.0000
          Episode_Reward/lin_vel_z: -0.0027
         Episode_Reward/ang_vel_xy: -0.0017
   Episode_Reward/tracking_ang_vel: 0.2302
               Episode_Reward/work: -0.0210
            Episode_Reward/dof_acc: -0.0003
        Episode_Reward/action_rate: -0.0002
     Episode_Reward/dof_pos_limits: 0.0000
      Episode_Reward/delta_torques: -0.0001
          Episode_Reward/collision: -6.6367
        Episode_Reward/walking_dof: 0.0096
            Episode_Reward/hip_pos: -0.0006
          Episode_Reward/feet_jerk: 0.0000
              Episode_Reward/alive: 0.3000
          Episode_Reward/feet_drag: -0.0042
Episode_Reward/feet_contact_forces: -0.1946
               Episode_Reward/roll: -0.0028
        Episode_Reward/base_height: -0.0246
Episode_Reward/tracking_lin_vel_max: 0.3198
Episode_Reward/flat_orientation_l2: -0.0197
  Episode_Reward/air_time_variance: -0.0001
        Episode_Reward/feet_height: 0.0000
      Episode_Reward/feet_air_time: -0.0000
Episode_Reward/update_last_buffers: 0.0000
   Episode_Reward/wheel_idle_speed: -0.0009
    Episode_Reward/wheel_action_l2: -0.0000
  Episode_Reward/wheel_action_rate: 0.0000
Episode_Reward/teacher_ensemble_match: 0.0000
  Episode_Reward/wheel_forward_use: 0.0399
 Episode_Reward/wheel_turn_support: 0.0000
   Metrics/locomotion/error_vel_xy: 0.1875
  Metrics/locomotion/error_vel_yaw: 0.3509
      Episode_Termination/time_out: 1.0000
   Episode_Termination/bad_contact: 0.0000
          Episode_Termination/tilt: 0.0000
    Episode_Termination/low_height: 0.0000
--------------------------------------------------------------------------------
                   Total timesteps: 61440
                    Iteration time: 3.50s
                      Time elapsed: 00:02:25
                               ETA: 00:04:54

################################################################################
                      [1m Learning iteration 40/120 [0m                       

                       Computation: 434 steps/s (collection: 3.465s, learning 0.071s)
             Mean action noise std: 0.06
          Mean value_function loss: 1.0200
               Mean surrogate loss: -0.0282
                 Mean entropy loss: -23.3487
                       Mean reward: -39.35
               Mean episode length: 300.00
   Episode_Reward/term_bad_contact: 0.0000
          Episode_Reward/term_tilt: 0.0000
    Episode_Reward/term_low_height: 0.0000
      Episode_Reward/leg_action_l2: -0.0001
   Episode_Reward/tracking_lin_vel: 0.5107
Episode_Reward/tracking_lin_vel_x_exp: 0.7554
Episode_Reward/tracking_ang_vel_yaw_l1: 0.0000
Episode_Reward/tracking_ang_vel_yaw_exp: 0.7833
Episode_Reward/tracking_lin_vel_y_l2: 0.0000
Episode_Reward/tracking_lin_vel_z_l2: 0.0000
            Episode_Reward/survive: 0.0000
    Episode_Reward/foot_contacts_z: 0.0000
            Episode_Reward/torques: -0.2085
 Episode_Reward/tracking_lin_vel_y: 0.0000
          Episode_Reward/lin_vel_z: -0.0025
         Episode_Reward/ang_vel_xy: -0.0011
   Episode_Reward/tracking_ang_vel: 0.2653
               Episode_Reward/work: -0.0187
            Episode_Reward/dof_acc: -0.0002
        Episode_Reward/action_rate: -0.0002
     Episode_Reward/dof_pos_limits: 0.0000
      Episode_Reward/delta_torques: -0.0002
          Episode_Reward/collision: -7.0542
        Episode_Reward/walking_dof: 0.0135
            Episode_Reward/hip_pos: -0.0009
          Episode_Reward/feet_jerk: 0.0000
              Episode_Reward/alive: 0.3000
          Episode_Reward/feet_drag: -0.0043
Episode_Reward/feet_contact_forces: -0.1935
               Episode_Reward/roll: -0.0030
        Episode_Reward/base_height: -0.0235
Episode_Reward/tracking_lin_vel_max: 0.2644
Episode_Reward/flat_orientation_l2: -0.0317
  Episode_Reward/air_time_variance: -0.0001
        Episode_Reward/feet_height: 0.0000
      Episode_Reward/feet_air_time: -0.0001
Episode_Reward/update_last_buffers: 0.0000
   Episode_Reward/wheel_idle_speed: -0.0005
    Episode_Reward/wheel_action_l2: -0.0000
  Episode_Reward/wheel_action_rate: 0.0000
Episode_Reward/teacher_ensemble_match: 0.0000
  Episode_Reward/wheel_forward_use: 0.0655
 Episode_Reward/wheel_turn_support: 0.0000
   Metrics/locomotion/error_vel_xy: 0.2695
  Metrics/locomotion/error_vel_yaw: 0.2389
      Episode_Termination/time_out: 1.0000
   Episode_Termination/bad_contact: 0.0000
          Episode_Termination/tilt: 0.0000
    Episode_Termination/low_height: 0.0000
--------------------------------------------------------------------------------
                   Total timesteps: 62976
                    Iteration time: 3.54s
                      Time elapsed: 00:02:28
                               ETA: 00:04:50

################################################################################
                      [1m Learning iteration 41/120 [0m                       

                       Computation: 435 steps/s (collection: 3.459s, learning 0.070s)
             Mean action noise std: 0.06
          Mean value_function loss: 0.8208
               Mean surrogate loss: -0.0281
                 Mean entropy loss: -23.3487
                       Mean reward: -39.81
               Mean episode length: 300.00
   Episode_Reward/term_bad_contact: 0.0000
          Episode_Reward/term_tilt: 0.0000
    Episode_Reward/term_low_height: 0.0000
      Episode_Reward/leg_action_l2: -0.0002
   Episode_Reward/tracking_lin_vel: 0.4855
Episode_Reward/tracking_lin_vel_x_exp: 0.6162
Episode_Reward/tracking_ang_vel_yaw_l1: 0.0000
Episode_Reward/tracking_ang_vel_yaw_exp: 0.8347
Episode_Reward/tracking_lin_vel_y_l2: 0.0000
Episode_Reward/tracking_lin_vel_z_l2: 0.0000
            Episode_Reward/survive: 0.0000
    Episode_Reward/foot_contacts_z: 0.0000
            Episode_Reward/torques: -0.1703
 Episode_Reward/tracking_lin_vel_y: 0.0000
          Episode_Reward/lin_vel_z: -0.0025
         Episode_Reward/ang_vel_xy: -0.0016
   Episode_Reward/tracking_ang_vel: 0.2684
               Episode_Reward/work: -0.0169
            Episode_Reward/dof_acc: -0.0003
        Episode_Reward/action_rate: -0.0003
     Episode_Reward/dof_pos_limits: 0.0000
      Episode_Reward/delta_torques: -0.0001
          Episode_Reward/collision: -6.6586
        Episode_Reward/walking_dof: 0.0178
            Episode_Reward/hip_pos: -0.0006
          Episode_Reward/feet_jerk: 0.0000
              Episode_Reward/alive: 0.3000
          Episode_Reward/feet_drag: -0.0040
Episode_Reward/feet_contact_forces: -0.1937
               Episode_Reward/roll: -0.0038
        Episode_Reward/base_height: -0.0209
Episode_Reward/tracking_lin_vel_max: 0.1689
Episode_Reward/flat_orientation_l2: -0.0197
  Episode_Reward/air_time_variance: -0.0001
        Episode_Reward/feet_height: 0.0000
      Episode_Reward/feet_air_time: -0.0001
Episode_Reward/update_last_buffers: 0.0000
   Episode_Reward/wheel_idle_speed: -0.0005
    Episode_Reward/wheel_action_l2: -0.0000
  Episode_Reward/wheel_action_rate: 0.0000
Episode_Reward/teacher_ensemble_match: 0.0000
  Episode_Reward/wheel_forward_use: 0.0844
 Episode_Reward/wheel_turn_support: 0.0000
   Metrics/locomotion/error_vel_xy: 0.3276
  Metrics/locomotion/error_vel_yaw: 0.2197
      Episode_Termination/time_out: 1.0000
   Episode_Termination/bad_contact: 0.0000
          Episode_Termination/tilt: 0.0000
    Episode_Termination/low_height: 0.0000
--------------------------------------------------------------------------------
                   Total timesteps: 64512
                    Iteration time: 3.53s
                      Time elapsed: 00:02:32
                               ETA: 00:04:46

################################################################################
                      [1m Learning iteration 42/120 [0m                       

                       Computation: 434 steps/s (collection: 3.464s, learning 0.071s)
             Mean action noise std: 0.06
          Mean value_function loss: 0.6824
               Mean surrogate loss: -0.0097
                 Mean entropy loss: -23.3487
                       Mean reward: -39.76
               Mean episode length: 300.00
   Episode_Reward/term_bad_contact: 0.0000
          Episode_Reward/term_tilt: 0.0000
    Episode_Reward/term_low_height: 0.0000
      Episode_Reward/leg_action_l2: -0.0003
   Episode_Reward/tracking_lin_vel: 0.5050
Episode_Reward/tracking_lin_vel_x_exp: 0.7022
Episode_Reward/tracking_ang_vel_yaw_l1: 0.0000
Episode_Reward/tracking_ang_vel_yaw_exp: 0.7261
Episode_Reward/tracking_lin_vel_y_l2: 0.0000
Episode_Reward/tracking_lin_vel_z_l2: 0.0000
            Episode_Reward/survive: 0.0000
    Episode_Reward/foot_contacts_z: 0.0000
            Episode_Reward/torques: -0.1211
 Episode_Reward/tracking_lin_vel_y: 0.0000
          Episode_Reward/lin_vel_z: -0.0028
         Episode_Reward/ang_vel_xy: -0.0021
   Episode_Reward/tracking_ang_vel: 0.2415
               Episode_Reward/work: -0.0224
            Episode_Reward/dof_acc: -0.0005
        Episode_Reward/action_rate: -0.0004
     Episode_Reward/dof_pos_limits: 0.0000
      Episode_Reward/delta_torques: -0.0001
          Episode_Reward/collision: -6.1104
        Episode_Reward/walking_dof: 0.0135
            Episode_Reward/hip_pos: -0.0003
          Episode_Reward/feet_jerk: 0.0000
              Episode_Reward/alive: 0.3000
          Episode_Reward/feet_drag: -0.0057
Episode_Reward/feet_contact_forces: -0.1956
               Episode_Reward/roll: -0.0047
        Episode_Reward/base_height: -0.0183
Episode_Reward/tracking_lin_vel_max: 0.2382
Episode_Reward/flat_orientation_l2: -0.0053
  Episode_Reward/air_time_variance: -0.0001
        Episode_Reward/feet_height: 0.0000
      Episode_Reward/feet_air_time: -0.0000
Episode_Reward/update_last_buffers: 0.0000
   Episode_Reward/wheel_idle_speed: -0.0012
    Episode_Reward/wheel_action_l2: -0.0000
  Episode_Reward/wheel_action_rate: 0.0000
Episode_Reward/teacher_ensemble_match: 0.0000
  Episode_Reward/wheel_forward_use: 0.0624
 Episode_Reward/wheel_turn_support: 0.0000
   Metrics/locomotion/error_vel_xy: 0.2906
  Metrics/locomotion/error_vel_yaw: 0.3090
      Episode_Termination/time_out: 1.0000
   Episode_Termination/bad_contact: 0.0000
          Episode_Termination/tilt: 0.0000
    Episode_Termination/low_height: 0.0000
--------------------------------------------------------------------------------
                   Total timesteps: 66048
                    Iteration time: 3.54s
                      Time elapsed: 00:02:35
                               ETA: 00:04:42

################################################################################
                      [1m Learning iteration 43/120 [0m                       

                       Computation: 435 steps/s (collection: 3.456s, learning 0.071s)
             Mean action noise std: 0.06
          Mean value_function loss: 0.7126
               Mean surrogate loss: -0.0182
                 Mean entropy loss: -23.3487
                       Mean reward: -39.61
               Mean episode length: 300.00
   Episode_Reward/term_bad_contact: 0.0000
          Episode_Reward/term_tilt: 0.0000
    Episode_Reward/term_low_height: 0.0000
      Episode_Reward/leg_action_l2: -0.0002
   Episode_Reward/tracking_lin_vel: 0.5100
Episode_Reward/tracking_lin_vel_x_exp: 0.7074
Episode_Reward/tracking_ang_vel_yaw_l1: 0.0000
Episode_Reward/tracking_ang_vel_yaw_exp: 0.6241
Episode_Reward/tracking_lin_vel_y_l2: 0.0000
Episode_Reward/tracking_lin_vel_z_l2: 0.0000
            Episode_Reward/survive: 0.0000
    Episode_Reward/foot_contacts_z: 0.0000
            Episode_Reward/torques: -0.1681
 Episode_Reward/tracking_lin_vel_y: 0.0000
          Episode_Reward/lin_vel_z: -0.0026
         Episode_Reward/ang_vel_xy: -0.0017
   Episode_Reward/tracking_ang_vel: 0.2294
               Episode_Reward/work: -0.0189
            Episode_Reward/dof_acc: -0.0003
        Episode_Reward/action_rate: -0.0003
     Episode_Reward/dof_pos_limits: 0.0000
      Episode_Reward/delta_torques: -0.0001
          Episode_Reward/collision: -6.6600
        Episode_Reward/walking_dof: 0.0126
            Episode_Reward/hip_pos: -0.0007
          Episode_Reward/feet_jerk: 0.0000
              Episode_Reward/alive: 0.3000
          Episode_Reward/feet_drag: -0.0045
Episode_Reward/feet_contact_forces: -0.1938
               Episode_Reward/roll: -0.0043
        Episode_Reward/base_height: -0.0222
Episode_Reward/tracking_lin_vel_max: 0.2432
Episode_Reward/flat_orientation_l2: -0.0214
  Episode_Reward/air_time_variance: -0.0001
        Episode_Reward/feet_height: 0.0000
      Episode_Reward/feet_air_time: -0.0000
Episode_Reward/update_last_buffers: 0.0000
   Episode_Reward/wheel_idle_speed: -0.0009
    Episode_Reward/wheel_action_l2: -0.0000
  Episode_Reward/wheel_action_rate: 0.0000
Episode_Reward/teacher_ensemble_match: 0.0000
  Episode_Reward/wheel_forward_use: 0.0509
 Episode_Reward/wheel_turn_support: 0.0000
   Metrics/locomotion/error_vel_xy: 0.2828
  Metrics/locomotion/error_vel_yaw: 0.3578
      Episode_Termination/time_out: 1.0000
   Episode_Termination/bad_contact: 0.0000
          Episode_Termination/tilt: 0.0000
    Episode_Termination/low_height: 0.0000
--------------------------------------------------------------------------------
                   Total timesteps: 67584
                    Iteration time: 3.53s
                      Time elapsed: 00:02:39
                               ETA: 00:04:38

################################################################################
                      [1m Learning iteration 44/120 [0m                       

                       Computation: 436 steps/s (collection: 3.448s, learning 0.071s)
             Mean action noise std: 0.06
          Mean value_function loss: 0.6712
               Mean surrogate loss: -0.0152
                 Mean entropy loss: -23.3487
                       Mean reward: -40.16
               Mean episode length: 300.00
   Episode_Reward/term_bad_contact: 0.0000
          Episode_Reward/term_tilt: 0.0000
    Episode_Reward/term_low_height: 0.0000
      Episode_Reward/leg_action_l2: -0.0002
   Episode_Reward/tracking_lin_vel: 0.5063
Episode_Reward/tracking_lin_vel_x_exp: 0.7876
Episode_Reward/tracking_ang_vel_yaw_l1: 0.0000
Episode_Reward/tracking_ang_vel_yaw_exp: 0.4887
Episode_Reward/tracking_lin_vel_y_l2: 0.0000
Episode_Reward/tracking_lin_vel_z_l2: 0.0000
            Episode_Reward/survive: 0.0000
    Episode_Reward/foot_contacts_z: 0.0000
            Episode_Reward/torques: -0.1304
 Episode_Reward/tracking_lin_vel_y: 0.0000
          Episode_Reward/lin_vel_z: -0.0026
         Episode_Reward/ang_vel_xy: -0.0020
   Episode_Reward/tracking_ang_vel: 0.2055
               Episode_Reward/work: -0.0206
            Episode_Reward/dof_acc: -0.0004
        Episode_Reward/action_rate: -0.0003
     Episode_Reward/dof_pos_limits: 0.0000
      Episode_Reward/delta_torques: -0.0001
          Episode_Reward/collision: -6.1983
        Episode_Reward/walking_dof: 0.0150
            Episode_Reward/hip_pos: -0.0004
          Episode_Reward/feet_jerk: 0.0000
              Episode_Reward/alive: 0.3000
          Episode_Reward/feet_drag: -0.0051
Episode_Reward/feet_contact_forces: -0.1947
               Episode_Reward/roll: -0.0053
        Episode_Reward/base_height: -0.0194
Episode_Reward/tracking_lin_vel_max: 0.2167
Episode_Reward/flat_orientation_l2: -0.0082
  Episode_Reward/air_time_variance: -0.0001
        Episode_Reward/feet_height: 0.0000
      Episode_Reward/feet_air_time: -0.0001
Episode_Reward/update_last_buffers: 0.0000
   Episode_Reward/wheel_idle_speed: -0.0007
    Episode_Reward/wheel_action_l2: -0.0000
  Episode_Reward/wheel_action_rate: 0.0000
Episode_Reward/teacher_ensemble_match: 0.0000
  Episode_Reward/wheel_forward_use: 0.0522
 Episode_Reward/wheel_turn_support: 0.0000
   Metrics/locomotion/error_vel_xy: 0.2719
  Metrics/locomotion/error_vel_yaw: 0.4424
      Episode_Termination/time_out: 1.0000
   Episode_Termination/bad_contact: 0.0000
          Episode_Termination/tilt: 0.0000
    Episode_Termination/low_height: 0.0000
--------------------------------------------------------------------------------
                   Total timesteps: 69120
                    Iteration time: 3.52s
                      Time elapsed: 00:02:42
                               ETA: 00:04:35

################################################################################
                      [1m Learning iteration 45/120 [0m                       

                       Computation: 437 steps/s (collection: 3.439s, learning 0.070s)
             Mean action noise std: 0.06
          Mean value_function loss: 0.3788
               Mean surrogate loss: -0.0209
                 Mean entropy loss: -23.3487
                       Mean reward: -39.96
               Mean episode length: 300.00
   Episode_Reward/term_bad_contact: 0.0000
          Episode_Reward/term_tilt: 0.0000
    Episode_Reward/term_low_height: 0.0000
      Episode_Reward/leg_action_l2: -0.0002
   Episode_Reward/tracking_lin_vel: 0.5151
Episode_Reward/tracking_lin_vel_x_exp: 0.8285
Episode_Reward/tracking_ang_vel_yaw_l1: 0.0000
Episode_Reward/tracking_ang_vel_yaw_exp: 0.4956
Episode_Reward/tracking_lin_vel_y_l2: 0.0000
Episode_Reward/tracking_lin_vel_z_l2: 0.0000
            Episode_Reward/survive: 0.0000
    Episode_Reward/foot_contacts_z: 0.0000
            Episode_Reward/torques: -0.1193
 Episode_Reward/tracking_lin_vel_y: 0.0000
          Episode_Reward/lin_vel_z: -0.0026
         Episode_Reward/ang_vel_xy: -0.0021
   Episode_Reward/tracking_ang_vel: 0.2035
               Episode_Reward/work: -0.0214
            Episode_Reward/dof_acc: -0.0004
        Episode_Reward/action_rate: -0.0004
     Episode_Reward/dof_pos_limits: 0.0000
      Episode_Reward/delta_torques: -0.0001
          Episode_Reward/collision: -6.1454
        Episode_Reward/walking_dof: 0.0136
            Episode_Reward/hip_pos: -0.0003
          Episode_Reward/feet_jerk: 0.0000
              Episode_Reward/alive: 0.3000
          Episode_Reward/feet_drag: -0.0052
Episode_Reward/feet_contact_forces: -0.1948
               Episode_Reward/roll: -0.0052
        Episode_Reward/base_height: -0.0203
Episode_Reward/tracking_lin_vel_max: 0.2390
Episode_Reward/flat_orientation_l2: -0.0066
  Episode_Reward/air_time_variance: -0.0001
        Episode_Reward/feet_height: 0.0000
      Episode_Reward/feet_air_time: -0.0001
Episode_Reward/update_last_buffers: 0.0000
   Episode_Reward/wheel_idle_speed: -0.0009
    Episode_Reward/wheel_action_l2: -0.0000
  Episode_Reward/wheel_action_rate: 0.0000
Episode_Reward/teacher_ensemble_match: 0.0000
  Episode_Reward/wheel_forward_use: 0.0502
 Episode_Reward/wheel_turn_support: 0.0000
   Metrics/locomotion/error_vel_xy: 0.2535
  Metrics/locomotion/error_vel_yaw: 0.4506
      Episode_Termination/time_out: 1.0000
   Episode_Termination/bad_contact: 0.0000
          Episode_Termination/tilt: 0.0000
    Episode_Termination/low_height: 0.0000
--------------------------------------------------------------------------------
                   Total timesteps: 70656
                    Iteration time: 3.51s
                      Time elapsed: 00:02:46
                               ETA: 00:04:31

################################################################################
                      [1m Learning iteration 46/120 [0m                       

                       Computation: 433 steps/s (collection: 3.471s, learning 0.070s)
             Mean action noise std: 0.06
          Mean value_function loss: 0.8176
               Mean surrogate loss: -0.0209
                 Mean entropy loss: -23.3487
                       Mean reward: -40.25
               Mean episode length: 300.00
   Episode_Reward/term_bad_contact: 0.0000
          Episode_Reward/term_tilt: 0.0000
    Episode_Reward/term_low_height: 0.0000
      Episode_Reward/leg_action_l2: -0.0004
   Episode_Reward/tracking_lin_vel: 0.4557
Episode_Reward/tracking_lin_vel_x_exp: 0.5677
Episode_Reward/tracking_ang_vel_yaw_l1: 0.0000
Episode_Reward/tracking_ang_vel_yaw_exp: 0.6231
Episode_Reward/tracking_lin_vel_y_l2: 0.0000
Episode_Reward/tracking_lin_vel_z_l2: 0.0000
            Episode_Reward/survive: 0.0000
    Episode_Reward/foot_contacts_z: 0.0000
            Episode_Reward/torques: -0.1322
 Episode_Reward/tracking_lin_vel_y: 0.0000
          Episode_Reward/lin_vel_z: -0.0026
         Episode_Reward/ang_vel_xy: -0.0024
   Episode_Reward/tracking_ang_vel: 0.2247
               Episode_Reward/work: -0.0208
            Episode_Reward/dof_acc: -0.0005
        Episode_Reward/action_rate: -0.0005
     Episode_Reward/dof_pos_limits: 0.0000
      Episode_Reward/delta_torques: -0.0001
          Episode_Reward/collision: -5.9708
        Episode_Reward/walking_dof: 0.0190
            Episode_Reward/hip_pos: -0.0002
          Episode_Reward/feet_jerk: 0.0000
              Episode_Reward/alive: 0.3000
          Episode_Reward/feet_drag: -0.0057
Episode_Reward/feet_contact_forces: -0.1942
               Episode_Reward/roll: -0.0049
        Episode_Reward/base_height: -0.0150
Episode_Reward/tracking_lin_vel_max: 0.1417
Episode_Reward/flat_orientation_l2: -0.0016
  Episode_Reward/air_time_variance: -0.0001
        Episode_Reward/feet_height: 0.0000
      Episode_Reward/feet_air_time: -0.0001
Episode_Reward/update_last_buffers: 0.0000
   Episode_Reward/wheel_idle_speed: -0.0008
    Episode_Reward/wheel_action_l2: -0.0000
  Episode_Reward/wheel_action_rate: 0.0000
Episode_Reward/teacher_ensemble_match: 0.0000
  Episode_Reward/wheel_forward_use: 0.0749
 Episode_Reward/wheel_turn_support: 0.0000
   Metrics/locomotion/error_vel_xy: 0.3736
  Metrics/locomotion/error_vel_yaw: 0.3717
      Episode_Termination/time_out: 1.0000
   Episode_Termination/bad_contact: 0.0000
          Episode_Termination/tilt: 0.0000
    Episode_Termination/low_height: 0.0000
--------------------------------------------------------------------------------
                   Total timesteps: 72192
                    Iteration time: 3.54s
                      Time elapsed: 00:02:49
                               ETA: 00:04:27

################################################################################
                      [1m Learning iteration 47/120 [0m                       

                       Computation: 435 steps/s (collection: 3.460s, learning 0.070s)
             Mean action noise std: 0.06
          Mean value_function loss: 0.8350
               Mean surrogate loss: -0.0189
                 Mean entropy loss: -23.3487
                       Mean reward: -40.93
               Mean episode length: 300.00
   Episode_Reward/term_bad_contact: 0.0000
          Episode_Reward/term_tilt: 0.0000
    Episode_Reward/term_low_height: 0.0000
      Episode_Reward/leg_action_l2: -0.0002
   Episode_Reward/tracking_lin_vel: 0.5004
Episode_Reward/tracking_lin_vel_x_exp: 0.7430
Episode_Reward/tracking_ang_vel_yaw_l1: 0.0000
Episode_Reward/tracking_ang_vel_yaw_exp: 0.7445
Episode_Reward/tracking_lin_vel_y_l2: 0.0000
Episode_Reward/tracking_lin_vel_z_l2: 0.0000
            Episode_Reward/survive: 0.0000
    Episode_Reward/foot_contacts_z: 0.0000
            Episode_Reward/torques: -0.1910
 Episode_Reward/tracking_lin_vel_y: 0.0000
          Episode_Reward/lin_vel_z: -0.0026
         Episode_Reward/ang_vel_xy: -0.0020
   Episode_Reward/tracking_ang_vel: 0.2449
               Episode_Reward/work: -0.0200
            Episode_Reward/dof_acc: -0.0004
        Episode_Reward/action_rate: -0.0003
     Episode_Reward/dof_pos_limits: 0.0000
      Episode_Reward/delta_torques: -0.0002
          Episode_Reward/collision: -7.0171
        Episode_Reward/walking_dof: 0.0142
            Episode_Reward/hip_pos: -0.0009
          Episode_Reward/feet_jerk: 0.0000
              Episode_Reward/alive: 0.3000
          Episode_Reward/feet_drag: -0.0045
Episode_Reward/feet_contact_forces: -0.1926
               Episode_Reward/roll: -0.0048
        Episode_Reward/base_height: -0.0238
Episode_Reward/tracking_lin_vel_max: 0.2524
Episode_Reward/flat_orientation_l2: -0.0284
  Episode_Reward/air_time_variance: -0.0001
        Episode_Reward/feet_height: 0.0000
      Episode_Reward/feet_air_time: -0.0000
Episode_Reward/update_last_buffers: 0.0000
   Episode_Reward/wheel_idle_speed: -0.0005
    Episode_Reward/wheel_action_l2: -0.0000
  Episode_Reward/wheel_action_rate: 0.0000
Episode_Reward/teacher_ensemble_match: 0.0000
  Episode_Reward/wheel_forward_use: 0.0577
 Episode_Reward/wheel_turn_support: 0.0000
   Metrics/locomotion/error_vel_xy: 0.2844
  Metrics/locomotion/error_vel_yaw: 0.2939
      Episode_Termination/time_out: 1.0000
   Episode_Termination/bad_contact: 0.0000
          Episode_Termination/tilt: 0.0000
    Episode_Termination/low_height: 0.0000
--------------------------------------------------------------------------------
                   Total timesteps: 73728
                    Iteration time: 3.53s
                      Time elapsed: 00:02:53
                               ETA: 00:04:23

################################################################################
                      [1m Learning iteration 48/120 [0m                       

                       Computation: 439 steps/s (collection: 3.424s, learning 0.069s)
             Mean action noise std: 0.06
          Mean value_function loss: 0.6372
               Mean surrogate loss: -0.0285
                 Mean entropy loss: -23.3487
                       Mean reward: -41.00
               Mean episode length: 300.00
   Episode_Reward/term_bad_contact: 0.0000
          Episode_Reward/term_tilt: 0.0000
    Episode_Reward/term_low_height: 0.0000
      Episode_Reward/leg_action_l2: -0.0005
   Episode_Reward/tracking_lin_vel: 0.5082
Episode_Reward/tracking_lin_vel_x_exp: 0.7746
Episode_Reward/tracking_ang_vel_yaw_l1: 0.0000
Episode_Reward/tracking_ang_vel_yaw_exp: 0.6454
Episode_Reward/tracking_lin_vel_y_l2: 0.0000
Episode_Reward/tracking_lin_vel_z_l2: 0.0000
            Episode_Reward/survive: 0.0000
    Episode_Reward/foot_contacts_z: 0.0000
            Episode_Reward/torques: -0.1167
 Episode_Reward/tracking_lin_vel_y: 0.0000
          Episode_Reward/lin_vel_z: -0.0032
         Episode_Reward/ang_vel_xy: -0.0039
   Episode_Reward/tracking_ang_vel: 0.2201
               Episode_Reward/work: -0.0305
            Episode_Reward/dof_acc: -0.0008
        Episode_Reward/action_rate: -0.0007
     Episode_Reward/dof_pos_limits: 0.0000
      Episode_Reward/delta_torques: -0.0001
          Episode_Reward/collision: -5.9879
        Episode_Reward/walking_dof: 0.0135
            Episode_Reward/hip_pos: -0.0006
          Episode_Reward/feet_jerk: 0.0000
              Episode_Reward/alive: 0.3000
          Episode_Reward/feet_drag: -0.0075
Episode_Reward/feet_contact_forces: -0.1956
               Episode_Reward/roll: -0.0044
        Episode_Reward/base_height: -0.0175
Episode_Reward/tracking_lin_vel_max: 0.2362
Episode_Reward/flat_orientation_l2: -0.0045
  Episode_Reward/air_time_variance: -0.0001
        Episode_Reward/feet_height: 0.0000
      Episode_Reward/feet_air_time: -0.0000
Episode_Reward/update_last_buffers: 0.0000
   Episode_Reward/wheel_idle_speed: -0.0020
    Episode_Reward/wheel_action_l2: -0.0000
  Episode_Reward/wheel_action_rate: 0.0000
Episode_Reward/teacher_ensemble_match: 0.0000
  Episode_Reward/wheel_forward_use: 0.0603
 Episode_Reward/wheel_turn_support: 0.0000
   Metrics/locomotion/error_vel_xy: 0.2774
  Metrics/locomotion/error_vel_yaw: 0.3943
      Episode_Termination/time_out: 1.0000
   Episode_Termination/bad_contact: 0.0000
          Episode_Termination/tilt: 0.0000
    Episode_Termination/low_height: 0.0000
--------------------------------------------------------------------------------
                   Total timesteps: 75264
                    Iteration time: 3.49s
                      Time elapsed: 00:02:56
                               ETA: 00:04:20

################################################################################
                      [1m Learning iteration 49/120 [0m                       

                       Computation: 437 steps/s (collection: 3.439s, learning 0.074s)
             Mean action noise std: 0.06
          Mean value_function loss: 0.3081
               Mean surrogate loss: -0.0005
                 Mean entropy loss: -23.3487
                       Mean reward: -40.64
               Mean episode length: 300.00
   Episode_Reward/term_bad_contact: 0.0000
          Episode_Reward/term_tilt: 0.0000
    Episode_Reward/term_low_height: 0.0000
      Episode_Reward/leg_action_l2: -0.0005
   Episode_Reward/tracking_lin_vel: 0.5019
Episode_Reward/tracking_lin_vel_x_exp: 0.7663
Episode_Reward/tracking_ang_vel_yaw_l1: 0.0000
Episode_Reward/tracking_ang_vel_yaw_exp: 0.7022
Episode_Reward/tracking_lin_vel_y_l2: 0.0000
Episode_Reward/tracking_lin_vel_z_l2: 0.0000
            Episode_Reward/survive: 0.0000
    Episode_Reward/foot_contacts_z: 0.0000
            Episode_Reward/torques: -0.1277
 Episode_Reward/tracking_lin_vel_y: 0.0000
          Episode_Reward/lin_vel_z: -0.0031
         Episode_Reward/ang_vel_xy: -0.0037
   Episode_Reward/tracking_ang_vel: 0.2268
               Episode_Reward/work: -0.0295
            Episode_Reward/dof_acc: -0.0010
        Episode_Reward/action_rate: -0.0006
     Episode_Reward/dof_pos_limits: 0.0000
      Episode_Reward/delta_torques: -0.0001
          Episode_Reward/collision: -5.9938
        Episode_Reward/walking_dof: 0.0115
            Episode_Reward/hip_pos: -0.0006
          Episode_Reward/feet_jerk: 0.0000
              Episode_Reward/alive: 0.3000
          Episode_Reward/feet_drag: -0.0074
Episode_Reward/feet_contact_forces: -0.1952
               Episode_Reward/roll: -0.0040
        Episode_Reward/base_height: -0.0168
Episode_Reward/tracking_lin_vel_max: 0.2754
Episode_Reward/flat_orientation_l2: -0.0059
  Episode_Reward/air_time_variance: -0.0001
        Episode_Reward/feet_height: 0.0000
      Episode_Reward/feet_air_time: -0.0000
Episode_Reward/update_last_buffers: 0.0000
   Episode_Reward/wheel_idle_speed: -0.0022
    Episode_Reward/wheel_action_l2: -0.0000
  Episode_Reward/wheel_action_rate: 0.0000
Episode_Reward/teacher_ensemble_match: 0.0000
  Episode_Reward/wheel_forward_use: 0.0506
 Episode_Reward/wheel_turn_support: 0.0000
   Metrics/locomotion/error_vel_xy: 0.2838
  Metrics/locomotion/error_vel_yaw: 0.3677
      Episode_Termination/time_out: 1.0000
   Episode_Termination/bad_contact: 0.0000
          Episode_Termination/tilt: 0.0000
    Episode_Termination/low_height: 0.0000
--------------------------------------------------------------------------------
                   Total timesteps: 76800
                    Iteration time: 3.51s
                      Time elapsed: 00:03:00
                               ETA: 00:04:16

################################################################################
                      [1m Learning iteration 50/120 [0m                       

                       Computation: 436 steps/s (collection: 3.452s, learning 0.070s)
             Mean action noise std: 0.06
          Mean value_function loss: 0.4738
               Mean surrogate loss: -0.0100
                 Mean entropy loss: -23.3487
                       Mean reward: -40.67
               Mean episode length: 300.00
   Episode_Reward/term_bad_contact: 0.0000
          Episode_Reward/term_tilt: 0.0000
    Episode_Reward/term_low_height: 0.0000
      Episode_Reward/leg_action_l2: -0.0003
   Episode_Reward/tracking_lin_vel: 0.5223
Episode_Reward/tracking_lin_vel_x_exp: 0.7976
Episode_Reward/tracking_ang_vel_yaw_l1: 0.0000
Episode_Reward/tracking_ang_vel_yaw_exp: 0.6861
Episode_Reward/tracking_lin_vel_y_l2: 0.0000
Episode_Reward/tracking_lin_vel_z_l2: 0.0000
            Episode_Reward/survive: 0.0000
    Episode_Reward/foot_contacts_z: 0.0000
            Episode_Reward/torques: -0.1478
 Episode_Reward/tracking_lin_vel_y: 0.0000
          Episode_Reward/lin_vel_z: -0.0028
         Episode_Reward/ang_vel_xy: -0.0022
   Episode_Reward/tracking_ang_vel: 0.2336
               Episode_Reward/work: -0.0230
            Episode_Reward/dof_acc: -0.0004
        Episode_Reward/action_rate: -0.0004
     Episode_Reward/dof_pos_limits: 0.0000
      Episode_Reward/delta_torques: -0.0001
          Episode_Reward/collision: -6.5052
        Episode_Reward/walking_dof: 0.0052
            Episode_Reward/hip_pos: -0.0008
          Episode_Reward/feet_jerk: 0.0000
              Episode_Reward/alive: 0.3000
          Episode_Reward/feet_drag: -0.0046
Episode_Reward/feet_contact_forces: -0.1958
               Episode_Reward/roll: -0.0030
        Episode_Reward/base_height: -0.0180
Episode_Reward/tracking_lin_vel_max: 0.3533
Episode_Reward/flat_orientation_l2: -0.0147
  Episode_Reward/air_time_variance: -0.0002
        Episode_Reward/feet_height: 0.0000
      Episode_Reward/feet_air_time: -0.0000
Episode_Reward/update_last_buffers: 0.0000
   Episode_Reward/wheel_idle_speed: -0.0014
    Episode_Reward/wheel_action_l2: -0.0000
  Episode_Reward/wheel_action_rate: 0.0000
Episode_Reward/teacher_ensemble_match: 0.0000
  Episode_Reward/wheel_forward_use: 0.0169
 Episode_Reward/wheel_turn_support: 0.0000
   Metrics/locomotion/error_vel_xy: 0.2503
  Metrics/locomotion/error_vel_yaw: 0.3369
      Episode_Termination/time_out: 1.0000
   Episode_Termination/bad_contact: 0.0000
          Episode_Termination/tilt: 0.0000
    Episode_Termination/low_height: 0.0000
--------------------------------------------------------------------------------
                   Total timesteps: 78336
                    Iteration time: 3.52s
                      Time elapsed: 00:03:04
                               ETA: 00:04:12

################################################################################
                      [1m Learning iteration 51/120 [0m                       

                       Computation: 430 steps/s (collection: 3.497s, learning 0.070s)
             Mean action noise std: 0.06
          Mean value_function loss: 0.6424
               Mean surrogate loss: -0.0167
                 Mean entropy loss: -23.3487
                       Mean reward: -40.48
               Mean episode length: 300.00
   Episode_Reward/term_bad_contact: 0.0000
          Episode_Reward/term_tilt: 0.0000
    Episode_Reward/term_low_height: 0.0000
      Episode_Reward/leg_action_l2: -0.0005
   Episode_Reward/tracking_lin_vel: 0.5016
Episode_Reward/tracking_lin_vel_x_exp: 0.7445
Episode_Reward/tracking_ang_vel_yaw_l1: 0.0000
Episode_Reward/tracking_ang_vel_yaw_exp: 0.6185
Episode_Reward/tracking_lin_vel_y_l2: 0.0000
Episode_Reward/tracking_lin_vel_z_l2: 0.0000
            Episode_Reward/survive: 0.0000
    Episode_Reward/foot_contacts_z: 0.0000
            Episode_Reward/torques: -0.1520
 Episode_Reward/tracking_lin_vel_y: 0.0000
          Episode_Reward/lin_vel_z: -0.0031
         Episode_Reward/ang_vel_xy: -0.0039
   Episode_Reward/tracking_ang_vel: 0.2190
               Episode_Reward/work: -0.0308
            Episode_Reward/dof_acc: -0.0007
        Episode_Reward/action_rate: -0.0007
     Episode_Reward/dof_pos_limits: 0.0000
      Episode_Reward/delta_torques: -0.0001
          Episode_Reward/collision: -6.3046
        Episode_Reward/walking_dof: 0.0132
            Episode_Reward/hip_pos: -0.0009
          Episode_Reward/feet_jerk: 0.0000
              Episode_Reward/alive: 0.3000
          Episode_Reward/feet_drag: -0.0073
Episode_Reward/feet_contact_forces: -0.1946
               Episode_Reward/roll: -0.0049
        Episode_Reward/base_height: -0.0175
Episode_Reward/tracking_lin_vel_max: 0.2585
Episode_Reward/flat_orientation_l2: -0.0131
  Episode_Reward/air_time_variance: -0.0001
        Episode_Reward/feet_height: 0.0000
      Episode_Reward/feet_air_time: -0.0000
Episode_Reward/update_last_buffers: 0.0000
   Episode_Reward/wheel_idle_speed: -0.0020
    Episode_Reward/wheel_action_l2: -0.0000
  Episode_Reward/wheel_action_rate: 0.0000
Episode_Reward/teacher_ensemble_match: 0.0000
  Episode_Reward/wheel_forward_use: 0.0554
 Episode_Reward/wheel_turn_support: 0.0000
   Metrics/locomotion/error_vel_xy: 0.2875
  Metrics/locomotion/error_vel_yaw: 0.3896
      Episode_Termination/time_out: 1.0000
   Episode_Termination/bad_contact: 0.0000
          Episode_Termination/tilt: 0.0000
    Episode_Termination/low_height: 0.0000
--------------------------------------------------------------------------------
                   Total timesteps: 79872
                    Iteration time: 3.57s
                      Time elapsed: 00:03:07
                               ETA: 00:04:08

################################################################################
                      [1m Learning iteration 52/120 [0m                       

                       Computation: 433 steps/s (collection: 3.475s, learning 0.070s)
             Mean action noise std: 0.06
          Mean value_function loss: 0.7551
               Mean surrogate loss: -0.0165
                 Mean entropy loss: -23.3487
                       Mean reward: -40.86
               Mean episode length: 300.00
   Episode_Reward/term_bad_contact: 0.0000
          Episode_Reward/term_tilt: 0.0000
    Episode_Reward/term_low_height: 0.0000
      Episode_Reward/leg_action_l2: -0.0006
   Episode_Reward/tracking_lin_vel: 0.5012
Episode_Reward/tracking_lin_vel_x_exp: 0.7778
Episode_Reward/tracking_ang_vel_yaw_l1: 0.0000
Episode_Reward/tracking_ang_vel_yaw_exp: 0.5189
Episode_Reward/tracking_lin_vel_y_l2: 0.0000
Episode_Reward/tracking_lin_vel_z_l2: 0.0000
            Episode_Reward/survive: 0.0000
    Episode_Reward/foot_contacts_z: 0.0000
            Episode_Reward/torques: -0.1441
 Episode_Reward/tracking_lin_vel_y: 0.0000
          Episode_Reward/lin_vel_z: -0.0034
         Episode_Reward/ang_vel_xy: -0.0046
   Episode_Reward/tracking_ang_vel: 0.1991
               Episode_Reward/work: -0.0321
            Episode_Reward/dof_acc: -0.0008
        Episode_Reward/action_rate: -0.0008
     Episode_Reward/dof_pos_limits: 0.0000
      Episode_Reward/delta_torques: -0.0001
          Episode_Reward/collision: -6.3646
        Episode_Reward/walking_dof: 0.0132
            Episode_Reward/hip_pos: -0.0009
          Episode_Reward/feet_jerk: 0.0000
              Episode_Reward/alive: 0.3000
          Episode_Reward/feet_drag: -0.0080
Episode_Reward/feet_contact_forces: -0.1944
               Episode_Reward/roll: -0.0045
        Episode_Reward/base_height: -0.0175
Episode_Reward/tracking_lin_vel_max: 0.2388
Episode_Reward/flat_orientation_l2: -0.0114
  Episode_Reward/air_time_variance: -0.0001
        Episode_Reward/feet_height: 0.0000
      Episode_Reward/feet_air_time: -0.0000
Episode_Reward/update_last_buffers: 0.0000
   Episode_Reward/wheel_idle_speed: -0.0020
    Episode_Reward/wheel_action_l2: -0.0000
  Episode_Reward/wheel_action_rate: 0.0000
Episode_Reward/teacher_ensemble_match: 0.0000
  Episode_Reward/wheel_forward_use: 0.0470
 Episode_Reward/wheel_turn_support: 0.0000
   Metrics/locomotion/error_vel_xy: 0.2836
  Metrics/locomotion/error_vel_yaw: 0.4638
      Episode_Termination/time_out: 1.0000
   Episode_Termination/bad_contact: 0.0000
          Episode_Termination/tilt: 0.0000
    Episode_Termination/low_height: 0.0000
--------------------------------------------------------------------------------
                   Total timesteps: 81408
                    Iteration time: 3.54s
                      Time elapsed: 00:03:11
                               ETA: 00:04:05

################################################################################
                      [1m Learning iteration 53/120 [0m                       

                       Computation: 438 steps/s (collection: 3.431s, learning 0.071s)
             Mean action noise std: 0.06
          Mean value_function loss: 0.4816
               Mean surrogate loss: -0.0224
                 Mean entropy loss: -23.3487
                       Mean reward: -40.90
               Mean episode length: 300.00
   Episode_Reward/term_bad_contact: 0.0000
          Episode_Reward/term_tilt: 0.0000
    Episode_Reward/term_low_height: 0.0000
      Episode_Reward/leg_action_l2: -0.0004
   Episode_Reward/tracking_lin_vel: 0.5245
Episode_Reward/tracking_lin_vel_x_exp: 0.7596
Episode_Reward/tracking_ang_vel_yaw_l1: 0.0000
Episode_Reward/tracking_ang_vel_yaw_exp: 0.5527
Episode_Reward/tracking_lin_vel_y_l2: 0.0000
Episode_Reward/tracking_lin_vel_z_l2: 0.0000
            Episode_Reward/survive: 0.0000
    Episode_Reward/foot_contacts_z: 0.0000
            Episode_Reward/torques: -0.1642
 Episode_Reward/tracking_lin_vel_y: 0.0000
          Episode_Reward/lin_vel_z: -0.0028
         Episode_Reward/ang_vel_xy: -0.0022
   Episode_Reward/tracking_ang_vel: 0.2176
               Episode_Reward/work: -0.0219
            Episode_Reward/dof_acc: -0.0004
        Episode_Reward/action_rate: -0.0005
     Episode_Reward/dof_pos_limits: 0.0000
      Episode_Reward/delta_torques: -0.0001
          Episode_Reward/collision: -6.7544
        Episode_Reward/walking_dof: 0.0076
            Episode_Reward/hip_pos: -0.0011
          Episode_Reward/feet_jerk: 0.0000
              Episode_Reward/alive: 0.3000
          Episode_Reward/feet_drag: -0.0043
Episode_Reward/feet_contact_forces: -0.1931
               Episode_Reward/roll: -0.0065
        Episode_Reward/base_height: -0.0214
Episode_Reward/tracking_lin_vel_max: 0.3351
Episode_Reward/flat_orientation_l2: -0.0207
  Episode_Reward/air_time_variance: -0.0001
        Episode_Reward/feet_height: 0.0000
      Episode_Reward/feet_air_time: -0.0001
Episode_Reward/update_last_buffers: 0.0000
   Episode_Reward/wheel_idle_speed: -0.0009
    Episode_Reward/wheel_action_l2: -0.0000
  Episode_Reward/wheel_action_rate: 0.0000
Episode_Reward/teacher_ensemble_match: 0.0000
  Episode_Reward/wheel_forward_use: 0.0318
 Episode_Reward/wheel_turn_support: 0.0000
   Metrics/locomotion/error_vel_xy: 0.2561
  Metrics/locomotion/error_vel_yaw: 0.4033
      Episode_Termination/time_out: 1.0000
   Episode_Termination/bad_contact: 0.0000
          Episode_Termination/tilt: 0.0000
    Episode_Termination/low_height: 0.0000
--------------------------------------------------------------------------------
                   Total timesteps: 82944
                    Iteration time: 3.50s
                      Time elapsed: 00:03:14
                               ETA: 00:04:01

################################################################################
                      [1m Learning iteration 54/120 [0m                       

                       Computation: 431 steps/s (collection: 3.488s, learning 0.070s)
             Mean action noise std: 0.06
          Mean value_function loss: 0.9005
               Mean surrogate loss: -0.0203
                 Mean entropy loss: -23.3487
                       Mean reward: -40.73
               Mean episode length: 300.00
   Episode_Reward/term_bad_contact: 0.0000
          Episode_Reward/term_tilt: 0.0000
    Episode_Reward/term_low_height: 0.0000
      Episode_Reward/leg_action_l2: -0.0006
   Episode_Reward/tracking_lin_vel: 0.5025
Episode_Reward/tracking_lin_vel_x_exp: 0.7640
Episode_Reward/tracking_ang_vel_yaw_l1: 0.0000
Episode_Reward/tracking_ang_vel_yaw_exp: 0.6367
Episode_Reward/tracking_lin_vel_y_l2: 0.0000
Episode_Reward/tracking_lin_vel_z_l2: 0.0000
            Episode_Reward/survive: 0.0000
    Episode_Reward/foot_contacts_z: 0.0000
            Episode_Reward/torques: -0.1363
 Episode_Reward/tracking_lin_vel_y: 0.0000
          Episode_Reward/lin_vel_z: -0.0034
         Episode_Reward/ang_vel_xy: -0.0041
   Episode_Reward/tracking_ang_vel: 0.2248
               Episode_Reward/work: -0.0284
            Episode_Reward/dof_acc: -0.0008
        Episode_Reward/action_rate: -0.0008
     Episode_Reward/dof_pos_limits: 0.0000
      Episode_Reward/delta_torques: -0.0001
          Episode_Reward/collision: -6.1396
        Episode_Reward/walking_dof: 0.0093
            Episode_Reward/hip_pos: -0.0008
          Episode_Reward/feet_jerk: 0.0000
              Episode_Reward/alive: 0.3000
          Episode_Reward/feet_drag: -0.0070
Episode_Reward/feet_contact_forces: -0.1946
               Episode_Reward/roll: -0.0063
        Episode_Reward/base_height: -0.0156
Episode_Reward/tracking_lin_vel_max: 0.2959
Episode_Reward/flat_orientation_l2: -0.0076
  Episode_Reward/air_time_variance: -0.0004
        Episode_Reward/feet_height: 0.0000
      Episode_Reward/feet_air_time: -0.0000
Episode_Reward/update_last_buffers: 0.0000
   Episode_Reward/wheel_idle_speed: -0.0021
    Episode_Reward/wheel_action_l2: -0.0000
  Episode_Reward/wheel_action_rate: 0.0000
Episode_Reward/teacher_ensemble_match: 0.0000
  Episode_Reward/wheel_forward_use: 0.0323
 Episode_Reward/wheel_turn_support: 0.0000
   Metrics/locomotion/error_vel_xy: 0.2838
  Metrics/locomotion/error_vel_yaw: 0.3741
      Episode_Termination/time_out: 1.0000
   Episode_Termination/bad_contact: 0.0000
          Episode_Termination/tilt: 0.0000
    Episode_Termination/low_height: 0.0000
--------------------------------------------------------------------------------
                   Total timesteps: 84480
                    Iteration time: 3.56s
                      Time elapsed: 00:03:18
                               ETA: 00:03:57

################################################################################
                      [1m Learning iteration 55/120 [0m                       

                       Computation: 437 steps/s (collection: 3.443s, learning 0.070s)
             Mean action noise std: 0.06
          Mean value_function loss: 0.6549
               Mean surrogate loss: -0.0112
                 Mean entropy loss: -23.3487
                       Mean reward: -41.11
               Mean episode length: 300.00
   Episode_Reward/term_bad_contact: 0.0000
          Episode_Reward/term_tilt: 0.0000
    Episode_Reward/term_low_height: 0.0000
      Episode_Reward/leg_action_l2: -0.0004
   Episode_Reward/tracking_lin_vel: 0.4831
Episode_Reward/tracking_lin_vel_x_exp: 0.6533
Episode_Reward/tracking_ang_vel_yaw_l1: 0.0000
Episode_Reward/tracking_ang_vel_yaw_exp: 0.6632
Episode_Reward/tracking_lin_vel_y_l2: 0.0000
Episode_Reward/tracking_lin_vel_z_l2: 0.0000
            Episode_Reward/survive: 0.0000
    Episode_Reward/foot_contacts_z: 0.0000
            Episode_Reward/torques: -0.1945
 Episode_Reward/tracking_lin_vel_y: 0.0000
          Episode_Reward/lin_vel_z: -0.0034
         Episode_Reward/ang_vel_xy: -0.0040
   Episode_Reward/tracking_ang_vel: 0.2307
               Episode_Reward/work: -0.0280
            Episode_Reward/dof_acc: -0.0007
        Episode_Reward/action_rate: -0.0005
     Episode_Reward/dof_pos_limits: 0.0000
      Episode_Reward/delta_torques: -0.0002
          Episode_Reward/collision: -6.8029
        Episode_Reward/walking_dof: 0.0148
            Episode_Reward/hip_pos: -0.0018
          Episode_Reward/feet_jerk: 0.0000
              Episode_Reward/alive: 0.3000
          Episode_Reward/feet_drag: -0.0062
Episode_Reward/feet_contact_forces: -0.1934
               Episode_Reward/roll: -0.0044
        Episode_Reward/base_height: -0.0226
Episode_Reward/tracking_lin_vel_max: 0.2446
Episode_Reward/flat_orientation_l2: -0.0297
  Episode_Reward/air_time_variance: -0.0011
        Episode_Reward/feet_height: 0.0000
      Episode_Reward/feet_air_time: -0.0000
Episode_Reward/update_last_buffers: 0.0000
   Episode_Reward/wheel_idle_speed: -0.0013
    Episode_Reward/wheel_action_l2: -0.0000
  Episode_Reward/wheel_action_rate: 0.0000
Episode_Reward/teacher_ensemble_match: 0.0000
  Episode_Reward/wheel_forward_use: 0.0565
 Episode_Reward/wheel_turn_support: 0.0000
   Metrics/locomotion/error_vel_xy: 0.3267
  Metrics/locomotion/error_vel_yaw: 0.3579
      Episode_Termination/time_out: 1.0000
   Episode_Termination/bad_contact: 0.0000
          Episode_Termination/tilt: 0.0000
    Episode_Termination/low_height: 0.0000
--------------------------------------------------------------------------------
                   Total timesteps: 86016
                    Iteration time: 3.51s
                      Time elapsed: 00:03:21
                               ETA: 00:03:54

################################################################################
                      [1m Learning iteration 56/120 [0m                       

                       Computation: 439 steps/s (collection: 3.420s, learning 0.072s)
             Mean action noise std: 0.06
          Mean value_function loss: 0.5819
               Mean surrogate loss: -0.0123
                 Mean entropy loss: -23.3487
                       Mean reward: -41.23
               Mean episode length: 300.00
   Episode_Reward/term_bad_contact: 0.0000
          Episode_Reward/term_tilt: 0.0000
    Episode_Reward/term_low_height: 0.0000
      Episode_Reward/leg_action_l2: -0.0007
   Episode_Reward/tracking_lin_vel: 0.5105
Episode_Reward/tracking_lin_vel_x_exp: 0.7282
Episode_Reward/tracking_ang_vel_yaw_l1: 0.0000
Episode_Reward/tracking_ang_vel_yaw_exp: 0.5960
Episode_Reward/tracking_lin_vel_y_l2: 0.0000
Episode_Reward/tracking_lin_vel_z_l2: 0.0000
            Episode_Reward/survive: 0.0000
    Episode_Reward/foot_contacts_z: 0.0000
            Episode_Reward/torques: -0.1323
 Episode_Reward/tracking_lin_vel_y: 0.0000
          Episode_Reward/lin_vel_z: -0.0036
         Episode_Reward/ang_vel_xy: -0.0041
   Episode_Reward/tracking_ang_vel: 0.2120
               Episode_Reward/work: -0.0287
            Episode_Reward/dof_acc: -0.0008
        Episode_Reward/action_rate: -0.0009
     Episode_Reward/dof_pos_limits: 0.0000
      Episode_Reward/delta_torques: -0.0001
          Episode_Reward/collision: -6.1075
        Episode_Reward/walking_dof: 0.0060
            Episode_Reward/hip_pos: -0.0009
          Episode_Reward/feet_jerk: 0.0000
              Episode_Reward/alive: 0.3000
          Episode_Reward/feet_drag: -0.0069
Episode_Reward/feet_contact_forces: -0.1958
               Episode_Reward/roll: -0.0064
        Episode_Reward/base_height: -0.0144
Episode_Reward/tracking_lin_vel_max: 0.3399
Episode_Reward/flat_orientation_l2: -0.0055
  Episode_Reward/air_time_variance: -0.0001
        Episode_Reward/feet_height: 0.0000
      Episode_Reward/feet_air_time: -0.0000
Episode_Reward/update_last_buffers: 0.0000
   Episode_Reward/wheel_idle_speed: -0.0021
    Episode_Reward/wheel_action_l2: -0.0000
  Episode_Reward/wheel_action_rate: 0.0000
Episode_Reward/teacher_ensemble_match: 0.0000
  Episode_Reward/wheel_forward_use: 0.0176
 Episode_Reward/wheel_turn_support: 0.0000
   Metrics/locomotion/error_vel_xy: 0.2809
  Metrics/locomotion/error_vel_yaw: 0.4326
      Episode_Termination/time_out: 1.0000
   Episode_Termination/bad_contact: 0.0000
          Episode_Termination/tilt: 0.0000
    Episode_Termination/low_height: 0.0000
--------------------------------------------------------------------------------
                   Total timesteps: 87552
                    Iteration time: 3.49s
                      Time elapsed: 00:03:25
                               ETA: 00:03:50

################################################################################
                      [1m Learning iteration 57/120 [0m                       

                       Computation: 442 steps/s (collection: 3.402s, learning 0.071s)
             Mean action noise std: 0.06
          Mean value_function loss: 0.3325
               Mean surrogate loss: -0.0098
                 Mean entropy loss: -23.3487
                       Mean reward: -41.34
               Mean episode length: 300.00
   Episode_Reward/term_bad_contact: 0.0000
          Episode_Reward/term_tilt: 0.0000
    Episode_Reward/term_low_height: 0.0000
      Episode_Reward/leg_action_l2: -0.0007
   Episode_Reward/tracking_lin_vel: 0.4608
Episode_Reward/tracking_lin_vel_x_exp: 0.5051
Episode_Reward/tracking_ang_vel_yaw_l1: 0.0000
Episode_Reward/tracking_ang_vel_yaw_exp: 0.7666
Episode_Reward/tracking_lin_vel_y_l2: 0.0000
Episode_Reward/tracking_lin_vel_z_l2: 0.0000
            Episode_Reward/survive: 0.0000
    Episode_Reward/foot_contacts_z: 0.0000
            Episode_Reward/torques: -0.1188
 Episode_Reward/tracking_lin_vel_y: 0.0000
          Episode_Reward/lin_vel_z: -0.0028
         Episode_Reward/ang_vel_xy: -0.0059
   Episode_Reward/tracking_ang_vel: 0.2509
               Episode_Reward/work: -0.0216
            Episode_Reward/dof_acc: -0.0007
        Episode_Reward/action_rate: -0.0014
     Episode_Reward/dof_pos_limits: 0.0000
      Episode_Reward/delta_torques: -0.0001
          Episode_Reward/collision: -5.9700
        Episode_Reward/walking_dof: 0.0281
            Episode_Reward/hip_pos: -0.0004
          Episode_Reward/feet_jerk: 0.0000
              Episode_Reward/alive: 0.3000
          Episode_Reward/feet_drag: -0.0049
Episode_Reward/feet_contact_forces: -0.1932
               Episode_Reward/roll: -0.0123
        Episode_Reward/base_height: -0.0179
Episode_Reward/tracking_lin_vel_max: -0.0042
Episode_Reward/flat_orientation_l2: -0.0023
  Episode_Reward/air_time_variance: -0.0001
        Episode_Reward/feet_height: 0.0000
      Episode_Reward/feet_air_time: -0.0001
Episode_Reward/update_last_buffers: 0.0000
   Episode_Reward/wheel_idle_speed: 0.0000
    Episode_Reward/wheel_action_l2: -0.0000
  Episode_Reward/wheel_action_rate: 0.0000
Episode_Reward/teacher_ensemble_match: 0.0000
  Episode_Reward/wheel_forward_use: 0.1280
 Episode_Reward/wheel_turn_support: 0.0000
   Metrics/locomotion/error_vel_xy: 0.3787
  Metrics/locomotion/error_vel_yaw: 0.2743
      Episode_Termination/time_out: 1.0000
   Episode_Termination/bad_contact: 0.0000
          Episode_Termination/tilt: 0.0000
    Episode_Termination/low_height: 0.0000
--------------------------------------------------------------------------------
                   Total timesteps: 89088
                    Iteration time: 3.47s
                      Time elapsed: 00:03:28
                               ETA: 00:03:46

################################################################################
                      [1m Learning iteration 58/120 [0m                       

                       Computation: 418 steps/s (collection: 3.598s, learning 0.071s)
             Mean action noise std: 0.06
          Mean value_function loss: 0.6687
               Mean surrogate loss: -0.0054
                 Mean entropy loss: -23.3487
                       Mean reward: -41.32
               Mean episode length: 300.00
   Episode_Reward/term_bad_contact: 0.0000
          Episode_Reward/term_tilt: 0.0000
    Episode_Reward/term_low_height: 0.0000
      Episode_Reward/leg_action_l2: -0.0007
   Episode_Reward/tracking_lin_vel: 0.4899
Episode_Reward/tracking_lin_vel_x_exp: 0.6690
Episode_Reward/tracking_ang_vel_yaw_l1: 0.0000
Episode_Reward/tracking_ang_vel_yaw_exp: 0.5566
Episode_Reward/tracking_lin_vel_y_l2: 0.0000
Episode_Reward/tracking_lin_vel_z_l2: 0.0000
            Episode_Reward/survive: 0.0000
    Episode_Reward/foot_contacts_z: 0.0000
            Episode_Reward/torques: -0.1690
 Episode_Reward/tracking_lin_vel_y: 0.0000
          Episode_Reward/lin_vel_z: -0.0036
         Episode_Reward/ang_vel_xy: -0.0051
   Episode_Reward/tracking_ang_vel: 0.2137
               Episode_Reward/work: -0.0284
            Episode_Reward/dof_acc: -0.0008
        Episode_Reward/action_rate: -0.0009
     Episode_Reward/dof_pos_limits: 0.0000
      Episode_Reward/delta_torques: -0.0001
          Episode_Reward/collision: -6.1213
        Episode_Reward/walking_dof: 0.0193
            Episode_Reward/hip_pos: -0.0017
          Episode_Reward/feet_jerk: 0.0000
              Episode_Reward/alive: 0.3000
          Episode_Reward/feet_drag: -0.0069
Episode_Reward/feet_contact_forces: -0.1948
               Episode_Reward/roll: -0.0067
        Episode_Reward/base_height: -0.0190
Episode_Reward/tracking_lin_vel_max: 0.1573
Episode_Reward/flat_orientation_l2: -0.0176
  Episode_Reward/air_time_variance: -0.0009
        Episode_Reward/feet_height: 0.0000
      Episode_Reward/feet_air_time: -0.0001
Episode_Reward/update_last_buffers: 0.0000
   Episode_Reward/wheel_idle_speed: -0.0017
    Episode_Reward/wheel_action_l2: -0.0000
  Episode_Reward/wheel_action_rate: 0.0000
Episode_Reward/teacher_ensemble_match: 0.0000
  Episode_Reward/wheel_forward_use: 0.0806
 Episode_Reward/wheel_turn_support: 0.0000
   Metrics/locomotion/error_vel_xy: 0.3167
  Metrics/locomotion/error_vel_yaw: 0.4265
      Episode_Termination/time_out: 1.0000
   Episode_Termination/bad_contact: 0.0000
          Episode_Termination/tilt: 0.0000
    Episode_Termination/low_height: 0.0000
--------------------------------------------------------------------------------
                   Total timesteps: 90624
                    Iteration time: 3.67s
                      Time elapsed: 00:03:32
                               ETA: 00:03:43

################################################################################
                      [1m Learning iteration 59/120 [0m                       

                       Computation: 427 steps/s (collection: 3.525s, learning 0.071s)
             Mean action noise std: 0.06
          Mean value_function loss: 0.6602
               Mean surrogate loss: -0.0117
                 Mean entropy loss: -23.3487
                       Mean reward: -41.70
               Mean episode length: 300.00
   Episode_Reward/term_bad_contact: 0.0000
          Episode_Reward/term_tilt: 0.0000
    Episode_Reward/term_low_height: 0.0000
      Episode_Reward/leg_action_l2: -0.0003
   Episode_Reward/tracking_lin_vel: 0.5254
Episode_Reward/tracking_lin_vel_x_exp: 0.8886
Episode_Reward/tracking_ang_vel_yaw_l1: 0.0000
Episode_Reward/tracking_ang_vel_yaw_exp: 0.7135
Episode_Reward/tracking_lin_vel_y_l2: 0.0000
Episode_Reward/tracking_lin_vel_z_l2: 0.0000
            Episode_Reward/survive: 0.0000
    Episode_Reward/foot_contacts_z: 0.0000
            Episode_Reward/torques: -0.2448
 Episode_Reward/tracking_lin_vel_y: 0.0000
          Episode_Reward/lin_vel_z: -0.0032
         Episode_Reward/ang_vel_xy: -0.0029
   Episode_Reward/tracking_ang_vel: 0.2371
               Episode_Reward/work: -0.0230
            Episode_Reward/dof_acc: -0.0005
        Episode_Reward/action_rate: -0.0004
     Episode_Reward/dof_pos_limits: 0.0000
      Episode_Reward/delta_torques: -0.0002
          Episode_Reward/collision: -7.2838
        Episode_Reward/walking_dof: 0.0091
            Episode_Reward/hip_pos: -0.0023
          Episode_Reward/feet_jerk: 0.0000
              Episode_Reward/alive: 0.3000
          Episode_Reward/feet_drag: -0.0048
Episode_Reward/feet_contact_forces: -0.1921
               Episode_Reward/roll: -0.0039
        Episode_Reward/base_height: -0.0259
Episode_Reward/tracking_lin_vel_max: 0.3153
Episode_Reward/flat_orientation_l2: -0.0441
  Episode_Reward/air_time_variance: -0.0005
        Episode_Reward/feet_height: 0.0000
      Episode_Reward/feet_air_time: -0.0000
Episode_Reward/update_last_buffers: 0.0000
   Episode_Reward/wheel_idle_speed: -0.0012
    Episode_Reward/wheel_action_l2: -0.0000
  Episode_Reward/wheel_action_rate: 0.0000
Episode_Reward/teacher_ensemble_match: 0.0000
  Episode_Reward/wheel_forward_use: 0.0381
 Episode_Reward/wheel_turn_support: 0.0000
   Metrics/locomotion/error_vel_xy: 0.2269
  Metrics/locomotion/error_vel_yaw: 0.3241
      Episode_Termination/time_out: 1.0000
   Episode_Termination/bad_contact: 0.0000
          Episode_Termination/tilt: 0.0000
    Episode_Termination/low_height: 0.0000
--------------------------------------------------------------------------------
                   Total timesteps: 92160
                    Iteration time: 3.60s
                      Time elapsed: 00:03:35
                               ETA: 00:03:39

################################################################################
                      [1m Learning iteration 60/120 [0m                       

                       Computation: 424 steps/s (collection: 3.545s, learning 0.071s)
             Mean action noise std: 0.06
          Mean value_function loss: 0.6200
               Mean surrogate loss: -0.0151
                 Mean entropy loss: -23.3487
                       Mean reward: -42.01
               Mean episode length: 300.00
   Episode_Reward/term_bad_contact: 0.0000
          Episode_Reward/term_tilt: 0.0000
    Episode_Reward/term_low_height: 0.0000
      Episode_Reward/leg_action_l2: -0.0005
   Episode_Reward/tracking_lin_vel: 0.5371
Episode_Reward/tracking_lin_vel_x_exp: 0.8955
Episode_Reward/tracking_ang_vel_yaw_l1: 0.0000
Episode_Reward/tracking_ang_vel_yaw_exp: 0.6874
Episode_Reward/tracking_lin_vel_y_l2: 0.0000
Episode_Reward/tracking_lin_vel_z_l2: 0.0000
            Episode_Reward/survive: 0.0000
    Episode_Reward/foot_contacts_z: 0.0000
            Episode_Reward/torques: -0.2343
 Episode_Reward/tracking_lin_vel_y: 0.0000
          Episode_Reward/lin_vel_z: -0.0033
         Episode_Reward/ang_vel_xy: -0.0029
   Episode_Reward/tracking_ang_vel: 0.2342
               Episode_Reward/work: -0.0230
            Episode_Reward/dof_acc: -0.0006
        Episode_Reward/action_rate: -0.0006
     Episode_Reward/dof_pos_limits: 0.0000
      Episode_Reward/delta_torques: -0.0002
          Episode_Reward/collision: -7.3583
        Episode_Reward/walking_dof: 0.0042
            Episode_Reward/hip_pos: -0.0023
          Episode_Reward/feet_jerk: 0.0000
              Episode_Reward/alive: 0.3000
          Episode_Reward/feet_drag: -0.0049
Episode_Reward/feet_contact_forces: -0.1920
               Episode_Reward/roll: -0.0047
        Episode_Reward/base_height: -0.0261
Episode_Reward/tracking_lin_vel_max: 0.3724
Episode_Reward/flat_orientation_l2: -0.0406
  Episode_Reward/air_time_variance: -0.0001
        Episode_Reward/feet_height: 0.0000
      Episode_Reward/feet_air_time: -0.0000
Episode_Reward/update_last_buffers: 0.0000
   Episode_Reward/wheel_idle_speed: -0.0015
    Episode_Reward/wheel_action_l2: -0.0000
  Episode_Reward/wheel_action_rate: 0.0000
Episode_Reward/teacher_ensemble_match: 0.0000
  Episode_Reward/wheel_forward_use: 0.0124
 Episode_Reward/wheel_turn_support: 0.0000
   Metrics/locomotion/error_vel_xy: 0.2141
  Metrics/locomotion/error_vel_yaw: 0.3434
      Episode_Termination/time_out: 1.0000
   Episode_Termination/bad_contact: 0.0000
          Episode_Termination/tilt: 0.0000
    Episode_Termination/low_height: 0.0000
--------------------------------------------------------------------------------
                   Total timesteps: 93696
                    Iteration time: 3.62s
                      Time elapsed: 00:03:39
                               ETA: 00:03:35

################################################################################
                      [1m Learning iteration 61/120 [0m                       

                       Computation: 438 steps/s (collection: 3.429s, learning 0.070s)
             Mean action noise std: 0.06
          Mean value_function loss: 0.3747
               Mean surrogate loss: -0.0206
                 Mean entropy loss: -23.3487
                       Mean reward: -42.67
               Mean episode length: 300.00
   Episode_Reward/term_bad_contact: 0.0000
          Episode_Reward/term_tilt: 0.0000
    Episode_Reward/term_low_height: 0.0000
      Episode_Reward/leg_action_l2: -0.0002
   Episode_Reward/tracking_lin_vel: 0.4506
Episode_Reward/tracking_lin_vel_x_exp: 0.5748
Episode_Reward/tracking_ang_vel_yaw_l1: 0.0000
Episode_Reward/tracking_ang_vel_yaw_exp: 0.7148
Episode_Reward/tracking_lin_vel_y_l2: 0.0000
Episode_Reward/tracking_lin_vel_z_l2: 0.0000
            Episode_Reward/survive: 0.0000
    Episode_Reward/foot_contacts_z: 0.0000
            Episode_Reward/torques: -0.2893
 Episode_Reward/tracking_lin_vel_y: 0.0000
          Episode_Reward/lin_vel_z: -0.0029
         Episode_Reward/ang_vel_xy: -0.0013
   Episode_Reward/tracking_ang_vel: 0.2558
               Episode_Reward/work: -0.0168
            Episode_Reward/dof_acc: -0.0002
        Episode_Reward/action_rate: -0.0001
     Episode_Reward/dof_pos_limits: 0.0000
      Episode_Reward/delta_torques: -0.0002
          Episode_Reward/collision: -7.7958
        Episode_Reward/walking_dof: 0.0210
            Episode_Reward/hip_pos: -0.0028
          Episode_Reward/feet_jerk: 0.0000
              Episode_Reward/alive: 0.3000
          Episode_Reward/feet_drag: -0.0027
Episode_Reward/feet_contact_forces: -0.1924
               Episode_Reward/roll: -0.0025
        Episode_Reward/base_height: -0.0335
Episode_Reward/tracking_lin_vel_max: 0.1374
Episode_Reward/flat_orientation_l2: -0.0585
  Episode_Reward/air_time_variance: -0.0060
        Episode_Reward/feet_height: 0.0000
      Episode_Reward/feet_air_time: -0.0001
Episode_Reward/update_last_buffers: 0.0000
   Episode_Reward/wheel_idle_speed: -0.0002
    Episode_Reward/wheel_action_l2: -0.0000
  Episode_Reward/wheel_action_rate: 0.0000
Episode_Reward/teacher_ensemble_match: 0.0000
  Episode_Reward/wheel_forward_use: 0.0835
 Episode_Reward/wheel_turn_support: 0.0000
   Metrics/locomotion/error_vel_xy: 0.3783
  Metrics/locomotion/error_vel_yaw: 0.2761
      Episode_Termination/time_out: 1.0000
   Episode_Termination/bad_contact: 0.0000
          Episode_Termination/tilt: 0.0000
    Episode_Termination/low_height: 0.0000
--------------------------------------------------------------------------------
                   Total timesteps: 95232
                    Iteration time: 3.50s
                      Time elapsed: 00:03:43
                               ETA: 00:03:32

################################################################################
                      [1m Learning iteration 62/120 [0m                       

                       Computation: 429 steps/s (collection: 3.504s, learning 0.073s)
             Mean action noise std: 0.06
          Mean value_function loss: 0.5102
               Mean surrogate loss: -0.0004
                 Mean entropy loss: -23.3487
                       Mean reward: -42.92
               Mean episode length: 300.00
   Episode_Reward/term_bad_contact: 0.0000
          Episode_Reward/term_tilt: 0.0000
    Episode_Reward/term_low_height: 0.0000
      Episode_Reward/leg_action_l2: -0.0007
   Episode_Reward/tracking_lin_vel: 0.5008
Episode_Reward/tracking_lin_vel_x_exp: 0.7467
Episode_Reward/tracking_ang_vel_yaw_l1: 0.0000
Episode_Reward/tracking_ang_vel_yaw_exp: 0.4606
Episode_Reward/tracking_lin_vel_y_l2: 0.0000
Episode_Reward/tracking_lin_vel_z_l2: 0.0000
            Episode_Reward/survive: 0.0000
    Episode_Reward/foot_contacts_z: 0.0000
            Episode_Reward/torques: -0.2045
 Episode_Reward/tracking_lin_vel_y: 0.0000
          Episode_Reward/lin_vel_z: -0.0036
         Episode_Reward/ang_vel_xy: -0.0045
   Episode_Reward/tracking_ang_vel: 0.1943
               Episode_Reward/work: -0.0275
            Episode_Reward/dof_acc: -0.0007
        Episode_Reward/action_rate: -0.0007
     Episode_Reward/dof_pos_limits: 0.0000
      Episode_Reward/delta_torques: -0.0002
          Episode_Reward/collision: -7.0675
        Episode_Reward/walking_dof: 0.0154
            Episode_Reward/hip_pos: -0.0017
          Episode_Reward/feet_jerk: 0.0000
              Episode_Reward/alive: 0.3000
          Episode_Reward/feet_drag: -0.0062
Episode_Reward/feet_contact_forces: -0.1932
               Episode_Reward/roll: -0.0052
        Episode_Reward/base_height: -0.0244
Episode_Reward/tracking_lin_vel_max: 0.2124
Episode_Reward/flat_orientation_l2: -0.0321
  Episode_Reward/air_time_variance: -0.0032
        Episode_Reward/feet_height: 0.0000
      Episode_Reward/feet_air_time: -0.0000
Episode_Reward/update_last_buffers: 0.0000
   Episode_Reward/wheel_idle_speed: -0.0020
    Episode_Reward/wheel_action_l2: -0.0000
  Episode_Reward/wheel_action_rate: 0.0000
Episode_Reward/teacher_ensemble_match: 0.0000
  Episode_Reward/wheel_forward_use: 0.0560
 Episode_Reward/wheel_turn_support: 0.0000
   Metrics/locomotion/error_vel_xy: 0.2914
  Metrics/locomotion/error_vel_yaw: 0.4994
      Episode_Termination/time_out: 1.0000
   Episode_Termination/bad_contact: 0.0000
          Episode_Termination/tilt: 0.0000
    Episode_Termination/low_height: 0.0000
--------------------------------------------------------------------------------
                   Total timesteps: 96768
                    Iteration time: 3.58s
                      Time elapsed: 00:03:46
                               ETA: 00:03:28

################################################################################
                      [1m Learning iteration 63/120 [0m                       

                       Computation: 429 steps/s (collection: 3.508s, learning 0.071s)
             Mean action noise std: 0.06
          Mean value_function loss: 0.6062
               Mean surrogate loss: -0.0026
                 Mean entropy loss: -23.3487
                       Mean reward: -42.74
               Mean episode length: 300.00
   Episode_Reward/term_bad_contact: 0.0000
          Episode_Reward/term_tilt: 0.0000
    Episode_Reward/term_low_height: 0.0000
      Episode_Reward/leg_action_l2: -0.0013
   Episode_Reward/tracking_lin_vel: 0.5492
Episode_Reward/tracking_lin_vel_x_exp: 0.9919
Episode_Reward/tracking_ang_vel_yaw_l1: 0.0000
Episode_Reward/tracking_ang_vel_yaw_exp: 0.7246
Episode_Reward/tracking_lin_vel_y_l2: 0.0000
Episode_Reward/tracking_lin_vel_z_l2: 0.0000
            Episode_Reward/survive: 0.0000
    Episode_Reward/foot_contacts_z: 0.0000
            Episode_Reward/torques: -0.1491
 Episode_Reward/tracking_lin_vel_y: 0.0000
          Episode_Reward/lin_vel_z: -0.0035
         Episode_Reward/ang_vel_xy: -0.0048
   Episode_Reward/tracking_ang_vel: 0.2374
               Episode_Reward/work: -0.0271
            Episode_Reward/dof_acc: -0.0007
        Episode_Reward/action_rate: -0.0010
     Episode_Reward/dof_pos_limits: 0.0000
      Episode_Reward/delta_torques: -0.0001
          Episode_Reward/collision: -6.2146
        Episode_Reward/walking_dof: 0.0071
            Episode_Reward/hip_pos: -0.0013
          Episode_Reward/feet_jerk: 0.0000
              Episode_Reward/alive: 0.3000
          Episode_Reward/feet_drag: -0.0059
Episode_Reward/feet_contact_forces: -0.1993
               Episode_Reward/roll: -0.0093
        Episode_Reward/base_height: -0.0157
Episode_Reward/tracking_lin_vel_max: 0.3388
Episode_Reward/flat_orientation_l2: -0.0130
  Episode_Reward/air_time_variance: -0.0037
        Episode_Reward/feet_height: 0.0000
      Episode_Reward/feet_air_time: -0.0000
Episode_Reward/update_last_buffers: 0.0000
   Episode_Reward/wheel_idle_speed: -0.0023
    Episode_Reward/wheel_action_l2: -0.0000
  Episode_Reward/wheel_action_rate: 0.0000
Episode_Reward/teacher_ensemble_match: 0.0000
  Episode_Reward/wheel_forward_use: 0.0322
 Episode_Reward/wheel_turn_support: 0.0000
   Metrics/locomotion/error_vel_xy: 0.1857
  Metrics/locomotion/error_vel_yaw: 0.3353
      Episode_Termination/time_out: 1.0000
   Episode_Termination/bad_contact: 0.0000
          Episode_Termination/tilt: 0.0000
    Episode_Termination/low_height: 0.0000
--------------------------------------------------------------------------------
                   Total timesteps: 98304
                    Iteration time: 3.58s
                      Time elapsed: 00:03:50
                               ETA: 00:03:25

################################################################################
                      [1m Learning iteration 64/120 [0m                       

                       Computation: 426 steps/s (collection: 3.528s, learning 0.077s)
             Mean action noise std: 0.06
          Mean value_function loss: 0.4015
               Mean surrogate loss: -0.0101
                 Mean entropy loss: -23.3487
                       Mean reward: -43.17
               Mean episode length: 300.00
   Episode_Reward/term_bad_contact: 0.0000
          Episode_Reward/term_tilt: 0.0000
    Episode_Reward/term_low_height: 0.0000
      Episode_Reward/leg_action_l2: -0.0009
   Episode_Reward/tracking_lin_vel: 0.5269
Episode_Reward/tracking_lin_vel_x_exp: 0.8596
Episode_Reward/tracking_ang_vel_yaw_l1: 0.0000
Episode_Reward/tracking_ang_vel_yaw_exp: 0.6520
Episode_Reward/tracking_lin_vel_y_l2: 0.0000
Episode_Reward/tracking_lin_vel_z_l2: 0.0000
            Episode_Reward/survive: 0.0000
    Episode_Reward/foot_contacts_z: 0.0000
            Episode_Reward/torques: -0.1858
 Episode_Reward/tracking_lin_vel_y: 0.0000
          Episode_Reward/lin_vel_z: -0.0039
         Episode_Reward/ang_vel_xy: -0.0062
   Episode_Reward/tracking_ang_vel: 0.2131
               Episode_Reward/work: -0.0306
            Episode_Reward/dof_acc: -0.0010
        Episode_Reward/action_rate: -0.0010
     Episode_Reward/dof_pos_limits: 0.0000
      Episode_Reward/delta_torques: -0.0002
          Episode_Reward/collision: -6.8988
        Episode_Reward/walking_dof: 0.0099
            Episode_Reward/hip_pos: -0.0017
          Episode_Reward/feet_jerk: 0.0000
              Episode_Reward/alive: 0.3000
          Episode_Reward/feet_drag: -0.0074
Episode_Reward/feet_contact_forces: -0.1937
               Episode_Reward/roll: -0.0056
        Episode_Reward/base_height: -0.0216
Episode_Reward/tracking_lin_vel_max: 0.2793
Episode_Reward/flat_orientation_l2: -0.0278
  Episode_Reward/air_time_variance: -0.0016
        Episode_Reward/feet_height: 0.0000
      Episode_Reward/feet_air_time: -0.0000
Episode_Reward/update_last_buffers: 0.0000
   Episode_Reward/wheel_idle_speed: -0.0039
    Episode_Reward/wheel_action_l2: -0.0000
  Episode_Reward/wheel_action_rate: 0.0000
Episode_Reward/teacher_ensemble_match: 0.0000
  Episode_Reward/wheel_forward_use: 0.0459
 Episode_Reward/wheel_turn_support: 0.0000
   Metrics/locomotion/error_vel_xy: 0.2444
  Metrics/locomotion/error_vel_yaw: 0.4129
      Episode_Termination/time_out: 1.0000
   Episode_Termination/bad_contact: 0.0000
          Episode_Termination/tilt: 0.0000
    Episode_Termination/low_height: 0.0000
--------------------------------------------------------------------------------
                   Total timesteps: 99840
                    Iteration time: 3.60s
                      Time elapsed: 00:03:53
                               ETA: 00:03:21

################################################################################
                      [1m Learning iteration 65/120 [0m                       

                       Computation: 430 steps/s (collection: 3.499s, learning 0.071s)
             Mean action noise std: 0.06
          Mean value_function loss: 0.8451
               Mean surrogate loss: -0.0101
                 Mean entropy loss: -23.3487
                       Mean reward: -43.94
               Mean episode length: 300.00
   Episode_Reward/term_bad_contact: 0.0000
          Episode_Reward/term_tilt: 0.0000
    Episode_Reward/term_low_height: 0.0000
      Episode_Reward/leg_action_l2: -0.0005
   Episode_Reward/tracking_lin_vel: 0.5225
Episode_Reward/tracking_lin_vel_x_exp: 0.8045
Episode_Reward/tracking_ang_vel_yaw_l1: 0.0000
Episode_Reward/tracking_ang_vel_yaw_exp: 0.7674
Episode_Reward/tracking_lin_vel_y_l2: 0.0000
Episode_Reward/tracking_lin_vel_z_l2: 0.0000
            Episode_Reward/survive: 0.0000
    Episode_Reward/foot_contacts_z: 0.0000
            Episode_Reward/torques: -0.2378
 Episode_Reward/tracking_lin_vel_y: 0.0000
          Episode_Reward/lin_vel_z: -0.0030
         Episode_Reward/ang_vel_xy: -0.0026
   Episode_Reward/tracking_ang_vel: 0.2428
               Episode_Reward/work: -0.0192
            Episode_Reward/dof_acc: -0.0004
        Episode_Reward/action_rate: -0.0004
     Episode_Reward/dof_pos_limits: 0.0000
      Episode_Reward/delta_torques: -0.0002
          Episode_Reward/collision: -7.5125
        Episode_Reward/walking_dof: 0.0107
            Episode_Reward/hip_pos: -0.0030
          Episode_Reward/feet_jerk: 0.0000
              Episode_Reward/alive: 0.3000
          Episode_Reward/feet_drag: -0.0038
Episode_Reward/feet_contact_forces: -0.1909
               Episode_Reward/roll: -0.0037
        Episode_Reward/base_height: -0.0253
Episode_Reward/tracking_lin_vel_max: 0.2823
Episode_Reward/flat_orientation_l2: -0.0457
  Episode_Reward/air_time_variance: -0.0037
        Episode_Reward/feet_height: 0.0000
      Episode_Reward/feet_air_time: -0.0000
Episode_Reward/update_last_buffers: 0.0000
   Episode_Reward/wheel_idle_speed: -0.0011
    Episode_Reward/wheel_action_l2: -0.0000
  Episode_Reward/wheel_action_rate: 0.0000
Episode_Reward/teacher_ensemble_match: 0.0000
  Episode_Reward/wheel_forward_use: 0.0430
 Episode_Reward/wheel_turn_support: 0.0000
   Metrics/locomotion/error_vel_xy: 0.2486
  Metrics/locomotion/error_vel_yaw: 0.3038
      Episode_Termination/time_out: 1.0000
   Episode_Termination/bad_contact: 0.0000
          Episode_Termination/tilt: 0.0000
    Episode_Termination/low_height: 0.0000
--------------------------------------------------------------------------------
                   Total timesteps: 101376
                    Iteration time: 3.57s
                      Time elapsed: 00:03:57
                               ETA: 00:03:17

################################################################################
                      [1m Learning iteration 66/120 [0m                       

                       Computation: 424 steps/s (collection: 3.541s, learning 0.073s)
             Mean action noise std: 0.06
          Mean value_function loss: 0.7882
               Mean surrogate loss: -0.0154
                 Mean entropy loss: -23.3487
                       Mean reward: -44.75
               Mean episode length: 300.00
   Episode_Reward/term_bad_contact: 0.0000
          Episode_Reward/term_tilt: 0.0000
    Episode_Reward/term_low_height: 0.0000
      Episode_Reward/leg_action_l2: -0.0007
   Episode_Reward/tracking_lin_vel: 0.4988
Episode_Reward/tracking_lin_vel_x_exp: 0.7371
Episode_Reward/tracking_ang_vel_yaw_l1: 0.0000
Episode_Reward/tracking_ang_vel_yaw_exp: 0.6817
Episode_Reward/tracking_lin_vel_y_l2: 0.0000
Episode_Reward/tracking_lin_vel_z_l2: 0.0000
            Episode_Reward/survive: 0.0000
    Episode_Reward/foot_contacts_z: 0.0000
            Episode_Reward/torques: -0.2269
 Episode_Reward/tracking_lin_vel_y: 0.0000
          Episode_Reward/lin_vel_z: -0.0037
         Episode_Reward/ang_vel_xy: -0.0048
   Episode_Reward/tracking_ang_vel: 0.2205
               Episode_Reward/work: -0.0278
            Episode_Reward/dof_acc: -0.0008
        Episode_Reward/action_rate: -0.0008
     Episode_Reward/dof_pos_limits: 0.0000
      Episode_Reward/delta_torques: -0.0002
          Episode_Reward/collision: -7.4646
        Episode_Reward/walking_dof: 0.0120
            Episode_Reward/hip_pos: -0.0027
          Episode_Reward/feet_jerk: 0.0000
              Episode_Reward/alive: 0.3000
          Episode_Reward/feet_drag: -0.0061
Episode_Reward/feet_contact_forces: -0.1909
               Episode_Reward/roll: -0.0040
        Episode_Reward/base_height: -0.0258
Episode_Reward/tracking_lin_vel_max: 0.2751
Episode_Reward/flat_orientation_l2: -0.0429
  Episode_Reward/air_time_variance: -0.0065
        Episode_Reward/feet_height: 0.0000
      Episode_Reward/feet_air_time: -0.0000
Episode_Reward/update_last_buffers: 0.0000
   Episode_Reward/wheel_idle_speed: -0.0018
    Episode_Reward/wheel_action_l2: -0.0000
  Episode_Reward/wheel_action_rate: 0.0000
Episode_Reward/teacher_ensemble_match: 0.0000
  Episode_Reward/wheel_forward_use: 0.0398
 Episode_Reward/wheel_turn_support: 0.0000
   Metrics/locomotion/error_vel_xy: 0.2953
  Metrics/locomotion/error_vel_yaw: 0.3948
      Episode_Termination/time_out: 1.0000
   Episode_Termination/bad_contact: 0.0000
          Episode_Termination/tilt: 0.0000
    Episode_Termination/low_height: 0.0000
--------------------------------------------------------------------------------
                   Total timesteps: 102912
                    Iteration time: 3.61s
                      Time elapsed: 00:04:00
                               ETA: 00:03:14

################################################################################
                      [1m Learning iteration 67/120 [0m                       

                       Computation: 425 steps/s (collection: 3.540s, learning 0.073s)
             Mean action noise std: 0.06
          Mean value_function loss: 0.6595
               Mean surrogate loss: -0.0095
                 Mean entropy loss: -23.3487
                       Mean reward: -44.07
               Mean episode length: 300.00
   Episode_Reward/term_bad_contact: 0.0000
          Episode_Reward/term_tilt: 0.0000
    Episode_Reward/term_low_height: 0.0000
      Episode_Reward/leg_action_l2: -0.0013
   Episode_Reward/tracking_lin_vel: 0.5201
Episode_Reward/tracking_lin_vel_x_exp: 0.8369
Episode_Reward/tracking_ang_vel_yaw_l1: 0.0000
Episode_Reward/tracking_ang_vel_yaw_exp: 0.5241
Episode_Reward/tracking_lin_vel_y_l2: 0.0000
Episode_Reward/tracking_lin_vel_z_l2: 0.0000
            Episode_Reward/survive: 0.0000
    Episode_Reward/foot_contacts_z: 0.0000
            Episode_Reward/torques: -0.1678
 Episode_Reward/tracking_lin_vel_y: 0.0000
          Episode_Reward/lin_vel_z: -0.0043
         Episode_Reward/ang_vel_xy: -0.0074
   Episode_Reward/tracking_ang_vel: 0.1879
               Episode_Reward/work: -0.0377
            Episode_Reward/dof_acc: -0.0013
        Episode_Reward/action_rate: -0.0014
     Episode_Reward/dof_pos_limits: 0.0000
      Episode_Reward/delta_torques: -0.0001
          Episode_Reward/collision: -6.4388
        Episode_Reward/walking_dof: 0.0094
            Episode_Reward/hip_pos: -0.0021
          Episode_Reward/feet_jerk: 0.0000
              Episode_Reward/alive: 0.3000
          Episode_Reward/feet_drag: -0.0093
Episode_Reward/feet_contact_forces: -0.1943
               Episode_Reward/roll: -0.0061
        Episode_Reward/base_height: -0.0168
Episode_Reward/tracking_lin_vel_max: 0.2983
Episode_Reward/flat_orientation_l2: -0.0179
  Episode_Reward/air_time_variance: -0.0055
        Episode_Reward/feet_height: 0.0000
      Episode_Reward/feet_air_time: -0.0000
Episode_Reward/update_last_buffers: 0.0000
   Episode_Reward/wheel_idle_speed: -0.0031
    Episode_Reward/wheel_action_l2: -0.0000
  Episode_Reward/wheel_action_rate: 0.0000
Episode_Reward/teacher_ensemble_match: 0.0000
  Episode_Reward/wheel_forward_use: 0.0277
 Episode_Reward/wheel_turn_support: 0.0000
   Metrics/locomotion/error_vel_xy: 0.2565
  Metrics/locomotion/error_vel_yaw: 0.5237
      Episode_Termination/time_out: 1.0000
   Episode_Termination/bad_contact: 0.0000
          Episode_Termination/tilt: 0.0000
    Episode_Termination/low_height: 0.0000
--------------------------------------------------------------------------------
                   Total timesteps: 104448
                    Iteration time: 3.61s
                      Time elapsed: 00:04:04
                               ETA: 00:03:10

################################################################################
                      [1m Learning iteration 68/120 [0m                       

                       Computation: 430 steps/s (collection: 3.490s, learning 0.073s)
             Mean action noise std: 0.06
          Mean value_function loss: 0.5718
               Mean surrogate loss: -0.0159
                 Mean entropy loss: -23.3487
                       Mean reward: -44.53
               Mean episode length: 300.00
   Episode_Reward/term_bad_contact: 0.0000
          Episode_Reward/term_tilt: 0.0000
    Episode_Reward/term_low_height: 0.0000
      Episode_Reward/leg_action_l2: -0.0017
   Episode_Reward/tracking_lin_vel: 0.4861
Episode_Reward/tracking_lin_vel_x_exp: 0.7140
Episode_Reward/tracking_ang_vel_yaw_l1: 0.0000
Episode_Reward/tracking_ang_vel_yaw_exp: 0.3871
Episode_Reward/tracking_lin_vel_y_l2: 0.0000
Episode_Reward/tracking_lin_vel_z_l2: 0.0000
            Episode_Reward/survive: 0.0000
    Episode_Reward/foot_contacts_z: 0.0000
            Episode_Reward/torques: -0.1534
 Episode_Reward/tracking_lin_vel_y: 0.0000
          Episode_Reward/lin_vel_z: -0.0050
         Episode_Reward/ang_vel_xy: -0.0110
   Episode_Reward/tracking_ang_vel: 0.1609
               Episode_Reward/work: -0.0464
            Episode_Reward/dof_acc: -0.0018
        Episode_Reward/action_rate: -0.0018
     Episode_Reward/dof_pos_limits: 0.0000
      Episode_Reward/delta_torques: -0.0001
          Episode_Reward/collision: -6.4848
        Episode_Reward/walking_dof: 0.0140
            Episode_Reward/hip_pos: -0.0018
          Episode_Reward/feet_jerk: 0.0000
              Episode_Reward/alive: 0.3000
          Episode_Reward/feet_drag: -0.0118
Episode_Reward/feet_contact_forces: -0.1936
               Episode_Reward/roll: -0.0059
        Episode_Reward/base_height: -0.0172
Episode_Reward/tracking_lin_vel_max: 0.2207
Episode_Reward/flat_orientation_l2: -0.0154
  Episode_Reward/air_time_variance: -0.0076
        Episode_Reward/feet_height: 0.0000
      Episode_Reward/feet_air_time: -0.0001
Episode_Reward/update_last_buffers: 0.0000
   Episode_Reward/wheel_idle_speed: -0.0056
    Episode_Reward/wheel_action_l2: -0.0000
  Episode_Reward/wheel_action_rate: 0.0000
Episode_Reward/teacher_ensemble_match: 0.0000
  Episode_Reward/wheel_forward_use: 0.0415
 Episode_Reward/wheel_turn_support: 0.0000
   Metrics/locomotion/error_vel_xy: 0.3251
  Metrics/locomotion/error_vel_yaw: 0.6494
      Episode_Termination/time_out: 1.0000
   Episode_Termination/bad_contact: 0.0000
          Episode_Termination/tilt: 0.0000
    Episode_Termination/low_height: 0.0000
--------------------------------------------------------------------------------
                   Total timesteps: 105984
                    Iteration time: 3.56s
                      Time elapsed: 00:04:08
                               ETA: 00:03:07

################################################################################
                      [1m Learning iteration 69/120 [0m                       

                       Computation: 429 steps/s (collection: 3.506s, learning 0.072s)
             Mean action noise std: 0.06
          Mean value_function loss: 0.6195
               Mean surrogate loss: -0.0113
                 Mean entropy loss: -23.3487
                       Mean reward: -44.69
               Mean episode length: 300.00
   Episode_Reward/term_bad_contact: 0.0000
          Episode_Reward/term_tilt: 0.0000
    Episode_Reward/term_low_height: 0.0000
      Episode_Reward/leg_action_l2: -0.0015
   Episode_Reward/tracking_lin_vel: 0.5315
Episode_Reward/tracking_lin_vel_x_exp: 0.9044
Episode_Reward/tracking_ang_vel_yaw_l1: 0.0000
Episode_Reward/tracking_ang_vel_yaw_exp: 0.5634
Episode_Reward/tracking_lin_vel_y_l2: 0.0000
Episode_Reward/tracking_lin_vel_z_l2: 0.0000
            Episode_Reward/survive: 0.0000
    Episode_Reward/foot_contacts_z: 0.0000
            Episode_Reward/torques: -0.1412
 Episode_Reward/tracking_lin_vel_y: 0.0000
          Episode_Reward/lin_vel_z: -0.0040
         Episode_Reward/ang_vel_xy: -0.0082
   Episode_Reward/tracking_ang_vel: 0.2035
               Episode_Reward/work: -0.0371
            Episode_Reward/dof_acc: -0.0012
        Episode_Reward/action_rate: -0.0014
     Episode_Reward/dof_pos_limits: 0.0000
      Episode_Reward/delta_torques: -0.0001
          Episode_Reward/collision: -6.1288
        Episode_Reward/walking_dof: 0.0059
            Episode_Reward/hip_pos: -0.0018
          Episode_Reward/feet_jerk: 0.0000
              Episode_Reward/alive: 0.3000
          Episode_Reward/feet_drag: -0.0092
Episode_Reward/feet_contact_forces: -0.1961
               Episode_Reward/roll: -0.0090
        Episode_Reward/base_height: -0.0129
Episode_Reward/tracking_lin_vel_max: 0.3410
Episode_Reward/flat_orientation_l2: -0.0088
  Episode_Reward/air_time_variance: -0.0071
        Episode_Reward/feet_height: 0.0000
      Episode_Reward/feet_air_time: -0.0000
Episode_Reward/update_last_buffers: 0.0000
   Episode_Reward/wheel_idle_speed: -0.0037
    Episode_Reward/wheel_action_l2: -0.0000
  Episode_Reward/wheel_action_rate: 0.0000
Episode_Reward/teacher_ensemble_match: 0.0000
  Episode_Reward/wheel_forward_use: 0.0191
 Episode_Reward/wheel_turn_support: 0.0000
   Metrics/locomotion/error_vel_xy: 0.2321
  Metrics/locomotion/error_vel_yaw: 0.4622
      Episode_Termination/time_out: 1.0000
   Episode_Termination/bad_contact: 0.0000
          Episode_Termination/tilt: 0.0000
    Episode_Termination/low_height: 0.0000
--------------------------------------------------------------------------------
                   Total timesteps: 107520
                    Iteration time: 3.58s
                      Time elapsed: 00:04:11
                               ETA: 00:03:03

################################################################################
                      [1m Learning iteration 70/120 [0m                       

                       Computation: 425 steps/s (collection: 3.534s, learning 0.073s)
             Mean action noise std: 0.06
          Mean value_function loss: 0.3656
               Mean surrogate loss: -0.0154
                 Mean entropy loss: -23.3487
                       Mean reward: -44.76
               Mean episode length: 300.00
   Episode_Reward/term_bad_contact: 0.0000
          Episode_Reward/term_tilt: 0.0000
    Episode_Reward/term_low_height: 0.0000
      Episode_Reward/leg_action_l2: -0.0015
   Episode_Reward/tracking_lin_vel: 0.5325
Episode_Reward/tracking_lin_vel_x_exp: 0.9415
Episode_Reward/tracking_ang_vel_yaw_l1: 0.0000
Episode_Reward/tracking_ang_vel_yaw_exp: 0.5958
Episode_Reward/tracking_lin_vel_y_l2: 0.0000
Episode_Reward/tracking_lin_vel_z_l2: 0.0000
            Episode_Reward/survive: 0.0000
    Episode_Reward/foot_contacts_z: 0.0000
            Episode_Reward/torques: -0.1435
 Episode_Reward/tracking_lin_vel_y: 0.0000
          Episode_Reward/lin_vel_z: -0.0041
         Episode_Reward/ang_vel_xy: -0.0076
   Episode_Reward/tracking_ang_vel: 0.2113
               Episode_Reward/work: -0.0374
            Episode_Reward/dof_acc: -0.0012
        Episode_Reward/action_rate: -0.0015
     Episode_Reward/dof_pos_limits: 0.0000
      Episode_Reward/delta_torques: -0.0001
          Episode_Reward/collision: -6.0358
        Episode_Reward/walking_dof: 0.0069
            Episode_Reward/hip_pos: -0.0016
          Episode_Reward/feet_jerk: 0.0000
              Episode_Reward/alive: 0.3000
          Episode_Reward/feet_drag: -0.0093
Episode_Reward/feet_contact_forces: -0.1970
               Episode_Reward/roll: -0.0094
        Episode_Reward/base_height: -0.0121
Episode_Reward/tracking_lin_vel_max: 0.3309
Episode_Reward/flat_orientation_l2: -0.0081
  Episode_Reward/air_time_variance: -0.0087
        Episode_Reward/feet_height: 0.0000
      Episode_Reward/feet_air_time: -0.0000
Episode_Reward/update_last_buffers: 0.0000
   Episode_Reward/wheel_idle_speed: -0.0032
    Episode_Reward/wheel_action_l2: -0.0000
  Episode_Reward/wheel_action_rate: 0.0000
Episode_Reward/teacher_ensemble_match: 0.0000
  Episode_Reward/wheel_forward_use: 0.0216
 Episode_Reward/wheel_turn_support: 0.0000
   Metrics/locomotion/error_vel_xy: 0.2250
  Metrics/locomotion/error_vel_yaw: 0.4273
      Episode_Termination/time_out: 1.0000
   Episode_Termination/bad_contact: 0.0000
          Episode_Termination/tilt: 0.0000
    Episode_Termination/low_height: 0.0000
--------------------------------------------------------------------------------
                   Total timesteps: 109056
                    Iteration time: 3.61s
                      Time elapsed: 00:04:15
                               ETA: 00:02:59

################################################################################
                      [1m Learning iteration 71/120 [0m                       

                       Computation: 412 steps/s (collection: 3.645s, learning 0.077s)
             Mean action noise std: 0.06
          Mean value_function loss: 0.7539
               Mean surrogate loss: -0.0126
                 Mean entropy loss: -23.3487
                       Mean reward: -44.77
               Mean episode length: 300.00
   Episode_Reward/term_bad_contact: 0.0000
          Episode_Reward/term_tilt: 0.0000
    Episode_Reward/term_low_height: 0.0000
      Episode_Reward/leg_action_l2: -0.0012
   Episode_Reward/tracking_lin_vel: 0.5085
Episode_Reward/tracking_lin_vel_x_exp: 0.7759
Episode_Reward/tracking_ang_vel_yaw_l1: 0.0000
Episode_Reward/tracking_ang_vel_yaw_exp: 0.6471
Episode_Reward/tracking_lin_vel_y_l2: 0.0000
Episode_Reward/tracking_lin_vel_z_l2: 0.0000
            Episode_Reward/survive: 0.0000
    Episode_Reward/foot_contacts_z: 0.0000
            Episode_Reward/torques: -0.1863
 Episode_Reward/tracking_lin_vel_y: 0.0000
          Episode_Reward/lin_vel_z: -0.0041
         Episode_Reward/ang_vel_xy: -0.0049
   Episode_Reward/tracking_ang_vel: 0.2119
               Episode_Reward/work: -0.0348
            Episode_Reward/dof_acc: -0.0011
        Episode_Reward/action_rate: -0.0013
     Episode_Reward/dof_pos_limits: 0.0000
      Episode_Reward/delta_torques: -0.0002
          Episode_Reward/collision: -6.7271
        Episode_Reward/walking_dof: 0.0123
            Episode_Reward/hip_pos: -0.0016
          Episode_Reward/feet_jerk: 0.0000
              Episode_Reward/alive: 0.3000
          Episode_Reward/feet_drag: -0.0081
Episode_Reward/feet_contact_forces: -0.1949
               Episode_Reward/roll: -0.0071
        Episode_Reward/base_height: -0.0182
Episode_Reward/tracking_lin_vel_max: 0.2431
Episode_Reward/flat_orientation_l2: -0.0219
  Episode_Reward/air_time_variance: -0.0109
        Episode_Reward/feet_height: 0.0000
      Episode_Reward/feet_air_time: -0.0000
Episode_Reward/update_last_buffers: 0.0000
   Episode_Reward/wheel_idle_speed: -0.0027
    Episode_Reward/wheel_action_l2: -0.0000
  Episode_Reward/wheel_action_rate: 0.0000
Episode_Reward/teacher_ensemble_match: 0.0000
  Episode_Reward/wheel_forward_use: 0.0450
 Episode_Reward/wheel_turn_support: 0.0000
   Metrics/locomotion/error_vel_xy: 0.2778
  Metrics/locomotion/error_vel_yaw: 0.4219
      Episode_Termination/time_out: 1.0000
   Episode_Termination/bad_contact: 0.0000
          Episode_Termination/tilt: 0.0000
    Episode_Termination/low_height: 0.0000
--------------------------------------------------------------------------------
                   Total timesteps: 110592
                    Iteration time: 3.72s
                      Time elapsed: 00:04:19
                               ETA: 00:02:56

################################################################################
                      [1m Learning iteration 72/120 [0m                       

                       Computation: 403 steps/s (collection: 3.731s, learning 0.078s)
             Mean action noise std: 0.06
          Mean value_function loss: 0.8524
               Mean surrogate loss: -0.0204
                 Mean entropy loss: -23.3487
                       Mean reward: -44.43
               Mean episode length: 300.00
   Episode_Reward/term_bad_contact: 0.0000
          Episode_Reward/term_tilt: 0.0000
    Episode_Reward/term_low_height: 0.0000
      Episode_Reward/leg_action_l2: -0.0018
   Episode_Reward/tracking_lin_vel: 0.5112
Episode_Reward/tracking_lin_vel_x_exp: 0.8150
Episode_Reward/tracking_ang_vel_yaw_l1: 0.0000
Episode_Reward/tracking_ang_vel_yaw_exp: 0.4458
Episode_Reward/tracking_lin_vel_y_l2: 0.0000
Episode_Reward/tracking_lin_vel_z_l2: 0.0000
            Episode_Reward/survive: 0.0000
    Episode_Reward/foot_contacts_z: 0.0000
            Episode_Reward/torques: -0.1305
 Episode_Reward/tracking_lin_vel_y: 0.0000
          Episode_Reward/lin_vel_z: -0.0050
         Episode_Reward/ang_vel_xy: -0.0084
   Episode_Reward/tracking_ang_vel: 0.1682
               Episode_Reward/work: -0.0478
            Episode_Reward/dof_acc: -0.0017
        Episode_Reward/action_rate: -0.0020
     Episode_Reward/dof_pos_limits: 0.0000
      Episode_Reward/delta_torques: -0.0001
          Episode_Reward/collision: -6.0642
        Episode_Reward/walking_dof: 0.0065
            Episode_Reward/hip_pos: -0.0014
          Episode_Reward/feet_jerk: 0.0000
              Episode_Reward/alive: 0.3000
          Episode_Reward/feet_drag: -0.0118
Episode_Reward/feet_contact_forces: -0.1954
               Episode_Reward/roll: -0.0070
        Episode_Reward/base_height: -0.0128
Episode_Reward/tracking_lin_vel_max: 0.3321
Episode_Reward/flat_orientation_l2: -0.0052
  Episode_Reward/air_time_variance: -0.0126
        Episode_Reward/feet_height: 0.0000
      Episode_Reward/feet_air_time: -0.0000
Episode_Reward/update_last_buffers: 0.0000
   Episode_Reward/wheel_idle_speed: -0.0059
    Episode_Reward/wheel_action_l2: -0.0000
  Episode_Reward/wheel_action_rate: 0.0000
Episode_Reward/teacher_ensemble_match: 0.0000
  Episode_Reward/wheel_forward_use: 0.0226
 Episode_Reward/wheel_turn_support: 0.0000
   Metrics/locomotion/error_vel_xy: 0.2742
  Metrics/locomotion/error_vel_yaw: 0.6077
      Episode_Termination/time_out: 1.0000
   Episode_Termination/bad_contact: 0.0000
          Episode_Termination/tilt: 0.0000
    Episode_Termination/low_height: 0.0000
--------------------------------------------------------------------------------
                   Total timesteps: 112128
                    Iteration time: 3.81s
                      Time elapsed: 00:04:22
                               ETA: 00:02:52

################################################################################
                      [1m Learning iteration 73/120 [0m                       

                       Computation: 405 steps/s (collection: 3.703s, learning 0.083s)
             Mean action noise std: 0.06
          Mean value_function loss: 0.5473
               Mean surrogate loss: -0.0179
                 Mean entropy loss: -23.3487
                       Mean reward: -44.67
               Mean episode length: 300.00
   Episode_Reward/term_bad_contact: 0.0000
          Episode_Reward/term_tilt: 0.0000
    Episode_Reward/term_low_height: 0.0000
      Episode_Reward/leg_action_l2: -0.0013
   Episode_Reward/tracking_lin_vel: 0.5153
Episode_Reward/tracking_lin_vel_x_exp: 0.8091
Episode_Reward/tracking_ang_vel_yaw_l1: 0.0000
Episode_Reward/tracking_ang_vel_yaw_exp: 0.5932
Episode_Reward/tracking_lin_vel_y_l2: 0.0000
Episode_Reward/tracking_lin_vel_z_l2: 0.0000
            Episode_Reward/survive: 0.0000
    Episode_Reward/foot_contacts_z: 0.0000
            Episode_Reward/torques: -0.1695
 Episode_Reward/tracking_lin_vel_y: 0.0000
          Episode_Reward/lin_vel_z: -0.0047
         Episode_Reward/ang_vel_xy: -0.0076
   Episode_Reward/tracking_ang_vel: 0.1951
               Episode_Reward/work: -0.0392
            Episode_Reward/dof_acc: -0.0013
        Episode_Reward/action_rate: -0.0015
     Episode_Reward/dof_pos_limits: 0.0000
      Episode_Reward/delta_torques: -0.0002
          Episode_Reward/collision: -6.6233
        Episode_Reward/walking_dof: 0.0083
            Episode_Reward/hip_pos: -0.0014
          Episode_Reward/feet_jerk: 0.0000
              Episode_Reward/alive: 0.3000
          Episode_Reward/feet_drag: -0.0094
Episode_Reward/feet_contact_forces: -0.1926
               Episode_Reward/roll: -0.0071
        Episode_Reward/base_height: -0.0195
Episode_Reward/tracking_lin_vel_max: 0.3206
Episode_Reward/flat_orientation_l2: -0.0203
  Episode_Reward/air_time_variance: -0.0092
        Episode_Reward/feet_height: 0.0000
      Episode_Reward/feet_air_time: -0.0001
Episode_Reward/update_last_buffers: 0.0000
   Episode_Reward/wheel_idle_speed: -0.0043
    Episode_Reward/wheel_action_l2: -0.0000
  Episode_Reward/wheel_action_rate: 0.0000
Episode_Reward/teacher_ensemble_match: 0.0000
  Episode_Reward/wheel_forward_use: 0.0308
 Episode_Reward/wheel_turn_support: 0.0000
   Metrics/locomotion/error_vel_xy: 0.2692
  Metrics/locomotion/error_vel_yaw: 0.4931
      Episode_Termination/time_out: 1.0000
   Episode_Termination/bad_contact: 0.0000
          Episode_Termination/tilt: 0.0000
    Episode_Termination/low_height: 0.0000
--------------------------------------------------------------------------------
                   Total timesteps: 113664
                    Iteration time: 3.79s
                      Time elapsed: 00:04:26
                               ETA: 00:02:49

################################################################################
                      [1m Learning iteration 74/120 [0m                       

                       Computation: 413 steps/s (collection: 3.637s, learning 0.075s)
             Mean action noise std: 0.06
          Mean value_function loss: 0.4026
               Mean surrogate loss: -0.0272
                 Mean entropy loss: -23.3487
                       Mean reward: -44.96
               Mean episode length: 300.00
   Episode_Reward/term_bad_contact: 0.0000
          Episode_Reward/term_tilt: 0.0000
    Episode_Reward/term_low_height: 0.0000
      Episode_Reward/leg_action_l2: -0.0007
   Episode_Reward/tracking_lin_vel: 0.5180
Episode_Reward/tracking_lin_vel_x_exp: 0.7868
Episode_Reward/tracking_ang_vel_yaw_l1: 0.0000
Episode_Reward/tracking_ang_vel_yaw_exp: 0.6671
Episode_Reward/tracking_lin_vel_y_l2: 0.0000
Episode_Reward/tracking_lin_vel_z_l2: 0.0000
            Episode_Reward/survive: 0.0000
    Episode_Reward/foot_contacts_z: 0.0000
            Episode_Reward/torques: -0.2439
 Episode_Reward/tracking_lin_vel_y: 0.0000
          Episode_Reward/lin_vel_z: -0.0030
         Episode_Reward/ang_vel_xy: -0.0038
   Episode_Reward/tracking_ang_vel: 0.2248
               Episode_Reward/work: -0.0227
            Episode_Reward/dof_acc: -0.0006
        Episode_Reward/action_rate: -0.0007
     Episode_Reward/dof_pos_limits: 0.0000
      Episode_Reward/delta_torques: -0.0002
          Episode_Reward/collision: -7.5829
        Episode_Reward/walking_dof: 0.0109
            Episode_Reward/hip_pos: -0.0023
          Episode_Reward/feet_jerk: 0.0000
              Episode_Reward/alive: 0.3000
          Episode_Reward/feet_drag: -0.0049
Episode_Reward/feet_contact_forces: -0.1902
               Episode_Reward/roll: -0.0040
        Episode_Reward/base_height: -0.0253
Episode_Reward/tracking_lin_vel_max: 0.3045
Episode_Reward/flat_orientation_l2: -0.0465
  Episode_Reward/air_time_variance: -0.0087
        Episode_Reward/feet_height: 0.0000
      Episode_Reward/feet_air_time: -0.0001
Episode_Reward/update_last_buffers: 0.0000
   Episode_Reward/wheel_idle_speed: -0.0019
    Episode_Reward/wheel_action_l2: -0.0000
  Episode_Reward/wheel_action_rate: 0.0000
Episode_Reward/teacher_ensemble_match: 0.0000
  Episode_Reward/wheel_forward_use: 0.0466
 Episode_Reward/wheel_turn_support: 0.0000
   Metrics/locomotion/error_vel_xy: 0.2620
  Metrics/locomotion/error_vel_yaw: 0.3754
      Episode_Termination/time_out: 1.0000
   Episode_Termination/bad_contact: 0.0000
          Episode_Termination/tilt: 0.0000
    Episode_Termination/low_height: 0.0000
--------------------------------------------------------------------------------
                   Total timesteps: 115200
                    Iteration time: 3.71s
                      Time elapsed: 00:04:30
                               ETA: 00:02:45

################################################################################
                      [1m Learning iteration 75/120 [0m                       

                       Computation: 415 steps/s (collection: 3.626s, learning 0.073s)
             Mean action noise std: 0.06
          Mean value_function loss: 0.4893
               Mean surrogate loss: -0.0220
                 Mean entropy loss: -23.3487
                       Mean reward: -44.92
               Mean episode length: 300.00
   Episode_Reward/term_bad_contact: 0.0000
          Episode_Reward/term_tilt: 0.0000
    Episode_Reward/term_low_height: 0.0000
      Episode_Reward/leg_action_l2: -0.0011
   Episode_Reward/tracking_lin_vel: 0.5372
Episode_Reward/tracking_lin_vel_x_exp: 0.9188
Episode_Reward/tracking_ang_vel_yaw_l1: 0.0000
Episode_Reward/tracking_ang_vel_yaw_exp: 0.6025
Episode_Reward/tracking_lin_vel_y_l2: 0.0000
Episode_Reward/tracking_lin_vel_z_l2: 0.0000
            Episode_Reward/survive: 0.0000
    Episode_Reward/foot_contacts_z: 0.0000
            Episode_Reward/torques: -0.1802
 Episode_Reward/tracking_lin_vel_y: 0.0000
          Episode_Reward/lin_vel_z: -0.0035
         Episode_Reward/ang_vel_xy: -0.0045
   Episode_Reward/tracking_ang_vel: 0.2193
               Episode_Reward/work: -0.0288
            Episode_Reward/dof_acc: -0.0008
        Episode_Reward/action_rate: -0.0010
     Episode_Reward/dof_pos_limits: 0.0000
      Episode_Reward/delta_torques: -0.0001
          Episode_Reward/collision: -6.3527
        Episode_Reward/walking_dof: 0.0063
            Episode_Reward/hip_pos: -0.0016
          Episode_Reward/feet_jerk: 0.0000
              Episode_Reward/alive: 0.3000
          Episode_Reward/feet_drag: -0.0065
Episode_Reward/feet_contact_forces: -0.1952
               Episode_Reward/roll: -0.0084
        Episode_Reward/base_height: -0.0181
Episode_Reward/tracking_lin_vel_max: 0.3372
Episode_Reward/flat_orientation_l2: -0.0237
  Episode_Reward/air_time_variance: -0.0085
        Episode_Reward/feet_height: 0.0000
      Episode_Reward/feet_air_time: -0.0000
Episode_Reward/update_last_buffers: 0.0000
   Episode_Reward/wheel_idle_speed: -0.0018
    Episode_Reward/wheel_action_l2: -0.0000
  Episode_Reward/wheel_action_rate: 0.0000
Episode_Reward/teacher_ensemble_match: 0.0000
  Episode_Reward/wheel_forward_use: 0.0216
 Episode_Reward/wheel_turn_support: 0.0000
   Metrics/locomotion/error_vel_xy: 0.2162
  Metrics/locomotion/error_vel_yaw: 0.4020
      Episode_Termination/time_out: 1.0000
   Episode_Termination/bad_contact: 0.0000
          Episode_Termination/tilt: 0.0000
    Episode_Termination/low_height: 0.0000
--------------------------------------------------------------------------------
                   Total timesteps: 116736
                    Iteration time: 3.70s
                      Time elapsed: 00:04:34
                               ETA: 00:02:42

################################################################################
                      [1m Learning iteration 76/120 [0m                       

                       Computation: 412 steps/s (collection: 3.650s, learning 0.075s)
             Mean action noise std: 0.06
          Mean value_function loss: 0.5971
               Mean surrogate loss: -0.0222
                 Mean entropy loss: -23.3487
                       Mean reward: -45.61
               Mean episode length: 300.00
   Episode_Reward/term_bad_contact: 0.0000
          Episode_Reward/term_tilt: 0.0000
    Episode_Reward/term_low_height: 0.0000
      Episode_Reward/leg_action_l2: -0.0005
   Episode_Reward/tracking_lin_vel: 0.4798
Episode_Reward/tracking_lin_vel_x_exp: 0.6941
Episode_Reward/tracking_ang_vel_yaw_l1: 0.0000
Episode_Reward/tracking_ang_vel_yaw_exp: 0.7410
Episode_Reward/tracking_lin_vel_y_l2: 0.0000
Episode_Reward/tracking_lin_vel_z_l2: 0.0000
            Episode_Reward/survive: 0.0000
    Episode_Reward/foot_contacts_z: 0.0000
            Episode_Reward/torques: -0.2523
 Episode_Reward/tracking_lin_vel_y: 0.0000
          Episode_Reward/lin_vel_z: -0.0031
         Episode_Reward/ang_vel_xy: -0.0036
   Episode_Reward/tracking_ang_vel: 0.2465
               Episode_Reward/work: -0.0224
            Episode_Reward/dof_acc: -0.0005
        Episode_Reward/action_rate: -0.0006
     Episode_Reward/dof_pos_limits: 0.0000
      Episode_Reward/delta_torques: -0.0002
          Episode_Reward/collision: -7.3717
        Episode_Reward/walking_dof: 0.0203
            Episode_Reward/hip_pos: -0.0021
          Episode_Reward/feet_jerk: 0.0000
              Episode_Reward/alive: 0.3000
          Episode_Reward/feet_drag: -0.0048
Episode_Reward/feet_contact_forces: -0.1901
               Episode_Reward/roll: -0.0050
        Episode_Reward/base_height: -0.0259
Episode_Reward/tracking_lin_vel_max: 0.1479
Episode_Reward/flat_orientation_l2: -0.0490
  Episode_Reward/air_time_variance: -0.0088
        Episode_Reward/feet_height: 0.0000
      Episode_Reward/feet_air_time: -0.0001
Episode_Reward/update_last_buffers: 0.0000
   Episode_Reward/wheel_idle_speed: -0.0003
    Episode_Reward/wheel_action_l2: -0.0000
  Episode_Reward/wheel_action_rate: 0.0000
Episode_Reward/teacher_ensemble_match: 0.0000
  Episode_Reward/wheel_forward_use: 0.0846
 Episode_Reward/wheel_turn_support: 0.0000
   Metrics/locomotion/error_vel_xy: 0.3223
  Metrics/locomotion/error_vel_yaw: 0.2999
      Episode_Termination/time_out: 1.0000
   Episode_Termination/bad_contact: 0.0000
          Episode_Termination/tilt: 0.0000
    Episode_Termination/low_height: 0.0000
--------------------------------------------------------------------------------
                   Total timesteps: 118272
                    Iteration time: 3.73s
                      Time elapsed: 00:04:37
                               ETA: 00:02:38

################################################################################
                      [1m Learning iteration 77/120 [0m                       

                       Computation: 410 steps/s (collection: 3.670s, learning 0.075s)
             Mean action noise std: 0.06
          Mean value_function loss: 0.5725
               Mean surrogate loss: -0.0172
                 Mean entropy loss: -23.3487
                       Mean reward: -46.51
               Mean episode length: 300.00
   Episode_Reward/term_bad_contact: 0.0000
          Episode_Reward/term_tilt: 0.0000
    Episode_Reward/term_low_height: 0.0000
      Episode_Reward/leg_action_l2: -0.0003
   Episode_Reward/tracking_lin_vel: 0.4975
Episode_Reward/tracking_lin_vel_x_exp: 0.7188
Episode_Reward/tracking_ang_vel_yaw_l1: 0.0000
Episode_Reward/tracking_ang_vel_yaw_exp: 0.5497
Episode_Reward/tracking_lin_vel_y_l2: 0.0000
Episode_Reward/tracking_lin_vel_z_l2: 0.0000
            Episode_Reward/survive: 0.0000
    Episode_Reward/foot_contacts_z: 0.0000
            Episode_Reward/torques: -0.2780
 Episode_Reward/tracking_lin_vel_y: 0.0000
          Episode_Reward/lin_vel_z: -0.0029
         Episode_Reward/ang_vel_xy: -0.0024
   Episode_Reward/tracking_ang_vel: 0.2223
               Episode_Reward/work: -0.0178
            Episode_Reward/dof_acc: -0.0003
        Episode_Reward/action_rate: -0.0003
     Episode_Reward/dof_pos_limits: 0.0000
      Episode_Reward/delta_torques: -0.0002
          Episode_Reward/collision: -8.0429
        Episode_Reward/walking_dof: 0.0144
            Episode_Reward/hip_pos: -0.0030
          Episode_Reward/feet_jerk: 0.0000
              Episode_Reward/alive: 0.3000
          Episode_Reward/feet_drag: -0.0035
Episode_Reward/feet_contact_forces: -0.1889
               Episode_Reward/roll: -0.0031
        Episode_Reward/base_height: -0.0299
Episode_Reward/tracking_lin_vel_max: 0.2332
Episode_Reward/flat_orientation_l2: -0.0598
  Episode_Reward/air_time_variance: -0.0085
        Episode_Reward/feet_height: 0.0000
      Episode_Reward/feet_air_time: -0.0000
Episode_Reward/update_last_buffers: 0.0000
   Episode_Reward/wheel_idle_speed: -0.0004
    Episode_Reward/wheel_action_l2: -0.0000
  Episode_Reward/wheel_action_rate: 0.0000
Episode_Reward/teacher_ensemble_match: 0.0000
  Episode_Reward/wheel_forward_use: 0.0548
 Episode_Reward/wheel_turn_support: 0.0000
   Metrics/locomotion/error_vel_xy: 0.2966
  Metrics/locomotion/error_vel_yaw: 0.3906
      Episode_Termination/time_out: 1.0000
   Episode_Termination/bad_contact: 0.0000
          Episode_Termination/tilt: 0.0000
    Episode_Termination/low_height: 0.0000
--------------------------------------------------------------------------------
                   Total timesteps: 119808
                    Iteration time: 3.75s
                      Time elapsed: 00:04:41
                               ETA: 00:02:35

################################################################################
                      [1m Learning iteration 78/120 [0m                       

                       Computation: 415 steps/s (collection: 3.622s, learning 0.074s)
             Mean action noise std: 0.06
          Mean value_function loss: 0.5146
               Mean surrogate loss: -0.0164
                 Mean entropy loss: -23.3487
                       Mean reward: -46.67
               Mean episode length: 300.00
   Episode_Reward/term_bad_contact: 0.0000
          Episode_Reward/term_tilt: 0.0000
    Episode_Reward/term_low_height: 0.0000
      Episode_Reward/leg_action_l2: -0.0018
   Episode_Reward/tracking_lin_vel: 0.5488
Episode_Reward/tracking_lin_vel_x_exp: 1.0399
Episode_Reward/tracking_ang_vel_yaw_l1: 0.0000
Episode_Reward/tracking_ang_vel_yaw_exp: 0.5309
Episode_Reward/tracking_lin_vel_y_l2: 0.0000
Episode_Reward/tracking_lin_vel_z_l2: 0.0000
            Episode_Reward/survive: 0.0000
    Episode_Reward/foot_contacts_z: 0.0000
            Episode_Reward/torques: -0.1853
 Episode_Reward/tracking_lin_vel_y: 0.0000
          Episode_Reward/lin_vel_z: -0.0049
         Episode_Reward/ang_vel_xy: -0.0103
   Episode_Reward/tracking_ang_vel: 0.1838
               Episode_Reward/work: -0.0411
            Episode_Reward/dof_acc: -0.0016
        Episode_Reward/action_rate: -0.0019
     Episode_Reward/dof_pos_limits: 0.0000
      Episode_Reward/delta_torques: -0.0002
          Episode_Reward/collision: -6.8444
        Episode_Reward/walking_dof: 0.0006
            Episode_Reward/hip_pos: -0.0019
          Episode_Reward/feet_jerk: 0.0000
              Episode_Reward/alive: 0.3000
          Episode_Reward/feet_drag: -0.0107
Episode_Reward/feet_contact_forces: -0.1942
               Episode_Reward/roll: -0.0077
        Episode_Reward/base_height: -0.0188
Episode_Reward/tracking_lin_vel_max: 0.4196
Episode_Reward/flat_orientation_l2: -0.0250
  Episode_Reward/air_time_variance: -0.0080
        Episode_Reward/feet_height: 0.0000
      Episode_Reward/feet_air_time: 0.0000
Episode_Reward/update_last_buffers: 0.0000
   Episode_Reward/wheel_idle_speed: -0.0075
    Episode_Reward/wheel_action_l2: -0.0000
  Episode_Reward/wheel_action_rate: 0.0000
Episode_Reward/teacher_ensemble_match: 0.0000
  Episode_Reward/wheel_forward_use: 0.0031
 Episode_Reward/wheel_turn_support: 0.0000
   Metrics/locomotion/error_vel_xy: 0.1919
  Metrics/locomotion/error_vel_yaw: 0.5549
      Episode_Termination/time_out: 1.0000
   Episode_Termination/bad_contact: 0.0000
          Episode_Termination/tilt: 0.0000
    Episode_Termination/low_height: 0.0000
--------------------------------------------------------------------------------
                   Total timesteps: 121344
                    Iteration time: 3.70s
                      Time elapsed: 00:04:45
                               ETA: 00:02:31

################################################################################
                      [1m Learning iteration 79/120 [0m                       

                       Computation: 405 steps/s (collection: 3.712s, learning 0.075s)
             Mean action noise std: 0.06
          Mean value_function loss: 0.7301
               Mean surrogate loss: -0.0263
                 Mean entropy loss: -23.3487
                       Mean reward: -46.81
               Mean episode length: 300.00
   Episode_Reward/term_bad_contact: 0.0000
          Episode_Reward/term_tilt: 0.0000
    Episode_Reward/term_low_height: 0.0000
      Episode_Reward/leg_action_l2: -0.0010
   Episode_Reward/tracking_lin_vel: 0.5037
Episode_Reward/tracking_lin_vel_x_exp: 0.7617
Episode_Reward/tracking_ang_vel_yaw_l1: 0.0000
Episode_Reward/tracking_ang_vel_yaw_exp: 0.4745
Episode_Reward/tracking_lin_vel_y_l2: 0.0000
Episode_Reward/tracking_lin_vel_z_l2: 0.0000
            Episode_Reward/survive: 0.0000
    Episode_Reward/foot_contacts_z: 0.0000
            Episode_Reward/torques: -0.2263
 Episode_Reward/tracking_lin_vel_y: 0.0000
          Episode_Reward/lin_vel_z: -0.0039
         Episode_Reward/ang_vel_xy: -0.0047
   Episode_Reward/tracking_ang_vel: 0.1936
               Episode_Reward/work: -0.0308
            Episode_Reward/dof_acc: -0.0008
        Episode_Reward/action_rate: -0.0010
     Episode_Reward/dof_pos_limits: 0.0000
      Episode_Reward/delta_torques: -0.0002
          Episode_Reward/collision: -7.0533
        Episode_Reward/walking_dof: 0.0134
            Episode_Reward/hip_pos: -0.0022
          Episode_Reward/feet_jerk: 0.0000
              Episode_Reward/alive: 0.3000
          Episode_Reward/feet_drag: -0.0068
Episode_Reward/feet_contact_forces: -0.1911
               Episode_Reward/roll: -0.0064
        Episode_Reward/base_height: -0.0238
Episode_Reward/tracking_lin_vel_max: 0.2439
Episode_Reward/flat_orientation_l2: -0.0392
  Episode_Reward/air_time_variance: -0.0095
        Episode_Reward/feet_height: 0.0000
      Episode_Reward/feet_air_time: -0.0000
Episode_Reward/update_last_buffers: 0.0000
   Episode_Reward/wheel_idle_speed: -0.0019
    Episode_Reward/wheel_action_l2: -0.0000
  Episode_Reward/wheel_action_rate: 0.0000
Episode_Reward/teacher_ensemble_match: 0.0000
  Episode_Reward/wheel_forward_use: 0.0481
 Episode_Reward/wheel_turn_support: 0.0000
   Metrics/locomotion/error_vel_xy: 0.2839
  Metrics/locomotion/error_vel_yaw: 0.5106
      Episode_Termination/time_out: 1.0000
   Episode_Termination/bad_contact: 0.0000
          Episode_Termination/tilt: 0.0000
    Episode_Termination/low_height: 0.0000
--------------------------------------------------------------------------------
                   Total timesteps: 122880
                    Iteration time: 3.79s
                      Time elapsed: 00:04:49
                               ETA: 00:02:28

################################################################################
                      [1m Learning iteration 80/120 [0m                       

                       Computation: 414 steps/s (collection: 3.630s, learning 0.074s)
             Mean action noise std: 0.06
          Mean value_function loss: 0.5383
               Mean surrogate loss: -0.0244
                 Mean entropy loss: -23.3487
                       Mean reward: -46.48
               Mean episode length: 300.00
   Episode_Reward/term_bad_contact: 0.0000
          Episode_Reward/term_tilt: 0.0000
    Episode_Reward/term_low_height: 0.0000
      Episode_Reward/leg_action_l2: -0.0024
   Episode_Reward/tracking_lin_vel: 0.4908
Episode_Reward/tracking_lin_vel_x_exp: 0.7753
Episode_Reward/tracking_ang_vel_yaw_l1: 0.0000
Episode_Reward/tracking_ang_vel_yaw_exp: 0.5126
Episode_Reward/tracking_lin_vel_y_l2: 0.0000
Episode_Reward/tracking_lin_vel_z_l2: 0.0000
            Episode_Reward/survive: 0.0000
    Episode_Reward/foot_contacts_z: 0.0000
            Episode_Reward/torques: -0.1674
 Episode_Reward/tracking_lin_vel_y: 0.0000
          Episode_Reward/lin_vel_z: -0.0052
         Episode_Reward/ang_vel_xy: -0.0098
   Episode_Reward/tracking_ang_vel: 0.1804
               Episode_Reward/work: -0.0456
            Episode_Reward/dof_acc: -0.0017
        Episode_Reward/action_rate: -0.0021
     Episode_Reward/dof_pos_limits: 0.0000
      Episode_Reward/delta_torques: -0.0002
          Episode_Reward/collision: -6.2673
        Episode_Reward/walking_dof: 0.0088
            Episode_Reward/hip_pos: -0.0017
          Episode_Reward/feet_jerk: 0.0000
              Episode_Reward/alive: 0.3000
          Episode_Reward/feet_drag: -0.0116
Episode_Reward/feet_contact_forces: -0.1951
               Episode_Reward/roll: -0.0073
        Episode_Reward/base_height: -0.0155
Episode_Reward/tracking_lin_vel_max: 0.3113
Episode_Reward/flat_orientation_l2: -0.0160
  Episode_Reward/air_time_variance: -0.0087
        Episode_Reward/feet_height: 0.0000
      Episode_Reward/feet_air_time: -0.0000
Episode_Reward/update_last_buffers: 0.0000
   Episode_Reward/wheel_idle_speed: -0.0067
    Episode_Reward/wheel_action_l2: -0.0000
  Episode_Reward/wheel_action_rate: 0.0000
Episode_Reward/teacher_ensemble_match: 0.0000
  Episode_Reward/wheel_forward_use: 0.0302
 Episode_Reward/wheel_turn_support: 0.0000
   Metrics/locomotion/error_vel_xy: 0.3041
  Metrics/locomotion/error_vel_yaw: 0.5628
      Episode_Termination/time_out: 1.0000
   Episode_Termination/bad_contact: 0.0000
          Episode_Termination/tilt: 0.0000
    Episode_Termination/low_height: 0.0000
--------------------------------------------------------------------------------
                   Total timesteps: 124416
                    Iteration time: 3.70s
                      Time elapsed: 00:04:52
                               ETA: 00:02:24

################################################################################
                      [1m Learning iteration 81/120 [0m                       

                       Computation: 413 steps/s (collection: 3.643s, learning 0.074s)
             Mean action noise std: 0.06
          Mean value_function loss: 0.5499
               Mean surrogate loss: -0.0190
                 Mean entropy loss: -23.3487
                       Mean reward: -46.73
               Mean episode length: 300.00
   Episode_Reward/term_bad_contact: 0.0000
          Episode_Reward/term_tilt: 0.0000
    Episode_Reward/term_low_height: 0.0000
      Episode_Reward/leg_action_l2: -0.0006
   Episode_Reward/tracking_lin_vel: 0.4712
Episode_Reward/tracking_lin_vel_x_exp: 0.6209
Episode_Reward/tracking_ang_vel_yaw_l1: 0.0000
Episode_Reward/tracking_ang_vel_yaw_exp: 0.5756
Episode_Reward/tracking_lin_vel_y_l2: 0.0000
Episode_Reward/tracking_lin_vel_z_l2: 0.0000
            Episode_Reward/survive: 0.0000
    Episode_Reward/foot_contacts_z: 0.0000
            Episode_Reward/torques: -0.2561
 Episode_Reward/tracking_lin_vel_y: 0.0000
          Episode_Reward/lin_vel_z: -0.0031
         Episode_Reward/ang_vel_xy: -0.0037
   Episode_Reward/tracking_ang_vel: 0.2256
               Episode_Reward/work: -0.0238
            Episode_Reward/dof_acc: -0.0006
        Episode_Reward/action_rate: -0.0006
     Episode_Reward/dof_pos_limits: 0.0000
      Episode_Reward/delta_torques: -0.0002
          Episode_Reward/collision: -7.8581
        Episode_Reward/walking_dof: 0.0171
            Episode_Reward/hip_pos: -0.0024
          Episode_Reward/feet_jerk: 0.0000
              Episode_Reward/alive: 0.3000
          Episode_Reward/feet_drag: -0.0046
Episode_Reward/feet_contact_forces: -0.1905
               Episode_Reward/roll: -0.0047
        Episode_Reward/base_height: -0.0277
Episode_Reward/tracking_lin_vel_max: 0.1726
Episode_Reward/flat_orientation_l2: -0.0509
  Episode_Reward/air_time_variance: -0.0020
        Episode_Reward/feet_height: 0.0000
      Episode_Reward/feet_air_time: -0.0000
Episode_Reward/update_last_buffers: 0.0000
   Episode_Reward/wheel_idle_speed: -0.0016
    Episode_Reward/wheel_action_l2: -0.0000
  Episode_Reward/wheel_action_rate: 0.0000
Episode_Reward/teacher_ensemble_match: 0.0000
  Episode_Reward/wheel_forward_use: 0.0672
 Episode_Reward/wheel_turn_support: 0.0000
   Metrics/locomotion/error_vel_xy: 0.3505
  Metrics/locomotion/error_vel_yaw: 0.3881
      Episode_Termination/time_out: 1.0000
   Episode_Termination/bad_contact: 0.0000
          Episode_Termination/tilt: 0.0000
    Episode_Termination/low_height: 0.0000
--------------------------------------------------------------------------------
                   Total timesteps: 125952
                    Iteration time: 3.72s
                      Time elapsed: 00:04:56
                               ETA: 00:02:20

################################################################################
                      [1m Learning iteration 82/120 [0m                       

                       Computation: 412 steps/s (collection: 3.648s, learning 0.074s)
             Mean action noise std: 0.06
          Mean value_function loss: 0.3400
               Mean surrogate loss: -0.0106
                 Mean entropy loss: -23.3487
                       Mean reward: -46.79
               Mean episode length: 300.00
   Episode_Reward/term_bad_contact: 0.0000
          Episode_Reward/term_tilt: 0.0000
    Episode_Reward/term_low_height: 0.0000
      Episode_Reward/leg_action_l2: -0.0034
   Episode_Reward/tracking_lin_vel: 0.5475
Episode_Reward/tracking_lin_vel_x_exp: 1.0974
Episode_Reward/tracking_ang_vel_yaw_l1: 0.0000
Episode_Reward/tracking_ang_vel_yaw_exp: 0.3891
Episode_Reward/tracking_lin_vel_y_l2: 0.0000
Episode_Reward/tracking_lin_vel_z_l2: 0.0000
            Episode_Reward/survive: 0.0000
    Episode_Reward/foot_contacts_z: 0.0000
            Episode_Reward/torques: -0.1226
 Episode_Reward/tracking_lin_vel_y: 0.0000
          Episode_Reward/lin_vel_z: -0.0088
         Episode_Reward/ang_vel_xy: -0.0157
   Episode_Reward/tracking_ang_vel: 0.1483
               Episode_Reward/work: -0.0693
            Episode_Reward/dof_acc: -0.0028
        Episode_Reward/action_rate: -0.0032
     Episode_Reward/dof_pos_limits: 0.0000
      Episode_Reward/delta_torques: -0.0001
          Episode_Reward/collision: -5.9700
        Episode_Reward/walking_dof: 0.0000
            Episode_Reward/hip_pos: -0.0015
          Episode_Reward/feet_jerk: 0.0000
              Episode_Reward/alive: 0.3000
          Episode_Reward/feet_drag: -0.0160
Episode_Reward/feet_contact_forces: -0.1987
               Episode_Reward/roll: -0.0138
        Episode_Reward/base_height: -0.0144
Episode_Reward/tracking_lin_vel_max: 0.4213
Episode_Reward/flat_orientation_l2: -0.0025
  Episode_Reward/air_time_variance: -0.0034
        Episode_Reward/feet_height: 0.0000
      Episode_Reward/feet_air_time: 0.0000
Episode_Reward/update_last_buffers: 0.0000
   Episode_Reward/wheel_idle_speed: -0.0127
    Episode_Reward/wheel_action_l2: -0.0001
  Episode_Reward/wheel_action_rate: 0.0000
Episode_Reward/teacher_ensemble_match: 0.0000
  Episode_Reward/wheel_forward_use: 0.0000
 Episode_Reward/wheel_turn_support: 0.0000
   Metrics/locomotion/error_vel_xy: 0.2043
  Metrics/locomotion/error_vel_yaw: 0.7066
      Episode_Termination/time_out: 1.0000
   Episode_Termination/bad_contact: 0.0000
          Episode_Termination/tilt: 0.0000
    Episode_Termination/low_height: 0.0000
--------------------------------------------------------------------------------
                   Total timesteps: 127488
                    Iteration time: 3.72s
                      Time elapsed: 00:05:00
                               ETA: 00:02:17

################################################################################
                      [1m Learning iteration 83/120 [0m                       

                       Computation: 407 steps/s (collection: 3.693s, learning 0.074s)
             Mean action noise std: 0.06
          Mean value_function loss: 0.6144
               Mean surrogate loss: -0.0230
                 Mean entropy loss: -23.3487
                       Mean reward: -47.36
               Mean episode length: 300.00
   Episode_Reward/term_bad_contact: 0.0000
          Episode_Reward/term_tilt: 0.0000
    Episode_Reward/term_low_height: 0.0000
      Episode_Reward/leg_action_l2: -0.0013
   Episode_Reward/tracking_lin_vel: 0.5138
Episode_Reward/tracking_lin_vel_x_exp: 0.8477
Episode_Reward/tracking_ang_vel_yaw_l1: 0.0000
Episode_Reward/tracking_ang_vel_yaw_exp: 0.6575
Episode_Reward/tracking_lin_vel_y_l2: 0.0000
Episode_Reward/tracking_lin_vel_z_l2: 0.0000
            Episode_Reward/survive: 0.0000
    Episode_Reward/foot_contacts_z: 0.0000
            Episode_Reward/torques: -0.2343
 Episode_Reward/tracking_lin_vel_y: 0.0000
          Episode_Reward/lin_vel_z: -0.0036
         Episode_Reward/ang_vel_xy: -0.0048
   Episode_Reward/tracking_ang_vel: 0.2366
               Episode_Reward/work: -0.0270
            Episode_Reward/dof_acc: -0.0007
        Episode_Reward/action_rate: -0.0010
     Episode_Reward/dof_pos_limits: 0.0000
      Episode_Reward/delta_torques: -0.0002
          Episode_Reward/collision: -7.4513
        Episode_Reward/walking_dof: 0.0069
            Episode_Reward/hip_pos: -0.0023
          Episode_Reward/feet_jerk: 0.0000
              Episode_Reward/alive: 0.3000
          Episode_Reward/feet_drag: -0.0056
Episode_Reward/feet_contact_forces: -0.1913
               Episode_Reward/roll: -0.0066
        Episode_Reward/base_height: -0.0245
Episode_Reward/tracking_lin_vel_max: 0.3387
Episode_Reward/flat_orientation_l2: -0.0433
  Episode_Reward/air_time_variance: -0.0040
        Episode_Reward/feet_height: 0.0000
      Episode_Reward/feet_air_time: -0.0000
Episode_Reward/update_last_buffers: 0.0000
   Episode_Reward/wheel_idle_speed: -0.0025
    Episode_Reward/wheel_action_l2: -0.0000
  Episode_Reward/wheel_action_rate: 0.0000
Episode_Reward/teacher_ensemble_match: 0.0000
  Episode_Reward/wheel_forward_use: 0.0267
 Episode_Reward/wheel_turn_support: 0.0000
   Metrics/locomotion/error_vel_xy: 0.2588
  Metrics/locomotion/error_vel_yaw: 0.3556
      Episode_Termination/time_out: 1.0000
   Episode_Termination/bad_contact: 0.0000
          Episode_Termination/tilt: 0.0000
    Episode_Termination/low_height: 0.0000
--------------------------------------------------------------------------------
                   Total timesteps: 129024
                    Iteration time: 3.77s
                      Time elapsed: 00:05:03
                               ETA: 00:02:13

################################################################################
                      [1m Learning iteration 84/120 [0m                       

                       Computation: 412 steps/s (collection: 3.650s, learning 0.074s)
             Mean action noise std: 0.06
          Mean value_function loss: 0.7324
               Mean surrogate loss: -0.0269
                 Mean entropy loss: -23.3487
                       Mean reward: -47.18
               Mean episode length: 300.00
   Episode_Reward/term_bad_contact: 0.0000
          Episode_Reward/term_tilt: 0.0000
    Episode_Reward/term_low_height: 0.0000
      Episode_Reward/leg_action_l2: -0.0030
   Episode_Reward/tracking_lin_vel: 0.4558
Episode_Reward/tracking_lin_vel_x_exp: 0.6064
Episode_Reward/tracking_ang_vel_yaw_l1: 0.0000
Episode_Reward/tracking_ang_vel_yaw_exp: 0.4901
Episode_Reward/tracking_lin_vel_y_l2: 0.0000
Episode_Reward/tracking_lin_vel_z_l2: 0.0000
            Episode_Reward/survive: 0.0000
    Episode_Reward/foot_contacts_z: 0.0000
            Episode_Reward/torques: -0.1806
 Episode_Reward/tracking_lin_vel_y: 0.0000
          Episode_Reward/lin_vel_z: -0.0037
         Episode_Reward/ang_vel_xy: -0.0085
   Episode_Reward/tracking_ang_vel: 0.1876
               Episode_Reward/work: -0.0351
            Episode_Reward/dof_acc: -0.0010
        Episode_Reward/action_rate: -0.0017
     Episode_Reward/dof_pos_limits: 0.0000
      Episode_Reward/delta_torques: -0.0001
          Episode_Reward/collision: -6.4313
        Episode_Reward/walking_dof: 0.0181
            Episode_Reward/hip_pos: -0.0035
          Episode_Reward/feet_jerk: 0.0000
              Episode_Reward/alive: 0.3000
          Episode_Reward/feet_drag: -0.0097
Episode_Reward/feet_contact_forces: -0.1917
               Episode_Reward/roll: -0.0087
        Episode_Reward/base_height: -0.0164
Episode_Reward/tracking_lin_vel_max: 0.1640
Episode_Reward/flat_orientation_l2: -0.0207
  Episode_Reward/air_time_variance: -0.0087
        Episode_Reward/feet_height: 0.0000
      Episode_Reward/feet_air_time: -0.0000
Episode_Reward/update_last_buffers: 0.0000
   Episode_Reward/wheel_idle_speed: -0.0018
    Episode_Reward/wheel_action_l2: -0.0000
  Episode_Reward/wheel_action_rate: 0.0000
Episode_Reward/teacher_ensemble_match: 0.0000
  Episode_Reward/wheel_forward_use: 0.0616
 Episode_Reward/wheel_turn_support: 0.0000
   Metrics/locomotion/error_vel_xy: 0.3736
  Metrics/locomotion/error_vel_yaw: 0.5460
      Episode_Termination/time_out: 1.0000
   Episode_Termination/bad_contact: 0.0000
          Episode_Termination/tilt: 0.0000
    Episode_Termination/low_height: 0.0000
--------------------------------------------------------------------------------
                   Total timesteps: 130560
                    Iteration time: 3.72s
                      Time elapsed: 00:05:07
                               ETA: 00:02:10

################################################################################
                      [1m Learning iteration 85/120 [0m                       

                       Computation: 412 steps/s (collection: 3.646s, learning 0.074s)
             Mean action noise std: 0.06
          Mean value_function loss: 0.6399
               Mean surrogate loss: -0.0255
                 Mean entropy loss: -23.3487
                       Mean reward: -47.37
               Mean episode length: 300.00
   Episode_Reward/term_bad_contact: 0.0000
          Episode_Reward/term_tilt: 0.0000
    Episode_Reward/term_low_height: 0.0000
      Episode_Reward/leg_action_l2: -0.0012
   Episode_Reward/tracking_lin_vel: 0.4773
Episode_Reward/tracking_lin_vel_x_exp: 0.6650
Episode_Reward/tracking_ang_vel_yaw_l1: 0.0000
Episode_Reward/tracking_ang_vel_yaw_exp: 0.4954
Episode_Reward/tracking_lin_vel_y_l2: 0.0000
Episode_Reward/tracking_lin_vel_z_l2: 0.0000
            Episode_Reward/survive: 0.0000
    Episode_Reward/foot_contacts_z: 0.0000
            Episode_Reward/torques: -0.2166
 Episode_Reward/tracking_lin_vel_y: 0.0000
          Episode_Reward/lin_vel_z: -0.0037
         Episode_Reward/ang_vel_xy: -0.0070
   Episode_Reward/tracking_ang_vel: 0.2001
               Episode_Reward/work: -0.0320
            Episode_Reward/dof_acc: -0.0009
        Episode_Reward/action_rate: -0.0011
     Episode_Reward/dof_pos_limits: 0.0000
      Episode_Reward/delta_torques: -0.0002
          Episode_Reward/collision: -6.8104
        Episode_Reward/walking_dof: 0.0138
            Episode_Reward/hip_pos: -0.0018
          Episode_Reward/feet_jerk: 0.0000
              Episode_Reward/alive: 0.3000
          Episode_Reward/feet_drag: -0.0076
Episode_Reward/feet_contact_forces: -0.1910
               Episode_Reward/roll: -0.0077
        Episode_Reward/base_height: -0.0231
Episode_Reward/tracking_lin_vel_max: 0.2406
Episode_Reward/flat_orientation_l2: -0.0347
  Episode_Reward/air_time_variance: -0.0046
        Episode_Reward/feet_height: 0.0000
      Episode_Reward/feet_air_time: -0.0001
Episode_Reward/update_last_buffers: 0.0000
   Episode_Reward/wheel_idle_speed: -0.0022
    Episode_Reward/wheel_action_l2: -0.0000
  Episode_Reward/wheel_action_rate: 0.0000
Episode_Reward/teacher_ensemble_match: 0.0000
  Episode_Reward/wheel_forward_use: 0.0478
 Episode_Reward/wheel_turn_support: 0.0000
   Metrics/locomotion/error_vel_xy: 0.3349
  Metrics/locomotion/error_vel_yaw: 0.5097
      Episode_Termination/time_out: 1.0000
   Episode_Termination/bad_contact: 0.0000
          Episode_Termination/tilt: 0.0000
    Episode_Termination/low_height: 0.0000
--------------------------------------------------------------------------------
                   Total timesteps: 132096
                    Iteration time: 3.72s
                      Time elapsed: 00:05:11
                               ETA: 00:02:06

################################################################################
                      [1m Learning iteration 86/120 [0m                       

                       Computation: 418 steps/s (collection: 3.598s, learning 0.074s)
             Mean action noise std: 0.06
          Mean value_function loss: 0.4206
               Mean surrogate loss: -0.0265
                 Mean entropy loss: -23.3487
                       Mean reward: -47.46
               Mean episode length: 300.00
   Episode_Reward/term_bad_contact: 0.0000
          Episode_Reward/term_tilt: 0.0000
    Episode_Reward/term_low_height: 0.0000
      Episode_Reward/leg_action_l2: -0.0034
   Episode_Reward/tracking_lin_vel: 0.4880
Episode_Reward/tracking_lin_vel_x_exp: 0.7592
Episode_Reward/tracking_ang_vel_yaw_l1: 0.0000
Episode_Reward/tracking_ang_vel_yaw_exp: 0.4086
Episode_Reward/tracking_lin_vel_y_l2: 0.0000
Episode_Reward/tracking_lin_vel_z_l2: 0.0000
            Episode_Reward/survive: 0.0000
    Episode_Reward/foot_contacts_z: 0.0000
            Episode_Reward/torques: -0.1213
 Episode_Reward/tracking_lin_vel_y: 0.0000
          Episode_Reward/lin_vel_z: -0.0057
         Episode_Reward/ang_vel_xy: -0.0119
   Episode_Reward/tracking_ang_vel: 0.1632
               Episode_Reward/work: -0.0518
            Episode_Reward/dof_acc: -0.0015
        Episode_Reward/action_rate: -0.0025
     Episode_Reward/dof_pos_limits: 0.0000
      Episode_Reward/delta_torques: -0.0001
          Episode_Reward/collision: -5.9729
        Episode_Reward/walking_dof: 0.0145
            Episode_Reward/hip_pos: -0.0028
          Episode_Reward/feet_jerk: 0.0000
              Episode_Reward/alive: 0.3000
          Episode_Reward/feet_drag: -0.0116
Episode_Reward/feet_contact_forces: -0.1944
               Episode_Reward/roll: -0.0102
        Episode_Reward/base_height: -0.0112
Episode_Reward/tracking_lin_vel_max: 0.2033
Episode_Reward/flat_orientation_l2: -0.0037
  Episode_Reward/air_time_variance: -0.0143
        Episode_Reward/feet_height: 0.0000
      Episode_Reward/feet_air_time: -0.0001
Episode_Reward/update_last_buffers: 0.0000
   Episode_Reward/wheel_idle_speed: -0.0022
    Episode_Reward/wheel_action_l2: -0.0001
  Episode_Reward/wheel_action_rate: 0.0000
Episode_Reward/teacher_ensemble_match: 0.0000
  Episode_Reward/wheel_forward_use: 0.0420
 Episode_Reward/wheel_turn_support: 0.0000
   Metrics/locomotion/error_vel_xy: 0.3184
  Metrics/locomotion/error_vel_yaw: 0.6431
      Episode_Termination/time_out: 1.0000
   Episode_Termination/bad_contact: 0.0000
          Episode_Termination/tilt: 0.0000
    Episode_Termination/low_height: 0.0000
--------------------------------------------------------------------------------
                   Total timesteps: 133632
                    Iteration time: 3.67s
                      Time elapsed: 00:05:15
                               ETA: 00:02:03

################################################################################
                      [1m Learning iteration 87/120 [0m                       

                       Computation: 411 steps/s (collection: 3.654s, learning 0.076s)
             Mean action noise std: 0.06
          Mean value_function loss: 0.5070
               Mean surrogate loss: -0.0260
                 Mean entropy loss: -23.3487
                       Mean reward: -47.59
               Mean episode length: 300.00
   Episode_Reward/term_bad_contact: 0.0000
          Episode_Reward/term_tilt: 0.0000
    Episode_Reward/term_low_height: 0.0000
      Episode_Reward/leg_action_l2: -0.0030
   Episode_Reward/tracking_lin_vel: 0.4905
Episode_Reward/tracking_lin_vel_x_exp: 0.7679
Episode_Reward/tracking_ang_vel_yaw_l1: 0.0000
Episode_Reward/tracking_ang_vel_yaw_exp: 0.4302
Episode_Reward/tracking_lin_vel_y_l2: 0.0000
Episode_Reward/tracking_lin_vel_z_l2: 0.0000
            Episode_Reward/survive: 0.0000
    Episode_Reward/foot_contacts_z: 0.0000
            Episode_Reward/torques: -0.1480
 Episode_Reward/tracking_lin_vel_y: 0.0000
          Episode_Reward/lin_vel_z: -0.0048
         Episode_Reward/ang_vel_xy: -0.0128
   Episode_Reward/tracking_ang_vel: 0.1651
               Episode_Reward/work: -0.0450
            Episode_Reward/dof_acc: -0.0013
        Episode_Reward/action_rate: -0.0021
     Episode_Reward/dof_pos_limits: 0.0000
      Episode_Reward/delta_torques: -0.0001
          Episode_Reward/collision: -6.1900
        Episode_Reward/walking_dof: 0.0117
            Episode_Reward/hip_pos: -0.0021
          Episode_Reward/feet_jerk: 0.0000
              Episode_Reward/alive: 0.3000
          Episode_Reward/feet_drag: -0.0114
Episode_Reward/feet_contact_forces: -0.1945
               Episode_Reward/roll: -0.0123
        Episode_Reward/base_height: -0.0153
Episode_Reward/tracking_lin_vel_max: 0.2727
Episode_Reward/flat_orientation_l2: -0.0097
  Episode_Reward/air_time_variance: -0.0140
        Episode_Reward/feet_height: 0.0000
      Episode_Reward/feet_air_time: -0.0000
Episode_Reward/update_last_buffers: 0.0000
   Episode_Reward/wheel_idle_speed: -0.0041
    Episode_Reward/wheel_action_l2: -0.0000
  Episode_Reward/wheel_action_rate: 0.0000
Episode_Reward/teacher_ensemble_match: 0.0000
  Episode_Reward/wheel_forward_use: 0.0389
 Episode_Reward/wheel_turn_support: 0.0000
   Metrics/locomotion/error_vel_xy: 0.3180
  Metrics/locomotion/error_vel_yaw: 0.6505
      Episode_Termination/time_out: 1.0000
   Episode_Termination/bad_contact: 0.0000
          Episode_Termination/tilt: 0.0000
    Episode_Termination/low_height: 0.0000
--------------------------------------------------------------------------------
                   Total timesteps: 135168
                    Iteration time: 3.73s
                      Time elapsed: 00:05:18
                               ETA: 00:01:59

################################################################################
                      [1m Learning iteration 88/120 [0m                       

                       Computation: 416 steps/s (collection: 3.615s, learning 0.075s)
             Mean action noise std: 0.06
          Mean value_function loss: 0.5708
               Mean surrogate loss: -0.0160
                 Mean entropy loss: -23.3487
                       Mean reward: -47.47
               Mean episode length: 300.00
   Episode_Reward/term_bad_contact: 0.0000
          Episode_Reward/term_tilt: 0.0000
    Episode_Reward/term_low_height: 0.0000
      Episode_Reward/leg_action_l2: -0.0025
   Episode_Reward/tracking_lin_vel: 0.4730
Episode_Reward/tracking_lin_vel_x_exp: 0.7107
Episode_Reward/tracking_ang_vel_yaw_l1: 0.0000
Episode_Reward/tracking_ang_vel_yaw_exp: 0.4057
Episode_Reward/tracking_lin_vel_y_l2: 0.0000
Episode_Reward/tracking_lin_vel_z_l2: 0.0000
            Episode_Reward/survive: 0.0000
    Episode_Reward/foot_contacts_z: 0.0000
            Episode_Reward/torques: -0.1633
 Episode_Reward/tracking_lin_vel_y: 0.0000
          Episode_Reward/lin_vel_z: -0.0068
         Episode_Reward/ang_vel_xy: -0.0114
   Episode_Reward/tracking_ang_vel: 0.1622
               Episode_Reward/work: -0.0587
            Episode_Reward/dof_acc: -0.0021
        Episode_Reward/action_rate: -0.0026
     Episode_Reward/dof_pos_limits: 0.0000
      Episode_Reward/delta_torques: -0.0002
          Episode_Reward/collision: -6.3158
        Episode_Reward/walking_dof: 0.0135
            Episode_Reward/hip_pos: -0.0012
          Episode_Reward/feet_jerk: 0.0000
              Episode_Reward/alive: 0.3000
          Episode_Reward/feet_drag: -0.0137
Episode_Reward/feet_contact_forces: -0.1956
               Episode_Reward/roll: -0.0101
        Episode_Reward/base_height: -0.0167
Episode_Reward/tracking_lin_vel_max: 0.2455
Episode_Reward/flat_orientation_l2: -0.0132
  Episode_Reward/air_time_variance: -0.0110
        Episode_Reward/feet_height: 0.0000
      Episode_Reward/feet_air_time: -0.0000
Episode_Reward/update_last_buffers: 0.0000
   Episode_Reward/wheel_idle_speed: -0.0063
    Episode_Reward/wheel_action_l2: -0.0001
  Episode_Reward/wheel_action_rate: 0.0000
Episode_Reward/teacher_ensemble_match: 0.0000
  Episode_Reward/wheel_forward_use: 0.0439
 Episode_Reward/wheel_turn_support: 0.0000
   Metrics/locomotion/error_vel_xy: 0.3437
  Metrics/locomotion/error_vel_yaw: 0.6545
      Episode_Termination/time_out: 1.0000
   Episode_Termination/bad_contact: 0.0000
          Episode_Termination/tilt: 0.0000
    Episode_Termination/low_height: 0.0000
--------------------------------------------------------------------------------
                   Total timesteps: 136704
                    Iteration time: 3.69s
                      Time elapsed: 00:05:22
                               ETA: 00:01:55

################################################################################
                      [1m Learning iteration 89/120 [0m                       

                       Computation: 416 steps/s (collection: 3.618s, learning 0.074s)
             Mean action noise std: 0.06
          Mean value_function loss: 0.3923
               Mean surrogate loss: -0.0170
                 Mean entropy loss: -23.3487
                       Mean reward: -47.39
               Mean episode length: 300.00
   Episode_Reward/term_bad_contact: 0.0000
          Episode_Reward/term_tilt: 0.0000
    Episode_Reward/term_low_height: 0.0000
      Episode_Reward/leg_action_l2: -0.0018
   Episode_Reward/tracking_lin_vel: 0.5307
Episode_Reward/tracking_lin_vel_x_exp: 0.9837
Episode_Reward/tracking_ang_vel_yaw_l1: 0.0000
Episode_Reward/tracking_ang_vel_yaw_exp: 0.4815
Episode_Reward/tracking_lin_vel_y_l2: 0.0000
Episode_Reward/tracking_lin_vel_z_l2: 0.0000
            Episode_Reward/survive: 0.0000
    Episode_Reward/foot_contacts_z: 0.0000
            Episode_Reward/torques: -0.1640
 Episode_Reward/tracking_lin_vel_y: 0.0000
          Episode_Reward/lin_vel_z: -0.0043
         Episode_Reward/ang_vel_xy: -0.0100
   Episode_Reward/tracking_ang_vel: 0.1818
               Episode_Reward/work: -0.0380
            Episode_Reward/dof_acc: -0.0009
        Episode_Reward/action_rate: -0.0014
     Episode_Reward/dof_pos_limits: 0.0000
      Episode_Reward/delta_torques: -0.0001
          Episode_Reward/collision: -6.5354
        Episode_Reward/walking_dof: 0.0065
            Episode_Reward/hip_pos: -0.0016
          Episode_Reward/feet_jerk: 0.0000
              Episode_Reward/alive: 0.3000
          Episode_Reward/feet_drag: -0.0089
Episode_Reward/feet_contact_forces: -0.1947
               Episode_Reward/roll: -0.0126
        Episode_Reward/base_height: -0.0207
Episode_Reward/tracking_lin_vel_max: 0.3578
Episode_Reward/flat_orientation_l2: -0.0199
  Episode_Reward/air_time_variance: -0.0123
        Episode_Reward/feet_height: 0.0000
      Episode_Reward/feet_air_time: -0.0000
Episode_Reward/update_last_buffers: 0.0000
   Episode_Reward/wheel_idle_speed: -0.0033
    Episode_Reward/wheel_action_l2: -0.0000
  Episode_Reward/wheel_action_rate: 0.0000
Episode_Reward/teacher_ensemble_match: 0.0000
  Episode_Reward/wheel_forward_use: 0.0264
 Episode_Reward/wheel_turn_support: 0.0000
   Metrics/locomotion/error_vel_xy: 0.2398
  Metrics/locomotion/error_vel_yaw: 0.5907
      Episode_Termination/time_out: 1.0000
   Episode_Termination/bad_contact: 0.0000
          Episode_Termination/tilt: 0.0000
    Episode_Termination/low_height: 0.0000
--------------------------------------------------------------------------------
                   Total timesteps: 138240
                    Iteration time: 3.69s
                      Time elapsed: 00:05:26
                               ETA: 00:01:52

################################################################################
                      [1m Learning iteration 90/120 [0m                       

                       Computation: 412 steps/s (collection: 3.647s, learning 0.077s)
             Mean action noise std: 0.06
          Mean value_function loss: 0.6886
               Mean surrogate loss: -0.0167
                 Mean entropy loss: -23.3487
                       Mean reward: -47.95
               Mean episode length: 300.00
   Episode_Reward/term_bad_contact: 0.0000
          Episode_Reward/term_tilt: 0.0000
    Episode_Reward/term_low_height: 0.0000
      Episode_Reward/leg_action_l2: -0.0008
   Episode_Reward/tracking_lin_vel: 0.4622
Episode_Reward/tracking_lin_vel_x_exp: 0.6174
Episode_Reward/tracking_ang_vel_yaw_l1: 0.0000
Episode_Reward/tracking_ang_vel_yaw_exp: 0.4773
Episode_Reward/tracking_lin_vel_y_l2: 0.0000
Episode_Reward/tracking_lin_vel_z_l2: 0.0000
            Episode_Reward/survive: 0.0000
    Episode_Reward/foot_contacts_z: 0.0000
            Episode_Reward/torques: -0.2413
 Episode_Reward/tracking_lin_vel_y: 0.0000
          Episode_Reward/lin_vel_z: -0.0032
         Episode_Reward/ang_vel_xy: -0.0047
   Episode_Reward/tracking_ang_vel: 0.2047
               Episode_Reward/work: -0.0261
            Episode_Reward/dof_acc: -0.0007
        Episode_Reward/action_rate: -0.0008
     Episode_Reward/dof_pos_limits: 0.0000
      Episode_Reward/delta_torques: -0.0002
          Episode_Reward/collision: -6.9229
        Episode_Reward/walking_dof: 0.0150
            Episode_Reward/hip_pos: -0.0020
          Episode_Reward/feet_jerk: 0.0000
              Episode_Reward/alive: 0.3000
          Episode_Reward/feet_drag: -0.0055
Episode_Reward/feet_contact_forces: -0.1916
               Episode_Reward/roll: -0.0068
        Episode_Reward/base_height: -0.0252
Episode_Reward/tracking_lin_vel_max: 0.2156
Episode_Reward/flat_orientation_l2: -0.0409
  Episode_Reward/air_time_variance: -0.0117
        Episode_Reward/feet_height: 0.0000
      Episode_Reward/feet_air_time: -0.0000
Episode_Reward/update_last_buffers: 0.0000
   Episode_Reward/wheel_idle_speed: -0.0012
    Episode_Reward/wheel_action_l2: -0.0000
  Episode_Reward/wheel_action_rate: 0.0000
Episode_Reward/teacher_ensemble_match: 0.0000
  Episode_Reward/wheel_forward_use: 0.0485
 Episode_Reward/wheel_turn_support: 0.0000
   Metrics/locomotion/error_vel_xy: 0.3621
  Metrics/locomotion/error_vel_yaw: 0.4659
      Episode_Termination/time_out: 1.0000
   Episode_Termination/bad_contact: 0.0000
          Episode_Termination/tilt: 0.0000
    Episode_Termination/low_height: 0.0000
--------------------------------------------------------------------------------
                   Total timesteps: 139776
                    Iteration time: 3.72s
                      Time elapsed: 00:05:29
                               ETA: 00:01:48

################################################################################
                      [1m Learning iteration 91/120 [0m                       

                       Computation: 407 steps/s (collection: 3.689s, learning 0.085s)
             Mean action noise std: 0.06
          Mean value_function loss: 0.6620
               Mean surrogate loss: -0.0283
                 Mean entropy loss: -23.3487
                       Mean reward: -47.93
               Mean episode length: 300.00
   Episode_Reward/term_bad_contact: 0.0000
          Episode_Reward/term_tilt: 0.0000
    Episode_Reward/term_low_height: 0.0000
      Episode_Reward/leg_action_l2: -0.0027
   Episode_Reward/tracking_lin_vel: 0.4940
Episode_Reward/tracking_lin_vel_x_exp: 0.7967
Episode_Reward/tracking_ang_vel_yaw_l1: 0.0000
Episode_Reward/tracking_ang_vel_yaw_exp: 0.6316
Episode_Reward/tracking_lin_vel_y_l2: 0.0000
Episode_Reward/tracking_lin_vel_z_l2: 0.0000
            Episode_Reward/survive: 0.0000
    Episode_Reward/foot_contacts_z: 0.0000
            Episode_Reward/torques: -0.1677
 Episode_Reward/tracking_lin_vel_y: 0.0000
          Episode_Reward/lin_vel_z: -0.0041
         Episode_Reward/ang_vel_xy: -0.0097
   Episode_Reward/tracking_ang_vel: 0.2177
               Episode_Reward/work: -0.0357
            Episode_Reward/dof_acc: -0.0009
        Episode_Reward/action_rate: -0.0017
     Episode_Reward/dof_pos_limits: 0.0000
      Episode_Reward/delta_torques: -0.0001
          Episode_Reward/collision: -6.4171
        Episode_Reward/walking_dof: 0.0093
            Episode_Reward/hip_pos: -0.0022
          Episode_Reward/feet_jerk: 0.0000
              Episode_Reward/alive: 0.3000
          Episode_Reward/feet_drag: -0.0081
Episode_Reward/feet_contact_forces: -0.1953
               Episode_Reward/roll: -0.0128
        Episode_Reward/base_height: -0.0178
Episode_Reward/tracking_lin_vel_max: 0.2982
Episode_Reward/flat_orientation_l2: -0.0179
  Episode_Reward/air_time_variance: -0.0111
        Episode_Reward/feet_height: 0.0000
      Episode_Reward/feet_air_time: -0.0000
Episode_Reward/update_last_buffers: 0.0000
   Episode_Reward/wheel_idle_speed: -0.0023
    Episode_Reward/wheel_action_l2: -0.0000
  Episode_Reward/wheel_action_rate: 0.0000
Episode_Reward/teacher_ensemble_match: 0.0000
  Episode_Reward/wheel_forward_use: 0.0281
 Episode_Reward/wheel_turn_support: 0.0000
   Metrics/locomotion/error_vel_xy: 0.3009
  Metrics/locomotion/error_vel_yaw: 0.4205
      Episode_Termination/time_out: 1.0000
   Episode_Termination/bad_contact: 0.0000
          Episode_Termination/tilt: 0.0000
    Episode_Termination/low_height: 0.0000
--------------------------------------------------------------------------------
                   Total timesteps: 141312
                    Iteration time: 3.77s
                      Time elapsed: 00:05:33
                               ETA: 00:01:45

################################################################################
                      [1m Learning iteration 92/120 [0m                       

                       Computation: 411 steps/s (collection: 3.660s, learning 0.075s)
             Mean action noise std: 0.06
          Mean value_function loss: 0.5617
               Mean surrogate loss: -0.0287
                 Mean entropy loss: -23.3487
                       Mean reward: -48.51
               Mean episode length: 300.00
   Episode_Reward/term_bad_contact: 0.0000
          Episode_Reward/term_tilt: 0.0000
    Episode_Reward/term_low_height: 0.0000
      Episode_Reward/leg_action_l2: -0.0024
   Episode_Reward/tracking_lin_vel: 0.5161
Episode_Reward/tracking_lin_vel_x_exp: 0.8571
Episode_Reward/tracking_ang_vel_yaw_l1: 0.0000
Episode_Reward/tracking_ang_vel_yaw_exp: 0.4331
Episode_Reward/tracking_lin_vel_y_l2: 0.0000
Episode_Reward/tracking_lin_vel_z_l2: 0.0000
            Episode_Reward/survive: 0.0000
    Episode_Reward/foot_contacts_z: 0.0000
            Episode_Reward/torques: -0.1752
 Episode_Reward/tracking_lin_vel_y: 0.0000
          Episode_Reward/lin_vel_z: -0.0069
         Episode_Reward/ang_vel_xy: -0.0124
   Episode_Reward/tracking_ang_vel: 0.1711
               Episode_Reward/work: -0.0539
            Episode_Reward/dof_acc: -0.0016
        Episode_Reward/action_rate: -0.0022
     Episode_Reward/dof_pos_limits: 0.0000
      Episode_Reward/delta_torques: -0.0002
          Episode_Reward/collision: -6.7996
        Episode_Reward/walking_dof: 0.0033
            Episode_Reward/hip_pos: -0.0017
          Episode_Reward/feet_jerk: 0.0000
              Episode_Reward/alive: 0.3000
          Episode_Reward/feet_drag: -0.0108
Episode_Reward/feet_contact_forces: -0.1951
               Episode_Reward/roll: -0.0099
        Episode_Reward/base_height: -0.0216
Episode_Reward/tracking_lin_vel_max: 0.3793
Episode_Reward/flat_orientation_l2: -0.0239
  Episode_Reward/air_time_variance: -0.0117
        Episode_Reward/feet_height: 0.0000
      Episode_Reward/feet_air_time: 0.0000
Episode_Reward/update_last_buffers: 0.0000
   Episode_Reward/wheel_idle_speed: -0.0065
    Episode_Reward/wheel_action_l2: -0.0000
  Episode_Reward/wheel_action_rate: 0.0000
Episode_Reward/teacher_ensemble_match: 0.0000
  Episode_Reward/wheel_forward_use: 0.0129
 Episode_Reward/wheel_turn_support: 0.0000
   Metrics/locomotion/error_vel_xy: 0.2712
  Metrics/locomotion/error_vel_yaw: 0.6376
      Episode_Termination/time_out: 1.0000
   Episode_Termination/bad_contact: 0.0000
          Episode_Termination/tilt: 0.0000
    Episode_Termination/low_height: 0.0000
--------------------------------------------------------------------------------
                   Total timesteps: 142848
                    Iteration time: 3.74s
                      Time elapsed: 00:05:37
                               ETA: 00:01:41

################################################################################
                      [1m Learning iteration 93/120 [0m                       

                       Computation: 417 steps/s (collection: 3.605s, learning 0.075s)
             Mean action noise std: 0.06
          Mean value_function loss: 0.4806
               Mean surrogate loss: -0.0235
                 Mean entropy loss: -23.3487
                       Mean reward: -48.56
               Mean episode length: 300.00
   Episode_Reward/term_bad_contact: 0.0000
          Episode_Reward/term_tilt: 0.0000
    Episode_Reward/term_low_height: 0.0000
      Episode_Reward/leg_action_l2: -0.0023
   Episode_Reward/tracking_lin_vel: 0.5112
Episode_Reward/tracking_lin_vel_x_exp: 0.8201
Episode_Reward/tracking_ang_vel_yaw_l1: 0.0000
Episode_Reward/tracking_ang_vel_yaw_exp: 0.5573
Episode_Reward/tracking_lin_vel_y_l2: 0.0000
Episode_Reward/tracking_lin_vel_z_l2: 0.0000
            Episode_Reward/survive: 0.0000
    Episode_Reward/foot_contacts_z: 0.0000
            Episode_Reward/torques: -0.1734
 Episode_Reward/tracking_lin_vel_y: 0.0000
          Episode_Reward/lin_vel_z: -0.0058
         Episode_Reward/ang_vel_xy: -0.0106
   Episode_Reward/tracking_ang_vel: 0.1891
               Episode_Reward/work: -0.0485
            Episode_Reward/dof_acc: -0.0015
        Episode_Reward/action_rate: -0.0021
     Episode_Reward/dof_pos_limits: 0.0000
      Episode_Reward/delta_torques: -0.0002
          Episode_Reward/collision: -6.6700
        Episode_Reward/walking_dof: 0.0039
            Episode_Reward/hip_pos: -0.0019
          Episode_Reward/feet_jerk: 0.0000
              Episode_Reward/alive: 0.3000
          Episode_Reward/feet_drag: -0.0106
Episode_Reward/feet_contact_forces: -0.1953
               Episode_Reward/roll: -0.0097
        Episode_Reward/base_height: -0.0175
Episode_Reward/tracking_lin_vel_max: 0.3745
Episode_Reward/flat_orientation_l2: -0.0206
  Episode_Reward/air_time_variance: -0.0101
        Episode_Reward/feet_height: 0.0000
      Episode_Reward/feet_air_time: 0.0000
Episode_Reward/update_last_buffers: 0.0000
   Episode_Reward/wheel_idle_speed: -0.0057
    Episode_Reward/wheel_action_l2: -0.0000
  Episode_Reward/wheel_action_rate: 0.0000
Episode_Reward/teacher_ensemble_match: 0.0000
  Episode_Reward/wheel_forward_use: 0.0108
 Episode_Reward/wheel_turn_support: 0.0000
   Metrics/locomotion/error_vel_xy: 0.2756
  Metrics/locomotion/error_vel_yaw: 0.5400
      Episode_Termination/time_out: 1.0000
   Episode_Termination/bad_contact: 0.0000
          Episode_Termination/tilt: 0.0000
    Episode_Termination/low_height: 0.0000
--------------------------------------------------------------------------------
                   Total timesteps: 144384
                    Iteration time: 3.68s
                      Time elapsed: 00:05:41
                               ETA: 00:01:37

################################################################################
                      [1m Learning iteration 94/120 [0m                       

                       Computation: 416 steps/s (collection: 3.611s, learning 0.078s)
             Mean action noise std: 0.06
          Mean value_function loss: 0.4104
               Mean surrogate loss: -0.0256
                 Mean entropy loss: -23.3487
                       Mean reward: -48.40
               Mean episode length: 300.00
   Episode_Reward/term_bad_contact: 0.0000
          Episode_Reward/term_tilt: 0.0000
    Episode_Reward/term_low_height: 0.0000
      Episode_Reward/leg_action_l2: -0.0031
   Episode_Reward/tracking_lin_vel: 0.5158
Episode_Reward/tracking_lin_vel_x_exp: 0.8037
Episode_Reward/tracking_ang_vel_yaw_l1: 0.0000
Episode_Reward/tracking_ang_vel_yaw_exp: 0.5719
Episode_Reward/tracking_lin_vel_y_l2: 0.0000
Episode_Reward/tracking_lin_vel_z_l2: 0.0000
            Episode_Reward/survive: 0.0000
    Episode_Reward/foot_contacts_z: 0.0000
            Episode_Reward/torques: -0.1568
 Episode_Reward/tracking_lin_vel_y: 0.0000
          Episode_Reward/lin_vel_z: -0.0034
         Episode_Reward/ang_vel_xy: -0.0065
   Episode_Reward/tracking_ang_vel: 0.2212
               Episode_Reward/work: -0.0302
            Episode_Reward/dof_acc: -0.0007
        Episode_Reward/action_rate: -0.0018
     Episode_Reward/dof_pos_limits: 0.0000
      Episode_Reward/delta_torques: -0.0001
          Episode_Reward/collision: -6.2015
        Episode_Reward/walking_dof: 0.0037
            Episode_Reward/hip_pos: -0.0017
          Episode_Reward/feet_jerk: 0.0000
              Episode_Reward/alive: 0.3000
          Episode_Reward/feet_drag: -0.0069
Episode_Reward/feet_contact_forces: -0.2013
               Episode_Reward/roll: -0.0126
        Episode_Reward/base_height: -0.0131
Episode_Reward/tracking_lin_vel_max: 0.3822
Episode_Reward/flat_orientation_l2: -0.0122
  Episode_Reward/air_time_variance: -0.0073
        Episode_Reward/feet_height: 0.0000
      Episode_Reward/feet_air_time: -0.0000
Episode_Reward/update_last_buffers: 0.0000
   Episode_Reward/wheel_idle_speed: -0.0026
    Episode_Reward/wheel_action_l2: -0.0000
  Episode_Reward/wheel_action_rate: 0.0000
Episode_Reward/teacher_ensemble_match: 0.0000
  Episode_Reward/wheel_forward_use: 0.0135
 Episode_Reward/wheel_turn_support: 0.0000
   Metrics/locomotion/error_vel_xy: 0.2686
  Metrics/locomotion/error_vel_yaw: 0.4028
      Episode_Termination/time_out: 1.0000
   Episode_Termination/bad_contact: 0.0000
          Episode_Termination/tilt: 0.0000
    Episode_Termination/low_height: 0.0000
--------------------------------------------------------------------------------
                   Total timesteps: 145920
                    Iteration time: 3.69s
                      Time elapsed: 00:05:44
                               ETA: 00:01:34

################################################################################
                      [1m Learning iteration 95/120 [0m                       

                       Computation: 412 steps/s (collection: 3.653s, learning 0.072s)
             Mean action noise std: 0.06
          Mean value_function loss: 0.3703
               Mean surrogate loss: -0.0206
                 Mean entropy loss: -23.3487
                       Mean reward: -47.98
               Mean episode length: 300.00
   Episode_Reward/term_bad_contact: 0.0000
          Episode_Reward/term_tilt: 0.0000
    Episode_Reward/term_low_height: 0.0000
      Episode_Reward/leg_action_l2: -0.0032
   Episode_Reward/tracking_lin_vel: 0.4944
Episode_Reward/tracking_lin_vel_x_exp: 0.7124
Episode_Reward/tracking_ang_vel_yaw_l1: 0.0000
Episode_Reward/tracking_ang_vel_yaw_exp: 0.5199
Episode_Reward/tracking_lin_vel_y_l2: 0.0000
Episode_Reward/tracking_lin_vel_z_l2: 0.0000
            Episode_Reward/survive: 0.0000
    Episode_Reward/foot_contacts_z: 0.0000
            Episode_Reward/torques: -0.1399
 Episode_Reward/tracking_lin_vel_y: 0.0000
          Episode_Reward/lin_vel_z: -0.0041
         Episode_Reward/ang_vel_xy: -0.0074
   Episode_Reward/tracking_ang_vel: 0.2082
               Episode_Reward/work: -0.0371
            Episode_Reward/dof_acc: -0.0011
        Episode_Reward/action_rate: -0.0022
     Episode_Reward/dof_pos_limits: 0.0000
      Episode_Reward/delta_torques: -0.0001
          Episode_Reward/collision: -6.0604
        Episode_Reward/walking_dof: 0.0049
            Episode_Reward/hip_pos: -0.0015
          Episode_Reward/feet_jerk: 0.0000
              Episode_Reward/alive: 0.3000
          Episode_Reward/feet_drag: -0.0083
Episode_Reward/feet_contact_forces: -0.2008
               Episode_Reward/roll: -0.0111
        Episode_Reward/base_height: -0.0114
Episode_Reward/tracking_lin_vel_max: 0.3532
Episode_Reward/flat_orientation_l2: -0.0068
  Episode_Reward/air_time_variance: -0.0118
        Episode_Reward/feet_height: 0.0000
      Episode_Reward/feet_air_time: -0.0000
Episode_Reward/update_last_buffers: 0.0000
   Episode_Reward/wheel_idle_speed: -0.0032
    Episode_Reward/wheel_action_l2: -0.0001
  Episode_Reward/wheel_action_rate: 0.0000
Episode_Reward/teacher_ensemble_match: 0.0000
  Episode_Reward/wheel_forward_use: 0.0153
 Episode_Reward/wheel_turn_support: 0.0000
   Metrics/locomotion/error_vel_xy: 0.3099
  Metrics/locomotion/error_vel_yaw: 0.4615
      Episode_Termination/time_out: 1.0000
   Episode_Termination/bad_contact: 0.0000
          Episode_Termination/tilt: 0.0000
    Episode_Termination/low_height: 0.0000
--------------------------------------------------------------------------------
                   Total timesteps: 147456
                    Iteration time: 3.72s
                      Time elapsed: 00:05:48
                               ETA: 00:01:30

################################################################################
                      [1m Learning iteration 96/120 [0m                       

                       Computation: 412 steps/s (collection: 3.648s, learning 0.076s)
             Mean action noise std: 0.06
          Mean value_function loss: 0.5431
               Mean surrogate loss: -0.0261
                 Mean entropy loss: -23.3487
                       Mean reward: -47.25
               Mean episode length: 300.00
   Episode_Reward/term_bad_contact: 0.0000
          Episode_Reward/term_tilt: 0.0000
    Episode_Reward/term_low_height: 0.0000
      Episode_Reward/leg_action_l2: -0.0024
   Episode_Reward/tracking_lin_vel: 0.5149
Episode_Reward/tracking_lin_vel_x_exp: 0.8845
Episode_Reward/tracking_ang_vel_yaw_l1: 0.0000
Episode_Reward/tracking_ang_vel_yaw_exp: 0.4938
Episode_Reward/tracking_lin_vel_y_l2: 0.0000
Episode_Reward/tracking_lin_vel_z_l2: 0.0000
            Episode_Reward/survive: 0.0000
    Episode_Reward/foot_contacts_z: 0.0000
            Episode_Reward/torques: -0.1607
 Episode_Reward/tracking_lin_vel_y: 0.0000
          Episode_Reward/lin_vel_z: -0.0070
         Episode_Reward/ang_vel_xy: -0.0128
   Episode_Reward/tracking_ang_vel: 0.1761
               Episode_Reward/work: -0.0548
            Episode_Reward/dof_acc: -0.0017
        Episode_Reward/action_rate: -0.0022
     Episode_Reward/dof_pos_limits: 0.0000
      Episode_Reward/delta_torques: -0.0001
          Episode_Reward/collision: -6.4542
        Episode_Reward/walking_dof: 0.0062
            Episode_Reward/hip_pos: -0.0013
          Episode_Reward/feet_jerk: 0.0000
              Episode_Reward/alive: 0.3000
          Episode_Reward/feet_drag: -0.0117
Episode_Reward/feet_contact_forces: -0.1971
               Episode_Reward/roll: -0.0107
        Episode_Reward/base_height: -0.0193
Episode_Reward/tracking_lin_vel_max: 0.3353
Episode_Reward/flat_orientation_l2: -0.0156
  Episode_Reward/air_time_variance: -0.0122
        Episode_Reward/feet_height: 0.0000
      Episode_Reward/feet_air_time: -0.0000
Episode_Reward/update_last_buffers: 0.0000
   Episode_Reward/wheel_idle_speed: -0.0057
    Episode_Reward/wheel_action_l2: -0.0000
  Episode_Reward/wheel_action_rate: 0.0000
Episode_Reward/teacher_ensemble_match: 0.0000
  Episode_Reward/wheel_forward_use: 0.0184
 Episode_Reward/wheel_turn_support: 0.0000
   Metrics/locomotion/error_vel_xy: 0.2622
  Metrics/locomotion/error_vel_yaw: 0.6128
      Episode_Termination/time_out: 1.0000
   Episode_Termination/bad_contact: 0.0000
          Episode_Termination/tilt: 0.0000
    Episode_Termination/low_height: 0.0000
--------------------------------------------------------------------------------
                   Total timesteps: 148992
                    Iteration time: 3.72s
                      Time elapsed: 00:05:52
                               ETA: 00:01:27

################################################################################
                      [1m Learning iteration 97/120 [0m                       

                       Computation: 411 steps/s (collection: 3.657s, learning 0.073s)
             Mean action noise std: 0.06
          Mean value_function loss: 0.5269
               Mean surrogate loss: -0.0359
                 Mean entropy loss: -23.3487
                       Mean reward: -46.71
               Mean episode length: 300.00
   Episode_Reward/term_bad_contact: 0.0000
          Episode_Reward/term_tilt: 0.0000
    Episode_Reward/term_low_height: 0.0000
      Episode_Reward/leg_action_l2: -0.0027
   Episode_Reward/tracking_lin_vel: 0.4752
Episode_Reward/tracking_lin_vel_x_exp: 0.7228
Episode_Reward/tracking_ang_vel_yaw_l1: 0.0000
Episode_Reward/tracking_ang_vel_yaw_exp: 0.4274
Episode_Reward/tracking_lin_vel_y_l2: 0.0000
Episode_Reward/tracking_lin_vel_z_l2: 0.0000
            Episode_Reward/survive: 0.0000
    Episode_Reward/foot_contacts_z: 0.0000
            Episode_Reward/torques: -0.1411
 Episode_Reward/tracking_lin_vel_y: 0.0000
          Episode_Reward/lin_vel_z: -0.0060
         Episode_Reward/ang_vel_xy: -0.0130
   Episode_Reward/tracking_ang_vel: 0.1649
               Episode_Reward/work: -0.0530
            Episode_Reward/dof_acc: -0.0019
        Episode_Reward/action_rate: -0.0024
     Episode_Reward/dof_pos_limits: 0.0000
      Episode_Reward/delta_torques: -0.0001
          Episode_Reward/collision: -6.1425
        Episode_Reward/walking_dof: 0.0126
            Episode_Reward/hip_pos: -0.0015
          Episode_Reward/feet_jerk: 0.0000
              Episode_Reward/alive: 0.3000
          Episode_Reward/feet_drag: -0.0119
Episode_Reward/feet_contact_forces: -0.1974
               Episode_Reward/roll: -0.0113
        Episode_Reward/base_height: -0.0140
Episode_Reward/tracking_lin_vel_max: 0.2292
Episode_Reward/flat_orientation_l2: -0.0081
  Episode_Reward/air_time_variance: -0.0125
        Episode_Reward/feet_height: 0.0000
      Episode_Reward/feet_air_time: -0.0001
Episode_Reward/update_last_buffers: 0.0000
   Episode_Reward/wheel_idle_speed: -0.0033
    Episode_Reward/wheel_action_l2: -0.0000
  Episode_Reward/wheel_action_rate: 0.0000
Episode_Reward/teacher_ensemble_match: 0.0000
  Episode_Reward/wheel_forward_use: 0.0374
 Episode_Reward/wheel_turn_support: 0.0000
   Metrics/locomotion/error_vel_xy: 0.3384
  Metrics/locomotion/error_vel_yaw: 0.6427
      Episode_Termination/time_out: 1.0000
   Episode_Termination/bad_contact: 0.0000
          Episode_Termination/tilt: 0.0000
    Episode_Termination/low_height: 0.0000
--------------------------------------------------------------------------------
                   Total timesteps: 150528
                    Iteration time: 3.73s
                      Time elapsed: 00:05:55
                               ETA: 00:01:23

################################################################################
                      [1m Learning iteration 98/120 [0m                       

                       Computation: 416 steps/s (collection: 3.606s, learning 0.077s)
             Mean action noise std: 0.06
          Mean value_function loss: 0.6123
               Mean surrogate loss: -0.0225
                 Mean entropy loss: -23.3487
                       Mean reward: -46.86
               Mean episode length: 300.00
   Episode_Reward/term_bad_contact: 0.0000
          Episode_Reward/term_tilt: 0.0000
    Episode_Reward/term_low_height: 0.0000
      Episode_Reward/leg_action_l2: -0.0014
   Episode_Reward/tracking_lin_vel: 0.4345
Episode_Reward/tracking_lin_vel_x_exp: 0.5190
Episode_Reward/tracking_ang_vel_yaw_l1: 0.0000
Episode_Reward/tracking_ang_vel_yaw_exp: 0.6439
Episode_Reward/tracking_lin_vel_y_l2: 0.0000
Episode_Reward/tracking_lin_vel_z_l2: 0.0000
            Episode_Reward/survive: 0.0000
    Episode_Reward/foot_contacts_z: 0.0000
            Episode_Reward/torques: -0.2356
 Episode_Reward/tracking_lin_vel_y: 0.0000
          Episode_Reward/lin_vel_z: -0.0032
         Episode_Reward/ang_vel_xy: -0.0058
   Episode_Reward/tracking_ang_vel: 0.2254
               Episode_Reward/work: -0.0262
            Episode_Reward/dof_acc: -0.0007
        Episode_Reward/action_rate: -0.0010
     Episode_Reward/dof_pos_limits: 0.0000
      Episode_Reward/delta_torques: -0.0002
          Episode_Reward/collision: -6.9775
        Episode_Reward/walking_dof: 0.0225
            Episode_Reward/hip_pos: -0.0024
          Episode_Reward/feet_jerk: 0.0000
              Episode_Reward/alive: 0.3000
          Episode_Reward/feet_drag: -0.0061
Episode_Reward/feet_contact_forces: -0.1900
               Episode_Reward/roll: -0.0063
        Episode_Reward/base_height: -0.0255
Episode_Reward/tracking_lin_vel_max: 0.0676
Episode_Reward/flat_orientation_l2: -0.0416
  Episode_Reward/air_time_variance: -0.0108
        Episode_Reward/feet_height: 0.0000
      Episode_Reward/feet_air_time: -0.0001
Episode_Reward/update_last_buffers: 0.0000
   Episode_Reward/wheel_idle_speed: -0.0004
    Episode_Reward/wheel_action_l2: -0.0000
  Episode_Reward/wheel_action_rate: 0.0000
Episode_Reward/teacher_ensemble_match: 0.0000
  Episode_Reward/wheel_forward_use: 0.0822
 Episode_Reward/wheel_turn_support: 0.0000
   Metrics/locomotion/error_vel_xy: 0.4145
  Metrics/locomotion/error_vel_yaw: 0.4061
      Episode_Termination/time_out: 1.0000
   Episode_Termination/bad_contact: 0.0000
          Episode_Termination/tilt: 0.0000
    Episode_Termination/low_height: 0.0000
--------------------------------------------------------------------------------
                   Total timesteps: 152064
                    Iteration time: 3.68s
                      Time elapsed: 00:05:59
                               ETA: 00:01:19

################################################################################
                      [1m Learning iteration 99/120 [0m                       

                       Computation: 419 steps/s (collection: 3.589s, learning 0.073s)
             Mean action noise std: 0.06
          Mean value_function loss: 0.3687
               Mean surrogate loss: -0.0316
                 Mean entropy loss: -23.3487
                       Mean reward: -46.69
               Mean episode length: 300.00
   Episode_Reward/term_bad_contact: 0.0000
          Episode_Reward/term_tilt: 0.0000
    Episode_Reward/term_low_height: 0.0000
      Episode_Reward/leg_action_l2: -0.0014
   Episode_Reward/tracking_lin_vel: 0.3988
Episode_Reward/tracking_lin_vel_x_exp: 0.4391
Episode_Reward/tracking_ang_vel_yaw_l1: 0.0000
Episode_Reward/tracking_ang_vel_yaw_exp: 0.5907
Episode_Reward/tracking_lin_vel_y_l2: 0.0000
Episode_Reward/tracking_lin_vel_z_l2: 0.0000
            Episode_Reward/survive: 0.0000
    Episode_Reward/foot_contacts_z: 0.0000
            Episode_Reward/torques: -0.2141
 Episode_Reward/tracking_lin_vel_y: 0.0000
          Episode_Reward/lin_vel_z: -0.0042
         Episode_Reward/ang_vel_xy: -0.0055
   Episode_Reward/tracking_ang_vel: 0.2092
               Episode_Reward/work: -0.0318
            Episode_Reward/dof_acc: -0.0008
        Episode_Reward/action_rate: -0.0012
     Episode_Reward/dof_pos_limits: 0.0000
      Episode_Reward/delta_torques: -0.0002
          Episode_Reward/collision: -6.9492
        Episode_Reward/walking_dof: 0.0206
            Episode_Reward/hip_pos: -0.0019
          Episode_Reward/feet_jerk: 0.0000
              Episode_Reward/alive: 0.3000
          Episode_Reward/feet_drag: -0.0071
Episode_Reward/feet_contact_forces: -0.1879
               Episode_Reward/roll: -0.0080
        Episode_Reward/base_height: -0.0172
Episode_Reward/tracking_lin_vel_max: 0.0948
Episode_Reward/flat_orientation_l2: -0.0297
  Episode_Reward/air_time_variance: -0.0104
        Episode_Reward/feet_height: 0.0000
      Episode_Reward/feet_air_time: -0.0000
Episode_Reward/update_last_buffers: 0.0000
   Episode_Reward/wheel_idle_speed: -0.0005
    Episode_Reward/wheel_action_l2: -0.0000
  Episode_Reward/wheel_action_rate: 0.0000
Episode_Reward/teacher_ensemble_match: 0.0000
  Episode_Reward/wheel_forward_use: 0.0602
 Episode_Reward/wheel_turn_support: 0.0000
   Metrics/locomotion/error_vel_xy: 0.4681
  Metrics/locomotion/error_vel_yaw: 0.4500
      Episode_Termination/time_out: 1.0000
   Episode_Termination/bad_contact: 0.0000
          Episode_Termination/tilt: 0.0000
    Episode_Termination/low_height: 0.0000
--------------------------------------------------------------------------------
                   Total timesteps: 153600
                    Iteration time: 3.66s
                      Time elapsed: 00:06:03
                               ETA: 00:01:16

################################################################################
                      [1m Learning iteration 100/120 [0m                      

                       Computation: 417 steps/s (collection: 3.604s, learning 0.074s)
             Mean action noise std: 0.06
          Mean value_function loss: 0.3481
               Mean surrogate loss: -0.0325
                 Mean entropy loss: -23.3487
                       Mean reward: -46.91
               Mean episode length: 300.00
   Episode_Reward/term_bad_contact: 0.0000
          Episode_Reward/term_tilt: 0.0000
    Episode_Reward/term_low_height: 0.0000
      Episode_Reward/leg_action_l2: -0.0024
   Episode_Reward/tracking_lin_vel: 0.4752
Episode_Reward/tracking_lin_vel_x_exp: 0.7009
Episode_Reward/tracking_ang_vel_yaw_l1: 0.0000
Episode_Reward/tracking_ang_vel_yaw_exp: 0.6321
Episode_Reward/tracking_lin_vel_y_l2: 0.0000
Episode_Reward/tracking_lin_vel_z_l2: 0.0000
            Episode_Reward/survive: 0.0000
    Episode_Reward/foot_contacts_z: 0.0000
            Episode_Reward/torques: -0.1769
 Episode_Reward/tracking_lin_vel_y: 0.0000
          Episode_Reward/lin_vel_z: -0.0060
         Episode_Reward/ang_vel_xy: -0.0123
   Episode_Reward/tracking_ang_vel: 0.2118
               Episode_Reward/work: -0.0455
            Episode_Reward/dof_acc: -0.0013
        Episode_Reward/action_rate: -0.0020
     Episode_Reward/dof_pos_limits: 0.0000
      Episode_Reward/delta_torques: -0.0002
          Episode_Reward/collision: -6.6208
        Episode_Reward/walking_dof: 0.0111
            Episode_Reward/hip_pos: -0.0018
          Episode_Reward/feet_jerk: 0.0000
              Episode_Reward/alive: 0.3000
          Episode_Reward/feet_drag: -0.0105
Episode_Reward/feet_contact_forces: -0.1948
               Episode_Reward/roll: -0.0140
        Episode_Reward/base_height: -0.0198
Episode_Reward/tracking_lin_vel_max: 0.2669
Episode_Reward/flat_orientation_l2: -0.0231
  Episode_Reward/air_time_variance: -0.0096
        Episode_Reward/feet_height: 0.0000
      Episode_Reward/feet_air_time: -0.0000
Episode_Reward/update_last_buffers: 0.0000
   Episode_Reward/wheel_idle_speed: -0.0047
    Episode_Reward/wheel_action_l2: -0.0000
  Episode_Reward/wheel_action_rate: 0.0000
Episode_Reward/teacher_ensemble_match: 0.0000
  Episode_Reward/wheel_forward_use: 0.0423
 Episode_Reward/wheel_turn_support: 0.0000
   Metrics/locomotion/error_vel_xy: 0.3383
  Metrics/locomotion/error_vel_yaw: 0.4770
      Episode_Termination/time_out: 1.0000
   Episode_Termination/bad_contact: 0.0000
          Episode_Termination/tilt: 0.0000
    Episode_Termination/low_height: 0.0000
--------------------------------------------------------------------------------
                   Total timesteps: 155136
                    Iteration time: 3.68s
                      Time elapsed: 00:06:06
                               ETA: 00:01:12

################################################################################
                      [1m Learning iteration 101/120 [0m                      

                       Computation: 415 steps/s (collection: 3.621s, learning 0.076s)
             Mean action noise std: 0.06
          Mean value_function loss: 0.3847
               Mean surrogate loss: -0.0310
                 Mean entropy loss: -23.3487
                       Mean reward: -46.34
               Mean episode length: 300.00
   Episode_Reward/term_bad_contact: 0.0000
          Episode_Reward/term_tilt: 0.0000
    Episode_Reward/term_low_height: 0.0000
      Episode_Reward/leg_action_l2: -0.0030
   Episode_Reward/tracking_lin_vel: 0.4417
Episode_Reward/tracking_lin_vel_x_exp: 0.6263
Episode_Reward/tracking_ang_vel_yaw_l1: 0.0000
Episode_Reward/tracking_ang_vel_yaw_exp: 0.4914
Episode_Reward/tracking_lin_vel_y_l2: 0.0000
Episode_Reward/tracking_lin_vel_z_l2: 0.0000
            Episode_Reward/survive: 0.0000
    Episode_Reward/foot_contacts_z: 0.0000
            Episode_Reward/torques: -0.1509
 Episode_Reward/tracking_lin_vel_y: 0.0000
          Episode_Reward/lin_vel_z: -0.0078
         Episode_Reward/ang_vel_xy: -0.0148
   Episode_Reward/tracking_ang_vel: 0.1705
               Episode_Reward/work: -0.0605
            Episode_Reward/dof_acc: -0.0021
        Episode_Reward/action_rate: -0.0029
     Episode_Reward/dof_pos_limits: 0.0000
      Episode_Reward/delta_torques: -0.0001
          Episode_Reward/collision: -6.0725
        Episode_Reward/walking_dof: 0.0157
            Episode_Reward/hip_pos: -0.0013
          Episode_Reward/feet_jerk: 0.0000
              Episode_Reward/alive: 0.3000
          Episode_Reward/feet_drag: -0.0135
Episode_Reward/feet_contact_forces: -0.1952
               Episode_Reward/roll: -0.0131
        Episode_Reward/base_height: -0.0146
Episode_Reward/tracking_lin_vel_max: 0.1866
Episode_Reward/flat_orientation_l2: -0.0088
  Episode_Reward/air_time_variance: -0.0108
        Episode_Reward/feet_height: 0.0000
      Episode_Reward/feet_air_time: -0.0001
Episode_Reward/update_last_buffers: 0.0000
   Episode_Reward/wheel_idle_speed: -0.0052
    Episode_Reward/wheel_action_l2: -0.0001
  Episode_Reward/wheel_action_rate: 0.0000
Episode_Reward/teacher_ensemble_match: 0.0000
  Episode_Reward/wheel_forward_use: 0.0505
 Episode_Reward/wheel_turn_support: 0.0000
   Metrics/locomotion/error_vel_xy: 0.3921
  Metrics/locomotion/error_vel_yaw: 0.6441
      Episode_Termination/time_out: 1.0000
   Episode_Termination/bad_contact: 0.0000
          Episode_Termination/tilt: 0.0000
    Episode_Termination/low_height: 0.0000
--------------------------------------------------------------------------------
                   Total timesteps: 156672
                    Iteration time: 3.70s
                      Time elapsed: 00:06:10
                               ETA: 00:01:09

################################################################################
                      [1m Learning iteration 102/120 [0m                      

                       Computation: 411 steps/s (collection: 3.655s, learning 0.079s)
             Mean action noise std: 0.06
          Mean value_function loss: 0.3913
               Mean surrogate loss: -0.0339
                 Mean entropy loss: -23.3487
                       Mean reward: -46.27
               Mean episode length: 300.00
   Episode_Reward/term_bad_contact: 0.0000
          Episode_Reward/term_tilt: 0.0000
    Episode_Reward/term_low_height: 0.0000
      Episode_Reward/leg_action_l2: -0.0006
   Episode_Reward/tracking_lin_vel: 0.4956
Episode_Reward/tracking_lin_vel_x_exp: 0.7062
Episode_Reward/tracking_ang_vel_yaw_l1: 0.0000
Episode_Reward/tracking_ang_vel_yaw_exp: 0.4900
Episode_Reward/tracking_lin_vel_y_l2: 0.0000
Episode_Reward/tracking_lin_vel_z_l2: 0.0000
            Episode_Reward/survive: 0.0000
    Episode_Reward/foot_contacts_z: 0.0000
            Episode_Reward/torques: -0.2514
 Episode_Reward/tracking_lin_vel_y: 0.0000
          Episode_Reward/lin_vel_z: -0.0030
         Episode_Reward/ang_vel_xy: -0.0039
   Episode_Reward/tracking_ang_vel: 0.2113
               Episode_Reward/work: -0.0224
            Episode_Reward/dof_acc: -0.0005
        Episode_Reward/action_rate: -0.0007
     Episode_Reward/dof_pos_limits: 0.0000
      Episode_Reward/delta_torques: -0.0002
          Episode_Reward/collision: -7.5396
        Episode_Reward/walking_dof: 0.0144
            Episode_Reward/hip_pos: -0.0020
          Episode_Reward/feet_jerk: 0.0000
              Episode_Reward/alive: 0.3000
          Episode_Reward/feet_drag: -0.0046
Episode_Reward/feet_contact_forces: -0.1880
               Episode_Reward/roll: -0.0057
        Episode_Reward/base_height: -0.0257
Episode_Reward/tracking_lin_vel_max: 0.2086
Episode_Reward/flat_orientation_l2: -0.0493
  Episode_Reward/air_time_variance: -0.0048
        Episode_Reward/feet_height: 0.0000
      Episode_Reward/feet_air_time: -0.0000
Episode_Reward/update_last_buffers: 0.0000
   Episode_Reward/wheel_idle_speed: -0.0012
    Episode_Reward/wheel_action_l2: -0.0000
  Episode_Reward/wheel_action_rate: 0.0000
Episode_Reward/teacher_ensemble_match: 0.0000
  Episode_Reward/wheel_forward_use: 0.0517
 Episode_Reward/wheel_turn_support: 0.0000
   Metrics/locomotion/error_vel_xy: 0.3030
  Metrics/locomotion/error_vel_yaw: 0.4539
      Episode_Termination/time_out: 1.0000
   Episode_Termination/bad_contact: 0.0000
          Episode_Termination/tilt: 0.0000
    Episode_Termination/low_height: 0.0000
--------------------------------------------------------------------------------
                   Total timesteps: 158208
                    Iteration time: 3.73s
                      Time elapsed: 00:06:14
                               ETA: 00:01:05

################################################################################
                      [1m Learning iteration 103/120 [0m                      

                       Computation: 416 steps/s (collection: 3.614s, learning 0.077s)
             Mean action noise std: 0.06
          Mean value_function loss: 0.3134
               Mean surrogate loss: -0.0253
                 Mean entropy loss: -23.3487
                       Mean reward: -45.94
               Mean episode length: 300.00
   Episode_Reward/term_bad_contact: 0.0000
          Episode_Reward/term_tilt: 0.0000
    Episode_Reward/term_low_height: 0.0000
      Episode_Reward/leg_action_l2: -0.0029
   Episode_Reward/tracking_lin_vel: 0.5228
Episode_Reward/tracking_lin_vel_x_exp: 0.9178
Episode_Reward/tracking_ang_vel_yaw_l1: 0.0000
Episode_Reward/tracking_ang_vel_yaw_exp: 0.4047
Episode_Reward/tracking_lin_vel_y_l2: 0.0000
Episode_Reward/tracking_lin_vel_z_l2: 0.0000
            Episode_Reward/survive: 0.0000
    Episode_Reward/foot_contacts_z: 0.0000
            Episode_Reward/torques: -0.1281
 Episode_Reward/tracking_lin_vel_y: 0.0000
          Episode_Reward/lin_vel_z: -0.0061
         Episode_Reward/ang_vel_xy: -0.0162
   Episode_Reward/tracking_ang_vel: 0.1579
               Episode_Reward/work: -0.0547
            Episode_Reward/dof_acc: -0.0016
        Episode_Reward/action_rate: -0.0024
     Episode_Reward/dof_pos_limits: 0.0000
      Episode_Reward/delta_torques: -0.0001
          Episode_Reward/collision: -6.0081
        Episode_Reward/walking_dof: 0.0049
            Episode_Reward/hip_pos: -0.0015
          Episode_Reward/feet_jerk: 0.0000
              Episode_Reward/alive: 0.3000
          Episode_Reward/feet_drag: -0.0122
Episode_Reward/feet_contact_forces: -0.2009
               Episode_Reward/roll: -0.0154
        Episode_Reward/base_height: -0.0165
Episode_Reward/tracking_lin_vel_max: 0.3603
Episode_Reward/flat_orientation_l2: -0.0067
  Episode_Reward/air_time_variance: -0.0138
        Episode_Reward/feet_height: 0.0000
      Episode_Reward/feet_air_time: 0.0000
Episode_Reward/update_last_buffers: 0.0000
   Episode_Reward/wheel_idle_speed: -0.0059
    Episode_Reward/wheel_action_l2: -0.0001
  Episode_Reward/wheel_action_rate: 0.0000
Episode_Reward/teacher_ensemble_match: 0.0000
  Episode_Reward/wheel_forward_use: 0.0153
 Episode_Reward/wheel_turn_support: 0.0000
   Metrics/locomotion/error_vel_xy: 0.2555
  Metrics/locomotion/error_vel_yaw: 0.7064
      Episode_Termination/time_out: 1.0000
   Episode_Termination/bad_contact: 0.0000
          Episode_Termination/tilt: 0.0000
    Episode_Termination/low_height: 0.0000
--------------------------------------------------------------------------------
                   Total timesteps: 159744
                    Iteration time: 3.69s
                      Time elapsed: 00:06:18
                               ETA: 00:01:01

################################################################################
                      [1m Learning iteration 104/120 [0m                      

                       Computation: 411 steps/s (collection: 3.661s, learning 0.073s)
             Mean action noise std: 0.06
          Mean value_function loss: 0.4672
               Mean surrogate loss: -0.0315
                 Mean entropy loss: -23.3487
                       Mean reward: -45.89
               Mean episode length: 300.00
   Episode_Reward/term_bad_contact: 0.0000
          Episode_Reward/term_tilt: 0.0000
    Episode_Reward/term_low_height: 0.0000
      Episode_Reward/leg_action_l2: -0.0011
   Episode_Reward/tracking_lin_vel: 0.5186
Episode_Reward/tracking_lin_vel_x_exp: 0.8474
Episode_Reward/tracking_ang_vel_yaw_l1: 0.0000
Episode_Reward/tracking_ang_vel_yaw_exp: 0.5414
Episode_Reward/tracking_lin_vel_y_l2: 0.0000
Episode_Reward/tracking_lin_vel_z_l2: 0.0000
            Episode_Reward/survive: 0.0000
    Episode_Reward/foot_contacts_z: 0.0000
            Episode_Reward/torques: -0.2226
 Episode_Reward/tracking_lin_vel_y: 0.0000
          Episode_Reward/lin_vel_z: -0.0039
         Episode_Reward/ang_vel_xy: -0.0066
   Episode_Reward/tracking_ang_vel: 0.2068
               Episode_Reward/work: -0.0317
            Episode_Reward/dof_acc: -0.0009
        Episode_Reward/action_rate: -0.0011
     Episode_Reward/dof_pos_limits: 0.0000
      Episode_Reward/delta_torques: -0.0002
          Episode_Reward/collision: -7.2092
        Episode_Reward/walking_dof: 0.0115
            Episode_Reward/hip_pos: -0.0015
          Episode_Reward/feet_jerk: 0.0000
              Episode_Reward/alive: 0.3000
          Episode_Reward/feet_drag: -0.0070
Episode_Reward/feet_contact_forces: -0.1939
               Episode_Reward/roll: -0.0067
        Episode_Reward/base_height: -0.0248
Episode_Reward/tracking_lin_vel_max: 0.2952
Episode_Reward/flat_orientation_l2: -0.0366
  Episode_Reward/air_time_variance: -0.0109
        Episode_Reward/feet_height: 0.0000
      Episode_Reward/feet_air_time: -0.0000
Episode_Reward/update_last_buffers: 0.0000
   Episode_Reward/wheel_idle_speed: -0.0022
    Episode_Reward/wheel_action_l2: -0.0000
  Episode_Reward/wheel_action_rate: 0.0000
Episode_Reward/teacher_ensemble_match: 0.0000
  Episode_Reward/wheel_forward_use: 0.0446
 Episode_Reward/wheel_turn_support: 0.0000
   Metrics/locomotion/error_vel_xy: 0.2574
  Metrics/locomotion/error_vel_yaw: 0.4753
      Episode_Termination/time_out: 1.0000
   Episode_Termination/bad_contact: 0.0000
          Episode_Termination/tilt: 0.0000
    Episode_Termination/low_height: 0.0000
--------------------------------------------------------------------------------
                   Total timesteps: 161280
                    Iteration time: 3.73s
                      Time elapsed: 00:06:21
                               ETA: 00:00:58

################################################################################
                      [1m Learning iteration 105/120 [0m                      

                       Computation: 415 steps/s (collection: 3.624s, learning 0.074s)
             Mean action noise std: 0.06
          Mean value_function loss: 0.4004
               Mean surrogate loss: -0.0358
                 Mean entropy loss: -23.3487
                       Mean reward: -45.58
               Mean episode length: 300.00
   Episode_Reward/term_bad_contact: 0.0000
          Episode_Reward/term_tilt: 0.0000
    Episode_Reward/term_low_height: 0.0000
      Episode_Reward/leg_action_l2: -0.0019
   Episode_Reward/tracking_lin_vel: 0.4719
Episode_Reward/tracking_lin_vel_x_exp: 0.6800
Episode_Reward/tracking_ang_vel_yaw_l1: 0.0000
Episode_Reward/tracking_ang_vel_yaw_exp: 0.5143
Episode_Reward/tracking_lin_vel_y_l2: 0.0000
Episode_Reward/tracking_lin_vel_z_l2: 0.0000
            Episode_Reward/survive: 0.0000
    Episode_Reward/foot_contacts_z: 0.0000
            Episode_Reward/torques: -0.1697
 Episode_Reward/tracking_lin_vel_y: 0.0000
          Episode_Reward/lin_vel_z: -0.0041
         Episode_Reward/ang_vel_xy: -0.0082
   Episode_Reward/tracking_ang_vel: 0.1983
               Episode_Reward/work: -0.0359
            Episode_Reward/dof_acc: -0.0012
        Episode_Reward/action_rate: -0.0017
     Episode_Reward/dof_pos_limits: 0.0000
      Episode_Reward/delta_torques: -0.0001
          Episode_Reward/collision: -6.5456
        Episode_Reward/walking_dof: 0.0143
            Episode_Reward/hip_pos: -0.0013
          Episode_Reward/feet_jerk: 0.0000
              Episode_Reward/alive: 0.3000
          Episode_Reward/feet_drag: -0.0084
Episode_Reward/feet_contact_forces: -0.1932
               Episode_Reward/roll: -0.0115
        Episode_Reward/base_height: -0.0163
Episode_Reward/tracking_lin_vel_max: 0.2219
Episode_Reward/flat_orientation_l2: -0.0165
  Episode_Reward/air_time_variance: -0.0103
        Episode_Reward/feet_height: 0.0000
      Episode_Reward/feet_air_time: -0.0001
Episode_Reward/update_last_buffers: 0.0000
   Episode_Reward/wheel_idle_speed: -0.0018
    Episode_Reward/wheel_action_l2: -0.0000
  Episode_Reward/wheel_action_rate: 0.0000
Episode_Reward/teacher_ensemble_match: 0.0000
  Episode_Reward/wheel_forward_use: 0.0454
 Episode_Reward/wheel_turn_support: 0.0000
   Metrics/locomotion/error_vel_xy: 0.3441
  Metrics/locomotion/error_vel_yaw: 0.5057
      Episode_Termination/time_out: 1.0000
   Episode_Termination/bad_contact: 0.0000
          Episode_Termination/tilt: 0.0000
    Episode_Termination/low_height: 0.0000
--------------------------------------------------------------------------------
                   Total timesteps: 162816
                    Iteration time: 3.70s
                      Time elapsed: 00:06:25
                               ETA: 00:00:54

################################################################################
                      [1m Learning iteration 106/120 [0m                      

                       Computation: 414 steps/s (collection: 3.633s, learning 0.077s)
             Mean action noise std: 0.06
          Mean value_function loss: 48.6240
               Mean surrogate loss: -0.0141
                 Mean entropy loss: -23.3487
                       Mean reward: -46.29
               Mean episode length: 299.41
   Episode_Reward/term_bad_contact: 0.0000
          Episode_Reward/term_tilt: -0.4167
    Episode_Reward/term_low_height: 0.0000
      Episode_Reward/leg_action_l2: -0.0031
   Episode_Reward/tracking_lin_vel: 0.4819
Episode_Reward/tracking_lin_vel_x_exp: 0.7458
Episode_Reward/tracking_ang_vel_yaw_l1: 0.0000
Episode_Reward/tracking_ang_vel_yaw_exp: 0.4301
Episode_Reward/tracking_lin_vel_y_l2: 0.0000
Episode_Reward/tracking_lin_vel_z_l2: 0.0000
            Episode_Reward/survive: 0.0000
    Episode_Reward/foot_contacts_z: 0.0000
            Episode_Reward/torques: -0.1335
 Episode_Reward/tracking_lin_vel_y: 0.0000
          Episode_Reward/lin_vel_z: -0.0069
         Episode_Reward/ang_vel_xy: -0.0159
   Episode_Reward/tracking_ang_vel: 0.1603
               Episode_Reward/work: -0.0578
            Episode_Reward/dof_acc: -0.0019
        Episode_Reward/action_rate: -0.0028
     Episode_Reward/dof_pos_limits: 0.0000
      Episode_Reward/delta_torques: -0.0001
          Episode_Reward/collision: -5.9267
        Episode_Reward/walking_dof: 0.0122
            Episode_Reward/hip_pos: -0.0015
          Episode_Reward/feet_jerk: 0.0000
              Episode_Reward/alive: 0.2975
          Episode_Reward/feet_drag: -0.0131
Episode_Reward/feet_contact_forces: -0.1972
               Episode_Reward/roll: -0.0135
        Episode_Reward/base_height: -0.0142
Episode_Reward/tracking_lin_vel_max: 0.2562
Episode_Reward/flat_orientation_l2: -0.0052
  Episode_Reward/air_time_variance: -0.0099
        Episode_Reward/feet_height: 0.0000
      Episode_Reward/feet_air_time: -0.0000
Episode_Reward/update_last_buffers: 0.0000
   Episode_Reward/wheel_idle_speed: -0.0048
    Episode_Reward/wheel_action_l2: -0.0001
  Episode_Reward/wheel_action_rate: 0.0000
Episode_Reward/teacher_ensemble_match: 0.0000
  Episode_Reward/wheel_forward_use: 0.0356
 Episode_Reward/wheel_turn_support: 0.0000
   Metrics/locomotion/error_vel_xy: 0.3221
  Metrics/locomotion/error_vel_yaw: 0.6809
      Episode_Termination/time_out: 0.9935
   Episode_Termination/bad_contact: 0.0000
          Episode_Termination/tilt: 0.0065
    Episode_Termination/low_height: 0.0000
--------------------------------------------------------------------------------
                   Total timesteps: 164352
                    Iteration time: 3.71s
                      Time elapsed: 00:06:29
                               ETA: 00:00:50

################################################################################
                      [1m Learning iteration 107/120 [0m                      

                       Computation: 418 steps/s (collection: 3.600s, learning 0.073s)
             Mean action noise std: 0.06
          Mean value_function loss: 0.2256
               Mean surrogate loss: -0.0262
                 Mean entropy loss: -23.3487
                       Mean reward: -46.33
               Mean episode length: 299.41
   Episode_Reward/term_bad_contact: 0.0000
          Episode_Reward/term_tilt: 0.0000
    Episode_Reward/term_low_height: 0.0000
      Episode_Reward/leg_action_l2: -0.0005
   Episode_Reward/tracking_lin_vel: 0.5561
Episode_Reward/tracking_lin_vel_x_exp: 0.9844
Episode_Reward/tracking_ang_vel_yaw_l1: 0.0000
Episode_Reward/tracking_ang_vel_yaw_exp: 0.7355
Episode_Reward/tracking_lin_vel_y_l2: 0.0000
Episode_Reward/tracking_lin_vel_z_l2: 0.0000
            Episode_Reward/survive: 0.0000
    Episode_Reward/foot_contacts_z: 0.0000
            Episode_Reward/torques: -0.2706
 Episode_Reward/tracking_lin_vel_y: 0.0000
          Episode_Reward/lin_vel_z: -0.0023
         Episode_Reward/ang_vel_xy: -0.0032
   Episode_Reward/tracking_ang_vel: 0.2589
               Episode_Reward/work: -0.0161
            Episode_Reward/dof_acc: -0.0004
        Episode_Reward/action_rate: -0.0005
     Episode_Reward/dof_pos_limits: 0.0000
      Episode_Reward/delta_torques: -0.0002
          Episode_Reward/collision: -7.9300
        Episode_Reward/walking_dof: 0.0000
            Episode_Reward/hip_pos: -0.0016
          Episode_Reward/feet_jerk: 0.0000
              Episode_Reward/alive: 0.3000
          Episode_Reward/feet_drag: -0.0037
Episode_Reward/feet_contact_forces: -0.1939
               Episode_Reward/roll: -0.0087
        Episode_Reward/base_height: -0.0266
Episode_Reward/tracking_lin_vel_max: 0.4348
Episode_Reward/flat_orientation_l2: -0.0472
  Episode_Reward/air_time_variance: -0.0134
        Episode_Reward/feet_height: 0.0000
      Episode_Reward/feet_air_time: 0.0000
Episode_Reward/update_last_buffers: 0.0000
   Episode_Reward/wheel_idle_speed: -0.0018
    Episode_Reward/wheel_action_l2: -0.0000
  Episode_Reward/wheel_action_rate: 0.0000
Episode_Reward/teacher_ensemble_match: 0.0000
  Episode_Reward/wheel_forward_use: 0.0000
 Episode_Reward/wheel_turn_support: 0.0000
   Metrics/locomotion/error_vel_xy: 0.1767
  Metrics/locomotion/error_vel_yaw: 0.2660
      Episode_Termination/time_out: 0.9844
   Episode_Termination/bad_contact: 0.0000
          Episode_Termination/tilt: 0.0156
    Episode_Termination/low_height: 0.0000
--------------------------------------------------------------------------------
                   Total timesteps: 165888
                    Iteration time: 3.67s
                      Time elapsed: 00:06:32
                               ETA: 00:00:47

################################################################################
                      [1m Learning iteration 108/120 [0m                      

                       Computation: 405 steps/s (collection: 3.720s, learning 0.073s)
             Mean action noise std: 0.06
          Mean value_function loss: 0.3724
               Mean surrogate loss: -0.0225
                 Mean entropy loss: -23.3487
                       Mean reward: -46.25
               Mean episode length: 299.41
   Episode_Reward/term_bad_contact: 0.0000
          Episode_Reward/term_tilt: 0.0000
    Episode_Reward/term_low_height: 0.0000
      Episode_Reward/leg_action_l2: -0.0016
   Episode_Reward/tracking_lin_vel: 0.4826
Episode_Reward/tracking_lin_vel_x_exp: 0.7711
Episode_Reward/tracking_ang_vel_yaw_l1: 0.0000
Episode_Reward/tracking_ang_vel_yaw_exp: 0.6002
Episode_Reward/tracking_lin_vel_y_l2: 0.0000
Episode_Reward/tracking_lin_vel_z_l2: 0.0000
            Episode_Reward/survive: 0.0000
    Episode_Reward/foot_contacts_z: 0.0000
            Episode_Reward/torques: -0.1938
 Episode_Reward/tracking_lin_vel_y: 0.0000
          Episode_Reward/lin_vel_z: -0.0049
         Episode_Reward/ang_vel_xy: -0.0106
   Episode_Reward/tracking_ang_vel: 0.2038
               Episode_Reward/work: -0.0423
            Episode_Reward/dof_acc: -0.0013
        Episode_Reward/action_rate: -0.0016
     Episode_Reward/dof_pos_limits: 0.0000
      Episode_Reward/delta_torques: -0.0002
          Episode_Reward/collision: -6.8613
        Episode_Reward/walking_dof: 0.0124
            Episode_Reward/hip_pos: -0.0014
          Episode_Reward/feet_jerk: 0.0000
              Episode_Reward/alive: 0.3000
          Episode_Reward/feet_drag: -0.0087
Episode_Reward/feet_contact_forces: -0.1965
               Episode_Reward/roll: -0.0090
        Episode_Reward/base_height: -0.0199
Episode_Reward/tracking_lin_vel_max: 0.2565
Episode_Reward/flat_orientation_l2: -0.0254
  Episode_Reward/air_time_variance: -0.0145
        Episode_Reward/feet_height: 0.0000
      Episode_Reward/feet_air_time: -0.0001
Episode_Reward/update_last_buffers: 0.0000
   Episode_Reward/wheel_idle_speed: -0.0028
    Episode_Reward/wheel_action_l2: -0.0000
  Episode_Reward/wheel_action_rate: 0.0000
Episode_Reward/teacher_ensemble_match: 0.0000
  Episode_Reward/wheel_forward_use: 0.0457
 Episode_Reward/wheel_turn_support: 0.0000
   Metrics/locomotion/error_vel_xy: 0.3201
  Metrics/locomotion/error_vel_yaw: 0.5027
      Episode_Termination/time_out: 0.9844
   Episode_Termination/bad_contact: 0.0000
          Episode_Termination/tilt: 0.0156
    Episode_Termination/low_height: 0.0000
--------------------------------------------------------------------------------
                   Total timesteps: 167424
                    Iteration time: 3.79s
                      Time elapsed: 00:06:36
                               ETA: 00:00:43

################################################################################
                      [1m Learning iteration 109/120 [0m                      

                       Computation: 407 steps/s (collection: 3.695s, learning 0.076s)
             Mean action noise std: 0.06
          Mean value_function loss: 0.3369
               Mean surrogate loss: -0.0372
                 Mean entropy loss: -23.3487
                       Mean reward: -46.20
               Mean episode length: 299.41
   Episode_Reward/term_bad_contact: 0.0000
          Episode_Reward/term_tilt: 0.0000
    Episode_Reward/term_low_height: 0.0000
      Episode_Reward/leg_action_l2: -0.0019
   Episode_Reward/tracking_lin_vel: 0.4595
Episode_Reward/tracking_lin_vel_x_exp: 0.6251
Episode_Reward/tracking_ang_vel_yaw_l1: 0.0000
Episode_Reward/tracking_ang_vel_yaw_exp: 0.5015
Episode_Reward/tracking_lin_vel_y_l2: 0.0000
Episode_Reward/tracking_lin_vel_z_l2: 0.0000
            Episode_Reward/survive: 0.0000
    Episode_Reward/foot_contacts_z: 0.0000
            Episode_Reward/torques: -0.1754
 Episode_Reward/tracking_lin_vel_y: 0.0000
          Episode_Reward/lin_vel_z: -0.0050
         Episode_Reward/ang_vel_xy: -0.0107
   Episode_Reward/tracking_ang_vel: 0.1854
               Episode_Reward/work: -0.0450
            Episode_Reward/dof_acc: -0.0012
        Episode_Reward/action_rate: -0.0017
     Episode_Reward/dof_pos_limits: 0.0000
      Episode_Reward/delta_torques: -0.0001
          Episode_Reward/collision: -6.4367
        Episode_Reward/walking_dof: 0.0176
            Episode_Reward/hip_pos: -0.0013
          Episode_Reward/feet_jerk: 0.0000
              Episode_Reward/alive: 0.3000
          Episode_Reward/feet_drag: -0.0098
Episode_Reward/feet_contact_forces: -0.1963
               Episode_Reward/roll: -0.0104
        Episode_Reward/base_height: -0.0158
Episode_Reward/tracking_lin_vel_max: 0.1662
Episode_Reward/flat_orientation_l2: -0.0158
  Episode_Reward/air_time_variance: -0.0128
        Episode_Reward/feet_height: 0.0000
      Episode_Reward/feet_air_time: -0.0001
Episode_Reward/update_last_buffers: 0.0000
   Episode_Reward/wheel_idle_speed: -0.0018
    Episode_Reward/wheel_action_l2: -0.0000
  Episode_Reward/wheel_action_rate: 0.0000
Episode_Reward/teacher_ensemble_match: 0.0000
  Episode_Reward/wheel_forward_use: 0.0573
 Episode_Reward/wheel_turn_support: 0.0000
   Metrics/locomotion/error_vel_xy: 0.3713
  Metrics/locomotion/error_vel_yaw: 0.5706
      Episode_Termination/time_out: 0.9844
   Episode_Termination/bad_contact: 0.0000
          Episode_Termination/tilt: 0.0156
    Episode_Termination/low_height: 0.0000
--------------------------------------------------------------------------------
                   Total timesteps: 168960
                    Iteration time: 3.77s
                      Time elapsed: 00:06:40
                               ETA: 00:00:40

################################################################################
                      [1m Learning iteration 110/120 [0m                      

                       Computation: 409 steps/s (collection: 3.680s, learning 0.074s)
             Mean action noise std: 0.06
          Mean value_function loss: 0.3467
               Mean surrogate loss: -0.0347
                 Mean entropy loss: -23.3487
                       Mean reward: -45.87
               Mean episode length: 299.41
   Episode_Reward/term_bad_contact: 0.0000
          Episode_Reward/term_tilt: 0.0000
    Episode_Reward/term_low_height: 0.0000
      Episode_Reward/leg_action_l2: -0.0032
   Episode_Reward/tracking_lin_vel: 0.4956
Episode_Reward/tracking_lin_vel_x_exp: 0.8412
Episode_Reward/tracking_ang_vel_yaw_l1: 0.0000
Episode_Reward/tracking_ang_vel_yaw_exp: 0.4235
Episode_Reward/tracking_lin_vel_y_l2: 0.0000
Episode_Reward/tracking_lin_vel_z_l2: 0.0000
            Episode_Reward/survive: 0.0000
    Episode_Reward/foot_contacts_z: 0.0000
            Episode_Reward/torques: -0.1320
 Episode_Reward/tracking_lin_vel_y: 0.0000
          Episode_Reward/lin_vel_z: -0.0056
         Episode_Reward/ang_vel_xy: -0.0175
   Episode_Reward/tracking_ang_vel: 0.1470
               Episode_Reward/work: -0.0525
            Episode_Reward/dof_acc: -0.0017
        Episode_Reward/action_rate: -0.0025
     Episode_Reward/dof_pos_limits: 0.0000
      Episode_Reward/delta_torques: -0.0001
          Episode_Reward/collision: -6.1475
        Episode_Reward/walking_dof: 0.0059
            Episode_Reward/hip_pos: -0.0017
          Episode_Reward/feet_jerk: 0.0000
              Episode_Reward/alive: 0.3000
          Episode_Reward/feet_drag: -0.0129
Episode_Reward/feet_contact_forces: -0.1964
               Episode_Reward/roll: -0.0122
        Episode_Reward/base_height: -0.0169
Episode_Reward/tracking_lin_vel_max: 0.3342
Episode_Reward/flat_orientation_l2: -0.0084
  Episode_Reward/air_time_variance: -0.0128
        Episode_Reward/feet_height: 0.0000
      Episode_Reward/feet_air_time: -0.0000
Episode_Reward/update_last_buffers: 0.0000
   Episode_Reward/wheel_idle_speed: -0.0053
    Episode_Reward/wheel_action_l2: -0.0001
  Episode_Reward/wheel_action_rate: 0.0000
Episode_Reward/teacher_ensemble_match: 0.0000
  Episode_Reward/wheel_forward_use: 0.0187
 Episode_Reward/wheel_turn_support: 0.0000
   Metrics/locomotion/error_vel_xy: 0.3054
  Metrics/locomotion/error_vel_yaw: 0.7691
      Episode_Termination/time_out: 0.9844
   Episode_Termination/bad_contact: 0.0000
          Episode_Termination/tilt: 0.0156
    Episode_Termination/low_height: 0.0000
--------------------------------------------------------------------------------
                   Total timesteps: 170496
                    Iteration time: 3.75s
                      Time elapsed: 00:06:44
                               ETA: 00:00:36

################################################################################
                      [1m Learning iteration 111/120 [0m                      

                       Computation: 417 steps/s (collection: 3.598s, learning 0.077s)
             Mean action noise std: 0.06
          Mean value_function loss: 0.2082
               Mean surrogate loss: -0.0276
                 Mean entropy loss: -23.3487
                       Mean reward: -45.73
               Mean episode length: 299.41
   Episode_Reward/term_bad_contact: 0.0000
          Episode_Reward/term_tilt: 0.0000
    Episode_Reward/term_low_height: 0.0000
      Episode_Reward/leg_action_l2: -0.0016
   Episode_Reward/tracking_lin_vel: 0.4268
Episode_Reward/tracking_lin_vel_x_exp: 0.4799
Episode_Reward/tracking_ang_vel_yaw_l1: 0.0000
Episode_Reward/tracking_ang_vel_yaw_exp: 0.6705
Episode_Reward/tracking_lin_vel_y_l2: 0.0000
Episode_Reward/tracking_lin_vel_z_l2: 0.0000
            Episode_Reward/survive: 0.0000
    Episode_Reward/foot_contacts_z: 0.0000
            Episode_Reward/torques: -0.1724
 Episode_Reward/tracking_lin_vel_y: 0.0000
          Episode_Reward/lin_vel_z: -0.0036
         Episode_Reward/ang_vel_xy: -0.0063
   Episode_Reward/tracking_ang_vel: 0.2268
               Episode_Reward/work: -0.0313
            Episode_Reward/dof_acc: -0.0008
        Episode_Reward/action_rate: -0.0013
     Episode_Reward/dof_pos_limits: 0.0000
      Episode_Reward/delta_torques: -0.0001
          Episode_Reward/collision: -6.3296
        Episode_Reward/walking_dof: 0.0234
            Episode_Reward/hip_pos: -0.0010
          Episode_Reward/feet_jerk: 0.0000
              Episode_Reward/alive: 0.3000
          Episode_Reward/feet_drag: -0.0079
Episode_Reward/feet_contact_forces: -0.1980
               Episode_Reward/roll: -0.0103
        Episode_Reward/base_height: -0.0134
Episode_Reward/tracking_lin_vel_max: 0.0679
Episode_Reward/flat_orientation_l2: -0.0142
  Episode_Reward/air_time_variance: -0.0100
        Episode_Reward/feet_height: 0.0000
      Episode_Reward/feet_air_time: -0.0001
Episode_Reward/update_last_buffers: 0.0000
   Episode_Reward/wheel_idle_speed: -0.0005
    Episode_Reward/wheel_action_l2: -0.0000
  Episode_Reward/wheel_action_rate: 0.0000
Episode_Reward/teacher_ensemble_match: 0.0000
  Episode_Reward/wheel_forward_use: 0.0885
 Episode_Reward/wheel_turn_support: 0.0000
   Metrics/locomotion/error_vel_xy: 0.4273
  Metrics/locomotion/error_vel_yaw: 0.3780
      Episode_Termination/time_out: 0.9844
   Episode_Termination/bad_contact: 0.0000
          Episode_Termination/tilt: 0.0156
    Episode_Termination/low_height: 0.0000
--------------------------------------------------------------------------------
                   Total timesteps: 172032
                    Iteration time: 3.68s
                      Time elapsed: 00:06:47
                               ETA: 00:00:32
[13.784s] Simulation App Startup Complete
[17.645s] [ext: omni.physx.fabric-107.3.26] startup
2026-08-17T23:21:48Z [179,055ms] [Warning] [omni.fabric.plugin] getAttributeCount called on non-existent path /World/envs/env_9/Robot/base/visuals/trunk
2026-08-17T23:21:48Z [179,055ms] [Warning] [omni.fabric.plugin] getTypes called on non-existent path /World/envs/env_9/Robot/base/visuals/trunk
2026-08-17T23:21:53Z [183,608ms] [Warning] [omni.physx.fabric.plugin] FabricManager::initializePointInstancer mismatched prototypes on point instancer: /Visuals/ee_goal_center.
2026-08-17T23:21:53Z [183,608ms] [Warning] [omni.physx.fabric.plugin] FabricManager::initializePointInstancer mismatched prototypes on point instancer: /Visuals/Command/velocity_current.
2026-08-17T23:21:53Z [183,608ms] [Warning] [omni.physx.fabric.plugin] FabricManager::initializePointInstancer mismatched prototypes on point instancer: /Visuals/Command/velocity_goal.
2026-08-17T23:21:53Z [183,608ms] [Warning] [omni.physx.fabric.plugin] FabricManager::initializePointInstancer mismatched prototypes on point instancer: /Visuals/ee_goal.
2026-08-17T23:21:53Z [183,608ms] [Warning] [omni.physx.fabric.plugin] FabricManager::initializePointInstancer mismatched prototypes on point instancer: /Visuals/ee_current.
2026-08-17T23:21:54Z [185,283ms] [Warning] [omni.physx.fabric.plugin] FabricManager::initializePointInstancer mismatched prototypes on point instancer: /Visuals/ee_current.
2026-08-17T23:21:54Z [185,283ms] [Warning] [omni.physx.fabric.plugin] FabricManager::initializePointInstancer mismatched prototypes on point instancer: /Visuals/ee_goal.
2026-08-17T23:21:54Z [185,283ms] [Warning] [omni.physx.fabric.plugin] FabricManager::initializePointInstancer mismatched prototypes on point instancer: /Visuals/Command/velocity_current.
2026-08-17T23:21:54Z [185,283ms] [Warning] [omni.physx.fabric.plugin] FabricManager::initializePointInstancer mismatched prototypes on point instancer: /Visuals/Command/velocity_goal.
2026-08-17T23:22:10Z [200,908ms] [Warning] [carb] Client gpu.foundation.plugin has acquired [gpu::unstable::IMemoryBudgetManagerFactory v0.1] 100 times. Consider accessing this interface with carb::getCachedInterface() (Performance warning)
