[INFO][AppLauncher]: Using device: cuda:0
[INFO][AppLauncher]: Loading experience file: /workspace/isaaclab/apps/isaaclab.python.headless.kit
[INFO]: Parsing configuration from: quadruped_arm.tasks.manager_based.maniploco.maniploco_env_cfg:ManipLocoEnvCfg
======Missing terms====== 
[]
 =======================
[INFO]: Parsing configuration from: quadruped_arm.tasks.manager_based.maniploco.agents.rsl_rl_ppo_cfg:ManiPLocoPPORunnerCfg
[INFO] Logging experiment in directory: /root/gpufree-data/tandem_hrl_620d798/logs/rsl_rl/maniploco
Exact experiment name requested from command line: 2026-08-17_20-58-03

[36m======================================================================================[0m
[36m[1m[INFO][IsaacLab]: Logging to file: /tmp/isaaclab/logs/isaaclab_2026-08-17_20-58-03.log[0m
[36m======================================================================================[0m

[33m20:58:03 [simulation_context.py] WARNING: The `enable_external_forces_every_iteration` parameter in the PhysxCfg is set to False. If you are experiencing noisy velocities, consider enabling this flag. You may need to slightly increase the number of velocity iterations (setting it to 1 or 2 rather than 0), together with this flag, to improve the accuracy of velocity updates.[0m
[INFO]: Base environment:
	Environment device    : cuda:0
	Environment seed      : 271828
	Physics step-size     : 0.008333333333333333
	Rendering step-size   : 0.03333333333333333
	Environment step-size : 0.03333333333333333
[33m20:58:03 [terrain_importer.py] WARNING: Visual material specified for ground plane but no diffuse color found. Using default color: (0.0, 0.0, 0.0)[0m
[INFO]: Time taken for scene creation : 3.807424 seconds
[INFO]: Scene manager:  <class InteractiveScene>
	Number of environments: 128
	Environment spacing   : 4.0
	Source prim name      : /World/envs/env_0
	Global prim paths     : ['/World/ground']
	Replicate physics     : True
[INFO]: Starting the simulation. This may take a few seconds. Please wait...
[INFO]: Time taken for simulation start : 4.156884 seconds
[33m20:58:12 [velocity_command.py] WARNING: The velocity command has the 'ranges.heading' attribute set to '(-3.141592653589793, 3.141592653589793)' but the heading command is not active. Consider setting the flag for the heading command to True.[0m
[INFO] Command Manager:  <CommandManager> contains 2 active terms.
+---------------------------------------------+
|             Active Command Terms            |
+-------+------------+------------------------+
| Index | Name       |          Type          |
+-------+------------+------------------------+
|   0   | locomotion | UniformVelocityCommand |
|   1   | ee_goal    | EeSphericalGoalCommand |
+-------+------------+------------------------+

[INFO] Event Manager:  <EventManager> contains 1 active terms.
+------------------------------------+
| Active Event Terms in Mode: 'reset' |
+-----------+------------------------+
|   Index   | Name                   |
+-----------+------------------------+
|     0     | reset_root             |
|     1     | reset_joints           |
|     2     | init_priv              |
|     3     | reset_rewards          |
+-----------+------------------------+

[INFO] Recorder Manager:  <RecorderManager> contains 0 active terms.
+---------------------+
| Active Recorder Terms |
+-----------+---------+
|   Index   | Name    |
+-----------+---------+
+-----------+---------+

[INFO] Action Manager:  <ActionManager> contains 3 active terms.
+------------------------------------+
|  Active Action Terms (shape: 16)   |
+--------+-------------+-------------+
| Index  | Name        |   Dimension |
+--------+-------------+-------------+
|   0    | leg_pos     |          12 |
|   1    | wheel_vel   |           4 |
|   2    | arm_ik      |           0 |
+--------+-------------+-------------+

[INFO] Observation Manager: <ObservationManager> contains 1 groups.
+--------------------------------------------------+
| Active Observation Terms in Group: 'policy' (shape: (876,)) |
+----------------+-------------+-------------------+
|     Index      | Name        |       Shape       |
+----------------+-------------+-------------------+
|       0        | obs         |       (876,)      |
+----------------+-------------+-------------------+

[INFO] Termination Manager:  <TerminationManager> contains 4 active terms.
+--------------------------------+
|    Active Termination Terms    |
+-------+-------------+----------+
| Index | Name        | Time Out |
+-------+-------------+----------+
|   0   | time_out    |   True   |
|   1   | bad_contact |  False   |
|   2   | tilt        |  False   |
|   3   | low_height  |  False   |
+-------+-------------+----------+

[INFO] Reward Manager:  <RewardManager> contains 41 active terms.
+---------------------------------------------------------+
|                   Active Reward Terms                   |
+-------+--------------------------+----------------------+
| Index | Name                     |               Weight |
+-------+--------------------------+----------------------+
|   0   | term_bad_contact         |              -3000.0 |
|   1   | term_tilt                |              -3000.0 |
|   2   | term_low_height          |              -3000.0 |
|   3   | leg_action_l2            |               -0.003 |
|   4   | tracking_lin_vel         |                  0.0 |
|   5   | tracking_ang_vel_yaw_l1  |                  0.0 |
|   6   | tracking_ang_vel_yaw_exp |                  0.0 |
|   7   | tracking_lin_vel_y_l2    |                  0.0 |
|   8   | tracking_lin_vel_z_l2    |                  0.0 |
|   9   | survive                  |                  0.0 |
|   10  | foot_contacts_z          |                  0.0 |
|   11  | torques                  |             -7.5e-06 |
|   12  | tracking_lin_vel_y       |                  0.0 |
|   13  | lin_vel_z                | -0.44999999999999996 |
|   14  | ang_vel_xy               |                -0.06 |
|   15  | tracking_ang_vel         |                0.105 |
|   16  | work                     |              -0.0009 |
|   17  | dof_acc                  |            -2.25e-07 |
|   18  | action_rate              |              -0.0045 |
|   19  | dof_pos_limits           |                 -3.0 |
|   20  | delta_torques            |               -3e-08 |
|   21  | collision                |                 -3.0 |
|   22  | walking_dof              |                 0.15 |
|   23  | hip_pos                  |                -0.06 |
|   24  | feet_jerk                |               -6e-05 |
|   25  | alive                    |                  0.3 |
|   26  | feet_drag                |               -0.024 |
|   27  | feet_contact_forces      |              -0.0003 |
|   28  | roll                     |                 -0.3 |
|   29  | base_height              |                 -1.5 |
|   30  | tracking_lin_vel_max     |  0.44999999999999996 |
|   31  | flat_orientation_l2      |                -0.15 |
|   32  | air_time_variance        | -0.44999999999999996 |
|   33  | feet_height              |                  0.0 |
|   34  | feet_air_time            |                0.015 |
|   35  | update_last_buffers      |                  0.0 |
|   36  | wheel_idle_speed         |              -0.0009 |
|   37  | wheel_action_l2          |              -0.0003 |
|   38  | wheel_action_rate        |              -0.0006 |
|   39  | wheel_forward_use        |                 0.12 |
|   40  | wheel_turn_support       |                0.075 |
+-------+--------------------------+----------------------+

[INFO] Curriculum Manager:  <CurriculumManager> contains 0 active terms.
+----------------------+
| Active Curriculum Terms |
+-----------+----------+
|   Index   | Name     |
+-----------+----------+
+-----------+----------+

[INFO]: Completed setting up the environment...
--------------------------------------------------------------------------------
Resolved observation sets: 
	 policy :  ['policy']
	 critic :  ['policy']
--------------------------------------------------------------------------------
Actor MLP: MLP(
  (0): Linear(in_features=876, out_features=256, bias=True)
  (1): ELU(alpha=1.0)
  (2): Linear(in_features=256, out_features=128, bias=True)
  (3): ELU(alpha=1.0)
  (4): Linear(in_features=128, out_features=16, bias=True)
)
Critic MLP: MLP(
  (0): Linear(in_features=876, out_features=256, bias=True)
  (1): ELU(alpha=1.0)
  (2): Linear(in_features=256, out_features=128, bias=True)
  (3): ELU(alpha=1.0)
  (4): Linear(in_features=128, out_features=1, bias=True)
)
[INFO]: Loading model checkpoint from: /root/gpufree-data/zyb_v0_model_1023.pt
[INFO] Action exploration std fixed to: 0.150000
[INFO] Leg action exploration std set to: 0.100000
[INFO] Wheel action exploration std fixed to: 0.150000
################################################################################
                     [1m Learning iteration 1023/1123 [0m                     

                       Computation: 632 steps/s (collection: 4.725s, learning 0.133s)
             Mean action noise std: 0.11
          Mean value_function loss: 2610.0702
               Mean surrogate loss: -0.0330
                 Mean entropy loss: -12.5165
                       Mean reward: -51.82
               Mean episode length: 13.05
   Episode_Reward/term_bad_contact: 0.0000
          Episode_Reward/term_tilt: -1.6667
    Episode_Reward/term_low_height: 0.0000
      Episode_Reward/leg_action_l2: -0.0030
   Episode_Reward/tracking_lin_vel: 0.0000
Episode_Reward/tracking_ang_vel_yaw_l1: 0.0000
Episode_Reward/tracking_ang_vel_yaw_exp: 0.0000
Episode_Reward/tracking_lin_vel_y_l2: 0.0000
Episode_Reward/tracking_lin_vel_z_l2: 0.0000
            Episode_Reward/survive: 0.0000
    Episode_Reward/foot_contacts_z: 0.0000
            Episode_Reward/torques: -0.0140
 Episode_Reward/tracking_lin_vel_y: 0.0000
          Episode_Reward/lin_vel_z: -0.0026
         Episode_Reward/ang_vel_xy: -0.0080
   Episode_Reward/tracking_ang_vel: 0.0015
               Episode_Reward/work: -0.3074
            Episode_Reward/dof_acc: -0.5037
        Episode_Reward/action_rate: -0.0048
     Episode_Reward/dof_pos_limits: -0.0000
      Episode_Reward/delta_torques: -0.0000
          Episode_Reward/collision: -0.1738
        Episode_Reward/walking_dof: 0.0035
            Episode_Reward/hip_pos: -0.0015
          Episode_Reward/feet_jerk: 0.0000
              Episode_Reward/alive: 0.0119
          Episode_Reward/feet_drag: -0.0015
Episode_Reward/feet_contact_forces: -0.0077
               Episode_Reward/roll: -0.0012
        Episode_Reward/base_height: -0.0039
Episode_Reward/tracking_lin_vel_max: 0.0031
Episode_Reward/flat_orientation_l2: -0.0006
  Episode_Reward/air_time_variance: -0.0001
        Episode_Reward/feet_height: 0.0000
      Episode_Reward/feet_air_time: -0.0000
Episode_Reward/update_last_buffers: 0.0000
   Episode_Reward/wheel_idle_speed: -0.5270
    Episode_Reward/wheel_action_l2: -0.0002
  Episode_Reward/wheel_action_rate: 0.0000
  Episode_Reward/wheel_forward_use: 0.0001
 Episode_Reward/wheel_turn_support: 0.0001
   Metrics/locomotion/error_vel_xy: 0.0319
  Metrics/locomotion/error_vel_yaw: 0.0444
      Episode_Termination/time_out: 0.0518
   Episode_Termination/bad_contact: 0.0000
          Episode_Termination/tilt: 0.0260
    Episode_Termination/low_height: 0.0000
--------------------------------------------------------------------------------
                   Total timesteps: 3072
                    Iteration time: 4.86s
                      Time elapsed: 00:00:04
                               ETA: 00:08:05

Could not find git repository in /workspace/isaaclab/_isaac_sim/kit/python/lib/python3.11/site-packages/rsl_rl/__init__.py. Skipping.
Could not find git repository in /root/gpufree-data/tandem_hrl_620d798/scripts/rsl_rl/train.py. Skipping.
################################################################################
                     [1m Learning iteration 1024/1123 [0m                     

                       Computation: 971 steps/s (collection: 3.085s, learning 0.077s)
             Mean action noise std: 0.11
          Mean value_function loss: 31.8382
               Mean surrogate loss: -0.0147
                 Mean entropy loss: -12.5165
                       Mean reward: -46.81
               Mean episode length: 23.76
   Episode_Reward/term_bad_contact: 0.0000
          Episode_Reward/term_tilt: -0.4167
    Episode_Reward/term_low_height: 0.0000
      Episode_Reward/leg_action_l2: -0.0085
   Episode_Reward/tracking_lin_vel: 0.0000
Episode_Reward/tracking_ang_vel_yaw_l1: 0.0000
Episode_Reward/tracking_ang_vel_yaw_exp: 0.0000
Episode_Reward/tracking_lin_vel_y_l2: 0.0000
Episode_Reward/tracking_lin_vel_z_l2: 0.0000
            Episode_Reward/survive: 0.0000
    Episode_Reward/foot_contacts_z: 0.0000
            Episode_Reward/torques: -0.0377
 Episode_Reward/tracking_lin_vel_y: 0.0000
          Episode_Reward/lin_vel_z: -0.0037
         Episode_Reward/ang_vel_xy: -0.0153
   Episode_Reward/tracking_ang_vel: 0.0046
               Episode_Reward/work: -0.4431
            Episode_Reward/dof_acc: -0.7260
        Episode_Reward/action_rate: -0.0169
     Episode_Reward/dof_pos_limits: -0.0001
      Episode_Reward/delta_torques: -0.0001
          Episode_Reward/collision: -0.6304
        Episode_Reward/walking_dof: 0.0097
            Episode_Reward/hip_pos: -0.0061
          Episode_Reward/feet_jerk: 0.0000
              Episode_Reward/alive: 0.0357
          Episode_Reward/feet_drag: -0.0036
Episode_Reward/feet_contact_forces: -0.0240
               Episode_Reward/roll: -0.0038
        Episode_Reward/base_height: -0.0186
Episode_Reward/tracking_lin_vel_max: 0.0250
Episode_Reward/flat_orientation_l2: -0.0018
  Episode_Reward/air_time_variance: -0.0003
        Episode_Reward/feet_height: 0.0000
      Episode_Reward/feet_air_time: -0.0000
Episode_Reward/update_last_buffers: 0.0000
   Episode_Reward/wheel_idle_speed: -1.1943
    Episode_Reward/wheel_action_l2: -0.0010
  Episode_Reward/wheel_action_rate: 0.0000
  Episode_Reward/wheel_forward_use: 0.0006
 Episode_Reward/wheel_turn_support: 0.0006
   Metrics/locomotion/error_vel_xy: 0.0620
  Metrics/locomotion/error_vel_yaw: 0.1442
      Episode_Termination/time_out: 0.1680
   Episode_Termination/bad_contact: 0.0000
          Episode_Termination/tilt: 0.0664
    Episode_Termination/low_height: 0.0000
--------------------------------------------------------------------------------
                   Total timesteps: 6144
                    Iteration time: 3.16s
                      Time elapsed: 00:00:08
                               ETA: 00:06:36

################################################################################
                     [1m Learning iteration 1025/1123 [0m                     

                       Computation: 987 steps/s (collection: 3.030s, learning 0.080s)
             Mean action noise std: 0.11
          Mean value_function loss: 0.3069
               Mean surrogate loss: -0.0181
                 Mean entropy loss: -12.5165
                       Mean reward: -43.05
               Mean episode length: 31.23
   Episode_Reward/term_bad_contact: 0.0000
          Episode_Reward/term_tilt: 0.0000
    Episode_Reward/term_low_height: 0.0000
      Episode_Reward/leg_action_l2: -0.0113
   Episode_Reward/tracking_lin_vel: 0.0000
Episode_Reward/tracking_ang_vel_yaw_l1: 0.0000
Episode_Reward/tracking_ang_vel_yaw_exp: 0.0000
Episode_Reward/tracking_lin_vel_y_l2: 0.0000
Episode_Reward/tracking_lin_vel_z_l2: 0.0000
            Episode_Reward/survive: 0.0000
    Episode_Reward/foot_contacts_z: 0.0000
            Episode_Reward/torques: -0.0483
 Episode_Reward/tracking_lin_vel_y: 0.0000
          Episode_Reward/lin_vel_z: -0.0021
         Episode_Reward/ang_vel_xy: -0.0130
   Episode_Reward/tracking_ang_vel: 0.0075
               Episode_Reward/work: -0.3751
            Episode_Reward/dof_acc: -0.6219
        Episode_Reward/action_rate: -0.0216
     Episode_Reward/dof_pos_limits: -0.0001
      Episode_Reward/delta_torques: -0.0001
          Episode_Reward/collision: -1.1179
        Episode_Reward/walking_dof: 0.0197
            Episode_Reward/hip_pos: -0.0102
          Episode_Reward/feet_jerk: 0.0000
              Episode_Reward/alive: 0.0585
          Episode_Reward/feet_drag: -0.0039
Episode_Reward/feet_contact_forces: -0.0398
               Episode_Reward/roll: -0.0062
        Episode_Reward/base_height: -0.0355
Episode_Reward/tracking_lin_vel_max: 0.0225
Episode_Reward/flat_orientation_l2: -0.0025
  Episode_Reward/air_time_variance: -0.0006
        Episode_Reward/feet_height: 0.0000
      Episode_Reward/feet_air_time: -0.0000
Episode_Reward/update_last_buffers: 0.0000
   Episode_Reward/wheel_idle_speed: -0.7269
    Episode_Reward/wheel_action_l2: -0.0015
  Episode_Reward/wheel_action_rate: 0.0000
  Episode_Reward/wheel_forward_use: 0.0008
 Episode_Reward/wheel_turn_support: 0.0017
   Metrics/locomotion/error_vel_xy: 0.1366
  Metrics/locomotion/error_vel_yaw: 0.1943
      Episode_Termination/time_out: 0.2624
   Episode_Termination/bad_contact: 0.0000
          Episode_Termination/tilt: 0.0781
    Episode_Termination/low_height: 0.0000
--------------------------------------------------------------------------------
                   Total timesteps: 9216
                    Iteration time: 3.11s
                      Time elapsed: 00:00:11
                               ETA: 00:06:03

################################################################################
                     [1m Learning iteration 1026/1123 [0m                     

                       Computation: 966 steps/s (collection: 3.097s, learning 0.081s)
             Mean action noise std: 0.11
          Mean value_function loss: 0.2206
               Mean surrogate loss: -0.0126
                 Mean entropy loss: -12.5165
                       Mean reward: -41.79
               Mean episode length: 40.68
   Episode_Reward/term_bad_contact: 0.0000
          Episode_Reward/term_tilt: 0.0000
    Episode_Reward/term_low_height: 0.0000
      Episode_Reward/leg_action_l2: -0.0141
   Episode_Reward/tracking_lin_vel: 0.0000
Episode_Reward/tracking_ang_vel_yaw_l1: 0.0000
Episode_Reward/tracking_ang_vel_yaw_exp: 0.0000
Episode_Reward/tracking_lin_vel_y_l2: 0.0000
Episode_Reward/tracking_lin_vel_z_l2: 0.0000
            Episode_Reward/survive: 0.0000
    Episode_Reward/foot_contacts_z: 0.0000
            Episode_Reward/torques: -0.0685
 Episode_Reward/tracking_lin_vel_y: 0.0000
          Episode_Reward/lin_vel_z: -0.0046
         Episode_Reward/ang_vel_xy: -0.0100
   Episode_Reward/tracking_ang_vel: 0.0099
               Episode_Reward/work: -0.3704
            Episode_Reward/dof_acc: -0.8144
        Episode_Reward/action_rate: -0.0307
     Episode_Reward/dof_pos_limits: -0.0001
      Episode_Reward/delta_torques: -0.0002
          Episode_Reward/collision: -1.5883
        Episode_Reward/walking_dof: 0.0314
            Episode_Reward/hip_pos: -0.0145
          Episode_Reward/feet_jerk: 0.0000
              Episode_Reward/alive: 0.0832
          Episode_Reward/feet_drag: -0.0051
Episode_Reward/feet_contact_forces: -0.0556
               Episode_Reward/roll: -0.0088
        Episode_Reward/base_height: -0.0643
Episode_Reward/tracking_lin_vel_max: 0.0204
Episode_Reward/flat_orientation_l2: -0.0026
  Episode_Reward/air_time_variance: -0.0002
        Episode_Reward/feet_height: 0.0000
      Episode_Reward/feet_air_time: -0.0001
Episode_Reward/update_last_buffers: 0.0000
   Episode_Reward/wheel_idle_speed: -0.3035
    Episode_Reward/wheel_action_l2: -0.0029
  Episode_Reward/wheel_action_rate: 0.0000
  Episode_Reward/wheel_forward_use: 0.0018
 Episode_Reward/wheel_turn_support: 0.0029
   Metrics/locomotion/error_vel_xy: 0.2026
  Metrics/locomotion/error_vel_yaw: 0.2618
      Episode_Termination/time_out: 0.3509
   Episode_Termination/bad_contact: 0.0000
          Episode_Termination/tilt: 0.0781
    Episode_Termination/low_height: 0.0000
--------------------------------------------------------------------------------
                   Total timesteps: 12288
                    Iteration time: 3.18s
                      Time elapsed: 00:00:14
                               ETA: 00:05:46

################################################################################
                     [1m Learning iteration 1027/1123 [0m                     

                       Computation: 957 steps/s (collection: 3.128s, learning 0.079s)
             Mean action noise std: 0.11
          Mean value_function loss: 0.1485
               Mean surrogate loss: -0.0141
                 Mean entropy loss: -12.5165
                       Mean reward: -40.88
               Mean episode length: 47.68
   Episode_Reward/term_bad_contact: 0.0000
          Episode_Reward/term_tilt: 0.0000
    Episode_Reward/term_low_height: 0.0000
      Episode_Reward/leg_action_l2: -0.0171
   Episode_Reward/tracking_lin_vel: 0.0000
Episode_Reward/tracking_ang_vel_yaw_l1: 0.0000
Episode_Reward/tracking_ang_vel_yaw_exp: 0.0000
Episode_Reward/tracking_lin_vel_y_l2: 0.0000
Episode_Reward/tracking_lin_vel_z_l2: 0.0000
            Episode_Reward/survive: 0.0000
    Episode_Reward/foot_contacts_z: 0.0000
            Episode_Reward/torques: -0.0833
 Episode_Reward/tracking_lin_vel_y: 0.0000
          Episode_Reward/lin_vel_z: -0.0045
         Episode_Reward/ang_vel_xy: -0.0126
   Episode_Reward/tracking_ang_vel: 0.0171
               Episode_Reward/work: -0.3799
            Episode_Reward/dof_acc: -0.7314
        Episode_Reward/action_rate: -0.0306
     Episode_Reward/dof_pos_limits: -0.0001
      Episode_Reward/delta_torques: -0.0002
          Episode_Reward/collision: -2.0392
        Episode_Reward/walking_dof: 0.0390
            Episode_Reward/hip_pos: -0.0184
          Episode_Reward/feet_jerk: 0.0000
              Episode_Reward/alive: 0.1057
          Episode_Reward/feet_drag: -0.0062
Episode_Reward/feet_contact_forces: -0.0698
               Episode_Reward/roll: -0.0077
        Episode_Reward/base_height: -0.0765
Episode_Reward/tracking_lin_vel_max: 0.0251
Episode_Reward/flat_orientation_l2: -0.0029
  Episode_Reward/air_time_variance: -0.0006
        Episode_Reward/feet_height: 0.0000
      Episode_Reward/feet_air_time: -0.0001
Episode_Reward/update_last_buffers: 0.0000
   Episode_Reward/wheel_idle_speed: -0.1529
    Episode_Reward/wheel_action_l2: -0.0027
  Episode_Reward/wheel_action_rate: 0.0000
  Episode_Reward/wheel_forward_use: 0.0030
 Episode_Reward/wheel_turn_support: 0.0041
   Metrics/locomotion/error_vel_xy: 0.3024
  Metrics/locomotion/error_vel_yaw: 0.2856
      Episode_Termination/time_out: 0.4154
   Episode_Termination/bad_contact: 0.0000
          Episode_Termination/tilt: 0.0781
    Episode_Termination/low_height: 0.0000
--------------------------------------------------------------------------------
                   Total timesteps: 15360
                    Iteration time: 3.21s
                      Time elapsed: 00:00:17
                               ETA: 00:05:36

################################################################################
                     [1m Learning iteration 1028/1123 [0m                     

                       Computation: 940 steps/s (collection: 3.187s, learning 0.080s)
             Mean action noise std: 0.11
          Mean value_function loss: 0.1405
               Mean surrogate loss: -0.0164
                 Mean entropy loss: -12.5165
                       Mean reward: -40.98
               Mean episode length: 58.31
   Episode_Reward/term_bad_contact: 0.0000
          Episode_Reward/term_tilt: 0.0000
    Episode_Reward/term_low_height: 0.0000
      Episode_Reward/leg_action_l2: -0.0228
   Episode_Reward/tracking_lin_vel: 0.0000
Episode_Reward/tracking_ang_vel_yaw_l1: 0.0000
Episode_Reward/tracking_ang_vel_yaw_exp: 0.0000
Episode_Reward/tracking_lin_vel_y_l2: 0.0000
Episode_Reward/tracking_lin_vel_z_l2: 0.0000
            Episode_Reward/survive: 0.0000
    Episode_Reward/foot_contacts_z: 0.0000
            Episode_Reward/torques: -0.1032
 Episode_Reward/tracking_lin_vel_y: 0.0000
          Episode_Reward/lin_vel_z: -0.0043
         Episode_Reward/ang_vel_xy: -0.0081
   Episode_Reward/tracking_ang_vel: 0.0075
               Episode_Reward/work: -0.3228
            Episode_Reward/dof_acc: -0.4710
        Episode_Reward/action_rate: -0.0395
     Episode_Reward/dof_pos_limits: -0.0002
      Episode_Reward/delta_torques: -0.0002
          Episode_Reward/collision: -2.6473
        Episode_Reward/walking_dof: 0.0482
            Episode_Reward/hip_pos: -0.0230
          Episode_Reward/feet_jerk: 0.0000
              Episode_Reward/alive: 0.1300
          Episode_Reward/feet_drag: -0.0065
Episode_Reward/feet_contact_forces: -0.0857
               Episode_Reward/roll: -0.0097
        Episode_Reward/base_height: -0.0986
Episode_Reward/tracking_lin_vel_max: 0.0219
Episode_Reward/flat_orientation_l2: -0.0028
  Episode_Reward/air_time_variance: -0.0007
        Episode_Reward/feet_height: 0.0000
      Episode_Reward/feet_air_time: -0.0000
Episode_Reward/update_last_buffers: 0.0000
   Episode_Reward/wheel_idle_speed: -0.2504
    Episode_Reward/wheel_action_l2: -0.0040
  Episode_Reward/wheel_action_rate: 0.0000
  Episode_Reward/wheel_forward_use: 0.0009
 Episode_Reward/wheel_turn_support: 0.0064
   Metrics/locomotion/error_vel_xy: 0.3055
  Metrics/locomotion/error_vel_yaw: 0.5087
      Episode_Termination/time_out: 0.4632
   Episode_Termination/bad_contact: 0.0000
          Episode_Termination/tilt: 0.0781
    Episode_Termination/low_height: 0.0000
--------------------------------------------------------------------------------
                   Total timesteps: 18432
                    Iteration time: 3.27s
                      Time elapsed: 00:00:20
                               ETA: 00:05:29

################################################################################
                     [1m Learning iteration 1029/1123 [0m                     

                       Computation: 984 steps/s (collection: 3.045s, learning 0.077s)
             Mean action noise std: 0.11
          Mean value_function loss: 0.2678
               Mean surrogate loss: -0.0153
                 Mean entropy loss: -12.5165
                       Mean reward: -42.20
               Mean episode length: 64.29
   Episode_Reward/term_bad_contact: 0.0000
          Episode_Reward/term_tilt: 0.0000
    Episode_Reward/term_low_height: 0.0000
      Episode_Reward/leg_action_l2: -0.0231
   Episode_Reward/tracking_lin_vel: 0.0000
Episode_Reward/tracking_ang_vel_yaw_l1: 0.0000
Episode_Reward/tracking_ang_vel_yaw_exp: 0.0000
Episode_Reward/tracking_lin_vel_y_l2: 0.0000
Episode_Reward/tracking_lin_vel_z_l2: 0.0000
            Episode_Reward/survive: 0.0000
    Episode_Reward/foot_contacts_z: 0.0000
            Episode_Reward/torques: -0.1102
 Episode_Reward/tracking_lin_vel_y: 0.0000
          Episode_Reward/lin_vel_z: -0.0028
         Episode_Reward/ang_vel_xy: -0.0115
   Episode_Reward/tracking_ang_vel: 0.0251
               Episode_Reward/work: -0.2822
            Episode_Reward/dof_acc: -0.3984
        Episode_Reward/action_rate: -0.0449
     Episode_Reward/dof_pos_limits: -0.0001
      Episode_Reward/delta_torques: -0.0002
          Episode_Reward/collision: -3.0254
        Episode_Reward/walking_dof: 0.0233
            Episode_Reward/hip_pos: -0.0275
          Episode_Reward/feet_jerk: 0.0000
              Episode_Reward/alive: 0.1540
          Episode_Reward/feet_drag: -0.0073
Episode_Reward/feet_contact_forces: -0.1014
               Episode_Reward/roll: -0.0158
        Episode_Reward/base_height: -0.1276
Episode_Reward/tracking_lin_vel_max: 0.1375
Episode_Reward/flat_orientation_l2: -0.0041
  Episode_Reward/air_time_variance: -0.0019
        Episode_Reward/feet_height: 0.0000
      Episode_Reward/feet_air_time: -0.0000
Episode_Reward/update_last_buffers: 0.0000
   Episode_Reward/wheel_idle_speed: -2.2977
    Episode_Reward/wheel_action_l2: -0.0051
  Episode_Reward/wheel_action_rate: 0.0000
  Episode_Reward/wheel_forward_use: 0.0000
 Episode_Reward/wheel_turn_support: 0.0093
   Metrics/locomotion/error_vel_xy: 0.2386
  Metrics/locomotion/error_vel_yaw: 0.3680
      Episode_Termination/time_out: 0.5322
   Episode_Termination/bad_contact: 0.0000
          Episode_Termination/tilt: 0.0781
    Episode_Termination/low_height: 0.0000
--------------------------------------------------------------------------------
                   Total timesteps: 21504
                    Iteration time: 3.12s
                      Time elapsed: 00:00:23
                               ETA: 00:05:21

################################################################################
                     [1m Learning iteration 1030/1123 [0m                     

                       Computation: 963 steps/s (collection: 3.109s, learning 0.079s)
             Mean action noise std: 0.11
          Mean value_function loss: 0.1645
               Mean surrogate loss: -0.0166
                 Mean entropy loss: -12.5165
                       Mean reward: -44.47
               Mean episode length: 78.40
   Episode_Reward/term_bad_contact: 0.0000
          Episode_Reward/term_tilt: 0.0000
    Episode_Reward/term_low_height: 0.0000
      Episode_Reward/leg_action_l2: -0.0268
   Episode_Reward/tracking_lin_vel: 0.0000
Episode_Reward/tracking_ang_vel_yaw_l1: 0.0000
Episode_Reward/tracking_ang_vel_yaw_exp: 0.0000
Episode_Reward/tracking_lin_vel_y_l2: 0.0000
Episode_Reward/tracking_lin_vel_z_l2: 0.0000
            Episode_Reward/survive: 0.0000
    Episode_Reward/foot_contacts_z: 0.0000
            Episode_Reward/torques: -0.1333
 Episode_Reward/tracking_lin_vel_y: 0.0000
          Episode_Reward/lin_vel_z: -0.0047
         Episode_Reward/ang_vel_xy: -0.0115
   Episode_Reward/tracking_ang_vel: 0.0371
               Episode_Reward/work: -0.3947
            Episode_Reward/dof_acc: -0.7480
        Episode_Reward/action_rate: -0.0397
     Episode_Reward/dof_pos_limits: -0.0002
      Episode_Reward/delta_torques: -0.0002
          Episode_Reward/collision: -3.5317
        Episode_Reward/walking_dof: 0.0496
            Episode_Reward/hip_pos: -0.0323
          Episode_Reward/feet_jerk: 0.0000
              Episode_Reward/alive: 0.1790
          Episode_Reward/feet_drag: -0.0085
Episode_Reward/feet_contact_forces: -0.1191
               Episode_Reward/roll: -0.0136
        Episode_Reward/base_height: -0.1542
Episode_Reward/tracking_lin_vel_max: 0.0853
Episode_Reward/flat_orientation_l2: -0.0040
  Episode_Reward/air_time_variance: -0.0009
        Episode_Reward/feet_height: 0.0000
      Episode_Reward/feet_air_time: -0.0000
Episode_Reward/update_last_buffers: 0.0000
   Episode_Reward/wheel_idle_speed: -1.6847
    Episode_Reward/wheel_action_l2: -0.0041
  Episode_Reward/wheel_action_rate: 0.0000
  Episode_Reward/wheel_forward_use: 0.0065
 Episode_Reward/wheel_turn_support: 0.0049
   Metrics/locomotion/error_vel_xy: 0.3964
  Metrics/locomotion/error_vel_yaw: 0.3476
      Episode_Termination/time_out: 0.5898
   Episode_Termination/bad_contact: 0.0000
          Episode_Termination/tilt: 0.0781
    Episode_Termination/low_height: 0.0000
--------------------------------------------------------------------------------
                   Total timesteps: 24576
                    Iteration time: 3.19s
                      Time elapsed: 00:00:27
                               ETA: 00:05:14

################################################################################
                     [1m Learning iteration 1031/1123 [0m                     

                       Computation: 945 steps/s (collection: 3.167s, learning 0.083s)
             Mean action noise std: 0.11
          Mean value_function loss: 0.1956
               Mean surrogate loss: -0.0158
                 Mean entropy loss: -12.5165
                       Mean reward: -46.39
               Mean episode length: 92.13
   Episode_Reward/term_bad_contact: 0.0000
          Episode_Reward/term_tilt: 0.0000
    Episode_Reward/term_low_height: 0.0000
      Episode_Reward/leg_action_l2: -0.0308
   Episode_Reward/tracking_lin_vel: 0.0000
Episode_Reward/tracking_ang_vel_yaw_l1: 0.0000
Episode_Reward/tracking_ang_vel_yaw_exp: 0.0000
Episode_Reward/tracking_lin_vel_y_l2: 0.0000
Episode_Reward/tracking_lin_vel_z_l2: 0.0000
            Episode_Reward/survive: 0.0000
    Episode_Reward/foot_contacts_z: 0.0000
            Episode_Reward/torques: -0.1586
 Episode_Reward/tracking_lin_vel_y: 0.0000
          Episode_Reward/lin_vel_z: -0.0045
         Episode_Reward/ang_vel_xy: -0.0165
   Episode_Reward/tracking_ang_vel: 0.0229
               Episode_Reward/work: -0.4255
            Episode_Reward/dof_acc: -0.7055
        Episode_Reward/action_rate: -0.0379
     Episode_Reward/dof_pos_limits: -0.0001
      Episode_Reward/delta_torques: -0.0003
          Episode_Reward/collision: -4.0208
        Episode_Reward/walking_dof: 0.0772
            Episode_Reward/hip_pos: -0.0369
          Episode_Reward/feet_jerk: 0.0000
              Episode_Reward/alive: 0.2034
          Episode_Reward/feet_drag: -0.0097
Episode_Reward/feet_contact_forces: -0.1345
               Episode_Reward/roll: -0.0123
        Episode_Reward/base_height: -0.1786
Episode_Reward/tracking_lin_vel_max: 0.0524
Episode_Reward/flat_orientation_l2: -0.0044
  Episode_Reward/air_time_variance: -0.0036
        Episode_Reward/feet_height: 0.0000
      Episode_Reward/feet_air_time: -0.0000
Episode_Reward/update_last_buffers: 0.0000
   Episode_Reward/wheel_idle_speed: -0.1299
    Episode_Reward/wheel_action_l2: -0.0033
  Episode_Reward/wheel_action_rate: 0.0000
  Episode_Reward/wheel_forward_use: 0.0027
 Episode_Reward/wheel_turn_support: 0.0074
   Metrics/locomotion/error_vel_xy: 0.5891
  Metrics/locomotion/error_vel_yaw: 0.7026
      Episode_Termination/time_out: 0.6611
   Episode_Termination/bad_contact: 0.0000
          Episode_Termination/tilt: 0.0781
    Episode_Termination/low_height: 0.0000
--------------------------------------------------------------------------------
                   Total timesteps: 27648
                    Iteration time: 3.25s
                      Time elapsed: 00:00:30
                               ETA: 00:05:10

################################################################################
                     [1m Learning iteration 1032/1123 [0m                     

                       Computation: 986 steps/s (collection: 3.033s, learning 0.081s)
             Mean action noise std: 0.11
          Mean value_function loss: 0.1425
               Mean surrogate loss: -0.0165
                 Mean entropy loss: -12.5165
                       Mean reward: -46.72
               Mean episode length: 98.57
   Episode_Reward/term_bad_contact: 0.0000
          Episode_Reward/term_tilt: 0.0000
    Episode_Reward/term_low_height: 0.0000
      Episode_Reward/leg_action_l2: -0.0356
   Episode_Reward/tracking_lin_vel: 0.0000
Episode_Reward/tracking_ang_vel_yaw_l1: 0.0000
Episode_Reward/tracking_ang_vel_yaw_exp: 0.0000
Episode_Reward/tracking_lin_vel_y_l2: 0.0000
Episode_Reward/tracking_lin_vel_z_l2: 0.0000
            Episode_Reward/survive: 0.0000
    Episode_Reward/foot_contacts_z: 0.0000
            Episode_Reward/torques: -0.1746
 Episode_Reward/tracking_lin_vel_y: 0.0000
          Episode_Reward/lin_vel_z: -0.0037
         Episode_Reward/ang_vel_xy: -0.0122
   Episode_Reward/tracking_ang_vel: 0.0260
               Episode_Reward/work: -0.2539
            Episode_Reward/dof_acc: -0.3171
        Episode_Reward/action_rate: -0.0590
     Episode_Reward/dof_pos_limits: -0.0002
      Episode_Reward/delta_torques: -0.0003
          Episode_Reward/collision: -4.4458
        Episode_Reward/walking_dof: 0.0896
            Episode_Reward/hip_pos: -0.0396
          Episode_Reward/feet_jerk: 0.0000
              Episode_Reward/alive: 0.2238
          Episode_Reward/feet_drag: -0.0094
Episode_Reward/feet_contact_forces: -0.1479
               Episode_Reward/roll: -0.0183
        Episode_Reward/base_height: -0.1754
Episode_Reward/tracking_lin_vel_max: 0.0038
Episode_Reward/flat_orientation_l2: -0.0055
  Episode_Reward/air_time_variance: -0.0011
        Episode_Reward/feet_height: 0.0000
      Episode_Reward/feet_air_time: -0.0000
Episode_Reward/update_last_buffers: 0.0000
   Episode_Reward/wheel_idle_speed: 0.0000
    Episode_Reward/wheel_action_l2: -0.0067
  Episode_Reward/wheel_action_rate: 0.0000
  Episode_Reward/wheel_forward_use: 0.0100
 Episode_Reward/wheel_turn_support: 0.0120
   Metrics/locomotion/error_vel_xy: 0.5684
  Metrics/locomotion/error_vel_yaw: 0.6716
      Episode_Termination/time_out: 0.7298
   Episode_Termination/bad_contact: 0.0000
          Episode_Termination/tilt: 0.0781
    Episode_Termination/low_height: 0.0000
--------------------------------------------------------------------------------
                   Total timesteps: 30720
                    Iteration time: 3.11s
                      Time elapsed: 00:00:33
                               ETA: 00:05:04

################################################################################
                     [1m Learning iteration 1033/1123 [0m                     

                       Computation: 958 steps/s (collection: 3.125s, learning 0.081s)
             Mean action noise std: 0.11
          Mean value_function loss: 0.1940
               Mean surrogate loss: -0.0174
                 Mean entropy loss: -12.5165
                       Mean reward: -47.61
               Mean episode length: 122.59
   Episode_Reward/term_bad_contact: 0.0000
          Episode_Reward/term_tilt: 0.0000
    Episode_Reward/term_low_height: 0.0000
      Episode_Reward/leg_action_l2: -0.0419
   Episode_Reward/tracking_lin_vel: 0.0000
Episode_Reward/tracking_ang_vel_yaw_l1: 0.0000
Episode_Reward/tracking_ang_vel_yaw_exp: 0.0000
Episode_Reward/tracking_lin_vel_y_l2: 0.0000
Episode_Reward/tracking_lin_vel_z_l2: 0.0000
            Episode_Reward/survive: 0.0000
    Episode_Reward/foot_contacts_z: 0.0000
            Episode_Reward/torques: -0.1878
 Episode_Reward/tracking_lin_vel_y: 0.0000
          Episode_Reward/lin_vel_z: -0.0022
         Episode_Reward/ang_vel_xy: -0.0146
   Episode_Reward/tracking_ang_vel: 0.0287
               Episode_Reward/work: -0.3898
            Episode_Reward/dof_acc: -0.5978
        Episode_Reward/action_rate: -0.0696
     Episode_Reward/dof_pos_limits: -0.0003
      Episode_Reward/delta_torques: -0.0003
          Episode_Reward/collision: -4.9117
        Episode_Reward/walking_dof: 0.0931
            Episode_Reward/hip_pos: -0.0456
          Episode_Reward/feet_jerk: 0.0000
              Episode_Reward/alive: 0.2491
          Episode_Reward/feet_drag: -0.0100
Episode_Reward/feet_contact_forces: -0.1646
               Episode_Reward/roll: -0.0228
        Episode_Reward/base_height: -0.2007
Episode_Reward/tracking_lin_vel_max: 0.0342
Episode_Reward/flat_orientation_l2: -0.0065
  Episode_Reward/air_time_variance: -0.0034
        Episode_Reward/feet_height: 0.0000
      Episode_Reward/feet_air_time: -0.0001
Episode_Reward/update_last_buffers: 0.0000
   Episode_Reward/wheel_idle_speed: -0.1891
    Episode_Reward/wheel_action_l2: -0.0081
  Episode_Reward/wheel_action_rate: 0.0000
  Episode_Reward/wheel_forward_use: 0.0127
 Episode_Reward/wheel_turn_support: 0.0096
   Metrics/locomotion/error_vel_xy: 0.5029
  Metrics/locomotion/error_vel_yaw: 0.8246
      Episode_Termination/time_out: 0.7757
   Episode_Termination/bad_contact: 0.0000
          Episode_Termination/tilt: 0.0781
    Episode_Termination/low_height: 0.0000
--------------------------------------------------------------------------------
                   Total timesteps: 33792
                    Iteration time: 3.21s
                      Time elapsed: 00:00:36
                               ETA: 00:04:59

################################################################################
                     [1m Learning iteration 1034/1123 [0m                     

                       Computation: 1039 steps/s (collection: 2.881s, learning 0.073s)
             Mean action noise std: 0.11
          Mean value_function loss: 0.2997
               Mean surrogate loss: -0.0136
                 Mean entropy loss: -12.5165
                       Mean reward: -49.95
               Mean episode length: 145.34
   Episode_Reward/term_bad_contact: 0.0000
          Episode_Reward/term_tilt: 0.0000
    Episode_Reward/term_low_height: 0.0000
      Episode_Reward/leg_action_l2: -0.0439
   Episode_Reward/tracking_lin_vel: 0.0000
Episode_Reward/tracking_ang_vel_yaw_l1: 0.0000
Episode_Reward/tracking_ang_vel_yaw_exp: 0.0000
Episode_Reward/tracking_lin_vel_y_l2: 0.0000
Episode_Reward/tracking_lin_vel_z_l2: 0.0000
            Episode_Reward/survive: 0.0000
    Episode_Reward/foot_contacts_z: 0.0000
            Episode_Reward/torques: -0.1935
 Episode_Reward/tracking_lin_vel_y: 0.0000
          Episode_Reward/lin_vel_z: -0.0053
         Episode_Reward/ang_vel_xy: -0.0136
   Episode_Reward/tracking_ang_vel: 0.0491
               Episode_Reward/work: -0.4357
            Episode_Reward/dof_acc: -0.7587
        Episode_Reward/action_rate: -0.0587
     Episode_Reward/dof_pos_limits: -0.0004
      Episode_Reward/delta_torques: -0.0003
          Episode_Reward/collision: -5.5984
        Episode_Reward/walking_dof: 0.1109
            Episode_Reward/hip_pos: -0.0518
          Episode_Reward/feet_jerk: 0.0000
              Episode_Reward/alive: 0.2733
          Episode_Reward/feet_drag: -0.0115
Episode_Reward/feet_contact_forces: -0.1808
               Episode_Reward/roll: -0.0227
        Episode_Reward/base_height: -0.2004
Episode_Reward/tracking_lin_vel_max: 0.0159
Episode_Reward/flat_orientation_l2: -0.0085
  Episode_Reward/air_time_variance: -0.0033
        Episode_Reward/feet_height: 0.0000
      Episode_Reward/feet_air_time: -0.0000
Episode_Reward/update_last_buffers: 0.0000
   Episode_Reward/wheel_idle_speed: 0.0000
    Episode_Reward/wheel_action_l2: -0.0061
  Episode_Reward/wheel_action_rate: 0.0000
  Episode_Reward/wheel_forward_use: 0.0204
 Episode_Reward/wheel_turn_support: 0.0099
   Metrics/locomotion/error_vel_xy: 0.5975
  Metrics/locomotion/error_vel_yaw: 0.6515
      Episode_Termination/time_out: 0.8545
   Episode_Termination/bad_contact: 0.0000
          Episode_Termination/tilt: 0.0781
    Episode_Termination/low_height: 0.0000
--------------------------------------------------------------------------------
                   Total timesteps: 36864
                    Iteration time: 2.95s
                      Time elapsed: 00:00:39
                               ETA: 00:04:53

################################################################################
                     [1m Learning iteration 1035/1123 [0m                     

                       Computation: 984 steps/s (collection: 3.045s, learning 0.075s)
             Mean action noise std: 0.11
          Mean value_function loss: 0.1772
               Mean surrogate loss: -0.0139
                 Mean entropy loss: -12.5165
                       Mean reward: -54.75
               Mean episode length: 187.03
   Episode_Reward/term_bad_contact: 0.0000
          Episode_Reward/term_tilt: 0.0000
    Episode_Reward/term_low_height: 0.0000
      Episode_Reward/leg_action_l2: -0.0457
   Episode_Reward/tracking_lin_vel: 0.0000
Episode_Reward/tracking_ang_vel_yaw_l1: 0.0000
Episode_Reward/tracking_ang_vel_yaw_exp: 0.0000
Episode_Reward/tracking_lin_vel_y_l2: 0.0000
Episode_Reward/tracking_lin_vel_z_l2: 0.0000
            Episode_Reward/survive: 0.0000
    Episode_Reward/foot_contacts_z: 0.0000
            Episode_Reward/torques: -0.2247
 Episode_Reward/tracking_lin_vel_y: 0.0000
          Episode_Reward/lin_vel_z: -0.0043
         Episode_Reward/ang_vel_xy: -0.0117
   Episode_Reward/tracking_ang_vel: 0.0386
               Episode_Reward/work: -0.3654
            Episode_Reward/dof_acc: -0.6164
        Episode_Reward/action_rate: -0.0533
     Episode_Reward/dof_pos_limits: -0.0003
      Episode_Reward/delta_torques: -0.0003
          Episode_Reward/collision: -5.8614
        Episode_Reward/walking_dof: 0.1038
            Episode_Reward/hip_pos: -0.0546
          Episode_Reward/feet_jerk: 0.0000
              Episode_Reward/alive: 0.2955
          Episode_Reward/feet_drag: -0.0123
Episode_Reward/feet_contact_forces: -0.1945
               Episode_Reward/roll: -0.0261
        Episode_Reward/base_height: -0.2627
Episode_Reward/tracking_lin_vel_max: 0.0651
Episode_Reward/flat_orientation_l2: -0.0068
  Episode_Reward/air_time_variance: -0.0043
        Episode_Reward/feet_height: 0.0000
      Episode_Reward/feet_air_time: -0.0001
Episode_Reward/update_last_buffers: 0.0000
   Episode_Reward/wheel_idle_speed: -0.0013
    Episode_Reward/wheel_action_l2: -0.0051
  Episode_Reward/wheel_action_rate: 0.0000
  Episode_Reward/wheel_forward_use: 0.0067
 Episode_Reward/wheel_turn_support: 0.0134
   Metrics/locomotion/error_vel_xy: 0.6549
  Metrics/locomotion/error_vel_yaw: 0.8931
      Episode_Termination/time_out: 0.9128
   Episode_Termination/bad_contact: 0.0000
          Episode_Termination/tilt: 0.0752
    Episode_Termination/low_height: 0.0000
--------------------------------------------------------------------------------
                   Total timesteps: 39936
                    Iteration time: 3.12s
                      Time elapsed: 00:00:42
                               ETA: 00:04:49

################################################################################
                     [1m Learning iteration 1036/1123 [0m                     

                       Computation: 978 steps/s (collection: 3.065s, learning 0.075s)
             Mean action noise std: 0.11
          Mean value_function loss: 0.5361
               Mean surrogate loss: -0.0142
                 Mean entropy loss: -12.5165
                       Mean reward: -61.75
               Mean episode length: 230.51
   Episode_Reward/term_bad_contact: 0.0000
          Episode_Reward/term_tilt: 0.0000
    Episode_Reward/term_low_height: 0.0000
      Episode_Reward/leg_action_l2: -0.0441
   Episode_Reward/tracking_lin_vel: 0.0000
Episode_Reward/tracking_ang_vel_yaw_l1: 0.0000
Episode_Reward/tracking_ang_vel_yaw_exp: 0.0000
Episode_Reward/tracking_lin_vel_y_l2: 0.0000
Episode_Reward/tracking_lin_vel_z_l2: 0.0000
            Episode_Reward/survive: 0.0000
    Episode_Reward/foot_contacts_z: 0.0000
            Episode_Reward/torques: -0.2197
 Episode_Reward/tracking_lin_vel_y: 0.0000
          Episode_Reward/lin_vel_z: -0.0024
         Episode_Reward/ang_vel_xy: -0.0054
   Episode_Reward/tracking_ang_vel: 0.0400
               Episode_Reward/work: -0.1600
            Episode_Reward/dof_acc: -0.3904
        Episode_Reward/action_rate: -0.0539
     Episode_Reward/dof_pos_limits: -0.0002
      Episode_Reward/delta_torques: -0.0003
          Episode_Reward/collision: -5.9845
        Episode_Reward/walking_dof: 0.1039
            Episode_Reward/hip_pos: -0.0543
          Episode_Reward/feet_jerk: 0.0000
              Episode_Reward/alive: 0.3000
          Episode_Reward/feet_drag: -0.0112
Episode_Reward/feet_contact_forces: -0.1970
               Episode_Reward/roll: -0.0263
        Episode_Reward/base_height: -0.2772
Episode_Reward/tracking_lin_vel_max: 0.1216
Episode_Reward/flat_orientation_l2: -0.0055
  Episode_Reward/air_time_variance: -0.0028
        Episode_Reward/feet_height: 0.0000
      Episode_Reward/feet_air_time: -0.0000
Episode_Reward/update_last_buffers: 0.0000
   Episode_Reward/wheel_idle_speed: -0.0517
    Episode_Reward/wheel_action_l2: -0.0058
  Episode_Reward/wheel_action_rate: 0.0000
  Episode_Reward/wheel_forward_use: 0.0083
 Episode_Reward/wheel_turn_support: 0.0157
   Metrics/locomotion/error_vel_xy: 0.6296
  Metrics/locomotion/error_vel_yaw: 0.8260
      Episode_Termination/time_out: 0.9730
   Episode_Termination/bad_contact: 0.0000
          Episode_Termination/tilt: 0.0270
    Episode_Termination/low_height: 0.0000
--------------------------------------------------------------------------------
                   Total timesteps: 43008
                    Iteration time: 3.14s
                      Time elapsed: 00:00:45
                               ETA: 00:04:45

################################################################################
                     [1m Learning iteration 1037/1123 [0m                     

                       Computation: 983 steps/s (collection: 3.050s, learning 0.075s)
             Mean action noise std: 0.11
          Mean value_function loss: 0.6433
               Mean surrogate loss: -0.0131
                 Mean entropy loss: -12.5165
                       Mean reward: -66.49
               Mean episode length: 257.72
   Episode_Reward/term_bad_contact: 0.0000
          Episode_Reward/term_tilt: 0.0000
    Episode_Reward/term_low_height: 0.0000
      Episode_Reward/leg_action_l2: -0.0467
   Episode_Reward/tracking_lin_vel: 0.0000
Episode_Reward/tracking_ang_vel_yaw_l1: 0.0000
Episode_Reward/tracking_ang_vel_yaw_exp: 0.0000
Episode_Reward/tracking_lin_vel_y_l2: 0.0000
Episode_Reward/tracking_lin_vel_z_l2: 0.0000
            Episode_Reward/survive: 0.0000
    Episode_Reward/foot_contacts_z: 0.0000
            Episode_Reward/torques: -0.2340
 Episode_Reward/tracking_lin_vel_y: 0.0000
          Episode_Reward/lin_vel_z: -0.0029
         Episode_Reward/ang_vel_xy: -0.0059
   Episode_Reward/tracking_ang_vel: 0.0371
               Episode_Reward/work: -0.1177
            Episode_Reward/dof_acc: -0.2812
        Episode_Reward/action_rate: -0.0473
     Episode_Reward/dof_pos_limits: -0.0002
      Episode_Reward/delta_torques: -0.0003
          Episode_Reward/collision: -6.0022
        Episode_Reward/walking_dof: 0.1145
            Episode_Reward/hip_pos: -0.0534
          Episode_Reward/feet_jerk: 0.0000
              Episode_Reward/alive: 0.3000
          Episode_Reward/feet_drag: -0.0116
Episode_Reward/feet_contact_forces: -0.1971
               Episode_Reward/roll: -0.0231
        Episode_Reward/base_height: -0.2845
Episode_Reward/tracking_lin_vel_max: 0.0111
Episode_Reward/flat_orientation_l2: -0.0049
  Episode_Reward/air_time_variance: -0.0010
        Episode_Reward/feet_height: 0.0000
      Episode_Reward/feet_air_time: -0.0001
Episode_Reward/update_last_buffers: 0.0000
   Episode_Reward/wheel_idle_speed: -0.0002
    Episode_Reward/wheel_action_l2: -0.0045
  Episode_Reward/wheel_action_rate: 0.0000
  Episode_Reward/wheel_forward_use: 0.0063
 Episode_Reward/wheel_turn_support: 0.0135
   Metrics/locomotion/error_vel_xy: 0.8084
  Metrics/locomotion/error_vel_yaw: 0.9166
      Episode_Termination/time_out: 0.9993
   Episode_Termination/bad_contact: 0.0000
          Episode_Termination/tilt: 0.0007
    Episode_Termination/low_height: 0.0000
--------------------------------------------------------------------------------
                   Total timesteps: 46080
                    Iteration time: 3.12s
                      Time elapsed: 00:00:49
                               ETA: 00:04:40

################################################################################
                     [1m Learning iteration 1038/1123 [0m                     

                       Computation: 1003 steps/s (collection: 2.986s, learning 0.075s)
             Mean action noise std: 0.11
          Mean value_function loss: 0.2583
               Mean surrogate loss: -0.0154
                 Mean entropy loss: -12.5165
                       Mean reward: -68.35
               Mean episode length: 272.00
   Episode_Reward/term_bad_contact: 0.0000
          Episode_Reward/term_tilt: 0.0000
    Episode_Reward/term_low_height: 0.0000
      Episode_Reward/leg_action_l2: -0.0443
   Episode_Reward/tracking_lin_vel: 0.0000
Episode_Reward/tracking_ang_vel_yaw_l1: 0.0000
Episode_Reward/tracking_ang_vel_yaw_exp: 0.0000
Episode_Reward/tracking_lin_vel_y_l2: 0.0000
Episode_Reward/tracking_lin_vel_z_l2: 0.0000
            Episode_Reward/survive: 0.0000
    Episode_Reward/foot_contacts_z: 0.0000
            Episode_Reward/torques: -0.2213
 Episode_Reward/tracking_lin_vel_y: 0.0000
          Episode_Reward/lin_vel_z: -0.0026
         Episode_Reward/ang_vel_xy: -0.0054
   Episode_Reward/tracking_ang_vel: 0.0347
               Episode_Reward/work: -0.1294
            Episode_Reward/dof_acc: -0.3562
        Episode_Reward/action_rate: -0.0572
     Episode_Reward/dof_pos_limits: -0.0002
      Episode_Reward/delta_torques: -0.0003
          Episode_Reward/collision: -5.9721
        Episode_Reward/walking_dof: 0.1037
            Episode_Reward/hip_pos: -0.0547
          Episode_Reward/feet_jerk: 0.0000
              Episode_Reward/alive: 0.3000
          Episode_Reward/feet_drag: -0.0115
Episode_Reward/feet_contact_forces: -0.1970
               Episode_Reward/roll: -0.0268
        Episode_Reward/base_height: -0.2754
Episode_Reward/tracking_lin_vel_max: 0.0959
Episode_Reward/flat_orientation_l2: -0.0057
  Episode_Reward/air_time_variance: -0.0003
        Episode_Reward/feet_height: 0.0000
      Episode_Reward/feet_air_time: -0.0000
Episode_Reward/update_last_buffers: 0.0000
   Episode_Reward/wheel_idle_speed: -0.3112
    Episode_Reward/wheel_action_l2: -0.0064
  Episode_Reward/wheel_action_rate: 0.0000
  Episode_Reward/wheel_forward_use: 0.0051
 Episode_Reward/wheel_turn_support: 0.0165
   Metrics/locomotion/error_vel_xy: 0.6985
  Metrics/locomotion/error_vel_yaw: 0.9118
      Episode_Termination/time_out: 1.0000
   Episode_Termination/bad_contact: 0.0000
          Episode_Termination/tilt: 0.0000
    Episode_Termination/low_height: 0.0000
--------------------------------------------------------------------------------
                   Total timesteps: 49152
                    Iteration time: 3.06s
                      Time elapsed: 00:00:52
                               ETA: 00:04:36

################################################################################
                     [1m Learning iteration 1039/1123 [0m                     

                       Computation: 1004 steps/s (collection: 2.984s, learning 0.074s)
             Mean action noise std: 0.11
          Mean value_function loss: 0.1616
               Mean surrogate loss: -0.0143
                 Mean entropy loss: -12.5165
                       Mean reward: -68.78
               Mean episode length: 282.29
   Episode_Reward/term_bad_contact: 0.0000
          Episode_Reward/term_tilt: 0.0000
    Episode_Reward/term_low_height: 0.0000
      Episode_Reward/leg_action_l2: -0.0461
   Episode_Reward/tracking_lin_vel: 0.0000
Episode_Reward/tracking_ang_vel_yaw_l1: 0.0000
Episode_Reward/tracking_ang_vel_yaw_exp: 0.0000
Episode_Reward/tracking_lin_vel_y_l2: 0.0000
Episode_Reward/tracking_lin_vel_z_l2: 0.0000
            Episode_Reward/survive: 0.0000
    Episode_Reward/foot_contacts_z: 0.0000
            Episode_Reward/torques: -0.2325
 Episode_Reward/tracking_lin_vel_y: 0.0000
          Episode_Reward/lin_vel_z: -0.0026
         Episode_Reward/ang_vel_xy: -0.0055
   Episode_Reward/tracking_ang_vel: 0.0513
               Episode_Reward/work: -0.1268
            Episode_Reward/dof_acc: -0.2595
        Episode_Reward/action_rate: -0.0468
     Episode_Reward/dof_pos_limits: -0.0002
      Episode_Reward/delta_torques: -0.0003
          Episode_Reward/collision: -5.9813
        Episode_Reward/walking_dof: 0.1106
            Episode_Reward/hip_pos: -0.0556
          Episode_Reward/feet_jerk: 0.0000
              Episode_Reward/alive: 0.3000
          Episode_Reward/feet_drag: -0.0110
Episode_Reward/feet_contact_forces: -0.1967
               Episode_Reward/roll: -0.0235
        Episode_Reward/base_height: -0.2834
Episode_Reward/tracking_lin_vel_max: 0.0402
Episode_Reward/flat_orientation_l2: -0.0046
  Episode_Reward/air_time_variance: -0.0006
        Episode_Reward/feet_height: 0.0000
      Episode_Reward/feet_air_time: -0.0000
Episode_Reward/update_last_buffers: 0.0000
   Episode_Reward/wheel_idle_speed: -0.1506
    Episode_Reward/wheel_action_l2: -0.0044
  Episode_Reward/wheel_action_rate: 0.0000
  Episode_Reward/wheel_forward_use: 0.0051
 Episode_Reward/wheel_turn_support: 0.0124
   Metrics/locomotion/error_vel_xy: 0.8504
  Metrics/locomotion/error_vel_yaw: 0.7291
      Episode_Termination/time_out: 1.0000
   Episode_Termination/bad_contact: 0.0000
          Episode_Termination/tilt: 0.0000
    Episode_Termination/low_height: 0.0000
--------------------------------------------------------------------------------
                   Total timesteps: 52224
                    Iteration time: 3.06s
                      Time elapsed: 00:00:55
                               ETA: 00:04:32

################################################################################
                     [1m Learning iteration 1040/1123 [0m                     

                       Computation: 1020 steps/s (collection: 2.937s, learning 0.074s)
             Mean action noise std: 0.11
          Mean value_function loss: 0.0940
               Mean surrogate loss: -0.0203
                 Mean entropy loss: -12.5165
                       Mean reward: -69.02
               Mean episode length: 286.11
   Episode_Reward/term_bad_contact: 0.0000
          Episode_Reward/term_tilt: 0.0000
    Episode_Reward/term_low_height: 0.0000
      Episode_Reward/leg_action_l2: -0.0456
   Episode_Reward/tracking_lin_vel: 0.0000
Episode_Reward/tracking_ang_vel_yaw_l1: 0.0000
Episode_Reward/tracking_ang_vel_yaw_exp: 0.0000
Episode_Reward/tracking_lin_vel_y_l2: 0.0000
Episode_Reward/tracking_lin_vel_z_l2: 0.0000
            Episode_Reward/survive: 0.0000
    Episode_Reward/foot_contacts_z: 0.0000
            Episode_Reward/torques: -0.2190
 Episode_Reward/tracking_lin_vel_y: 0.0000
          Episode_Reward/lin_vel_z: -0.0025
         Episode_Reward/ang_vel_xy: -0.0056
   Episode_Reward/tracking_ang_vel: 0.0219
               Episode_Reward/work: -0.1139
            Episode_Reward/dof_acc: -0.2498
        Episode_Reward/action_rate: -0.0512
     Episode_Reward/dof_pos_limits: -0.0002
      Episode_Reward/delta_torques: -0.0003
          Episode_Reward/collision: -6.1121
        Episode_Reward/walking_dof: 0.1183
            Episode_Reward/hip_pos: -0.0549
          Episode_Reward/feet_jerk: 0.0000
              Episode_Reward/alive: 0.3000
          Episode_Reward/feet_drag: -0.0110
Episode_Reward/feet_contact_forces: -0.1970
               Episode_Reward/roll: -0.0191
        Episode_Reward/base_height: -0.2643
Episode_Reward/tracking_lin_vel_max: 0.1501
Episode_Reward/flat_orientation_l2: -0.0050
  Episode_Reward/air_time_variance: -0.0001
        Episode_Reward/feet_height: 0.0000
      Episode_Reward/feet_air_time: -0.0001
Episode_Reward/update_last_buffers: 0.0000
   Episode_Reward/wheel_idle_speed: -0.0000
    Episode_Reward/wheel_action_l2: -0.0053
  Episode_Reward/wheel_action_rate: 0.0000
  Episode_Reward/wheel_forward_use: 0.0083
 Episode_Reward/wheel_turn_support: 0.0123
   Metrics/locomotion/error_vel_xy: 0.5440
  Metrics/locomotion/error_vel_yaw: 1.1095
      Episode_Termination/time_out: 1.0000
   Episode_Termination/bad_contact: 0.0000
          Episode_Termination/tilt: 0.0000
    Episode_Termination/low_height: 0.0000
--------------------------------------------------------------------------------
                   Total timesteps: 55296
                    Iteration time: 3.01s
                      Time elapsed: 00:00:58
                               ETA: 00:04:28

################################################################################
                     [1m Learning iteration 1041/1123 [0m                     

                       Computation: 1010 steps/s (collection: 2.965s, learning 0.074s)
             Mean action noise std: 0.11
          Mean value_function loss: 0.1742
               Mean surrogate loss: -0.0150
                 Mean entropy loss: -12.5165
                       Mean reward: -70.04
               Mean episode length: 293.86
   Episode_Reward/term_bad_contact: 0.0000
          Episode_Reward/term_tilt: 0.0000
    Episode_Reward/term_low_height: 0.0000
      Episode_Reward/leg_action_l2: -0.0437
   Episode_Reward/tracking_lin_vel: 0.0000
Episode_Reward/tracking_ang_vel_yaw_l1: 0.0000
Episode_Reward/tracking_ang_vel_yaw_exp: 0.0000
Episode_Reward/tracking_lin_vel_y_l2: 0.0000
Episode_Reward/tracking_lin_vel_z_l2: 0.0000
            Episode_Reward/survive: 0.0000
    Episode_Reward/foot_contacts_z: 0.0000
            Episode_Reward/torques: -0.2066
 Episode_Reward/tracking_lin_vel_y: 0.0000
          Episode_Reward/lin_vel_z: -0.0022
         Episode_Reward/ang_vel_xy: -0.0043
   Episode_Reward/tracking_ang_vel: 0.0314
               Episode_Reward/work: -0.1310
            Episode_Reward/dof_acc: -0.4328
        Episode_Reward/action_rate: -0.0512
     Episode_Reward/dof_pos_limits: -0.0003
      Episode_Reward/delta_torques: -0.0003
          Episode_Reward/collision: -5.9615
        Episode_Reward/walking_dof: 0.1103
            Episode_Reward/hip_pos: -0.0548
          Episode_Reward/feet_jerk: 0.0000
              Episode_Reward/alive: 0.3000
          Episode_Reward/feet_drag: -0.0106
Episode_Reward/feet_contact_forces: -0.1968
               Episode_Reward/roll: -0.0232
        Episode_Reward/base_height: -0.2568
Episode_Reward/tracking_lin_vel_max: 0.2298
Episode_Reward/flat_orientation_l2: -0.0053
  Episode_Reward/air_time_variance: -0.0026
        Episode_Reward/feet_height: 0.0000
      Episode_Reward/feet_air_time: -0.0000
Episode_Reward/update_last_buffers: 0.0000
   Episode_Reward/wheel_idle_speed: -0.1932
    Episode_Reward/wheel_action_l2: -0.0057
  Episode_Reward/wheel_action_rate: 0.0000
  Episode_Reward/wheel_forward_use: 0.0072
 Episode_Reward/wheel_turn_support: 0.0083
   Metrics/locomotion/error_vel_xy: 0.5458
  Metrics/locomotion/error_vel_yaw: 1.0317
      Episode_Termination/time_out: 1.0000
   Episode_Termination/bad_contact: 0.0000
          Episode_Termination/tilt: 0.0000
    Episode_Termination/low_height: 0.0000
--------------------------------------------------------------------------------
                   Total timesteps: 58368
                    Iteration time: 3.04s
                      Time elapsed: 00:01:01
                               ETA: 00:04:24

################################################################################
                     [1m Learning iteration 1042/1123 [0m                     

                       Computation: 1006 steps/s (collection: 2.976s, learning 0.075s)
             Mean action noise std: 0.11
          Mean value_function loss: 0.1322
               Mean surrogate loss: -0.0146
                 Mean entropy loss: -12.5165
                       Mean reward: -69.91
               Mean episode length: 297.54
   Episode_Reward/term_bad_contact: 0.0000
          Episode_Reward/term_tilt: 0.0000
    Episode_Reward/term_low_height: 0.0000
      Episode_Reward/leg_action_l2: -0.0449
   Episode_Reward/tracking_lin_vel: 0.0000
Episode_Reward/tracking_ang_vel_yaw_l1: 0.0000
Episode_Reward/tracking_ang_vel_yaw_exp: 0.0000
Episode_Reward/tracking_lin_vel_y_l2: 0.0000
Episode_Reward/tracking_lin_vel_z_l2: 0.0000
            Episode_Reward/survive: 0.0000
    Episode_Reward/foot_contacts_z: 0.0000
            Episode_Reward/torques: -0.2145
 Episode_Reward/tracking_lin_vel_y: 0.0000
          Episode_Reward/lin_vel_z: -0.0025
         Episode_Reward/ang_vel_xy: -0.0053
   Episode_Reward/tracking_ang_vel: 0.0479
               Episode_Reward/work: -0.1411
            Episode_Reward/dof_acc: -0.3450
        Episode_Reward/action_rate: -0.0536
     Episode_Reward/dof_pos_limits: -0.0003
      Episode_Reward/delta_torques: -0.0003
          Episode_Reward/collision: -5.9673
        Episode_Reward/walking_dof: 0.1047
            Episode_Reward/hip_pos: -0.0557
          Episode_Reward/feet_jerk: 0.0000
              Episode_Reward/alive: 0.3000
          Episode_Reward/feet_drag: -0.0109
Episode_Reward/feet_contact_forces: -0.1970
               Episode_Reward/roll: -0.0271
        Episode_Reward/base_height: -0.2784
Episode_Reward/tracking_lin_vel_max: 0.0669
Episode_Reward/flat_orientation_l2: -0.0054
  Episode_Reward/air_time_variance: -0.0006
        Episode_Reward/feet_height: 0.0000
      Episode_Reward/feet_air_time: -0.0000
Episode_Reward/update_last_buffers: 0.0000
   Episode_Reward/wheel_idle_speed: -0.2942
    Episode_Reward/wheel_action_l2: -0.0059
  Episode_Reward/wheel_action_rate: 0.0000
  Episode_Reward/wheel_forward_use: 0.0114
 Episode_Reward/wheel_turn_support: 0.0090
   Metrics/locomotion/error_vel_xy: 0.7800
  Metrics/locomotion/error_vel_yaw: 0.7310
      Episode_Termination/time_out: 1.0000
   Episode_Termination/bad_contact: 0.0000
          Episode_Termination/tilt: 0.0000
    Episode_Termination/low_height: 0.0000
--------------------------------------------------------------------------------
                   Total timesteps: 61440
                    Iteration time: 3.05s
                      Time elapsed: 00:01:04
                               ETA: 00:04:20

################################################################################
                     [1m Learning iteration 1043/1123 [0m                     

                       Computation: 1008 steps/s (collection: 2.969s, learning 0.076s)
             Mean action noise std: 0.11
          Mean value_function loss: 0.1723
               Mean surrogate loss: -0.0150
                 Mean entropy loss: -12.5165
                       Mean reward: -69.70
               Mean episode length: 299.61
   Episode_Reward/term_bad_contact: 0.0000
          Episode_Reward/term_tilt: 0.0000
    Episode_Reward/term_low_height: 0.0000
      Episode_Reward/leg_action_l2: -0.0450
   Episode_Reward/tracking_lin_vel: 0.0000
Episode_Reward/tracking_ang_vel_yaw_l1: 0.0000
Episode_Reward/tracking_ang_vel_yaw_exp: 0.0000
Episode_Reward/tracking_lin_vel_y_l2: 0.0000
Episode_Reward/tracking_lin_vel_z_l2: 0.0000
            Episode_Reward/survive: 0.0000
    Episode_Reward/foot_contacts_z: 0.0000
            Episode_Reward/torques: -0.2285
 Episode_Reward/tracking_lin_vel_y: 0.0000
          Episode_Reward/lin_vel_z: -0.0027
         Episode_Reward/ang_vel_xy: -0.0068
   Episode_Reward/tracking_ang_vel: 0.0502
               Episode_Reward/work: -0.1361
            Episode_Reward/dof_acc: -0.3020
        Episode_Reward/action_rate: -0.0447
     Episode_Reward/dof_pos_limits: -0.0002
      Episode_Reward/delta_torques: -0.0003
          Episode_Reward/collision: -6.1213
        Episode_Reward/walking_dof: 0.1155
            Episode_Reward/hip_pos: -0.0547
          Episode_Reward/feet_jerk: 0.0000
              Episode_Reward/alive: 0.3000
          Episode_Reward/feet_drag: -0.0112
Episode_Reward/feet_contact_forces: -0.1969
               Episode_Reward/roll: -0.0269
        Episode_Reward/base_height: -0.2812
Episode_Reward/tracking_lin_vel_max: 0.0644
Episode_Reward/flat_orientation_l2: -0.0054
  Episode_Reward/air_time_variance: -0.0045
        Episode_Reward/feet_height: 0.0000
      Episode_Reward/feet_air_time: -0.0000
Episode_Reward/update_last_buffers: 0.0000
   Episode_Reward/wheel_idle_speed: -0.0002
    Episode_Reward/wheel_action_l2: -0.0040
  Episode_Reward/wheel_action_rate: 0.0000
  Episode_Reward/wheel_forward_use: 0.0189
 Episode_Reward/wheel_turn_support: 0.0124
   Metrics/locomotion/error_vel_xy: 0.7324
  Metrics/locomotion/error_vel_yaw: 0.7061
      Episode_Termination/time_out: 1.0000
   Episode_Termination/bad_contact: 0.0000
          Episode_Termination/tilt: 0.0000
    Episode_Termination/low_height: 0.0000
--------------------------------------------------------------------------------
                   Total timesteps: 64512
                    Iteration time: 3.04s
                      Time elapsed: 00:01:07
                               ETA: 00:04:16

################################################################################
                     [1m Learning iteration 1044/1123 [0m                     

                       Computation: 997 steps/s (collection: 3.003s, learning 0.076s)
             Mean action noise std: 0.11
          Mean value_function loss: 0.1904
               Mean surrogate loss: -0.0142
                 Mean entropy loss: -12.5165
                       Mean reward: -69.23
               Mean episode length: 300.00
   Episode_Reward/term_bad_contact: 0.0000
          Episode_Reward/term_tilt: 0.0000
    Episode_Reward/term_low_height: 0.0000
      Episode_Reward/leg_action_l2: -0.0444
   Episode_Reward/tracking_lin_vel: 0.0000
Episode_Reward/tracking_ang_vel_yaw_l1: 0.0000
Episode_Reward/tracking_ang_vel_yaw_exp: 0.0000
Episode_Reward/tracking_lin_vel_y_l2: 0.0000
Episode_Reward/tracking_lin_vel_z_l2: 0.0000
            Episode_Reward/survive: 0.0000
    Episode_Reward/foot_contacts_z: 0.0000
            Episode_Reward/torques: -0.2105
 Episode_Reward/tracking_lin_vel_y: 0.0000
          Episode_Reward/lin_vel_z: -0.0024
         Episode_Reward/ang_vel_xy: -0.0046
   Episode_Reward/tracking_ang_vel: 0.0273
               Episode_Reward/work: -0.1162
            Episode_Reward/dof_acc: -0.2136
        Episode_Reward/action_rate: -0.0477
     Episode_Reward/dof_pos_limits: -0.0003
      Episode_Reward/delta_torques: -0.0003
          Episode_Reward/collision: -5.9646
        Episode_Reward/walking_dof: 0.1156
            Episode_Reward/hip_pos: -0.0536
          Episode_Reward/feet_jerk: 0.0000
              Episode_Reward/alive: 0.3000
          Episode_Reward/feet_drag: -0.0107
Episode_Reward/feet_contact_forces: -0.1972
               Episode_Reward/roll: -0.0247
        Episode_Reward/base_height: -0.2586
Episode_Reward/tracking_lin_vel_max: 0.0268
Episode_Reward/flat_orientation_l2: -0.0056
  Episode_Reward/air_time_variance: -0.0006
        Episode_Reward/feet_height: 0.0000
      Episode_Reward/feet_air_time: -0.0000
Episode_Reward/update_last_buffers: 0.0000
   Episode_Reward/wheel_idle_speed: -0.0480
    Episode_Reward/wheel_action_l2: -0.0048
  Episode_Reward/wheel_action_rate: 0.0000
  Episode_Reward/wheel_forward_use: 0.0047
 Episode_Reward/wheel_turn_support: 0.0142
   Metrics/locomotion/error_vel_xy: 0.8830
  Metrics/locomotion/error_vel_yaw: 1.0352
      Episode_Termination/time_out: 1.0000
   Episode_Termination/bad_contact: 0.0000
          Episode_Termination/tilt: 0.0000
    Episode_Termination/low_height: 0.0000
--------------------------------------------------------------------------------
                   Total timesteps: 67584
                    Iteration time: 3.08s
                      Time elapsed: 00:01:10
                               ETA: 00:04:12

################################################################################
                     [1m Learning iteration 1045/1123 [0m                     

                       Computation: 1002 steps/s (collection: 2.991s, learning 0.074s)
             Mean action noise std: 0.11
          Mean value_function loss: 0.1175
               Mean surrogate loss: -0.0135
                 Mean entropy loss: -12.5165
                       Mean reward: -69.13
               Mean episode length: 300.00
   Episode_Reward/term_bad_contact: 0.0000
          Episode_Reward/term_tilt: 0.0000
    Episode_Reward/term_low_height: 0.0000
      Episode_Reward/leg_action_l2: -0.0426
   Episode_Reward/tracking_lin_vel: 0.0000
Episode_Reward/tracking_ang_vel_yaw_l1: 0.0000
Episode_Reward/tracking_ang_vel_yaw_exp: 0.0000
Episode_Reward/tracking_lin_vel_y_l2: 0.0000
Episode_Reward/tracking_lin_vel_z_l2: 0.0000
            Episode_Reward/survive: 0.0000
    Episode_Reward/foot_contacts_z: 0.0000
            Episode_Reward/torques: -0.2131
 Episode_Reward/tracking_lin_vel_y: 0.0000
          Episode_Reward/lin_vel_z: -0.0025
         Episode_Reward/ang_vel_xy: -0.0047
   Episode_Reward/tracking_ang_vel: 0.0398
               Episode_Reward/work: -0.1403
            Episode_Reward/dof_acc: -0.3144
        Episode_Reward/action_rate: -0.0440
     Episode_Reward/dof_pos_limits: -0.0003
      Episode_Reward/delta_torques: -0.0003
          Episode_Reward/collision: -5.9552
        Episode_Reward/walking_dof: 0.1179
            Episode_Reward/hip_pos: -0.0542
          Episode_Reward/feet_jerk: 0.0000
              Episode_Reward/alive: 0.3000
          Episode_Reward/feet_drag: -0.0113
Episode_Reward/feet_contact_forces: -0.1973
               Episode_Reward/roll: -0.0152
        Episode_Reward/base_height: -0.2666
Episode_Reward/tracking_lin_vel_max: 0.0080
Episode_Reward/flat_orientation_l2: -0.0036
  Episode_Reward/air_time_variance: -0.0013
        Episode_Reward/feet_height: 0.0000
      Episode_Reward/feet_air_time: -0.0000
Episode_Reward/update_last_buffers: 0.0000
   Episode_Reward/wheel_idle_speed: -0.0001
    Episode_Reward/wheel_action_l2: -0.0041
  Episode_Reward/wheel_action_rate: 0.0000
  Episode_Reward/wheel_forward_use: 0.0031
 Episode_Reward/wheel_turn_support: 0.0131
   Metrics/locomotion/error_vel_xy: 0.8922
  Metrics/locomotion/error_vel_yaw: 0.8796
      Episode_Termination/time_out: 1.0000
   Episode_Termination/bad_contact: 0.0000
          Episode_Termination/tilt: 0.0000
    Episode_Termination/low_height: 0.0000
--------------------------------------------------------------------------------
                   Total timesteps: 70656
                    Iteration time: 3.07s
                      Time elapsed: 00:01:13
                               ETA: 00:04:08

################################################################################
                     [1m Learning iteration 1046/1123 [0m                     

                       Computation: 982 steps/s (collection: 3.052s, learning 0.075s)
             Mean action noise std: 0.11
          Mean value_function loss: 0.2416
               Mean surrogate loss: -0.0175
                 Mean entropy loss: -12.5165
                       Mean reward: -68.87
               Mean episode length: 300.00
   Episode_Reward/term_bad_contact: 0.0000
          Episode_Reward/term_tilt: 0.0000
    Episode_Reward/term_low_height: 0.0000
      Episode_Reward/leg_action_l2: -0.0442
   Episode_Reward/tracking_lin_vel: 0.0000
Episode_Reward/tracking_ang_vel_yaw_l1: 0.0000
Episode_Reward/tracking_ang_vel_yaw_exp: 0.0000
Episode_Reward/tracking_lin_vel_y_l2: 0.0000
Episode_Reward/tracking_lin_vel_z_l2: 0.0000
            Episode_Reward/survive: 0.0000
    Episode_Reward/foot_contacts_z: 0.0000
            Episode_Reward/torques: -0.2103
 Episode_Reward/tracking_lin_vel_y: 0.0000
          Episode_Reward/lin_vel_z: -0.0025
         Episode_Reward/ang_vel_xy: -0.0051
   Episode_Reward/tracking_ang_vel: 0.0541
               Episode_Reward/work: -0.1054
            Episode_Reward/dof_acc: -0.2279
        Episode_Reward/action_rate: -0.0579
     Episode_Reward/dof_pos_limits: -0.0003
      Episode_Reward/delta_torques: -0.0003
          Episode_Reward/collision: -5.9780
        Episode_Reward/walking_dof: 0.1080
            Episode_Reward/hip_pos: -0.0550
          Episode_Reward/feet_jerk: 0.0000
              Episode_Reward/alive: 0.3000
          Episode_Reward/feet_drag: -0.0110
Episode_Reward/feet_contact_forces: -0.1971
               Episode_Reward/roll: -0.0215
        Episode_Reward/base_height: -0.2522
Episode_Reward/tracking_lin_vel_max: 0.0441
Episode_Reward/flat_orientation_l2: -0.0055
  Episode_Reward/air_time_variance: -0.0007
        Episode_Reward/feet_height: 0.0000
      Episode_Reward/feet_air_time: -0.0000
Episode_Reward/update_last_buffers: 0.0000
   Episode_Reward/wheel_idle_speed: -0.1277
    Episode_Reward/wheel_action_l2: -0.0067
  Episode_Reward/wheel_action_rate: 0.0000
  Episode_Reward/wheel_forward_use: 0.0086
 Episode_Reward/wheel_turn_support: 0.0129
   Metrics/locomotion/error_vel_xy: 0.8758
  Metrics/locomotion/error_vel_yaw: 0.6665
      Episode_Termination/time_out: 1.0000
   Episode_Termination/bad_contact: 0.0000
          Episode_Termination/tilt: 0.0000
    Episode_Termination/low_height: 0.0000
--------------------------------------------------------------------------------
                   Total timesteps: 73728
                    Iteration time: 3.13s
                      Time elapsed: 00:01:16
                               ETA: 00:04:05

################################################################################
                     [1m Learning iteration 1047/1123 [0m                     

                       Computation: 1014 steps/s (collection: 2.955s, learning 0.074s)
             Mean action noise std: 0.11
          Mean value_function loss: 0.2644
               Mean surrogate loss: -0.0148
                 Mean entropy loss: -12.5165
                       Mean reward: -68.71
               Mean episode length: 300.00
   Episode_Reward/term_bad_contact: 0.0000
          Episode_Reward/term_tilt: 0.0000
    Episode_Reward/term_low_height: 0.0000
      Episode_Reward/leg_action_l2: -0.0488
   Episode_Reward/tracking_lin_vel: 0.0000
Episode_Reward/tracking_ang_vel_yaw_l1: 0.0000
Episode_Reward/tracking_ang_vel_yaw_exp: 0.0000
Episode_Reward/tracking_lin_vel_y_l2: 0.0000
Episode_Reward/tracking_lin_vel_z_l2: 0.0000
            Episode_Reward/survive: 0.0000
    Episode_Reward/foot_contacts_z: 0.0000
            Episode_Reward/torques: -0.2250
 Episode_Reward/tracking_lin_vel_y: 0.0000
          Episode_Reward/lin_vel_z: -0.0026
         Episode_Reward/ang_vel_xy: -0.0059
   Episode_Reward/tracking_ang_vel: 0.0498
               Episode_Reward/work: -0.1281
            Episode_Reward/dof_acc: -0.2838
        Episode_Reward/action_rate: -0.0465
     Episode_Reward/dof_pos_limits: -0.0002
      Episode_Reward/delta_torques: -0.0003
          Episode_Reward/collision: -5.9773
        Episode_Reward/walking_dof: 0.1179
            Episode_Reward/hip_pos: -0.0533
          Episode_Reward/feet_jerk: 0.0000
              Episode_Reward/alive: 0.3000
          Episode_Reward/feet_drag: -0.0116
Episode_Reward/feet_contact_forces: -0.1972
               Episode_Reward/roll: -0.0210
        Episode_Reward/base_height: -0.2536
Episode_Reward/tracking_lin_vel_max: 0.0222
Episode_Reward/flat_orientation_l2: -0.0051
  Episode_Reward/air_time_variance: -0.0087
        Episode_Reward/feet_height: 0.0000
      Episode_Reward/feet_air_time: -0.0000
Episode_Reward/update_last_buffers: 0.0000
   Episode_Reward/wheel_idle_speed: 0.0000
    Episode_Reward/wheel_action_l2: -0.0039
  Episode_Reward/wheel_action_rate: 0.0000
  Episode_Reward/wheel_forward_use: 0.0277
 Episode_Reward/wheel_turn_support: 0.0119
   Metrics/locomotion/error_vel_xy: 0.5808
  Metrics/locomotion/error_vel_yaw: 0.7337
      Episode_Termination/time_out: 1.0000
   Episode_Termination/bad_contact: 0.0000
          Episode_Termination/tilt: 0.0000
    Episode_Termination/low_height: 0.0000
--------------------------------------------------------------------------------
                   Total timesteps: 76800
                    Iteration time: 3.03s
                      Time elapsed: 00:01:19
                               ETA: 00:04:01

################################################################################
                     [1m Learning iteration 1048/1123 [0m                     

                       Computation: 985 steps/s (collection: 3.043s, learning 0.073s)
             Mean action noise std: 0.11
          Mean value_function loss: 1.1490
               Mean surrogate loss: -0.0103
                 Mean entropy loss: -12.5165
                       Mean reward: -68.75
               Mean episode length: 300.00
   Episode_Reward/term_bad_contact: 0.0000
          Episode_Reward/term_tilt: 0.0000
    Episode_Reward/term_low_height: 0.0000
      Episode_Reward/leg_action_l2: -0.0468
   Episode_Reward/tracking_lin_vel: 0.0000
Episode_Reward/tracking_ang_vel_yaw_l1: 0.0000
Episode_Reward/tracking_ang_vel_yaw_exp: 0.0000
Episode_Reward/tracking_lin_vel_y_l2: 0.0000
Episode_Reward/tracking_lin_vel_z_l2: 0.0000
            Episode_Reward/survive: 0.0000
    Episode_Reward/foot_contacts_z: 0.0000
            Episode_Reward/torques: -0.2207
 Episode_Reward/tracking_lin_vel_y: 0.0000
          Episode_Reward/lin_vel_z: -0.0024
         Episode_Reward/ang_vel_xy: -0.0056
   Episode_Reward/tracking_ang_vel: 0.0579
               Episode_Reward/work: -0.1117
            Episode_Reward/dof_acc: -0.2521
        Episode_Reward/action_rate: -0.0521
     Episode_Reward/dof_pos_limits: -0.0003
      Episode_Reward/delta_torques: -0.0003
          Episode_Reward/collision: -6.0166
        Episode_Reward/walking_dof: 0.1051
            Episode_Reward/hip_pos: -0.0553
          Episode_Reward/feet_jerk: 0.0000
              Episode_Reward/alive: 0.3000
          Episode_Reward/feet_drag: -0.0107
Episode_Reward/feet_contact_forces: -0.1971
               Episode_Reward/roll: -0.0247
        Episode_Reward/base_height: -0.2710
Episode_Reward/tracking_lin_vel_max: 0.1110
Episode_Reward/flat_orientation_l2: -0.0055
  Episode_Reward/air_time_variance: -0.0015
        Episode_Reward/feet_height: 0.0000
      Episode_Reward/feet_air_time: -0.0000
Episode_Reward/update_last_buffers: 0.0000
   Episode_Reward/wheel_idle_speed: -0.0839
    Episode_Reward/wheel_action_l2: -0.0052
  Episode_Reward/wheel_action_rate: 0.0000
  Episode_Reward/wheel_forward_use: 0.0178
 Episode_Reward/wheel_turn_support: 0.0100
   Metrics/locomotion/error_vel_xy: 0.6322
  Metrics/locomotion/error_vel_yaw: 0.6337
      Episode_Termination/time_out: 1.0000
   Episode_Termination/bad_contact: 0.0000
          Episode_Termination/tilt: 0.0000
    Episode_Termination/low_height: 0.0000
--------------------------------------------------------------------------------
                   Total timesteps: 79872
                    Iteration time: 3.12s
                      Time elapsed: 00:01:22
                               ETA: 00:03:58

################################################################################
                     [1m Learning iteration 1049/1123 [0m                     

                       Computation: 979 steps/s (collection: 3.062s, learning 0.074s)
             Mean action noise std: 0.11
          Mean value_function loss: 0.3490
               Mean surrogate loss: -0.0141
                 Mean entropy loss: -12.5165
                       Mean reward: -68.60
               Mean episode length: 300.00
   Episode_Reward/term_bad_contact: 0.0000
          Episode_Reward/term_tilt: 0.0000
    Episode_Reward/term_low_height: 0.0000
      Episode_Reward/leg_action_l2: -0.0462
   Episode_Reward/tracking_lin_vel: 0.0000
Episode_Reward/tracking_ang_vel_yaw_l1: 0.0000
Episode_Reward/tracking_ang_vel_yaw_exp: 0.0000
Episode_Reward/tracking_lin_vel_y_l2: 0.0000
Episode_Reward/tracking_lin_vel_z_l2: 0.0000
            Episode_Reward/survive: 0.0000
    Episode_Reward/foot_contacts_z: 0.0000
            Episode_Reward/torques: -0.2190
 Episode_Reward/tracking_lin_vel_y: 0.0000
          Episode_Reward/lin_vel_z: -0.0024
         Episode_Reward/ang_vel_xy: -0.0054
   Episode_Reward/tracking_ang_vel: 0.0328
               Episode_Reward/work: -0.1313
            Episode_Reward/dof_acc: -0.2905
        Episode_Reward/action_rate: -0.0538
     Episode_Reward/dof_pos_limits: -0.0002
      Episode_Reward/delta_torques: -0.0003
          Episode_Reward/collision: -6.0066
        Episode_Reward/walking_dof: 0.0985
            Episode_Reward/hip_pos: -0.0549
          Episode_Reward/feet_jerk: 0.0000
              Episode_Reward/alive: 0.3000
          Episode_Reward/feet_drag: -0.0113
Episode_Reward/feet_contact_forces: -0.1966
               Episode_Reward/roll: -0.0231
        Episode_Reward/base_height: -0.2577
Episode_Reward/tracking_lin_vel_max: 0.1548
Episode_Reward/flat_orientation_l2: -0.0054
  Episode_Reward/air_time_variance: -0.0004
        Episode_Reward/feet_height: 0.0000
      Episode_Reward/feet_air_time: -0.0000
Episode_Reward/update_last_buffers: 0.0000
   Episode_Reward/wheel_idle_speed: -0.2871
    Episode_Reward/wheel_action_l2: -0.0056
  Episode_Reward/wheel_action_rate: 0.0000
  Episode_Reward/wheel_forward_use: 0.0040
 Episode_Reward/wheel_turn_support: 0.0142
   Metrics/locomotion/error_vel_xy: 0.5870
  Metrics/locomotion/error_vel_yaw: 0.9844
      Episode_Termination/time_out: 1.0000
   Episode_Termination/bad_contact: 0.0000
          Episode_Termination/tilt: 0.0000
    Episode_Termination/low_height: 0.0000
--------------------------------------------------------------------------------
                   Total timesteps: 82944
                    Iteration time: 3.14s
                      Time elapsed: 00:01:25
                               ETA: 00:03:55

################################################################################
                     [1m Learning iteration 1050/1123 [0m                     

                       Computation: 999 steps/s (collection: 2.999s, learning 0.075s)
             Mean action noise std: 0.11
          Mean value_function loss: 0.1355
               Mean surrogate loss: -0.0158
                 Mean entropy loss: -12.5165
                       Mean reward: -68.89
               Mean episode length: 300.00
   Episode_Reward/term_bad_contact: 0.0000
          Episode_Reward/term_tilt: 0.0000
    Episode_Reward/term_low_height: 0.0000
      Episode_Reward/leg_action_l2: -0.0464
   Episode_Reward/tracking_lin_vel: 0.0000
Episode_Reward/tracking_ang_vel_yaw_l1: 0.0000
Episode_Reward/tracking_ang_vel_yaw_exp: 0.0000
Episode_Reward/tracking_lin_vel_y_l2: 0.0000
Episode_Reward/tracking_lin_vel_z_l2: 0.0000
            Episode_Reward/survive: 0.0000
    Episode_Reward/foot_contacts_z: 0.0000
            Episode_Reward/torques: -0.2217
 Episode_Reward/tracking_lin_vel_y: 0.0000
          Episode_Reward/lin_vel_z: -0.0025
         Episode_Reward/ang_vel_xy: -0.0047
   Episode_Reward/tracking_ang_vel: 0.0466
               Episode_Reward/work: -0.1127
            Episode_Reward/dof_acc: -0.2903
        Episode_Reward/action_rate: -0.0579
     Episode_Reward/dof_pos_limits: -0.0003
      Episode_Reward/delta_torques: -0.0003
          Episode_Reward/collision: -6.0854
        Episode_Reward/walking_dof: 0.1057
            Episode_Reward/hip_pos: -0.0561
          Episode_Reward/feet_jerk: 0.0000
              Episode_Reward/alive: 0.3000
          Episode_Reward/feet_drag: -0.0108
Episode_Reward/feet_contact_forces: -0.1971
               Episode_Reward/roll: -0.0234
        Episode_Reward/base_height: -0.2667
Episode_Reward/tracking_lin_vel_max: 0.0562
Episode_Reward/flat_orientation_l2: -0.0054
  Episode_Reward/air_time_variance: -0.0006
        Episode_Reward/feet_height: 0.0000
      Episode_Reward/feet_air_time: -0.0000
Episode_Reward/update_last_buffers: 0.0000
   Episode_Reward/wheel_idle_speed: -0.2634
    Episode_Reward/wheel_action_l2: -0.0064
  Episode_Reward/wheel_action_rate: 0.0000
  Episode_Reward/wheel_forward_use: 0.0128
 Episode_Reward/wheel_turn_support: 0.0099
   Metrics/locomotion/error_vel_xy: 0.7260
  Metrics/locomotion/error_vel_yaw: 0.8121
      Episode_Termination/time_out: 1.0000
   Episode_Termination/bad_contact: 0.0000
          Episode_Termination/tilt: 0.0000
    Episode_Termination/low_height: 0.0000
--------------------------------------------------------------------------------
                   Total timesteps: 86016
                    Iteration time: 3.07s
                      Time elapsed: 00:01:28
                               ETA: 00:03:51

################################################################################
                     [1m Learning iteration 1051/1123 [0m                     

                       Computation: 998 steps/s (collection: 3.001s, learning 0.074s)
             Mean action noise std: 0.11
          Mean value_function loss: 0.1866
               Mean surrogate loss: -0.0151
                 Mean entropy loss: -12.5165
                       Mean reward: -68.89
               Mean episode length: 300.00
   Episode_Reward/term_bad_contact: 0.0000
          Episode_Reward/term_tilt: 0.0000
    Episode_Reward/term_low_height: 0.0000
      Episode_Reward/leg_action_l2: -0.0471
   Episode_Reward/tracking_lin_vel: 0.0000
Episode_Reward/tracking_ang_vel_yaw_l1: 0.0000
Episode_Reward/tracking_ang_vel_yaw_exp: 0.0000
Episode_Reward/tracking_lin_vel_y_l2: 0.0000
Episode_Reward/tracking_lin_vel_z_l2: 0.0000
            Episode_Reward/survive: 0.0000
    Episode_Reward/foot_contacts_z: 0.0000
            Episode_Reward/torques: -0.2207
 Episode_Reward/tracking_lin_vel_y: 0.0000
          Episode_Reward/lin_vel_z: -0.0026
         Episode_Reward/ang_vel_xy: -0.0051
   Episode_Reward/tracking_ang_vel: 0.0540
               Episode_Reward/work: -0.1408
            Episode_Reward/dof_acc: -0.3212
        Episode_Reward/action_rate: -0.0614
     Episode_Reward/dof_pos_limits: -0.0002
      Episode_Reward/delta_torques: -0.0003
          Episode_Reward/collision: -5.9828
        Episode_Reward/walking_dof: 0.0990
            Episode_Reward/hip_pos: -0.0537
          Episode_Reward/feet_jerk: 0.0000
              Episode_Reward/alive: 0.3000
          Episode_Reward/feet_drag: -0.0108
Episode_Reward/feet_contact_forces: -0.1968
               Episode_Reward/roll: -0.0245
        Episode_Reward/base_height: -0.2467
Episode_Reward/tracking_lin_vel_max: 0.0877
Episode_Reward/flat_orientation_l2: -0.0058
  Episode_Reward/air_time_variance: -0.0026
        Episode_Reward/feet_height: 0.0000
      Episode_Reward/feet_air_time: -0.0000
Episode_Reward/update_last_buffers: 0.0000
   Episode_Reward/wheel_idle_speed: -0.2825
    Episode_Reward/wheel_action_l2: -0.0070
  Episode_Reward/wheel_action_rate: 0.0000
  Episode_Reward/wheel_forward_use: 0.0145
 Episode_Reward/wheel_turn_support: 0.0105
   Metrics/locomotion/error_vel_xy: 0.7244
  Metrics/locomotion/error_vel_yaw: 0.6919
      Episode_Termination/time_out: 1.0000
   Episode_Termination/bad_contact: 0.0000
          Episode_Termination/tilt: 0.0000
    Episode_Termination/low_height: 0.0000
--------------------------------------------------------------------------------
                   Total timesteps: 89088
                    Iteration time: 3.08s
                      Time elapsed: 00:01:31
                               ETA: 00:03:48

################################################################################
                     [1m Learning iteration 1052/1123 [0m                     

                       Computation: 1011 steps/s (collection: 2.964s, learning 0.074s)
             Mean action noise std: 0.11
          Mean value_function loss: 0.1291
               Mean surrogate loss: -0.0154
                 Mean entropy loss: -12.5165
                       Mean reward: -68.75
               Mean episode length: 300.00
   Episode_Reward/term_bad_contact: 0.0000
          Episode_Reward/term_tilt: 0.0000
    Episode_Reward/term_low_height: 0.0000
      Episode_Reward/leg_action_l2: -0.0432
   Episode_Reward/tracking_lin_vel: 0.0000
Episode_Reward/tracking_ang_vel_yaw_l1: 0.0000
Episode_Reward/tracking_ang_vel_yaw_exp: 0.0000
Episode_Reward/tracking_lin_vel_y_l2: 0.0000
Episode_Reward/tracking_lin_vel_z_l2: 0.0000
            Episode_Reward/survive: 0.0000
    Episode_Reward/foot_contacts_z: 0.0000
            Episode_Reward/torques: -0.2133
 Episode_Reward/tracking_lin_vel_y: 0.0000
          Episode_Reward/lin_vel_z: -0.0029
         Episode_Reward/ang_vel_xy: -0.0052
   Episode_Reward/tracking_ang_vel: 0.0508
               Episode_Reward/work: -0.1461
            Episode_Reward/dof_acc: -0.3474
        Episode_Reward/action_rate: -0.0559
     Episode_Reward/dof_pos_limits: -0.0002
      Episode_Reward/delta_torques: -0.0003
          Episode_Reward/collision: -5.9717
        Episode_Reward/walking_dof: 0.1141
            Episode_Reward/hip_pos: -0.0536
          Episode_Reward/feet_jerk: 0.0000
              Episode_Reward/alive: 0.3000
          Episode_Reward/feet_drag: -0.0110
Episode_Reward/feet_contact_forces: -0.1976
               Episode_Reward/roll: -0.0206
        Episode_Reward/base_height: -0.2494
Episode_Reward/tracking_lin_vel_max: 0.0637
Episode_Reward/flat_orientation_l2: -0.0049
  Episode_Reward/air_time_variance: -0.0008
        Episode_Reward/feet_height: 0.0000
      Episode_Reward/feet_air_time: -0.0001
Episode_Reward/update_last_buffers: 0.0000
   Episode_Reward/wheel_idle_speed: -0.0007
    Episode_Reward/wheel_action_l2: -0.0066
  Episode_Reward/wheel_action_rate: 0.0000
  Episode_Reward/wheel_forward_use: 0.0145
 Episode_Reward/wheel_turn_support: 0.0107
   Metrics/locomotion/error_vel_xy: 0.7231
  Metrics/locomotion/error_vel_yaw: 0.7141
      Episode_Termination/time_out: 1.0000
   Episode_Termination/bad_contact: 0.0000
          Episode_Termination/tilt: 0.0000
    Episode_Termination/low_height: 0.0000
--------------------------------------------------------------------------------
                   Total timesteps: 92160
                    Iteration time: 3.04s
                      Time elapsed: 00:01:35
                               ETA: 00:03:44

################################################################################
                     [1m Learning iteration 1053/1123 [0m                     

                       Computation: 1016 steps/s (collection: 2.948s, learning 0.075s)
             Mean action noise std: 0.11
          Mean value_function loss: 0.1293
               Mean surrogate loss: -0.0145
                 Mean entropy loss: -12.5165
                       Mean reward: -68.74
               Mean episode length: 300.00
   Episode_Reward/term_bad_contact: 0.0000
          Episode_Reward/term_tilt: 0.0000
    Episode_Reward/term_low_height: 0.0000
      Episode_Reward/leg_action_l2: -0.0471
   Episode_Reward/tracking_lin_vel: 0.0000
Episode_Reward/tracking_ang_vel_yaw_l1: 0.0000
Episode_Reward/tracking_ang_vel_yaw_exp: 0.0000
Episode_Reward/tracking_lin_vel_y_l2: 0.0000
Episode_Reward/tracking_lin_vel_z_l2: 0.0000
            Episode_Reward/survive: 0.0000
    Episode_Reward/foot_contacts_z: 0.0000
            Episode_Reward/torques: -0.2220
 Episode_Reward/tracking_lin_vel_y: 0.0000
          Episode_Reward/lin_vel_z: -0.0024
         Episode_Reward/ang_vel_xy: -0.0049
   Episode_Reward/tracking_ang_vel: 0.0287
               Episode_Reward/work: -0.1242
            Episode_Reward/dof_acc: -0.4260
        Episode_Reward/action_rate: -0.0480
     Episode_Reward/dof_pos_limits: -0.0002
      Episode_Reward/delta_torques: -0.0003
          Episode_Reward/collision: -5.9746
        Episode_Reward/walking_dof: 0.1183
            Episode_Reward/hip_pos: -0.0553
          Episode_Reward/feet_jerk: 0.0000
              Episode_Reward/alive: 0.3000
          Episode_Reward/feet_drag: -0.0107
Episode_Reward/feet_contact_forces: -0.1969
               Episode_Reward/roll: -0.0229
        Episode_Reward/base_height: -0.2670
Episode_Reward/tracking_lin_vel_max: 0.0268
Episode_Reward/flat_orientation_l2: -0.0045
  Episode_Reward/air_time_variance: -0.0007
        Episode_Reward/feet_height: 0.0000
      Episode_Reward/feet_air_time: -0.0000
Episode_Reward/update_last_buffers: 0.0000
   Episode_Reward/wheel_idle_speed: 0.0000
    Episode_Reward/wheel_action_l2: -0.0047
  Episode_Reward/wheel_action_rate: 0.0000
  Episode_Reward/wheel_forward_use: 0.0035
 Episode_Reward/wheel_turn_support: 0.0165
   Metrics/locomotion/error_vel_xy: 0.6608
  Metrics/locomotion/error_vel_yaw: 0.9959
      Episode_Termination/time_out: 1.0000
   Episode_Termination/bad_contact: 0.0000
          Episode_Termination/tilt: 0.0000
    Episode_Termination/low_height: 0.0000
--------------------------------------------------------------------------------
                   Total timesteps: 95232
                    Iteration time: 3.02s
                      Time elapsed: 00:01:38
                               ETA: 00:03:41

################################################################################
                     [1m Learning iteration 1054/1123 [0m                     

                       Computation: 1017 steps/s (collection: 2.944s, learning 0.074s)
             Mean action noise std: 0.11
          Mean value_function loss: 0.1208
               Mean surrogate loss: -0.0184
                 Mean entropy loss: -12.5165
                       Mean reward: -68.74
               Mean episode length: 300.00
   Episode_Reward/term_bad_contact: 0.0000
          Episode_Reward/term_tilt: 0.0000
    Episode_Reward/term_low_height: 0.0000
      Episode_Reward/leg_action_l2: -0.0469
   Episode_Reward/tracking_lin_vel: 0.0000
Episode_Reward/tracking_ang_vel_yaw_l1: 0.0000
Episode_Reward/tracking_ang_vel_yaw_exp: 0.0000
Episode_Reward/tracking_lin_vel_y_l2: 0.0000
Episode_Reward/tracking_lin_vel_z_l2: 0.0000
            Episode_Reward/survive: 0.0000
    Episode_Reward/foot_contacts_z: 0.0000
            Episode_Reward/torques: -0.2187
 Episode_Reward/tracking_lin_vel_y: 0.0000
          Episode_Reward/lin_vel_z: -0.0024
         Episode_Reward/ang_vel_xy: -0.0045
   Episode_Reward/tracking_ang_vel: 0.0310
               Episode_Reward/work: -0.1388
            Episode_Reward/dof_acc: -0.3218
        Episode_Reward/action_rate: -0.0613
     Episode_Reward/dof_pos_limits: -0.0003
      Episode_Reward/delta_torques: -0.0003
          Episode_Reward/collision: -5.9621
        Episode_Reward/walking_dof: 0.1204
            Episode_Reward/hip_pos: -0.0551
          Episode_Reward/feet_jerk: 0.0000
              Episode_Reward/alive: 0.3000
          Episode_Reward/feet_drag: -0.0108
Episode_Reward/feet_contact_forces: -0.1970
               Episode_Reward/roll: -0.0223
        Episode_Reward/base_height: -0.2535
Episode_Reward/tracking_lin_vel_max: 0.0909
Episode_Reward/flat_orientation_l2: -0.0051
  Episode_Reward/air_time_variance: -0.0007
        Episode_Reward/feet_height: 0.0000
      Episode_Reward/feet_air_time: -0.0001
Episode_Reward/update_last_buffers: 0.0000
   Episode_Reward/wheel_idle_speed: 0.0000
    Episode_Reward/wheel_action_l2: -0.0073
  Episode_Reward/wheel_action_rate: 0.0000
  Episode_Reward/wheel_forward_use: 0.0082
 Episode_Reward/wheel_turn_support: 0.0156
   Metrics/locomotion/error_vel_xy: 0.7420
  Metrics/locomotion/error_vel_yaw: 0.9444
      Episode_Termination/time_out: 1.0000
   Episode_Termination/bad_contact: 0.0000
          Episode_Termination/tilt: 0.0000
    Episode_Termination/low_height: 0.0000
--------------------------------------------------------------------------------
                   Total timesteps: 98304
                    Iteration time: 3.02s
                      Time elapsed: 00:01:41
                               ETA: 00:03:37

################################################################################
                     [1m Learning iteration 1055/1123 [0m                     

                       Computation: 1000 steps/s (collection: 2.998s, learning 0.074s)
             Mean action noise std: 0.11
          Mean value_function loss: 0.1548
               Mean surrogate loss: -0.0169
                 Mean entropy loss: -12.5165
                       Mean reward: -68.92
               Mean episode length: 300.00
   Episode_Reward/term_bad_contact: 0.0000
          Episode_Reward/term_tilt: 0.0000
    Episode_Reward/term_low_height: 0.0000
      Episode_Reward/leg_action_l2: -0.0426
   Episode_Reward/tracking_lin_vel: 0.0000
Episode_Reward/tracking_ang_vel_yaw_l1: 0.0000
Episode_Reward/tracking_ang_vel_yaw_exp: 0.0000
Episode_Reward/tracking_lin_vel_y_l2: 0.0000
Episode_Reward/tracking_lin_vel_z_l2: 0.0000
            Episode_Reward/survive: 0.0000
    Episode_Reward/foot_contacts_z: 0.0000
            Episode_Reward/torques: -0.2239
 Episode_Reward/tracking_lin_vel_y: 0.0000
          Episode_Reward/lin_vel_z: -0.0028
         Episode_Reward/ang_vel_xy: -0.0053
   Episode_Reward/tracking_ang_vel: 0.0353
               Episode_Reward/work: -0.1268
            Episode_Reward/dof_acc: -0.3702
        Episode_Reward/action_rate: -0.0486
     Episode_Reward/dof_pos_limits: -0.0002
      Episode_Reward/delta_torques: -0.0003
          Episode_Reward/collision: -6.0608
        Episode_Reward/walking_dof: 0.1121
            Episode_Reward/hip_pos: -0.0551
          Episode_Reward/feet_jerk: 0.0000
              Episode_Reward/alive: 0.3000
          Episode_Reward/feet_drag: -0.0115
Episode_Reward/feet_contact_forces: -0.1973
               Episode_Reward/roll: -0.0185
        Episode_Reward/base_height: -0.2760
Episode_Reward/tracking_lin_vel_max: 0.0486
Episode_Reward/flat_orientation_l2: -0.0042
  Episode_Reward/air_time_variance: -0.0006
        Episode_Reward/feet_height: 0.0000
      Episode_Reward/feet_air_time: -0.0000
Episode_Reward/update_last_buffers: 0.0000
   Episode_Reward/wheel_idle_speed: -0.0409
    Episode_Reward/wheel_action_l2: -0.0051
  Episode_Reward/wheel_action_rate: 0.0000
  Episode_Reward/wheel_forward_use: 0.0047
 Episode_Reward/wheel_turn_support: 0.0150
   Metrics/locomotion/error_vel_xy: 0.7959
  Metrics/locomotion/error_vel_yaw: 0.9343
      Episode_Termination/time_out: 1.0000
   Episode_Termination/bad_contact: 0.0000
          Episode_Termination/tilt: 0.0000
    Episode_Termination/low_height: 0.0000
--------------------------------------------------------------------------------
                   Total timesteps: 101376
                    Iteration time: 3.07s
                      Time elapsed: 00:01:44
                               ETA: 00:03:34

################################################################################
                     [1m Learning iteration 1056/1123 [0m                     

                       Computation: 995 steps/s (collection: 3.012s, learning 0.074s)
             Mean action noise std: 0.11
          Mean value_function loss: 0.1694
               Mean surrogate loss: -0.0141
                 Mean entropy loss: -12.5165
                       Mean reward: -68.85
               Mean episode length: 300.00
   Episode_Reward/term_bad_contact: 0.0000
          Episode_Reward/term_tilt: 0.0000
    Episode_Reward/term_low_height: 0.0000
      Episode_Reward/leg_action_l2: -0.0447
   Episode_Reward/tracking_lin_vel: 0.0000
Episode_Reward/tracking_ang_vel_yaw_l1: 0.0000
Episode_Reward/tracking_ang_vel_yaw_exp: 0.0000
Episode_Reward/tracking_lin_vel_y_l2: 0.0000
Episode_Reward/tracking_lin_vel_z_l2: 0.0000
            Episode_Reward/survive: 0.0000
    Episode_Reward/foot_contacts_z: 0.0000
            Episode_Reward/torques: -0.2178
 Episode_Reward/tracking_lin_vel_y: 0.0000
          Episode_Reward/lin_vel_z: -0.0026
         Episode_Reward/ang_vel_xy: -0.0053
   Episode_Reward/tracking_ang_vel: 0.0429
               Episode_Reward/work: -0.1193
            Episode_Reward/dof_acc: -0.2728
        Episode_Reward/action_rate: -0.0570
     Episode_Reward/dof_pos_limits: -0.0002
      Episode_Reward/delta_torques: -0.0003
          Episode_Reward/collision: -5.9717
        Episode_Reward/walking_dof: 0.1174
            Episode_Reward/hip_pos: -0.0551
          Episode_Reward/feet_jerk: 0.0000
              Episode_Reward/alive: 0.3000
          Episode_Reward/feet_drag: -0.0110
Episode_Reward/feet_contact_forces: -0.1972
               Episode_Reward/roll: -0.0214
        Episode_Reward/base_height: -0.2590
Episode_Reward/tracking_lin_vel_max: 0.0632
Episode_Reward/flat_orientation_l2: -0.0055
  Episode_Reward/air_time_variance: -0.0026
        Episode_Reward/feet_height: 0.0000
      Episode_Reward/feet_air_time: -0.0000
Episode_Reward/update_last_buffers: 0.0000
   Episode_Reward/wheel_idle_speed: -0.0002
    Episode_Reward/wheel_action_l2: -0.0067
  Episode_Reward/wheel_action_rate: 0.0000
  Episode_Reward/wheel_forward_use: 0.0092
 Episode_Reward/wheel_turn_support: 0.0104
   Metrics/locomotion/error_vel_xy: 0.7428
  Metrics/locomotion/error_vel_yaw: 0.8157
      Episode_Termination/time_out: 1.0000
   Episode_Termination/bad_contact: 0.0000
          Episode_Termination/tilt: 0.0000
    Episode_Termination/low_height: 0.0000
--------------------------------------------------------------------------------
                   Total timesteps: 104448
                    Iteration time: 3.09s
                      Time elapsed: 00:01:47
                               ETA: 00:03:31

################################################################################
                     [1m Learning iteration 1057/1123 [0m                     

                       Computation: 1028 steps/s (collection: 2.913s, learning 0.074s)
             Mean action noise std: 0.11
          Mean value_function loss: 0.1718
               Mean surrogate loss: -0.0189
                 Mean entropy loss: -12.5165
                       Mean reward: -69.30
               Mean episode length: 300.00
   Episode_Reward/term_bad_contact: 0.0000
          Episode_Reward/term_tilt: 0.0000
    Episode_Reward/term_low_height: 0.0000
      Episode_Reward/leg_action_l2: -0.0435
   Episode_Reward/tracking_lin_vel: 0.0000
Episode_Reward/tracking_ang_vel_yaw_l1: 0.0000
Episode_Reward/tracking_ang_vel_yaw_exp: 0.0000
Episode_Reward/tracking_lin_vel_y_l2: 0.0000
Episode_Reward/tracking_lin_vel_z_l2: 0.0000
            Episode_Reward/survive: 0.0000
    Episode_Reward/foot_contacts_z: 0.0000
            Episode_Reward/torques: -0.2167
 Episode_Reward/tracking_lin_vel_y: 0.0000
          Episode_Reward/lin_vel_z: -0.0027
         Episode_Reward/ang_vel_xy: -0.0054
   Episode_Reward/tracking_ang_vel: 0.0500
               Episode_Reward/work: -0.1342
            Episode_Reward/dof_acc: -0.5802
        Episode_Reward/action_rate: -0.0529
     Episode_Reward/dof_pos_limits: -0.0003
      Episode_Reward/delta_torques: -0.0003
          Episode_Reward/collision: -7.1700
        Episode_Reward/walking_dof: 0.1099
            Episode_Reward/hip_pos: -0.0549
          Episode_Reward/feet_jerk: 0.0000
              Episode_Reward/alive: 0.3000
          Episode_Reward/feet_drag: -0.0113
Episode_Reward/feet_contact_forces: -0.1979
               Episode_Reward/roll: -0.0146
        Episode_Reward/base_height: -0.2520
Episode_Reward/tracking_lin_vel_max: 0.0267
Episode_Reward/flat_orientation_l2: -0.0039
  Episode_Reward/air_time_variance: -0.0010
        Episode_Reward/feet_height: 0.0000
      Episode_Reward/feet_air_time: -0.0001
Episode_Reward/update_last_buffers: 0.0000
   Episode_Reward/wheel_idle_speed: -0.0803
    Episode_Reward/wheel_action_l2: -0.0059
  Episode_Reward/wheel_action_rate: 0.0000
  Episode_Reward/wheel_forward_use: 0.0123
 Episode_Reward/wheel_turn_support: 0.0160
   Metrics/locomotion/error_vel_xy: 0.6296
  Metrics/locomotion/error_vel_yaw: 0.7177
      Episode_Termination/time_out: 1.0000
   Episode_Termination/bad_contact: 0.0000
          Episode_Termination/tilt: 0.0000
    Episode_Termination/low_height: 0.0000
--------------------------------------------------------------------------------
                   Total timesteps: 107520
                    Iteration time: 2.99s
                      Time elapsed: 00:01:50
                               ETA: 00:03:27

################################################################################
                     [1m Learning iteration 1058/1123 [0m                     

                       Computation: 1002 steps/s (collection: 2.991s, learning 0.074s)
             Mean action noise std: 0.11
          Mean value_function loss: 0.2157
               Mean surrogate loss: -0.0170
                 Mean entropy loss: -12.5165
                       Mean reward: -69.09
               Mean episode length: 300.00
   Episode_Reward/term_bad_contact: 0.0000
          Episode_Reward/term_tilt: 0.0000
    Episode_Reward/term_low_height: 0.0000
      Episode_Reward/leg_action_l2: -0.0447
   Episode_Reward/tracking_lin_vel: 0.0000
Episode_Reward/tracking_ang_vel_yaw_l1: 0.0000
Episode_Reward/tracking_ang_vel_yaw_exp: 0.0000
Episode_Reward/tracking_lin_vel_y_l2: 0.0000
Episode_Reward/tracking_lin_vel_z_l2: 0.0000
            Episode_Reward/survive: 0.0000
    Episode_Reward/foot_contacts_z: 0.0000
            Episode_Reward/torques: -0.2200
 Episode_Reward/tracking_lin_vel_y: 0.0000
          Episode_Reward/lin_vel_z: -0.0026
         Episode_Reward/ang_vel_xy: -0.0050
   Episode_Reward/tracking_ang_vel: 0.0494
               Episode_Reward/work: -0.1090
            Episode_Reward/dof_acc: -0.2553
        Episode_Reward/action_rate: -0.0487
     Episode_Reward/dof_pos_limits: -0.0002
      Episode_Reward/delta_torques: -0.0003
          Episode_Reward/collision: -6.1813
        Episode_Reward/walking_dof: 0.0991
            Episode_Reward/hip_pos: -0.0544
          Episode_Reward/feet_jerk: 0.0000
              Episode_Reward/alive: 0.3000
          Episode_Reward/feet_drag: -0.0114
Episode_Reward/feet_contact_forces: -0.1968
               Episode_Reward/roll: -0.0206
        Episode_Reward/base_height: -0.2642
Episode_Reward/tracking_lin_vel_max: 0.0983
Episode_Reward/flat_orientation_l2: -0.0046
  Episode_Reward/air_time_variance: -0.0008
        Episode_Reward/feet_height: 0.0000
      Episode_Reward/feet_air_time: -0.0000
Episode_Reward/update_last_buffers: 0.0000
   Episode_Reward/wheel_idle_speed: -0.1778
    Episode_Reward/wheel_action_l2: -0.0049
  Episode_Reward/wheel_action_rate: 0.0000
  Episode_Reward/wheel_forward_use: 0.0088
 Episode_Reward/wheel_turn_support: 0.0097
   Metrics/locomotion/error_vel_xy: 0.6319
  Metrics/locomotion/error_vel_yaw: 0.7430
      Episode_Termination/time_out: 1.0000
   Episode_Termination/bad_contact: 0.0000
          Episode_Termination/tilt: 0.0000
    Episode_Termination/low_height: 0.0000
--------------------------------------------------------------------------------
                   Total timesteps: 110592
                    Iteration time: 3.07s
                      Time elapsed: 00:01:53
                               ETA: 00:03:24

################################################################################
                     [1m Learning iteration 1059/1123 [0m                     

                       Computation: 1022 steps/s (collection: 2.930s, learning 0.074s)
             Mean action noise std: 0.11
          Mean value_function loss: 0.4395
               Mean surrogate loss: -0.0151
                 Mean entropy loss: -12.5165
                       Mean reward: -69.05
               Mean episode length: 300.00
   Episode_Reward/term_bad_contact: 0.0000
          Episode_Reward/term_tilt: 0.0000
    Episode_Reward/term_low_height: 0.0000
      Episode_Reward/leg_action_l2: -0.0441
   Episode_Reward/tracking_lin_vel: 0.0000
Episode_Reward/tracking_ang_vel_yaw_l1: 0.0000
Episode_Reward/tracking_ang_vel_yaw_exp: 0.0000
Episode_Reward/tracking_lin_vel_y_l2: 0.0000
Episode_Reward/tracking_lin_vel_z_l2: 0.0000
            Episode_Reward/survive: 0.0000
    Episode_Reward/foot_contacts_z: 0.0000
            Episode_Reward/torques: -0.2223
 Episode_Reward/tracking_lin_vel_y: 0.0000
          Episode_Reward/lin_vel_z: -0.0028
         Episode_Reward/ang_vel_xy: -0.0052
   Episode_Reward/tracking_ang_vel: 0.0389
               Episode_Reward/work: -0.0956
            Episode_Reward/dof_acc: -0.1889
        Episode_Reward/action_rate: -0.0601
     Episode_Reward/dof_pos_limits: -0.0002
      Episode_Reward/delta_torques: -0.0003
          Episode_Reward/collision: -6.0274
        Episode_Reward/walking_dof: 0.1074
            Episode_Reward/hip_pos: -0.0552
          Episode_Reward/feet_jerk: 0.0000
              Episode_Reward/alive: 0.3000
          Episode_Reward/feet_drag: -0.0110
Episode_Reward/feet_contact_forces: -0.1969
               Episode_Reward/roll: -0.0145
        Episode_Reward/base_height: -0.2614
Episode_Reward/tracking_lin_vel_max: 0.0815
Episode_Reward/flat_orientation_l2: -0.0039
  Episode_Reward/air_time_variance: -0.0010
        Episode_Reward/feet_height: 0.0000
      Episode_Reward/feet_air_time: -0.0000
Episode_Reward/update_last_buffers: 0.0000
   Episode_Reward/wheel_idle_speed: -0.0523
    Episode_Reward/wheel_action_l2: -0.0070
  Episode_Reward/wheel_action_rate: 0.0000
  Episode_Reward/wheel_forward_use: 0.0129
 Episode_Reward/wheel_turn_support: 0.0075
   Metrics/locomotion/error_vel_xy: 0.6875
  Metrics/locomotion/error_vel_yaw: 0.9324
      Episode_Termination/time_out: 1.0000
   Episode_Termination/bad_contact: 0.0000
          Episode_Termination/tilt: 0.0000
    Episode_Termination/low_height: 0.0000
--------------------------------------------------------------------------------
                   Total timesteps: 113664
                    Iteration time: 3.00s
                      Time elapsed: 00:01:56
                               ETA: 00:03:21

################################################################################
                     [1m Learning iteration 1060/1123 [0m                     

                       Computation: 994 steps/s (collection: 3.016s, learning 0.074s)
             Mean action noise std: 0.11
          Mean value_function loss: 0.1600
               Mean surrogate loss: -0.0151
                 Mean entropy loss: -12.5165
                       Mean reward: -69.53
               Mean episode length: 300.00
   Episode_Reward/term_bad_contact: 0.0000
          Episode_Reward/term_tilt: 0.0000
    Episode_Reward/term_low_height: 0.0000
      Episode_Reward/leg_action_l2: -0.0441
   Episode_Reward/tracking_lin_vel: 0.0000
Episode_Reward/tracking_ang_vel_yaw_l1: 0.0000
Episode_Reward/tracking_ang_vel_yaw_exp: 0.0000
Episode_Reward/tracking_lin_vel_y_l2: 0.0000
Episode_Reward/tracking_lin_vel_z_l2: 0.0000
            Episode_Reward/survive: 0.0000
    Episode_Reward/foot_contacts_z: 0.0000
            Episode_Reward/torques: -0.2190
 Episode_Reward/tracking_lin_vel_y: 0.0000
          Episode_Reward/lin_vel_z: -0.0028
         Episode_Reward/ang_vel_xy: -0.0055
   Episode_Reward/tracking_ang_vel: 0.0336
               Episode_Reward/work: -0.1286
            Episode_Reward/dof_acc: -0.2985
        Episode_Reward/action_rate: -0.0544
     Episode_Reward/dof_pos_limits: -0.0002
      Episode_Reward/delta_torques: -0.0003
          Episode_Reward/collision: -5.9977
        Episode_Reward/walking_dof: 0.1026
            Episode_Reward/hip_pos: -0.0552
          Episode_Reward/feet_jerk: 0.0000
              Episode_Reward/alive: 0.3000
          Episode_Reward/feet_drag: -0.0112
Episode_Reward/feet_contact_forces: -0.1968
               Episode_Reward/roll: -0.0184
        Episode_Reward/base_height: -0.2639
Episode_Reward/tracking_lin_vel_max: 0.2043
Episode_Reward/flat_orientation_l2: -0.0047
  Episode_Reward/air_time_variance: -0.0007
        Episode_Reward/feet_height: 0.0000
      Episode_Reward/feet_air_time: -0.0000
Episode_Reward/update_last_buffers: 0.0000
   Episode_Reward/wheel_idle_speed: -0.3093
    Episode_Reward/wheel_action_l2: -0.0058
  Episode_Reward/wheel_action_rate: 0.0000
  Episode_Reward/wheel_forward_use: 0.0086
 Episode_Reward/wheel_turn_support: 0.0117
   Metrics/locomotion/error_vel_xy: 0.4804
  Metrics/locomotion/error_vel_yaw: 0.9511
      Episode_Termination/time_out: 1.0000
   Episode_Termination/bad_contact: 0.0000
          Episode_Termination/tilt: 0.0000
    Episode_Termination/low_height: 0.0000
--------------------------------------------------------------------------------
                   Total timesteps: 116736
                    Iteration time: 3.09s
                      Time elapsed: 00:01:59
                               ETA: 00:03:17

################################################################################
                     [1m Learning iteration 1061/1123 [0m                     

                       Computation: 983 steps/s (collection: 3.050s, learning 0.074s)
             Mean action noise std: 0.11
          Mean value_function loss: 0.2619
               Mean surrogate loss: -0.0138
                 Mean entropy loss: -12.5165
                       Mean reward: -69.19
               Mean episode length: 300.00
   Episode_Reward/term_bad_contact: 0.0000
          Episode_Reward/term_tilt: 0.0000
    Episode_Reward/term_low_height: 0.0000
      Episode_Reward/leg_action_l2: -0.0478
   Episode_Reward/tracking_lin_vel: 0.0000
Episode_Reward/tracking_ang_vel_yaw_l1: 0.0000
Episode_Reward/tracking_ang_vel_yaw_exp: 0.0000
Episode_Reward/tracking_lin_vel_y_l2: 0.0000
Episode_Reward/tracking_lin_vel_z_l2: 0.0000
            Episode_Reward/survive: 0.0000
    Episode_Reward/foot_contacts_z: 0.0000
            Episode_Reward/torques: -0.2256
 Episode_Reward/tracking_lin_vel_y: 0.0000
          Episode_Reward/lin_vel_z: -0.0025
         Episode_Reward/ang_vel_xy: -0.0055
   Episode_Reward/tracking_ang_vel: 0.0445
               Episode_Reward/work: -0.1234
            Episode_Reward/dof_acc: -0.2989
        Episode_Reward/action_rate: -0.0542
     Episode_Reward/dof_pos_limits: -0.0003
      Episode_Reward/delta_torques: -0.0003
          Episode_Reward/collision: -6.0970
        Episode_Reward/walking_dof: 0.1159
            Episode_Reward/hip_pos: -0.0558
          Episode_Reward/feet_jerk: 0.0000
              Episode_Reward/alive: 0.3000
          Episode_Reward/feet_drag: -0.0108
Episode_Reward/feet_contact_forces: -0.1975
               Episode_Reward/roll: -0.0238
        Episode_Reward/base_height: -0.2663
Episode_Reward/tracking_lin_vel_max: 0.1069
Episode_Reward/flat_orientation_l2: -0.0055
  Episode_Reward/air_time_variance: -0.0025
        Episode_Reward/feet_height: 0.0000
      Episode_Reward/feet_air_time: -0.0000
Episode_Reward/update_last_buffers: 0.0000
   Episode_Reward/wheel_idle_speed: -0.0530
    Episode_Reward/wheel_action_l2: -0.0055
  Episode_Reward/wheel_action_rate: 0.0000
  Episode_Reward/wheel_forward_use: 0.0119
 Episode_Reward/wheel_turn_support: 0.0124
   Metrics/locomotion/error_vel_xy: 0.6803
  Metrics/locomotion/error_vel_yaw: 0.7952
      Episode_Termination/time_out: 1.0000
   Episode_Termination/bad_contact: 0.0000
          Episode_Termination/tilt: 0.0000
    Episode_Termination/low_height: 0.0000
--------------------------------------------------------------------------------
                   Total timesteps: 119808
                    Iteration time: 3.12s
                      Time elapsed: 00:02:02
                               ETA: 00:03:14

################################################################################
                     [1m Learning iteration 1062/1123 [0m                     

                       Computation: 1005 steps/s (collection: 2.980s, learning 0.074s)
             Mean action noise std: 0.11
          Mean value_function loss: 0.2084
               Mean surrogate loss: -0.0156
                 Mean entropy loss: -12.5165
                       Mean reward: -69.27
               Mean episode length: 300.00
   Episode_Reward/term_bad_contact: 0.0000
          Episode_Reward/term_tilt: 0.0000
    Episode_Reward/term_low_height: 0.0000
      Episode_Reward/leg_action_l2: -0.0438
   Episode_Reward/tracking_lin_vel: 0.0000
Episode_Reward/tracking_ang_vel_yaw_l1: 0.0000
Episode_Reward/tracking_ang_vel_yaw_exp: 0.0000
Episode_Reward/tracking_lin_vel_y_l2: 0.0000
Episode_Reward/tracking_lin_vel_z_l2: 0.0000
            Episode_Reward/survive: 0.0000
    Episode_Reward/foot_contacts_z: 0.0000
            Episode_Reward/torques: -0.2210
 Episode_Reward/tracking_lin_vel_y: 0.0000
          Episode_Reward/lin_vel_z: -0.0027
         Episode_Reward/ang_vel_xy: -0.0060
   Episode_Reward/tracking_ang_vel: 0.0413
               Episode_Reward/work: -0.1351
            Episode_Reward/dof_acc: -0.3692
        Episode_Reward/action_rate: -0.0498
     Episode_Reward/dof_pos_limits: -0.0002
      Episode_Reward/delta_torques: -0.0003
          Episode_Reward/collision: -5.9758
        Episode_Reward/walking_dof: 0.0935
            Episode_Reward/hip_pos: -0.0543
          Episode_Reward/feet_jerk: 0.0000
              Episode_Reward/alive: 0.3000
          Episode_Reward/feet_drag: -0.0110
Episode_Reward/feet_contact_forces: -0.1969
               Episode_Reward/roll: -0.0235
        Episode_Reward/base_height: -0.2649
Episode_Reward/tracking_lin_vel_max: 0.1692
Episode_Reward/flat_orientation_l2: -0.0053
  Episode_Reward/air_time_variance: -0.0003
        Episode_Reward/feet_height: 0.0000
      Episode_Reward/feet_air_time: -0.0001
Episode_Reward/update_last_buffers: 0.0000
   Episode_Reward/wheel_idle_speed: -0.0171
    Episode_Reward/wheel_action_l2: -0.0052
  Episode_Reward/wheel_action_rate: 0.0000
  Episode_Reward/wheel_forward_use: 0.0120
 Episode_Reward/wheel_turn_support: 0.0141
   Metrics/locomotion/error_vel_xy: 0.5578
  Metrics/locomotion/error_vel_yaw: 0.8032
      Episode_Termination/time_out: 1.0000
   Episode_Termination/bad_contact: 0.0000
          Episode_Termination/tilt: 0.0000
    Episode_Termination/low_height: 0.0000
--------------------------------------------------------------------------------
                   Total timesteps: 122880
                    Iteration time: 3.05s
                      Time elapsed: 00:02:05
                               ETA: 00:03:11

################################################################################
                     [1m Learning iteration 1063/1123 [0m                     

                       Computation: 992 steps/s (collection: 3.020s, learning 0.075s)
             Mean action noise std: 0.11
          Mean value_function loss: 0.2201
               Mean surrogate loss: -0.0137
                 Mean entropy loss: -12.5165
                       Mean reward: -69.33
               Mean episode length: 300.00
   Episode_Reward/term_bad_contact: 0.0000
          Episode_Reward/term_tilt: 0.0000
    Episode_Reward/term_low_height: 0.0000
      Episode_Reward/leg_action_l2: -0.0447
   Episode_Reward/tracking_lin_vel: 0.0000
Episode_Reward/tracking_ang_vel_yaw_l1: 0.0000
Episode_Reward/tracking_ang_vel_yaw_exp: 0.0000
Episode_Reward/tracking_lin_vel_y_l2: 0.0000
Episode_Reward/tracking_lin_vel_z_l2: 0.0000
            Episode_Reward/survive: 0.0000
    Episode_Reward/foot_contacts_z: 0.0000
            Episode_Reward/torques: -0.2142
 Episode_Reward/tracking_lin_vel_y: 0.0000
          Episode_Reward/lin_vel_z: -0.0026
         Episode_Reward/ang_vel_xy: -0.0057
   Episode_Reward/tracking_ang_vel: 0.0280
               Episode_Reward/work: -0.1383
            Episode_Reward/dof_acc: -0.3511
        Episode_Reward/action_rate: -0.0599
     Episode_Reward/dof_pos_limits: -0.0002
      Episode_Reward/delta_torques: -0.0003
          Episode_Reward/collision: -6.0425
        Episode_Reward/walking_dof: 0.1162
            Episode_Reward/hip_pos: -0.0550
          Episode_Reward/feet_jerk: 0.0000
              Episode_Reward/alive: 0.3000
          Episode_Reward/feet_drag: -0.0108
Episode_Reward/feet_contact_forces: -0.1970
               Episode_Reward/roll: -0.0252
        Episode_Reward/base_height: -0.2670
Episode_Reward/tracking_lin_vel_max: 0.0271
Episode_Reward/flat_orientation_l2: -0.0059
  Episode_Reward/air_time_variance: -0.0040
        Episode_Reward/feet_height: 0.0000
      Episode_Reward/feet_air_time: -0.0001
Episode_Reward/update_last_buffers: 0.0000
   Episode_Reward/wheel_idle_speed: -0.0003
    Episode_Reward/wheel_action_l2: -0.0071
  Episode_Reward/wheel_action_rate: 0.0000
  Episode_Reward/wheel_forward_use: 0.0087
 Episode_Reward/wheel_turn_support: 0.0113
   Metrics/locomotion/error_vel_xy: 0.6184
  Metrics/locomotion/error_vel_yaw: 1.0641
      Episode_Termination/time_out: 1.0000
   Episode_Termination/bad_contact: 0.0000
          Episode_Termination/tilt: 0.0000
    Episode_Termination/low_height: 0.0000
--------------------------------------------------------------------------------
                   Total timesteps: 125952
                    Iteration time: 3.10s
                      Time elapsed: 00:02:08
                               ETA: 00:03:08

################################################################################
                     [1m Learning iteration 1064/1123 [0m                     

                       Computation: 994 steps/s (collection: 3.016s, learning 0.073s)
             Mean action noise std: 0.11
          Mean value_function loss: 0.1737
               Mean surrogate loss: -0.0127
                 Mean entropy loss: -12.5165
                       Mean reward: -69.23
               Mean episode length: 300.00
   Episode_Reward/term_bad_contact: 0.0000
          Episode_Reward/term_tilt: 0.0000
    Episode_Reward/term_low_height: 0.0000
      Episode_Reward/leg_action_l2: -0.0459
   Episode_Reward/tracking_lin_vel: 0.0000
Episode_Reward/tracking_ang_vel_yaw_l1: 0.0000
Episode_Reward/tracking_ang_vel_yaw_exp: 0.0000
Episode_Reward/tracking_lin_vel_y_l2: 0.0000
Episode_Reward/tracking_lin_vel_z_l2: 0.0000
            Episode_Reward/survive: 0.0000
    Episode_Reward/foot_contacts_z: 0.0000
            Episode_Reward/torques: -0.2305
 Episode_Reward/tracking_lin_vel_y: 0.0000
          Episode_Reward/lin_vel_z: -0.0026
         Episode_Reward/ang_vel_xy: -0.0061
   Episode_Reward/tracking_ang_vel: 0.0442
               Episode_Reward/work: -0.1458
            Episode_Reward/dof_acc: -0.3374
        Episode_Reward/action_rate: -0.0457
     Episode_Reward/dof_pos_limits: -0.0002
      Episode_Reward/delta_torques: -0.0003
          Episode_Reward/collision: -6.0246
        Episode_Reward/walking_dof: 0.1137
            Episode_Reward/hip_pos: -0.0545
          Episode_Reward/feet_jerk: 0.0000
              Episode_Reward/alive: 0.3000
          Episode_Reward/feet_drag: -0.0116
Episode_Reward/feet_contact_forces: -0.1970
               Episode_Reward/roll: -0.0163
        Episode_Reward/base_height: -0.2630
Episode_Reward/tracking_lin_vel_max: 0.1534
Episode_Reward/flat_orientation_l2: -0.0040
  Episode_Reward/air_time_variance: -0.0018
        Episode_Reward/feet_height: 0.0000
      Episode_Reward/feet_air_time: -0.0001
Episode_Reward/update_last_buffers: 0.0000
   Episode_Reward/wheel_idle_speed: -0.0005
    Episode_Reward/wheel_action_l2: -0.0041
  Episode_Reward/wheel_action_rate: 0.0000
  Episode_Reward/wheel_forward_use: 0.0119
 Episode_Reward/wheel_turn_support: 0.0168
   Metrics/locomotion/error_vel_xy: 0.5777
  Metrics/locomotion/error_vel_yaw: 0.8030
      Episode_Termination/time_out: 1.0000
   Episode_Termination/bad_contact: 0.0000
          Episode_Termination/tilt: 0.0000
    Episode_Termination/low_height: 0.0000
--------------------------------------------------------------------------------
                   Total timesteps: 129024
                    Iteration time: 3.09s
                      Time elapsed: 00:02:11
                               ETA: 00:03:05

################################################################################
                     [1m Learning iteration 1065/1123 [0m                     

                       Computation: 1014 steps/s (collection: 2.954s, learning 0.075s)
             Mean action noise std: 0.11
          Mean value_function loss: 0.0792
               Mean surrogate loss: -0.0168
                 Mean entropy loss: -12.5165
                       Mean reward: -69.18
               Mean episode length: 300.00
   Episode_Reward/term_bad_contact: 0.0000
          Episode_Reward/term_tilt: 0.0000
    Episode_Reward/term_low_height: 0.0000
      Episode_Reward/leg_action_l2: -0.0502
   Episode_Reward/tracking_lin_vel: 0.0000
Episode_Reward/tracking_ang_vel_yaw_l1: 0.0000
Episode_Reward/tracking_ang_vel_yaw_exp: 0.0000
Episode_Reward/tracking_lin_vel_y_l2: 0.0000
Episode_Reward/tracking_lin_vel_z_l2: 0.0000
            Episode_Reward/survive: 0.0000
    Episode_Reward/foot_contacts_z: 0.0000
            Episode_Reward/torques: -0.2319
 Episode_Reward/tracking_lin_vel_y: 0.0000
          Episode_Reward/lin_vel_z: -0.0025
         Episode_Reward/ang_vel_xy: -0.0062
   Episode_Reward/tracking_ang_vel: 0.0356
               Episode_Reward/work: -0.1329
            Episode_Reward/dof_acc: -0.3206
        Episode_Reward/action_rate: -0.0496
     Episode_Reward/dof_pos_limits: -0.0002
      Episode_Reward/delta_torques: -0.0004
          Episode_Reward/collision: -5.9796
        Episode_Reward/walking_dof: 0.1057
            Episode_Reward/hip_pos: -0.0553
          Episode_Reward/feet_jerk: 0.0000
              Episode_Reward/alive: 0.3000
          Episode_Reward/feet_drag: -0.0113
Episode_Reward/feet_contact_forces: -0.1970
               Episode_Reward/roll: -0.0172
        Episode_Reward/base_height: -0.2629
Episode_Reward/tracking_lin_vel_max: 0.1995
Episode_Reward/flat_orientation_l2: -0.0044
  Episode_Reward/air_time_variance: -0.0023
        Episode_Reward/feet_height: 0.0000
      Episode_Reward/feet_air_time: -0.0000
Episode_Reward/update_last_buffers: 0.0000
   Episode_Reward/wheel_idle_speed: -0.0011
    Episode_Reward/wheel_action_l2: -0.0048
  Episode_Reward/wheel_action_rate: 0.0000
  Episode_Reward/wheel_forward_use: 0.0079
 Episode_Reward/wheel_turn_support: 0.0109
   Metrics/locomotion/error_vel_xy: 0.5213
  Metrics/locomotion/error_vel_yaw: 0.9446
      Episode_Termination/time_out: 1.0000
   Episode_Termination/bad_contact: 0.0000
          Episode_Termination/tilt: 0.0000
    Episode_Termination/low_height: 0.0000
--------------------------------------------------------------------------------
                   Total timesteps: 132096
                    Iteration time: 3.03s
                      Time elapsed: 00:02:14
                               ETA: 00:03:01

################################################################################
                     [1m Learning iteration 1066/1123 [0m                     

                       Computation: 1012 steps/s (collection: 2.959s, learning 0.073s)
             Mean action noise std: 0.11
          Mean value_function loss: 0.2635
               Mean surrogate loss: -0.0137
                 Mean entropy loss: -12.5165
                       Mean reward: -68.97
               Mean episode length: 300.00
   Episode_Reward/term_bad_contact: 0.0000
          Episode_Reward/term_tilt: 0.0000
    Episode_Reward/term_low_height: 0.0000
      Episode_Reward/leg_action_l2: -0.0469
   Episode_Reward/tracking_lin_vel: 0.0000
Episode_Reward/tracking_ang_vel_yaw_l1: 0.0000
Episode_Reward/tracking_ang_vel_yaw_exp: 0.0000
Episode_Reward/tracking_lin_vel_y_l2: 0.0000
Episode_Reward/tracking_lin_vel_z_l2: 0.0000
            Episode_Reward/survive: 0.0000
    Episode_Reward/foot_contacts_z: 0.0000
            Episode_Reward/torques: -0.2314
 Episode_Reward/tracking_lin_vel_y: 0.0000
          Episode_Reward/lin_vel_z: -0.0024
         Episode_Reward/ang_vel_xy: -0.0063
   Episode_Reward/tracking_ang_vel: 0.0416
               Episode_Reward/work: -0.1532
            Episode_Reward/dof_acc: -0.3820
        Episode_Reward/action_rate: -0.0482
     Episode_Reward/dof_pos_limits: -0.0002
      Episode_Reward/delta_torques: -0.0003
          Episode_Reward/collision: -5.9545
        Episode_Reward/walking_dof: 0.0988
            Episode_Reward/hip_pos: -0.0550
          Episode_Reward/feet_jerk: 0.0000
              Episode_Reward/alive: 0.3000
          Episode_Reward/feet_drag: -0.0113
Episode_Reward/feet_contact_forces: -0.1969
               Episode_Reward/roll: -0.0193
        Episode_Reward/base_height: -0.2652
Episode_Reward/tracking_lin_vel_max: 0.1595
Episode_Reward/flat_orientation_l2: -0.0044
  Episode_Reward/air_time_variance: -0.0004
        Episode_Reward/feet_height: 0.0000
      Episode_Reward/feet_air_time: -0.0001
Episode_Reward/update_last_buffers: 0.0000
   Episode_Reward/wheel_idle_speed: -0.1237
    Episode_Reward/wheel_action_l2: -0.0047
  Episode_Reward/wheel_action_rate: 0.0000
  Episode_Reward/wheel_forward_use: 0.0066
 Episode_Reward/wheel_turn_support: 0.0113
   Metrics/locomotion/error_vel_xy: 0.5481
  Metrics/locomotion/error_vel_yaw: 0.8519
      Episode_Termination/time_out: 1.0000
   Episode_Termination/bad_contact: 0.0000
          Episode_Termination/tilt: 0.0000
    Episode_Termination/low_height: 0.0000
--------------------------------------------------------------------------------
                   Total timesteps: 135168
                    Iteration time: 3.03s
                      Time elapsed: 00:02:17
                               ETA: 00:02:58

################################################################################
                     [1m Learning iteration 1067/1123 [0m                     

                       Computation: 1007 steps/s (collection: 2.973s, learning 0.075s)
             Mean action noise std: 0.11
          Mean value_function loss: 0.1563
               Mean surrogate loss: -0.0172
                 Mean entropy loss: -12.5165
                       Mean reward: -68.99
               Mean episode length: 300.00
   Episode_Reward/term_bad_contact: 0.0000
          Episode_Reward/term_tilt: 0.0000
    Episode_Reward/term_low_height: 0.0000
      Episode_Reward/leg_action_l2: -0.0459
   Episode_Reward/tracking_lin_vel: 0.0000
Episode_Reward/tracking_ang_vel_yaw_l1: 0.0000
Episode_Reward/tracking_ang_vel_yaw_exp: 0.0000
Episode_Reward/tracking_lin_vel_y_l2: 0.0000
Episode_Reward/tracking_lin_vel_z_l2: 0.0000
            Episode_Reward/survive: 0.0000
    Episode_Reward/foot_contacts_z: 0.0000
            Episode_Reward/torques: -0.2391
 Episode_Reward/tracking_lin_vel_y: 0.0000
          Episode_Reward/lin_vel_z: -0.0028
         Episode_Reward/ang_vel_xy: -0.0066
   Episode_Reward/tracking_ang_vel: 0.0302
               Episode_Reward/work: -0.1190
            Episode_Reward/dof_acc: -0.3089
        Episode_Reward/action_rate: -0.0454
     Episode_Reward/dof_pos_limits: -0.0002
      Episode_Reward/delta_torques: -0.0004
          Episode_Reward/collision: -6.1258
        Episode_Reward/walking_dof: 0.1043
            Episode_Reward/hip_pos: -0.0527
          Episode_Reward/feet_jerk: 0.0000
              Episode_Reward/alive: 0.3000
          Episode_Reward/feet_drag: -0.0110
Episode_Reward/feet_contact_forces: -0.1968
               Episode_Reward/roll: -0.0230
        Episode_Reward/base_height: -0.2747
Episode_Reward/tracking_lin_vel_max: 0.1088
Episode_Reward/flat_orientation_l2: -0.0050
  Episode_Reward/air_time_variance: -0.0005
        Episode_Reward/feet_height: 0.0000
      Episode_Reward/feet_air_time: -0.0000
Episode_Reward/update_last_buffers: 0.0000
   Episode_Reward/wheel_idle_speed: -0.2044
    Episode_Reward/wheel_action_l2: -0.0041
  Episode_Reward/wheel_action_rate: 0.0000
  Episode_Reward/wheel_forward_use: 0.0007
 Episode_Reward/wheel_turn_support: 0.0183
   Metrics/locomotion/error_vel_xy: 0.6519
  Metrics/locomotion/error_vel_yaw: 0.9930
      Episode_Termination/time_out: 1.0000
   Episode_Termination/bad_contact: 0.0000
          Episode_Termination/tilt: 0.0000
    Episode_Termination/low_height: 0.0000
--------------------------------------------------------------------------------
                   Total timesteps: 138240
                    Iteration time: 3.05s
                      Time elapsed: 00:02:20
                               ETA: 00:02:55

################################################################################
                     [1m Learning iteration 1068/1123 [0m                     

                       Computation: 999 steps/s (collection: 3.001s, learning 0.073s)
             Mean action noise std: 0.11
          Mean value_function loss: 0.1120
               Mean surrogate loss: -0.0157
                 Mean entropy loss: -12.5165
                       Mean reward: -68.66
               Mean episode length: 300.00
   Episode_Reward/term_bad_contact: 0.0000
          Episode_Reward/term_tilt: 0.0000
    Episode_Reward/term_low_height: 0.0000
      Episode_Reward/leg_action_l2: -0.0469
   Episode_Reward/tracking_lin_vel: 0.0000
Episode_Reward/tracking_ang_vel_yaw_l1: 0.0000
Episode_Reward/tracking_ang_vel_yaw_exp: 0.0000
Episode_Reward/tracking_lin_vel_y_l2: 0.0000
Episode_Reward/tracking_lin_vel_z_l2: 0.0000
            Episode_Reward/survive: 0.0000
    Episode_Reward/foot_contacts_z: 0.0000
            Episode_Reward/torques: -0.2123
 Episode_Reward/tracking_lin_vel_y: 0.0000
          Episode_Reward/lin_vel_z: -0.0025
         Episode_Reward/ang_vel_xy: -0.0050
   Episode_Reward/tracking_ang_vel: 0.0369
               Episode_Reward/work: -0.1316
            Episode_Reward/dof_acc: -0.2421
        Episode_Reward/action_rate: -0.0571
     Episode_Reward/dof_pos_limits: -0.0003
      Episode_Reward/delta_torques: -0.0003
          Episode_Reward/collision: -5.9688
        Episode_Reward/walking_dof: 0.1106
            Episode_Reward/hip_pos: -0.0549
          Episode_Reward/feet_jerk: 0.0000
              Episode_Reward/alive: 0.3000
          Episode_Reward/feet_drag: -0.0109
Episode_Reward/feet_contact_forces: -0.1976
               Episode_Reward/roll: -0.0232
        Episode_Reward/base_height: -0.2456
Episode_Reward/tracking_lin_vel_max: 0.1531
Episode_Reward/flat_orientation_l2: -0.0062
  Episode_Reward/air_time_variance: -0.0019
        Episode_Reward/feet_height: 0.0000
      Episode_Reward/feet_air_time: -0.0000
Episode_Reward/update_last_buffers: 0.0000
   Episode_Reward/wheel_idle_speed: -0.2058
    Episode_Reward/wheel_action_l2: -0.0062
  Episode_Reward/wheel_action_rate: 0.0000
  Episode_Reward/wheel_forward_use: 0.0115
 Episode_Reward/wheel_turn_support: 0.0075
   Metrics/locomotion/error_vel_xy: 0.5527
  Metrics/locomotion/error_vel_yaw: 0.9316
      Episode_Termination/time_out: 1.0000
   Episode_Termination/bad_contact: 0.0000
          Episode_Termination/tilt: 0.0000
    Episode_Termination/low_height: 0.0000
--------------------------------------------------------------------------------
                   Total timesteps: 141312
                    Iteration time: 3.07s
                      Time elapsed: 00:02:23
                               ETA: 00:02:52

################################################################################
                     [1m Learning iteration 1069/1123 [0m                     

                       Computation: 988 steps/s (collection: 3.034s, learning 0.074s)
             Mean action noise std: 0.11
          Mean value_function loss: 0.2251
               Mean surrogate loss: -0.0151
                 Mean entropy loss: -12.5165
                       Mean reward: -68.65
               Mean episode length: 300.00
   Episode_Reward/term_bad_contact: 0.0000
          Episode_Reward/term_tilt: 0.0000
    Episode_Reward/term_low_height: 0.0000
      Episode_Reward/leg_action_l2: -0.0456
   Episode_Reward/tracking_lin_vel: 0.0000
Episode_Reward/tracking_ang_vel_yaw_l1: 0.0000
Episode_Reward/tracking_ang_vel_yaw_exp: 0.0000
Episode_Reward/tracking_lin_vel_y_l2: 0.0000
Episode_Reward/tracking_lin_vel_z_l2: 0.0000
            Episode_Reward/survive: 0.0000
    Episode_Reward/foot_contacts_z: 0.0000
            Episode_Reward/torques: -0.2176
 Episode_Reward/tracking_lin_vel_y: 0.0000
          Episode_Reward/lin_vel_z: -0.0025
         Episode_Reward/ang_vel_xy: -0.0060
   Episode_Reward/tracking_ang_vel: 0.0587
               Episode_Reward/work: -0.1263
            Episode_Reward/dof_acc: -0.2495
        Episode_Reward/action_rate: -0.0446
     Episode_Reward/dof_pos_limits: -0.0002
      Episode_Reward/delta_torques: -0.0003
          Episode_Reward/collision: -5.9704
        Episode_Reward/walking_dof: 0.1186
            Episode_Reward/hip_pos: -0.0552
          Episode_Reward/feet_jerk: 0.0000
              Episode_Reward/alive: 0.3000
          Episode_Reward/feet_drag: -0.0113
Episode_Reward/feet_contact_forces: -0.1971
               Episode_Reward/roll: -0.0174
        Episode_Reward/base_height: -0.2641
Episode_Reward/tracking_lin_vel_max: 0.0073
Episode_Reward/flat_orientation_l2: -0.0051
  Episode_Reward/air_time_variance: -0.0007
        Episode_Reward/feet_height: 0.0000
      Episode_Reward/feet_air_time: -0.0000
Episode_Reward/update_last_buffers: 0.0000
   Episode_Reward/wheel_idle_speed: -0.0000
    Episode_Reward/wheel_action_l2: -0.0042
  Episode_Reward/wheel_action_rate: 0.0000
  Episode_Reward/wheel_forward_use: 0.0309
 Episode_Reward/wheel_turn_support: 0.0110
   Metrics/locomotion/error_vel_xy: 0.6155
  Metrics/locomotion/error_vel_yaw: 0.6367
      Episode_Termination/time_out: 1.0000
   Episode_Termination/bad_contact: 0.0000
          Episode_Termination/tilt: 0.0000
    Episode_Termination/low_height: 0.0000
--------------------------------------------------------------------------------
                   Total timesteps: 144384
                    Iteration time: 3.11s
                      Time elapsed: 00:02:27
                               ETA: 00:02:48

################################################################################
                     [1m Learning iteration 1070/1123 [0m                     

                       Computation: 1015 steps/s (collection: 2.953s, learning 0.073s)
             Mean action noise std: 0.11
          Mean value_function loss: 0.0580
               Mean surrogate loss: -0.0179
                 Mean entropy loss: -12.5165
                       Mean reward: -68.62
               Mean episode length: 300.00
   Episode_Reward/term_bad_contact: 0.0000
          Episode_Reward/term_tilt: 0.0000
    Episode_Reward/term_low_height: 0.0000
      Episode_Reward/leg_action_l2: -0.0479
   Episode_Reward/tracking_lin_vel: 0.0000
Episode_Reward/tracking_ang_vel_yaw_l1: 0.0000
Episode_Reward/tracking_ang_vel_yaw_exp: 0.0000
Episode_Reward/tracking_lin_vel_y_l2: 0.0000
Episode_Reward/tracking_lin_vel_z_l2: 0.0000
            Episode_Reward/survive: 0.0000
    Episode_Reward/foot_contacts_z: 0.0000
            Episode_Reward/torques: -0.2258
 Episode_Reward/tracking_lin_vel_y: 0.0000
          Episode_Reward/lin_vel_z: -0.0026
         Episode_Reward/ang_vel_xy: -0.0073
   Episode_Reward/tracking_ang_vel: 0.0437
               Episode_Reward/work: -0.1494
            Episode_Reward/dof_acc: -0.3240
        Episode_Reward/action_rate: -0.0608
     Episode_Reward/dof_pos_limits: -0.0002
      Episode_Reward/delta_torques: -0.0003
          Episode_Reward/collision: -6.0342
        Episode_Reward/walking_dof: 0.1093
            Episode_Reward/hip_pos: -0.0558
          Episode_Reward/feet_jerk: 0.0000
              Episode_Reward/alive: 0.3000
          Episode_Reward/feet_drag: -0.0113
Episode_Reward/feet_contact_forces: -0.1970
               Episode_Reward/roll: -0.0223
        Episode_Reward/base_height: -0.2514
Episode_Reward/tracking_lin_vel_max: 0.0311
Episode_Reward/flat_orientation_l2: -0.0045
  Episode_Reward/air_time_variance: -0.0006
        Episode_Reward/feet_height: 0.0000
      Episode_Reward/feet_air_time: -0.0000
Episode_Reward/update_last_buffers: 0.0000
   Episode_Reward/wheel_idle_speed: -0.1001
    Episode_Reward/wheel_action_l2: -0.0065
  Episode_Reward/wheel_action_rate: 0.0000
  Episode_Reward/wheel_forward_use: 0.0022
 Episode_Reward/wheel_turn_support: 0.0071
   Metrics/locomotion/error_vel_xy: 0.8199
  Metrics/locomotion/error_vel_yaw: 0.8192
      Episode_Termination/time_out: 1.0000
   Episode_Termination/bad_contact: 0.0000
          Episode_Termination/tilt: 0.0000
    Episode_Termination/low_height: 0.0000
--------------------------------------------------------------------------------
                   Total timesteps: 147456
                    Iteration time: 3.03s
                      Time elapsed: 00:02:30
                               ETA: 00:02:45

################################################################################
                     [1m Learning iteration 1071/1123 [0m                     

                       Computation: 1020 steps/s (collection: 2.937s, learning 0.074s)
             Mean action noise std: 0.11
          Mean value_function loss: 0.2716
               Mean surrogate loss: -0.0176
                 Mean entropy loss: -12.5165
                       Mean reward: -68.64
               Mean episode length: 300.00
   Episode_Reward/term_bad_contact: 0.0000
          Episode_Reward/term_tilt: 0.0000
    Episode_Reward/term_low_height: 0.0000
      Episode_Reward/leg_action_l2: -0.0463
   Episode_Reward/tracking_lin_vel: 0.0000
Episode_Reward/tracking_ang_vel_yaw_l1: 0.0000
Episode_Reward/tracking_ang_vel_yaw_exp: 0.0000
Episode_Reward/tracking_lin_vel_y_l2: 0.0000
Episode_Reward/tracking_lin_vel_z_l2: 0.0000
            Episode_Reward/survive: 0.0000
    Episode_Reward/foot_contacts_z: 0.0000
            Episode_Reward/torques: -0.2187
 Episode_Reward/tracking_lin_vel_y: 0.0000
          Episode_Reward/lin_vel_z: -0.0023
         Episode_Reward/ang_vel_xy: -0.0049
   Episode_Reward/tracking_ang_vel: 0.0445
               Episode_Reward/work: -0.1301
            Episode_Reward/dof_acc: -0.3656
        Episode_Reward/action_rate: -0.0509
     Episode_Reward/dof_pos_limits: -0.0002
      Episode_Reward/delta_torques: -0.0003
          Episode_Reward/collision: -6.0032
        Episode_Reward/walking_dof: 0.1024
            Episode_Reward/hip_pos: -0.0545
          Episode_Reward/feet_jerk: 0.0000
              Episode_Reward/alive: 0.3000
          Episode_Reward/feet_drag: -0.0110
Episode_Reward/feet_contact_forces: -0.1970
               Episode_Reward/roll: -0.0241
        Episode_Reward/base_height: -0.2565
Episode_Reward/tracking_lin_vel_max: 0.1036
Episode_Reward/flat_orientation_l2: -0.0060
  Episode_Reward/air_time_variance: -0.0003
        Episode_Reward/feet_height: 0.0000
      Episode_Reward/feet_air_time: -0.0000
Episode_Reward/update_last_buffers: 0.0000
   Episode_Reward/wheel_idle_speed: -0.0126
    Episode_Reward/wheel_action_l2: -0.0050
  Episode_Reward/wheel_action_rate: 0.0000
  Episode_Reward/wheel_forward_use: 0.0030
 Episode_Reward/wheel_turn_support: 0.0066
   Metrics/locomotion/error_vel_xy: 0.8561
  Metrics/locomotion/error_vel_yaw: 0.8587
      Episode_Termination/time_out: 1.0000
   Episode_Termination/bad_contact: 0.0000
          Episode_Termination/tilt: 0.0000
    Episode_Termination/low_height: 0.0000
--------------------------------------------------------------------------------
                   Total timesteps: 150528
                    Iteration time: 3.01s
                      Time elapsed: 00:02:33
                               ETA: 00:02:42

################################################################################
                     [1m Learning iteration 1072/1123 [0m                     

                       Computation: 1014 steps/s (collection: 2.956s, learning 0.073s)
             Mean action noise std: 0.11
          Mean value_function loss: 0.1221
               Mean surrogate loss: -0.0149
                 Mean entropy loss: -12.5165
                       Mean reward: -68.97
               Mean episode length: 300.00
   Episode_Reward/term_bad_contact: 0.0000
          Episode_Reward/term_tilt: 0.0000
    Episode_Reward/term_low_height: 0.0000
      Episode_Reward/leg_action_l2: -0.0508
   Episode_Reward/tracking_lin_vel: 0.0000
Episode_Reward/tracking_ang_vel_yaw_l1: 0.0000
Episode_Reward/tracking_ang_vel_yaw_exp: 0.0000
Episode_Reward/tracking_lin_vel_y_l2: 0.0000
Episode_Reward/tracking_lin_vel_z_l2: 0.0000
            Episode_Reward/survive: 0.0000
    Episode_Reward/foot_contacts_z: 0.0000
            Episode_Reward/torques: -0.2307
 Episode_Reward/tracking_lin_vel_y: 0.0000
          Episode_Reward/lin_vel_z: -0.0024
         Episode_Reward/ang_vel_xy: -0.0053
   Episode_Reward/tracking_ang_vel: 0.0437
               Episode_Reward/work: -0.1883
            Episode_Reward/dof_acc: -0.8462
        Episode_Reward/action_rate: -0.0629
     Episode_Reward/dof_pos_limits: -0.0003
      Episode_Reward/delta_torques: -0.0003
          Episode_Reward/collision: -6.0802
        Episode_Reward/walking_dof: 0.1144
            Episode_Reward/hip_pos: -0.0572
          Episode_Reward/feet_jerk: 0.0000
              Episode_Reward/alive: 0.3000
          Episode_Reward/feet_drag: -0.0109
Episode_Reward/feet_contact_forces: -0.1972
               Episode_Reward/roll: -0.0314
        Episode_Reward/base_height: -0.2728
Episode_Reward/tracking_lin_vel_max: 0.1565
Episode_Reward/flat_orientation_l2: -0.0068
  Episode_Reward/air_time_variance: -0.0006
        Episode_Reward/feet_height: 0.0000
      Episode_Reward/feet_air_time: -0.0000
Episode_Reward/update_last_buffers: 0.0000
   Episode_Reward/wheel_idle_speed: -0.0298
    Episode_Reward/wheel_action_l2: -0.0068
  Episode_Reward/wheel_action_rate: 0.0000
  Episode_Reward/wheel_forward_use: 0.0057
 Episode_Reward/wheel_turn_support: 0.0105
   Metrics/locomotion/error_vel_xy: 0.7436
  Metrics/locomotion/error_vel_yaw: 0.8150
      Episode_Termination/time_out: 1.0000
   Episode_Termination/bad_contact: 0.0000
          Episode_Termination/tilt: 0.0000
    Episode_Termination/low_height: 0.0000
--------------------------------------------------------------------------------
                   Total timesteps: 153600
                    Iteration time: 3.03s
                      Time elapsed: 00:02:36
                               ETA: 00:02:39

################################################################################
                     [1m Learning iteration 1073/1123 [0m                     

                       Computation: 984 steps/s (collection: 3.046s, learning 0.075s)
             Mean action noise std: 0.11
          Mean value_function loss: 0.3213
               Mean surrogate loss: -0.0155
                 Mean entropy loss: -12.5165
                       Mean reward: -69.34
               Mean episode length: 300.00
   Episode_Reward/term_bad_contact: 0.0000
          Episode_Reward/term_tilt: 0.0000
    Episode_Reward/term_low_height: 0.0000
      Episode_Reward/leg_action_l2: -0.0465
   Episode_Reward/tracking_lin_vel: 0.0000
Episode_Reward/tracking_ang_vel_yaw_l1: 0.0000
Episode_Reward/tracking_ang_vel_yaw_exp: 0.0000
Episode_Reward/tracking_lin_vel_y_l2: 0.0000
Episode_Reward/tracking_lin_vel_z_l2: 0.0000
            Episode_Reward/survive: 0.0000
    Episode_Reward/foot_contacts_z: 0.0000
            Episode_Reward/torques: -0.2261
 Episode_Reward/tracking_lin_vel_y: 0.0000
          Episode_Reward/lin_vel_z: -0.0026
         Episode_Reward/ang_vel_xy: -0.0055
   Episode_Reward/tracking_ang_vel: 0.0446
               Episode_Reward/work: -0.1258
            Episode_Reward/dof_acc: -0.2171
        Episode_Reward/action_rate: -0.0511
     Episode_Reward/dof_pos_limits: -0.0002
      Episode_Reward/delta_torques: -0.0003
          Episode_Reward/collision: -6.1003
        Episode_Reward/walking_dof: 0.1013
            Episode_Reward/hip_pos: -0.0550
          Episode_Reward/feet_jerk: 0.0000
              Episode_Reward/alive: 0.3000
          Episode_Reward/feet_drag: -0.0111
Episode_Reward/feet_contact_forces: -0.1974
               Episode_Reward/roll: -0.0172
        Episode_Reward/base_height: -0.2611
Episode_Reward/tracking_lin_vel_max: 0.0631
Episode_Reward/flat_orientation_l2: -0.0045
  Episode_Reward/air_time_variance: -0.0015
        Episode_Reward/feet_height: 0.0000
      Episode_Reward/feet_air_time: -0.0000
Episode_Reward/update_last_buffers: 0.0000
   Episode_Reward/wheel_idle_speed: -0.0349
    Episode_Reward/wheel_action_l2: -0.0049
  Episode_Reward/wheel_action_rate: 0.0000
  Episode_Reward/wheel_forward_use: 0.0068
 Episode_Reward/wheel_turn_support: 0.0141
   Metrics/locomotion/error_vel_xy: 0.7824
  Metrics/locomotion/error_vel_yaw: 0.7912
      Episode_Termination/time_out: 1.0000
   Episode_Termination/bad_contact: 0.0000
          Episode_Termination/tilt: 0.0000
    Episode_Termination/low_height: 0.0000
--------------------------------------------------------------------------------
                   Total timesteps: 156672
                    Iteration time: 3.12s
                      Time elapsed: 00:02:39
                               ETA: 00:02:36

################################################################################
                     [1m Learning iteration 1074/1123 [0m                     

                       Computation: 1001 steps/s (collection: 2.995s, learning 0.074s)
             Mean action noise std: 0.11
          Mean value_function loss: 0.4581
               Mean surrogate loss: -0.0123
                 Mean entropy loss: -12.5165
                       Mean reward: -69.44
               Mean episode length: 300.00
   Episode_Reward/term_bad_contact: 0.0000
          Episode_Reward/term_tilt: 0.0000
    Episode_Reward/term_low_height: 0.0000
      Episode_Reward/leg_action_l2: -0.0474
   Episode_Reward/tracking_lin_vel: 0.0000
Episode_Reward/tracking_ang_vel_yaw_l1: 0.0000
Episode_Reward/tracking_ang_vel_yaw_exp: 0.0000
Episode_Reward/tracking_lin_vel_y_l2: 0.0000
Episode_Reward/tracking_lin_vel_z_l2: 0.0000
            Episode_Reward/survive: 0.0000
    Episode_Reward/foot_contacts_z: 0.0000
            Episode_Reward/torques: -0.2260
 Episode_Reward/tracking_lin_vel_y: 0.0000
          Episode_Reward/lin_vel_z: -0.0024
         Episode_Reward/ang_vel_xy: -0.0058
   Episode_Reward/tracking_ang_vel: 0.0323
               Episode_Reward/work: -0.1349
            Episode_Reward/dof_acc: -0.3331
        Episode_Reward/action_rate: -0.0526
     Episode_Reward/dof_pos_limits: -0.0002
      Episode_Reward/delta_torques: -0.0003
          Episode_Reward/collision: -6.0081
        Episode_Reward/walking_dof: 0.0988
            Episode_Reward/hip_pos: -0.0547
          Episode_Reward/feet_jerk: 0.0000
              Episode_Reward/alive: 0.3000
          Episode_Reward/feet_drag: -0.0110
Episode_Reward/feet_contact_forces: -0.1965
               Episode_Reward/roll: -0.0225
        Episode_Reward/base_height: -0.2595
Episode_Reward/tracking_lin_vel_max: 0.1217
Episode_Reward/flat_orientation_l2: -0.0053
  Episode_Reward/air_time_variance: -0.0012
        Episode_Reward/feet_height: 0.0000
      Episode_Reward/feet_air_time: -0.0000
Episode_Reward/update_last_buffers: 0.0000
   Episode_Reward/wheel_idle_speed: -0.0475
    Episode_Reward/wheel_action_l2: -0.0054
  Episode_Reward/wheel_action_rate: 0.0000
  Episode_Reward/wheel_forward_use: 0.0033
 Episode_Reward/wheel_turn_support: 0.0156
   Metrics/locomotion/error_vel_xy: 0.5968
  Metrics/locomotion/error_vel_yaw: 0.9660
      Episode_Termination/time_out: 1.0000
   Episode_Termination/bad_contact: 0.0000
          Episode_Termination/tilt: 0.0000
    Episode_Termination/low_height: 0.0000
--------------------------------------------------------------------------------
                   Total timesteps: 159744
                    Iteration time: 3.07s
                      Time elapsed: 00:02:42
                               ETA: 00:02:32

################################################################################
                     [1m Learning iteration 1075/1123 [0m                     

                       Computation: 1016 steps/s (collection: 2.950s, learning 0.073s)
             Mean action noise std: 0.11
          Mean value_function loss: 0.3159
               Mean surrogate loss: -0.0140
                 Mean entropy loss: -12.5165
                       Mean reward: -69.41
               Mean episode length: 300.00
   Episode_Reward/term_bad_contact: 0.0000
          Episode_Reward/term_tilt: 0.0000
    Episode_Reward/term_low_height: 0.0000
      Episode_Reward/leg_action_l2: -0.0465
   Episode_Reward/tracking_lin_vel: 0.0000
Episode_Reward/tracking_ang_vel_yaw_l1: 0.0000
Episode_Reward/tracking_ang_vel_yaw_exp: 0.0000
Episode_Reward/tracking_lin_vel_y_l2: 0.0000
Episode_Reward/tracking_lin_vel_z_l2: 0.0000
            Episode_Reward/survive: 0.0000
    Episode_Reward/foot_contacts_z: 0.0000
            Episode_Reward/torques: -0.2232
 Episode_Reward/tracking_lin_vel_y: 0.0000
          Episode_Reward/lin_vel_z: -0.0025
         Episode_Reward/ang_vel_xy: -0.0052
   Episode_Reward/tracking_ang_vel: 0.0386
               Episode_Reward/work: -0.1400
            Episode_Reward/dof_acc: -0.3014
        Episode_Reward/action_rate: -0.0557
     Episode_Reward/dof_pos_limits: -0.0002
      Episode_Reward/delta_torques: -0.0003
          Episode_Reward/collision: -5.9577
        Episode_Reward/walking_dof: 0.0896
            Episode_Reward/hip_pos: -0.0559
          Episode_Reward/feet_jerk: 0.0000
              Episode_Reward/alive: 0.3000
          Episode_Reward/feet_drag: -0.0110
Episode_Reward/feet_contact_forces: -0.1964
               Episode_Reward/roll: -0.0183
        Episode_Reward/base_height: -0.2638
Episode_Reward/tracking_lin_vel_max: 0.2360
Episode_Reward/flat_orientation_l2: -0.0045
  Episode_Reward/air_time_variance: -0.0004
        Episode_Reward/feet_height: 0.0000
      Episode_Reward/feet_air_time: -0.0001
Episode_Reward/update_last_buffers: 0.0000
   Episode_Reward/wheel_idle_speed: -0.0027
    Episode_Reward/wheel_action_l2: -0.0060
  Episode_Reward/wheel_action_rate: 0.0000
  Episode_Reward/wheel_forward_use: 0.0064
 Episode_Reward/wheel_turn_support: 0.0159
   Metrics/locomotion/error_vel_xy: 0.4328
  Metrics/locomotion/error_vel_yaw: 0.8772
      Episode_Termination/time_out: 1.0000
   Episode_Termination/bad_contact: 0.0000
          Episode_Termination/tilt: 0.0000
    Episode_Termination/low_height: 0.0000
--------------------------------------------------------------------------------
                   Total timesteps: 162816
                    Iteration time: 3.02s
                      Time elapsed: 00:02:45
                               ETA: 00:02:29

################################################################################
                     [1m Learning iteration 1076/1123 [0m                     

                       Computation: 1014 steps/s (collection: 2.955s, learning 0.073s)
             Mean action noise std: 0.11
          Mean value_function loss: 0.7106
               Mean surrogate loss: -0.0125
                 Mean entropy loss: -12.5165
                       Mean reward: -69.42
               Mean episode length: 300.00
   Episode_Reward/term_bad_contact: 0.0000
          Episode_Reward/term_tilt: 0.0000
    Episode_Reward/term_low_height: 0.0000
      Episode_Reward/leg_action_l2: -0.0462
   Episode_Reward/tracking_lin_vel: 0.0000
Episode_Reward/tracking_ang_vel_yaw_l1: 0.0000
Episode_Reward/tracking_ang_vel_yaw_exp: 0.0000
Episode_Reward/tracking_lin_vel_y_l2: 0.0000
Episode_Reward/tracking_lin_vel_z_l2: 0.0000
            Episode_Reward/survive: 0.0000
    Episode_Reward/foot_contacts_z: 0.0000
            Episode_Reward/torques: -0.2225
 Episode_Reward/tracking_lin_vel_y: 0.0000
          Episode_Reward/lin_vel_z: -0.0023
         Episode_Reward/ang_vel_xy: -0.0052
   Episode_Reward/tracking_ang_vel: 0.0399
               Episode_Reward/work: -0.1364
            Episode_Reward/dof_acc: -0.3486
        Episode_Reward/action_rate: -0.0513
     Episode_Reward/dof_pos_limits: -0.0003
      Episode_Reward/delta_torques: -0.0003
          Episode_Reward/collision: -5.9956
        Episode_Reward/walking_dof: 0.1121
            Episode_Reward/hip_pos: -0.0538
          Episode_Reward/feet_jerk: 0.0000
              Episode_Reward/alive: 0.3000
          Episode_Reward/feet_drag: -0.0109
Episode_Reward/feet_contact_forces: -0.1969
               Episode_Reward/roll: -0.0263
        Episode_Reward/base_height: -0.2605
Episode_Reward/tracking_lin_vel_max: 0.0683
Episode_Reward/flat_orientation_l2: -0.0063
  Episode_Reward/air_time_variance: -0.0003
        Episode_Reward/feet_height: 0.0000
      Episode_Reward/feet_air_time: -0.0000
Episode_Reward/update_last_buffers: 0.0000
   Episode_Reward/wheel_idle_speed: -0.1231
    Episode_Reward/wheel_action_l2: -0.0052
  Episode_Reward/wheel_action_rate: 0.0000
  Episode_Reward/wheel_forward_use: 0.0112
 Episode_Reward/wheel_turn_support: 0.0137
   Metrics/locomotion/error_vel_xy: 0.5858
  Metrics/locomotion/error_vel_yaw: 0.8597
      Episode_Termination/time_out: 1.0000
   Episode_Termination/bad_contact: 0.0000
          Episode_Termination/tilt: 0.0000
    Episode_Termination/low_height: 0.0000
--------------------------------------------------------------------------------
                   Total timesteps: 165888
                    Iteration time: 3.03s
                      Time elapsed: 00:02:48
                               ETA: 00:02:26

################################################################################
                     [1m Learning iteration 1077/1123 [0m                     

                       Computation: 1016 steps/s (collection: 2.950s, learning 0.073s)
             Mean action noise std: 0.11
          Mean value_function loss: 0.1162
               Mean surrogate loss: -0.0176
                 Mean entropy loss: -12.5165
                       Mean reward: -69.74
               Mean episode length: 300.00
   Episode_Reward/term_bad_contact: 0.0000
          Episode_Reward/term_tilt: 0.0000
    Episode_Reward/term_low_height: 0.0000
      Episode_Reward/leg_action_l2: -0.0469
   Episode_Reward/tracking_lin_vel: 0.0000
Episode_Reward/tracking_ang_vel_yaw_l1: 0.0000
Episode_Reward/tracking_ang_vel_yaw_exp: 0.0000
Episode_Reward/tracking_lin_vel_y_l2: 0.0000
Episode_Reward/tracking_lin_vel_z_l2: 0.0000
            Episode_Reward/survive: 0.0000
    Episode_Reward/foot_contacts_z: 0.0000
            Episode_Reward/torques: -0.2237
 Episode_Reward/tracking_lin_vel_y: 0.0000
          Episode_Reward/lin_vel_z: -0.0024
         Episode_Reward/ang_vel_xy: -0.0053
   Episode_Reward/tracking_ang_vel: 0.0284
               Episode_Reward/work: -0.1412
            Episode_Reward/dof_acc: -0.3288
        Episode_Reward/action_rate: -0.0483
     Episode_Reward/dof_pos_limits: -0.0003
      Episode_Reward/delta_torques: -0.0003
          Episode_Reward/collision: -6.3633
        Episode_Reward/walking_dof: 0.0942
            Episode_Reward/hip_pos: -0.0549
          Episode_Reward/feet_jerk: 0.0000
              Episode_Reward/alive: 0.3000
          Episode_Reward/feet_drag: -0.0113
Episode_Reward/feet_contact_forces: -0.1971
               Episode_Reward/roll: -0.0198
        Episode_Reward/base_height: -0.2562
Episode_Reward/tracking_lin_vel_max: 0.1054
Episode_Reward/flat_orientation_l2: -0.0058
  Episode_Reward/air_time_variance: -0.0005
        Episode_Reward/feet_height: 0.0000
      Episode_Reward/feet_air_time: -0.0000
Episode_Reward/update_last_buffers: 0.0000
   Episode_Reward/wheel_idle_speed: -0.1076
    Episode_Reward/wheel_action_l2: -0.0046
  Episode_Reward/wheel_action_rate: 0.0000
  Episode_Reward/wheel_forward_use: 0.0032
 Episode_Reward/wheel_turn_support: 0.0181
   Metrics/locomotion/error_vel_xy: 0.6236
  Metrics/locomotion/error_vel_yaw: 0.9894
      Episode_Termination/time_out: 1.0000
   Episode_Termination/bad_contact: 0.0000
          Episode_Termination/tilt: 0.0000
    Episode_Termination/low_height: 0.0000
--------------------------------------------------------------------------------
                   Total timesteps: 168960
                    Iteration time: 3.02s
                      Time elapsed: 00:02:51
                               ETA: 00:02:23

################################################################################
                     [1m Learning iteration 1078/1123 [0m                     

                       Computation: 1013 steps/s (collection: 2.958s, learning 0.073s)
             Mean action noise std: 0.11
          Mean value_function loss: 0.1254
               Mean surrogate loss: -0.0126
                 Mean entropy loss: -12.5165
                       Mean reward: -69.93
               Mean episode length: 300.00
   Episode_Reward/term_bad_contact: 0.0000
          Episode_Reward/term_tilt: 0.0000
    Episode_Reward/term_low_height: 0.0000
      Episode_Reward/leg_action_l2: -0.0482
   Episode_Reward/tracking_lin_vel: 0.0000
Episode_Reward/tracking_ang_vel_yaw_l1: 0.0000
Episode_Reward/tracking_ang_vel_yaw_exp: 0.0000
Episode_Reward/tracking_lin_vel_y_l2: 0.0000
Episode_Reward/tracking_lin_vel_z_l2: 0.0000
            Episode_Reward/survive: 0.0000
    Episode_Reward/foot_contacts_z: 0.0000
            Episode_Reward/torques: -0.2206
 Episode_Reward/tracking_lin_vel_y: 0.0000
          Episode_Reward/lin_vel_z: -0.0026
         Episode_Reward/ang_vel_xy: -0.0054
   Episode_Reward/tracking_ang_vel: 0.0522
               Episode_Reward/work: -0.1445
            Episode_Reward/dof_acc: -0.3597
        Episode_Reward/action_rate: -0.0594
     Episode_Reward/dof_pos_limits: -0.0003
      Episode_Reward/delta_torques: -0.0003
          Episode_Reward/collision: -5.9947
        Episode_Reward/walking_dof: 0.1002
            Episode_Reward/hip_pos: -0.0559
          Episode_Reward/feet_jerk: 0.0000
              Episode_Reward/alive: 0.3000
          Episode_Reward/feet_drag: -0.0116
Episode_Reward/feet_contact_forces: -0.1975
               Episode_Reward/roll: -0.0156
        Episode_Reward/base_height: -0.2414
Episode_Reward/tracking_lin_vel_max: 0.0954
Episode_Reward/flat_orientation_l2: -0.0046
  Episode_Reward/air_time_variance: -0.0022
        Episode_Reward/feet_height: 0.0000
      Episode_Reward/feet_air_time: -0.0001
Episode_Reward/update_last_buffers: 0.0000
   Episode_Reward/wheel_idle_speed: -0.0565
    Episode_Reward/wheel_action_l2: -0.0071
  Episode_Reward/wheel_action_rate: 0.0000
  Episode_Reward/wheel_forward_use: 0.0145
 Episode_Reward/wheel_turn_support: 0.0105
   Metrics/locomotion/error_vel_xy: 0.7011
  Metrics/locomotion/error_vel_yaw: 0.6771
      Episode_Termination/time_out: 1.0000
   Episode_Termination/bad_contact: 0.0000
          Episode_Termination/tilt: 0.0000
    Episode_Termination/low_height: 0.0000
--------------------------------------------------------------------------------
                   Total timesteps: 172032
                    Iteration time: 3.03s
                      Time elapsed: 00:02:54
                               ETA: 00:02:20

################################################################################
                     [1m Learning iteration 1079/1123 [0m                     

                       Computation: 1028 steps/s (collection: 2.912s, learning 0.073s)
             Mean action noise std: 0.11
          Mean value_function loss: 0.0970
               Mean surrogate loss: -0.0181
                 Mean entropy loss: -12.5165
                       Mean reward: -69.88
               Mean episode length: 300.00
   Episode_Reward/term_bad_contact: 0.0000
          Episode_Reward/term_tilt: 0.0000
    Episode_Reward/term_low_height: 0.0000
      Episode_Reward/leg_action_l2: -0.0443
   Episode_Reward/tracking_lin_vel: 0.0000
Episode_Reward/tracking_ang_vel_yaw_l1: 0.0000
Episode_Reward/tracking_ang_vel_yaw_exp: 0.0000
Episode_Reward/tracking_lin_vel_y_l2: 0.0000
Episode_Reward/tracking_lin_vel_z_l2: 0.0000
            Episode_Reward/survive: 0.0000
    Episode_Reward/foot_contacts_z: 0.0000
            Episode_Reward/torques: -0.2222
 Episode_Reward/tracking_lin_vel_y: 0.0000
          Episode_Reward/lin_vel_z: -0.0027
         Episode_Reward/ang_vel_xy: -0.0059
   Episode_Reward/tracking_ang_vel: 0.0517
               Episode_Reward/work: -0.1369
            Episode_Reward/dof_acc: -0.3182
        Episode_Reward/action_rate: -0.0476
     Episode_Reward/dof_pos_limits: -0.0002
      Episode_Reward/delta_torques: -0.0003
          Episode_Reward/collision: -5.9663
        Episode_Reward/walking_dof: 0.0803
            Episode_Reward/hip_pos: -0.0555
          Episode_Reward/feet_jerk: 0.0000
              Episode_Reward/alive: 0.3000
          Episode_Reward/feet_drag: -0.0113
Episode_Reward/feet_contact_forces: -0.1968
               Episode_Reward/roll: -0.0136
        Episode_Reward/base_height: -0.2673
Episode_Reward/tracking_lin_vel_max: 0.2772
Episode_Reward/flat_orientation_l2: -0.0039
  Episode_Reward/air_time_variance: -0.0006
        Episode_Reward/feet_height: 0.0000
      Episode_Reward/feet_air_time: -0.0000
Episode_Reward/update_last_buffers: 0.0000
   Episode_Reward/wheel_idle_speed: -0.4052
    Episode_Reward/wheel_action_l2: -0.0048
  Episode_Reward/wheel_action_rate: 0.0000
  Episode_Reward/wheel_forward_use: 0.0104
 Episode_Reward/wheel_turn_support: 0.0114
   Metrics/locomotion/error_vel_xy: 0.2990
  Metrics/locomotion/error_vel_yaw: 0.7362
      Episode_Termination/time_out: 1.0000
   Episode_Termination/bad_contact: 0.0000
          Episode_Termination/tilt: 0.0000
    Episode_Termination/low_height: 0.0000
--------------------------------------------------------------------------------
                   Total timesteps: 175104
                    Iteration time: 2.99s
                      Time elapsed: 00:02:57
                               ETA: 00:02:16

################################################################################
                     [1m Learning iteration 1080/1123 [0m                     

                       Computation: 1005 steps/s (collection: 2.981s, learning 0.074s)
             Mean action noise std: 0.11
          Mean value_function loss: 0.1438
               Mean surrogate loss: -0.0158
                 Mean entropy loss: -12.5165
                       Mean reward: -69.48
               Mean episode length: 300.00
   Episode_Reward/term_bad_contact: 0.0000
          Episode_Reward/term_tilt: 0.0000
    Episode_Reward/term_low_height: 0.0000
      Episode_Reward/leg_action_l2: -0.0443
   Episode_Reward/tracking_lin_vel: 0.0000
Episode_Reward/tracking_ang_vel_yaw_l1: 0.0000
Episode_Reward/tracking_ang_vel_yaw_exp: 0.0000
Episode_Reward/tracking_lin_vel_y_l2: 0.0000
Episode_Reward/tracking_lin_vel_z_l2: 0.0000
            Episode_Reward/survive: 0.0000
    Episode_Reward/foot_contacts_z: 0.0000
            Episode_Reward/torques: -0.2127
 Episode_Reward/tracking_lin_vel_y: 0.0000
          Episode_Reward/lin_vel_z: -0.0025
         Episode_Reward/ang_vel_xy: -0.0051
   Episode_Reward/tracking_ang_vel: 0.0442
               Episode_Reward/work: -0.1198
            Episode_Reward/dof_acc: -0.2414
        Episode_Reward/action_rate: -0.0561
     Episode_Reward/dof_pos_limits: -0.0003
      Episode_Reward/delta_torques: -0.0003
          Episode_Reward/collision: -5.9752
        Episode_Reward/walking_dof: 0.1076
            Episode_Reward/hip_pos: -0.0554
          Episode_Reward/feet_jerk: 0.0000
              Episode_Reward/alive: 0.3000
          Episode_Reward/feet_drag: -0.0108
Episode_Reward/feet_contact_forces: -0.1972
               Episode_Reward/roll: -0.0239
        Episode_Reward/base_height: -0.2749
Episode_Reward/tracking_lin_vel_max: 0.1114
Episode_Reward/flat_orientation_l2: -0.0050
  Episode_Reward/air_time_variance: -0.0005
        Episode_Reward/feet_height: 0.0000
      Episode_Reward/feet_air_time: -0.0000
Episode_Reward/update_last_buffers: 0.0000
   Episode_Reward/wheel_idle_speed: -0.1047
    Episode_Reward/wheel_action_l2: -0.0063
  Episode_Reward/wheel_action_rate: 0.0000
  Episode_Reward/wheel_forward_use: 0.0064
 Episode_Reward/wheel_turn_support: 0.0141
   Metrics/locomotion/error_vel_xy: 0.7080
  Metrics/locomotion/error_vel_yaw: 0.7951
      Episode_Termination/time_out: 1.0000
   Episode_Termination/bad_contact: 0.0000
          Episode_Termination/tilt: 0.0000
    Episode_Termination/low_height: 0.0000
--------------------------------------------------------------------------------
                   Total timesteps: 178176
                    Iteration time: 3.05s
                      Time elapsed: 00:03:00
                               ETA: 00:02:13

################################################################################
                     [1m Learning iteration 1081/1123 [0m                     

                       Computation: 984 steps/s (collection: 3.046s, learning 0.075s)
             Mean action noise std: 0.11
          Mean value_function loss: 0.0897
               Mean surrogate loss: -0.0169
                 Mean entropy loss: -12.5165
                       Mean reward: -69.27
               Mean episode length: 300.00
   Episode_Reward/term_bad_contact: 0.0000
          Episode_Reward/term_tilt: 0.0000
    Episode_Reward/term_low_height: 0.0000
      Episode_Reward/leg_action_l2: -0.0444
   Episode_Reward/tracking_lin_vel: 0.0000
Episode_Reward/tracking_ang_vel_yaw_l1: 0.0000
Episode_Reward/tracking_ang_vel_yaw_exp: 0.0000
Episode_Reward/tracking_lin_vel_y_l2: 0.0000
Episode_Reward/tracking_lin_vel_z_l2: 0.0000
            Episode_Reward/survive: 0.0000
    Episode_Reward/foot_contacts_z: 0.0000
            Episode_Reward/torques: -0.2183
 Episode_Reward/tracking_lin_vel_y: 0.0000
          Episode_Reward/lin_vel_z: -0.0022
         Episode_Reward/ang_vel_xy: -0.0051
   Episode_Reward/tracking_ang_vel: 0.0401
               Episode_Reward/work: -0.1164
            Episode_Reward/dof_acc: -0.2621
        Episode_Reward/action_rate: -0.0613
     Episode_Reward/dof_pos_limits: -0.0002
      Episode_Reward/delta_torques: -0.0003
          Episode_Reward/collision: -6.0308
        Episode_Reward/walking_dof: 0.0931
            Episode_Reward/hip_pos: -0.0548
          Episode_Reward/feet_jerk: 0.0000
              Episode_Reward/alive: 0.3000
          Episode_Reward/feet_drag: -0.0104
Episode_Reward/feet_contact_forces: -0.1970
               Episode_Reward/roll: -0.0203
        Episode_Reward/base_height: -0.2526
Episode_Reward/tracking_lin_vel_max: 0.1256
Episode_Reward/flat_orientation_l2: -0.0047
  Episode_Reward/air_time_variance: -0.0004
        Episode_Reward/feet_height: 0.0000
      Episode_Reward/feet_air_time: -0.0000
Episode_Reward/update_last_buffers: 0.0000
   Episode_Reward/wheel_idle_speed: -0.2413
    Episode_Reward/wheel_action_l2: -0.0072
  Episode_Reward/wheel_action_rate: 0.0000
  Episode_Reward/wheel_forward_use: 0.0038
 Episode_Reward/wheel_turn_support: 0.0151
   Metrics/locomotion/error_vel_xy: 0.6394
  Metrics/locomotion/error_vel_yaw: 0.8247
      Episode_Termination/time_out: 1.0000
   Episode_Termination/bad_contact: 0.0000
          Episode_Termination/tilt: 0.0000
    Episode_Termination/low_height: 0.0000
--------------------------------------------------------------------------------
                   Total timesteps: 181248
                    Iteration time: 3.12s
                      Time elapsed: 00:03:03
                               ETA: 00:02:10

################################################################################
                     [1m Learning iteration 1082/1123 [0m                     

                       Computation: 1023 steps/s (collection: 2.926s, learning 0.075s)
             Mean action noise std: 0.11
          Mean value_function loss: 0.0895
               Mean surrogate loss: -0.0152
                 Mean entropy loss: -12.5165
                       Mean reward: -69.36
               Mean episode length: 300.00
   Episode_Reward/term_bad_contact: 0.0000
          Episode_Reward/term_tilt: 0.0000
    Episode_Reward/term_low_height: 0.0000
      Episode_Reward/leg_action_l2: -0.0441
   Episode_Reward/tracking_lin_vel: 0.0000
Episode_Reward/tracking_ang_vel_yaw_l1: 0.0000
Episode_Reward/tracking_ang_vel_yaw_exp: 0.0000
Episode_Reward/tracking_lin_vel_y_l2: 0.0000
Episode_Reward/tracking_lin_vel_z_l2: 0.0000
            Episode_Reward/survive: 0.0000
    Episode_Reward/foot_contacts_z: 0.0000
            Episode_Reward/torques: -0.2194
 Episode_Reward/tracking_lin_vel_y: 0.0000
          Episode_Reward/lin_vel_z: -0.0022
         Episode_Reward/ang_vel_xy: -0.0056
   Episode_Reward/tracking_ang_vel: 0.0635
               Episode_Reward/work: -0.1299
            Episode_Reward/dof_acc: -0.2815
        Episode_Reward/action_rate: -0.0511
     Episode_Reward/dof_pos_limits: -0.0003
      Episode_Reward/delta_torques: -0.0003
          Episode_Reward/collision: -6.1075
        Episode_Reward/walking_dof: 0.0899
            Episode_Reward/hip_pos: -0.0546
          Episode_Reward/feet_jerk: 0.0000
              Episode_Reward/alive: 0.3000
          Episode_Reward/feet_drag: -0.0108
Episode_Reward/feet_contact_forces: -0.1968
               Episode_Reward/roll: -0.0180
        Episode_Reward/base_height: -0.2463
Episode_Reward/tracking_lin_vel_max: 0.1082
Episode_Reward/flat_orientation_l2: -0.0054
  Episode_Reward/air_time_variance: -0.0012
        Episode_Reward/feet_height: 0.0000
      Episode_Reward/feet_air_time: -0.0000
Episode_Reward/update_last_buffers: 0.0000
   Episode_Reward/wheel_idle_speed: -0.0030
    Episode_Reward/wheel_action_l2: -0.0054
  Episode_Reward/wheel_action_rate: 0.0000
  Episode_Reward/wheel_forward_use: 0.0155
 Episode_Reward/wheel_turn_support: 0.0094
   Metrics/locomotion/error_vel_xy: 0.7747
  Metrics/locomotion/error_vel_yaw: 0.5182
      Episode_Termination/time_out: 1.0000
   Episode_Termination/bad_contact: 0.0000
          Episode_Termination/tilt: 0.0000
    Episode_Termination/low_height: 0.0000
--------------------------------------------------------------------------------
                   Total timesteps: 184320
                    Iteration time: 3.00s
                      Time elapsed: 00:03:06
                               ETA: 00:02:07

################################################################################
                     [1m Learning iteration 1083/1123 [0m                     

                       Computation: 1010 steps/s (collection: 2.966s, learning 0.075s)
             Mean action noise std: 0.11
          Mean value_function loss: 0.0965
               Mean surrogate loss: -0.0156
                 Mean entropy loss: -12.5165
                       Mean reward: -69.17
               Mean episode length: 300.00
   Episode_Reward/term_bad_contact: 0.0000
          Episode_Reward/term_tilt: 0.0000
    Episode_Reward/term_low_height: 0.0000
      Episode_Reward/leg_action_l2: -0.0459
   Episode_Reward/tracking_lin_vel: 0.0000
Episode_Reward/tracking_ang_vel_yaw_l1: 0.0000
Episode_Reward/tracking_ang_vel_yaw_exp: 0.0000
Episode_Reward/tracking_lin_vel_y_l2: 0.0000
Episode_Reward/tracking_lin_vel_z_l2: 0.0000
            Episode_Reward/survive: 0.0000
    Episode_Reward/foot_contacts_z: 0.0000
            Episode_Reward/torques: -0.2187
 Episode_Reward/tracking_lin_vel_y: 0.0000
          Episode_Reward/lin_vel_z: -0.0024
         Episode_Reward/ang_vel_xy: -0.0051
   Episode_Reward/tracking_ang_vel: 0.0364
               Episode_Reward/work: -0.1732
            Episode_Reward/dof_acc: -0.5051
        Episode_Reward/action_rate: -0.0555
     Episode_Reward/dof_pos_limits: -0.0003
      Episode_Reward/delta_torques: -0.0003
          Episode_Reward/collision: -5.9558
        Episode_Reward/walking_dof: 0.1098
            Episode_Reward/hip_pos: -0.0550
          Episode_Reward/feet_jerk: 0.0000
              Episode_Reward/alive: 0.3000
          Episode_Reward/feet_drag: -0.0112
Episode_Reward/feet_contact_forces: -0.1974
               Episode_Reward/roll: -0.0226
        Episode_Reward/base_height: -0.2515
Episode_Reward/tracking_lin_vel_max: 0.1142
Episode_Reward/flat_orientation_l2: -0.0060
  Episode_Reward/air_time_variance: -0.0015
        Episode_Reward/feet_height: 0.0000
      Episode_Reward/feet_air_time: -0.0001
Episode_Reward/update_last_buffers: 0.0000
   Episode_Reward/wheel_idle_speed: -0.0010
    Episode_Reward/wheel_action_l2: -0.0061
  Episode_Reward/wheel_action_rate: 0.0000
  Episode_Reward/wheel_forward_use: 0.0079
 Episode_Reward/wheel_turn_support: 0.0110
   Metrics/locomotion/error_vel_xy: 0.6757
  Metrics/locomotion/error_vel_yaw: 0.9536
      Episode_Termination/time_out: 1.0000
   Episode_Termination/bad_contact: 0.0000
          Episode_Termination/tilt: 0.0000
    Episode_Termination/low_height: 0.0000
--------------------------------------------------------------------------------
                   Total timesteps: 187392
                    Iteration time: 3.04s
                      Time elapsed: 00:03:09
                               ETA: 00:02:04

################################################################################
                     [1m Learning iteration 1084/1123 [0m                     

                       Computation: 1033 steps/s (collection: 2.900s, learning 0.073s)
             Mean action noise std: 0.11
          Mean value_function loss: 0.1440
               Mean surrogate loss: -0.0150
                 Mean entropy loss: -12.5165
                       Mean reward: -69.07
               Mean episode length: 300.00
   Episode_Reward/term_bad_contact: 0.0000
          Episode_Reward/term_tilt: 0.0000
    Episode_Reward/term_low_height: 0.0000
      Episode_Reward/leg_action_l2: -0.0469
   Episode_Reward/tracking_lin_vel: 0.0000
Episode_Reward/tracking_ang_vel_yaw_l1: 0.0000
Episode_Reward/tracking_ang_vel_yaw_exp: 0.0000
Episode_Reward/tracking_lin_vel_y_l2: 0.0000
Episode_Reward/tracking_lin_vel_z_l2: 0.0000
            Episode_Reward/survive: 0.0000
    Episode_Reward/foot_contacts_z: 0.0000
            Episode_Reward/torques: -0.2215
 Episode_Reward/tracking_lin_vel_y: 0.0000
          Episode_Reward/lin_vel_z: -0.0025
         Episode_Reward/ang_vel_xy: -0.0052
   Episode_Reward/tracking_ang_vel: 0.0435
               Episode_Reward/work: -0.1336
            Episode_Reward/dof_acc: -0.3343
        Episode_Reward/action_rate: -0.0471
     Episode_Reward/dof_pos_limits: -0.0002
      Episode_Reward/delta_torques: -0.0003
          Episode_Reward/collision: -6.0031
        Episode_Reward/walking_dof: 0.0921
            Episode_Reward/hip_pos: -0.0554
          Episode_Reward/feet_jerk: 0.0000
              Episode_Reward/alive: 0.3000
          Episode_Reward/feet_drag: -0.0114
Episode_Reward/feet_contact_forces: -0.1966
               Episode_Reward/roll: -0.0122
        Episode_Reward/base_height: -0.2572
Episode_Reward/tracking_lin_vel_max: 0.1353
Episode_Reward/flat_orientation_l2: -0.0041
  Episode_Reward/air_time_variance: -0.0003
        Episode_Reward/feet_height: 0.0000
      Episode_Reward/feet_air_time: -0.0001
Episode_Reward/update_last_buffers: 0.0000
   Episode_Reward/wheel_idle_speed: -0.0021
    Episode_Reward/wheel_action_l2: -0.0044
  Episode_Reward/wheel_action_rate: 0.0000
  Episode_Reward/wheel_forward_use: 0.0133
 Episode_Reward/wheel_turn_support: 0.0182
   Metrics/locomotion/error_vel_xy: 0.4719
  Metrics/locomotion/error_vel_yaw: 0.7937
      Episode_Termination/time_out: 1.0000
   Episode_Termination/bad_contact: 0.0000
          Episode_Termination/tilt: 0.0000
    Episode_Termination/low_height: 0.0000
--------------------------------------------------------------------------------
                   Total timesteps: 190464
                    Iteration time: 2.97s
                      Time elapsed: 00:03:12
                               ETA: 00:02:01

################################################################################
                     [1m Learning iteration 1085/1123 [0m                     

                       Computation: 1007 steps/s (collection: 2.977s, learning 0.073s)
             Mean action noise std: 0.11
          Mean value_function loss: 0.1037
               Mean surrogate loss: -0.0162
                 Mean entropy loss: -12.5165
                       Mean reward: -69.01
               Mean episode length: 300.00
   Episode_Reward/term_bad_contact: 0.0000
          Episode_Reward/term_tilt: 0.0000
    Episode_Reward/term_low_height: 0.0000
      Episode_Reward/leg_action_l2: -0.0461
   Episode_Reward/tracking_lin_vel: 0.0000
Episode_Reward/tracking_ang_vel_yaw_l1: 0.0000
Episode_Reward/tracking_ang_vel_yaw_exp: 0.0000
Episode_Reward/tracking_lin_vel_y_l2: 0.0000
Episode_Reward/tracking_lin_vel_z_l2: 0.0000
            Episode_Reward/survive: 0.0000
    Episode_Reward/foot_contacts_z: 0.0000
            Episode_Reward/torques: -0.2143
 Episode_Reward/tracking_lin_vel_y: 0.0000
          Episode_Reward/lin_vel_z: -0.0026
         Episode_Reward/ang_vel_xy: -0.0052
   Episode_Reward/tracking_ang_vel: 0.0529
               Episode_Reward/work: -0.1162
            Episode_Reward/dof_acc: -0.2762
        Episode_Reward/action_rate: -0.0563
     Episode_Reward/dof_pos_limits: -0.0003
      Episode_Reward/delta_torques: -0.0003
          Episode_Reward/collision: -5.9708
        Episode_Reward/walking_dof: 0.0827
            Episode_Reward/hip_pos: -0.0553
          Episode_Reward/feet_jerk: 0.0000
              Episode_Reward/alive: 0.3000
          Episode_Reward/feet_drag: -0.0110
Episode_Reward/feet_contact_forces: -0.1972
               Episode_Reward/roll: -0.0217
        Episode_Reward/base_height: -0.2574
Episode_Reward/tracking_lin_vel_max: 0.1884
Episode_Reward/flat_orientation_l2: -0.0053
  Episode_Reward/air_time_variance: -0.0005
        Episode_Reward/feet_height: 0.0000
      Episode_Reward/feet_air_time: -0.0000
Episode_Reward/update_last_buffers: 0.0000
   Episode_Reward/wheel_idle_speed: -0.2768
    Episode_Reward/wheel_action_l2: -0.0059
  Episode_Reward/wheel_action_rate: 0.0000
  Episode_Reward/wheel_forward_use: 0.0058
 Episode_Reward/wheel_turn_support: 0.0119
   Metrics/locomotion/error_vel_xy: 0.5703
  Metrics/locomotion/error_vel_yaw: 0.6832
      Episode_Termination/time_out: 1.0000
   Episode_Termination/bad_contact: 0.0000
          Episode_Termination/tilt: 0.0000
    Episode_Termination/low_height: 0.0000
--------------------------------------------------------------------------------
                   Total timesteps: 193536
                    Iteration time: 3.05s
                      Time elapsed: 00:03:15
                               ETA: 00:01:57

################################################################################
                     [1m Learning iteration 1086/1123 [0m                     

                       Computation: 986 steps/s (collection: 3.040s, learning 0.073s)
             Mean action noise std: 0.11
          Mean value_function loss: 0.3803
               Mean surrogate loss: -0.0136
                 Mean entropy loss: -12.5165
                       Mean reward: -68.93
               Mean episode length: 300.00
   Episode_Reward/term_bad_contact: 0.0000
          Episode_Reward/term_tilt: 0.0000
    Episode_Reward/term_low_height: 0.0000
      Episode_Reward/leg_action_l2: -0.0464
   Episode_Reward/tracking_lin_vel: 0.0000
Episode_Reward/tracking_ang_vel_yaw_l1: 0.0000
Episode_Reward/tracking_ang_vel_yaw_exp: 0.0000
Episode_Reward/tracking_lin_vel_y_l2: 0.0000
Episode_Reward/tracking_lin_vel_z_l2: 0.0000
            Episode_Reward/survive: 0.0000
    Episode_Reward/foot_contacts_z: 0.0000
            Episode_Reward/torques: -0.2125
 Episode_Reward/tracking_lin_vel_y: 0.0000
          Episode_Reward/lin_vel_z: -0.0023
         Episode_Reward/ang_vel_xy: -0.0048
   Episode_Reward/tracking_ang_vel: 0.0460
               Episode_Reward/work: -0.1207
            Episode_Reward/dof_acc: -0.2674
        Episode_Reward/action_rate: -0.0638
     Episode_Reward/dof_pos_limits: -0.0003
      Episode_Reward/delta_torques: -0.0003
          Episode_Reward/collision: -5.9699
        Episode_Reward/walking_dof: 0.1068
            Episode_Reward/hip_pos: -0.0550
          Episode_Reward/feet_jerk: 0.0000
              Episode_Reward/alive: 0.3000
          Episode_Reward/feet_drag: -0.0105
Episode_Reward/feet_contact_forces: -0.1970
               Episode_Reward/roll: -0.0217
        Episode_Reward/base_height: -0.2436
Episode_Reward/tracking_lin_vel_max: 0.1154
Episode_Reward/flat_orientation_l2: -0.0057
  Episode_Reward/air_time_variance: -0.0005
        Episode_Reward/feet_height: 0.0000
      Episode_Reward/feet_air_time: -0.0000
Episode_Reward/update_last_buffers: 0.0000
   Episode_Reward/wheel_idle_speed: -0.0956
    Episode_Reward/wheel_action_l2: -0.0076
  Episode_Reward/wheel_action_rate: 0.0000
  Episode_Reward/wheel_forward_use: 0.0116
 Episode_Reward/wheel_turn_support: 0.0089
   Metrics/locomotion/error_vel_xy: 0.6399
  Metrics/locomotion/error_vel_yaw: 0.7935
      Episode_Termination/time_out: 1.0000
   Episode_Termination/bad_contact: 0.0000
          Episode_Termination/tilt: 0.0000
    Episode_Termination/low_height: 0.0000
--------------------------------------------------------------------------------
                   Total timesteps: 196608
                    Iteration time: 3.11s
                      Time elapsed: 00:03:18
                               ETA: 00:01:54

################################################################################
                     [1m Learning iteration 1087/1123 [0m                     

                       Computation: 991 steps/s (collection: 3.023s, learning 0.075s)
             Mean action noise std: 0.11
          Mean value_function loss: 0.2464
               Mean surrogate loss: -0.0165
                 Mean entropy loss: -12.5165
                       Mean reward: -68.99
               Mean episode length: 300.00
   Episode_Reward/term_bad_contact: 0.0000
          Episode_Reward/term_tilt: 0.0000
    Episode_Reward/term_low_height: 0.0000
      Episode_Reward/leg_action_l2: -0.0482
   Episode_Reward/tracking_lin_vel: 0.0000
Episode_Reward/tracking_ang_vel_yaw_l1: 0.0000
Episode_Reward/tracking_ang_vel_yaw_exp: 0.0000
Episode_Reward/tracking_lin_vel_y_l2: 0.0000
Episode_Reward/tracking_lin_vel_z_l2: 0.0000
            Episode_Reward/survive: 0.0000
    Episode_Reward/foot_contacts_z: 0.0000
            Episode_Reward/torques: -0.2166
 Episode_Reward/tracking_lin_vel_y: 0.0000
          Episode_Reward/lin_vel_z: -0.0023
         Episode_Reward/ang_vel_xy: -0.0048
   Episode_Reward/tracking_ang_vel: 0.0367
               Episode_Reward/work: -0.1184
            Episode_Reward/dof_acc: -0.2582
        Episode_Reward/action_rate: -0.0607
     Episode_Reward/dof_pos_limits: -0.0002
      Episode_Reward/delta_torques: -0.0003
          Episode_Reward/collision: -6.1207
        Episode_Reward/walking_dof: 0.1002
            Episode_Reward/hip_pos: -0.0546
          Episode_Reward/feet_jerk: 0.0000
              Episode_Reward/alive: 0.3000
          Episode_Reward/feet_drag: -0.0108
Episode_Reward/feet_contact_forces: -0.1970
               Episode_Reward/roll: -0.0178
        Episode_Reward/base_height: -0.2435
Episode_Reward/tracking_lin_vel_max: 0.0865
Episode_Reward/flat_orientation_l2: -0.0049
  Episode_Reward/air_time_variance: -0.0018
        Episode_Reward/feet_height: 0.0000
      Episode_Reward/feet_air_time: -0.0000
Episode_Reward/update_last_buffers: 0.0000
   Episode_Reward/wheel_idle_speed: -0.2645
    Episode_Reward/wheel_action_l2: -0.0068
  Episode_Reward/wheel_action_rate: 0.0000
  Episode_Reward/wheel_forward_use: 0.0094
 Episode_Reward/wheel_turn_support: 0.0071
   Metrics/locomotion/error_vel_xy: 0.7675
  Metrics/locomotion/error_vel_yaw: 0.9431
      Episode_Termination/time_out: 1.0000
   Episode_Termination/bad_contact: 0.0000
          Episode_Termination/tilt: 0.0000
    Episode_Termination/low_height: 0.0000
--------------------------------------------------------------------------------
                   Total timesteps: 199680
                    Iteration time: 3.10s
                      Time elapsed: 00:03:21
                               ETA: 00:01:51

################################################################################
                     [1m Learning iteration 1088/1123 [0m                     

                       Computation: 1002 steps/s (collection: 2.990s, learning 0.073s)
             Mean action noise std: 0.11
          Mean value_function loss: 0.1438
               Mean surrogate loss: -0.0164
                 Mean entropy loss: -12.5165
                       Mean reward: -69.30
               Mean episode length: 300.00
   Episode_Reward/term_bad_contact: 0.0000
          Episode_Reward/term_tilt: 0.0000
    Episode_Reward/term_low_height: 0.0000
      Episode_Reward/leg_action_l2: -0.0449
   Episode_Reward/tracking_lin_vel: 0.0000
Episode_Reward/tracking_ang_vel_yaw_l1: 0.0000
Episode_Reward/tracking_ang_vel_yaw_exp: 0.0000
Episode_Reward/tracking_lin_vel_y_l2: 0.0000
Episode_Reward/tracking_lin_vel_z_l2: 0.0000
            Episode_Reward/survive: 0.0000
    Episode_Reward/foot_contacts_z: 0.0000
            Episode_Reward/torques: -0.2146
 Episode_Reward/tracking_lin_vel_y: 0.0000
          Episode_Reward/lin_vel_z: -0.0023
         Episode_Reward/ang_vel_xy: -0.0052
   Episode_Reward/tracking_ang_vel: 0.0525
               Episode_Reward/work: -0.1429
            Episode_Reward/dof_acc: -0.2995
        Episode_Reward/action_rate: -0.0572
     Episode_Reward/dof_pos_limits: -0.0002
      Episode_Reward/delta_torques: -0.0003
          Episode_Reward/collision: -6.2720
        Episode_Reward/walking_dof: 0.0894
            Episode_Reward/hip_pos: -0.0551
          Episode_Reward/feet_jerk: 0.0000
              Episode_Reward/alive: 0.3000
          Episode_Reward/feet_drag: -0.0110
Episode_Reward/feet_contact_forces: -0.1971
               Episode_Reward/roll: -0.0178
        Episode_Reward/base_height: -0.2473
Episode_Reward/tracking_lin_vel_max: 0.1651
Episode_Reward/flat_orientation_l2: -0.0048
  Episode_Reward/air_time_variance: -0.0004
        Episode_Reward/feet_height: 0.0000
      Episode_Reward/feet_air_time: -0.0000
Episode_Reward/update_last_buffers: 0.0000
   Episode_Reward/wheel_idle_speed: -0.3604
    Episode_Reward/wheel_action_l2: -0.0067
  Episode_Reward/wheel_action_rate: 0.0000
  Episode_Reward/wheel_forward_use: 0.0104
 Episode_Reward/wheel_turn_support: 0.0073
   Metrics/locomotion/error_vel_xy: 0.5567
  Metrics/locomotion/error_vel_yaw: 0.7157
      Episode_Termination/time_out: 1.0000
   Episode_Termination/bad_contact: 0.0000
          Episode_Termination/tilt: 0.0000
    Episode_Termination/low_height: 0.0000
--------------------------------------------------------------------------------
                   Total timesteps: 202752
                    Iteration time: 3.06s
                      Time elapsed: 00:03:24
                               ETA: 00:01:48

################################################################################
                     [1m Learning iteration 1089/1123 [0m                     

                       Computation: 998 steps/s (collection: 3.002s, learning 0.076s)
             Mean action noise std: 0.11
          Mean value_function loss: 0.2731
               Mean surrogate loss: -0.0135
                 Mean entropy loss: -12.5165
                       Mean reward: -69.61
               Mean episode length: 300.00
   Episode_Reward/term_bad_contact: 0.0000
          Episode_Reward/term_tilt: 0.0000
    Episode_Reward/term_low_height: 0.0000
      Episode_Reward/leg_action_l2: -0.0468
   Episode_Reward/tracking_lin_vel: 0.0000
Episode_Reward/tracking_ang_vel_yaw_l1: 0.0000
Episode_Reward/tracking_ang_vel_yaw_exp: 0.0000
Episode_Reward/tracking_lin_vel_y_l2: 0.0000
Episode_Reward/tracking_lin_vel_z_l2: 0.0000
            Episode_Reward/survive: 0.0000
    Episode_Reward/foot_contacts_z: 0.0000
            Episode_Reward/torques: -0.2220
 Episode_Reward/tracking_lin_vel_y: 0.0000
          Episode_Reward/lin_vel_z: -0.0025
         Episode_Reward/ang_vel_xy: -0.0055
   Episode_Reward/tracking_ang_vel: 0.0462
               Episode_Reward/work: -0.1661
            Episode_Reward/dof_acc: -0.5239
        Episode_Reward/action_rate: -0.0551
     Episode_Reward/dof_pos_limits: -0.0002
      Episode_Reward/delta_torques: -0.0003
          Episode_Reward/collision: -6.0479
        Episode_Reward/walking_dof: 0.0955
            Episode_Reward/hip_pos: -0.0556
          Episode_Reward/feet_jerk: 0.0000
              Episode_Reward/alive: 0.3000
          Episode_Reward/feet_drag: -0.0113
Episode_Reward/feet_contact_forces: -0.1968
               Episode_Reward/roll: -0.0185
        Episode_Reward/base_height: -0.2587
Episode_Reward/tracking_lin_vel_max: 0.1029
Episode_Reward/flat_orientation_l2: -0.0049
  Episode_Reward/air_time_variance: -0.0031
        Episode_Reward/feet_height: 0.0000
      Episode_Reward/feet_air_time: -0.0000
Episode_Reward/update_last_buffers: 0.0000
   Episode_Reward/wheel_idle_speed: -0.6783
    Episode_Reward/wheel_action_l2: -0.0059
  Episode_Reward/wheel_action_rate: 0.0000
  Episode_Reward/wheel_forward_use: 0.0060
 Episode_Reward/wheel_turn_support: 0.0141
   Metrics/locomotion/error_vel_xy: 0.7017
  Metrics/locomotion/error_vel_yaw: 0.7777
      Episode_Termination/time_out: 1.0000
   Episode_Termination/bad_contact: 0.0000
          Episode_Termination/tilt: 0.0000
    Episode_Termination/low_height: 0.0000
--------------------------------------------------------------------------------
                   Total timesteps: 205824
                    Iteration time: 3.08s
                      Time elapsed: 00:03:27
                               ETA: 00:01:45

################################################################################
                     [1m Learning iteration 1090/1123 [0m                     

                       Computation: 1011 steps/s (collection: 2.964s, learning 0.075s)
             Mean action noise std: 0.11
          Mean value_function loss: 0.1401
               Mean surrogate loss: -0.0151
                 Mean entropy loss: -12.5165
                       Mean reward: -69.63
               Mean episode length: 300.00
   Episode_Reward/term_bad_contact: 0.0000
          Episode_Reward/term_tilt: 0.0000
    Episode_Reward/term_low_height: 0.0000
      Episode_Reward/leg_action_l2: -0.0481
   Episode_Reward/tracking_lin_vel: 0.0000
Episode_Reward/tracking_ang_vel_yaw_l1: 0.0000
Episode_Reward/tracking_ang_vel_yaw_exp: 0.0000
Episode_Reward/tracking_lin_vel_y_l2: 0.0000
Episode_Reward/tracking_lin_vel_z_l2: 0.0000
            Episode_Reward/survive: 0.0000
    Episode_Reward/foot_contacts_z: 0.0000
            Episode_Reward/torques: -0.2297
 Episode_Reward/tracking_lin_vel_y: 0.0000
          Episode_Reward/lin_vel_z: -0.0024
         Episode_Reward/ang_vel_xy: -0.0057
   Episode_Reward/tracking_ang_vel: 0.0775
               Episode_Reward/work: -0.1391
            Episode_Reward/dof_acc: -0.3704
        Episode_Reward/action_rate: -0.0523
     Episode_Reward/dof_pos_limits: -0.0002
      Episode_Reward/delta_torques: -0.0003
          Episode_Reward/collision: -5.9729
        Episode_Reward/walking_dof: 0.1028
            Episode_Reward/hip_pos: -0.0554
          Episode_Reward/feet_jerk: 0.0000
              Episode_Reward/alive: 0.3000
          Episode_Reward/feet_drag: -0.0110
Episode_Reward/feet_contact_forces: -0.1965
               Episode_Reward/roll: -0.0214
        Episode_Reward/base_height: -0.2651
Episode_Reward/tracking_lin_vel_max: 0.0579
Episode_Reward/flat_orientation_l2: -0.0049
  Episode_Reward/air_time_variance: -0.0004
        Episode_Reward/feet_height: 0.0000
      Episode_Reward/feet_air_time: -0.0001
Episode_Reward/update_last_buffers: 0.0000
   Episode_Reward/wheel_idle_speed: -0.0012
    Episode_Reward/wheel_action_l2: -0.0056
  Episode_Reward/wheel_action_rate: 0.0000
  Episode_Reward/wheel_forward_use: 0.0157
 Episode_Reward/wheel_turn_support: 0.0069
   Metrics/locomotion/error_vel_xy: 0.8145
  Metrics/locomotion/error_vel_yaw: 0.3835
      Episode_Termination/time_out: 1.0000
   Episode_Termination/bad_contact: 0.0000
          Episode_Termination/tilt: 0.0000
    Episode_Termination/low_height: 0.0000
--------------------------------------------------------------------------------
                   Total timesteps: 208896
                    Iteration time: 3.04s
                      Time elapsed: 00:03:30
                               ETA: 00:01:42

################################################################################
                     [1m Learning iteration 1091/1123 [0m                     

                       Computation: 1004 steps/s (collection: 2.986s, learning 0.074s)
             Mean action noise std: 0.11
          Mean value_function loss: 0.1743
               Mean surrogate loss: -0.0168
                 Mean entropy loss: -12.5165
                       Mean reward: -69.62
               Mean episode length: 300.00
   Episode_Reward/term_bad_contact: 0.0000
          Episode_Reward/term_tilt: 0.0000
    Episode_Reward/term_low_height: 0.0000
      Episode_Reward/leg_action_l2: -0.0497
   Episode_Reward/tracking_lin_vel: 0.0000
Episode_Reward/tracking_ang_vel_yaw_l1: 0.0000
Episode_Reward/tracking_ang_vel_yaw_exp: 0.0000
Episode_Reward/tracking_lin_vel_y_l2: 0.0000
Episode_Reward/tracking_lin_vel_z_l2: 0.0000
            Episode_Reward/survive: 0.0000
    Episode_Reward/foot_contacts_z: 0.0000
            Episode_Reward/torques: -0.2226
 Episode_Reward/tracking_lin_vel_y: 0.0000
          Episode_Reward/lin_vel_z: -0.0027
         Episode_Reward/ang_vel_xy: -0.0053
   Episode_Reward/tracking_ang_vel: 0.0426
               Episode_Reward/work: -0.1175
            Episode_Reward/dof_acc: -0.3479
        Episode_Reward/action_rate: -0.0617
     Episode_Reward/dof_pos_limits: -0.0003
      Episode_Reward/delta_torques: -0.0003
          Episode_Reward/collision: -5.9680
        Episode_Reward/walking_dof: 0.1092
            Episode_Reward/hip_pos: -0.0556
          Episode_Reward/feet_jerk: 0.0000
              Episode_Reward/alive: 0.3000
          Episode_Reward/feet_drag: -0.0107
Episode_Reward/feet_contact_forces: -0.1976
               Episode_Reward/roll: -0.0255
        Episode_Reward/base_height: -0.2533
Episode_Reward/tracking_lin_vel_max: 0.0518
Episode_Reward/flat_orientation_l2: -0.0061
  Episode_Reward/air_time_variance: -0.0005
        Episode_Reward/feet_height: 0.0000
      Episode_Reward/feet_air_time: -0.0000
Episode_Reward/update_last_buffers: 0.0000
   Episode_Reward/wheel_idle_speed: -0.0989
    Episode_Reward/wheel_action_l2: -0.0070
  Episode_Reward/wheel_action_rate: 0.0000
  Episode_Reward/wheel_forward_use: 0.0086
 Episode_Reward/wheel_turn_support: 0.0158
   Metrics/locomotion/error_vel_xy: 0.8781
  Metrics/locomotion/error_vel_yaw: 0.8133
      Episode_Termination/time_out: 1.0000
   Episode_Termination/bad_contact: 0.0000
          Episode_Termination/tilt: 0.0000
    Episode_Termination/low_height: 0.0000
--------------------------------------------------------------------------------
                   Total timesteps: 211968
                    Iteration time: 3.06s
                      Time elapsed: 00:03:34
                               ETA: 00:01:39

################################################################################
                     [1m Learning iteration 1092/1123 [0m                     

                       Computation: 1000 steps/s (collection: 2.997s, learning 0.074s)
             Mean action noise std: 0.11
          Mean value_function loss: 0.1646
               Mean surrogate loss: -0.0144
                 Mean entropy loss: -12.5165
                       Mean reward: -69.60
               Mean episode length: 300.00
   Episode_Reward/term_bad_contact: 0.0000
          Episode_Reward/term_tilt: 0.0000
    Episode_Reward/term_low_height: 0.0000
      Episode_Reward/leg_action_l2: -0.0466
   Episode_Reward/tracking_lin_vel: 0.0000
Episode_Reward/tracking_ang_vel_yaw_l1: 0.0000
Episode_Reward/tracking_ang_vel_yaw_exp: 0.0000
Episode_Reward/tracking_lin_vel_y_l2: 0.0000
Episode_Reward/tracking_lin_vel_z_l2: 0.0000
            Episode_Reward/survive: 0.0000
    Episode_Reward/foot_contacts_z: 0.0000
            Episode_Reward/torques: -0.2186
 Episode_Reward/tracking_lin_vel_y: 0.0000
          Episode_Reward/lin_vel_z: -0.0024
         Episode_Reward/ang_vel_xy: -0.0055
   Episode_Reward/tracking_ang_vel: 0.0383
               Episode_Reward/work: -0.1271
            Episode_Reward/dof_acc: -0.3408
        Episode_Reward/action_rate: -0.0559
     Episode_Reward/dof_pos_limits: -0.0002
      Episode_Reward/delta_torques: -0.0003
          Episode_Reward/collision: -6.2298
        Episode_Reward/walking_dof: 0.1151
            Episode_Reward/hip_pos: -0.0546
          Episode_Reward/feet_jerk: 0.0000
              Episode_Reward/alive: 0.3000
          Episode_Reward/feet_drag: -0.0109
Episode_Reward/feet_contact_forces: -0.1973
               Episode_Reward/roll: -0.0217
        Episode_Reward/base_height: -0.2571
Episode_Reward/tracking_lin_vel_max: 0.0330
Episode_Reward/flat_orientation_l2: -0.0059
  Episode_Reward/air_time_variance: -0.0009
        Episode_Reward/feet_height: 0.0000
      Episode_Reward/feet_air_time: -0.0001
Episode_Reward/update_last_buffers: 0.0000
   Episode_Reward/wheel_idle_speed: -0.0003
    Episode_Reward/wheel_action_l2: -0.0060
  Episode_Reward/wheel_action_rate: 0.0000
  Episode_Reward/wheel_forward_use: 0.0080
 Episode_Reward/wheel_turn_support: 0.0150
   Metrics/locomotion/error_vel_xy: 0.7135
  Metrics/locomotion/error_vel_yaw: 0.8784
      Episode_Termination/time_out: 1.0000
   Episode_Termination/bad_contact: 0.0000
          Episode_Termination/tilt: 0.0000
    Episode_Termination/low_height: 0.0000
--------------------------------------------------------------------------------
                   Total timesteps: 215040
                    Iteration time: 3.07s
                      Time elapsed: 00:03:37
                               ETA: 00:01:36

################################################################################
                     [1m Learning iteration 1093/1123 [0m                     

                       Computation: 1004 steps/s (collection: 2.982s, learning 0.074s)
             Mean action noise std: 0.11
          Mean value_function loss: 0.1061
               Mean surrogate loss: -0.0159
                 Mean entropy loss: -12.5165
                       Mean reward: -69.70
               Mean episode length: 300.00
   Episode_Reward/term_bad_contact: 0.0000
          Episode_Reward/term_tilt: 0.0000
    Episode_Reward/term_low_height: 0.0000
      Episode_Reward/leg_action_l2: -0.0468
   Episode_Reward/tracking_lin_vel: 0.0000
Episode_Reward/tracking_ang_vel_yaw_l1: 0.0000
Episode_Reward/tracking_ang_vel_yaw_exp: 0.0000
Episode_Reward/tracking_lin_vel_y_l2: 0.0000
Episode_Reward/tracking_lin_vel_z_l2: 0.0000
            Episode_Reward/survive: 0.0000
    Episode_Reward/foot_contacts_z: 0.0000
            Episode_Reward/torques: -0.2193
 Episode_Reward/tracking_lin_vel_y: 0.0000
          Episode_Reward/lin_vel_z: -0.0024
         Episode_Reward/ang_vel_xy: -0.0050
   Episode_Reward/tracking_ang_vel: 0.0438
               Episode_Reward/work: -0.1291
            Episode_Reward/dof_acc: -0.2322
        Episode_Reward/action_rate: -0.0581
     Episode_Reward/dof_pos_limits: -0.0002
      Episode_Reward/delta_torques: -0.0003
          Episode_Reward/collision: -5.9792
        Episode_Reward/walking_dof: 0.1114
            Episode_Reward/hip_pos: -0.0549
          Episode_Reward/feet_jerk: 0.0000
              Episode_Reward/alive: 0.3000
          Episode_Reward/feet_drag: -0.0111
Episode_Reward/feet_contact_forces: -0.1966
               Episode_Reward/roll: -0.0204
        Episode_Reward/base_height: -0.2568
Episode_Reward/tracking_lin_vel_max: 0.0649
Episode_Reward/flat_orientation_l2: -0.0049
  Episode_Reward/air_time_variance: -0.0003
        Episode_Reward/feet_height: 0.0000
      Episode_Reward/feet_air_time: -0.0000
Episode_Reward/update_last_buffers: 0.0000
   Episode_Reward/wheel_idle_speed: -0.0833
    Episode_Reward/wheel_action_l2: -0.0064
  Episode_Reward/wheel_action_rate: 0.0000
  Episode_Reward/wheel_forward_use: 0.0103
 Episode_Reward/wheel_turn_support: 0.0117
   Metrics/locomotion/error_vel_xy: 0.7552
  Metrics/locomotion/error_vel_yaw: 0.8117
      Episode_Termination/time_out: 1.0000
   Episode_Termination/bad_contact: 0.0000
          Episode_Termination/tilt: 0.0000
    Episode_Termination/low_height: 0.0000
--------------------------------------------------------------------------------
                   Total timesteps: 218112
                    Iteration time: 3.06s
                      Time elapsed: 00:03:40
                               ETA: 00:01:33

################################################################################
                     [1m Learning iteration 1094/1123 [0m                     

                       Computation: 1000 steps/s (collection: 2.995s, learning 0.074s)
             Mean action noise std: 0.11
          Mean value_function loss: 0.2774
               Mean surrogate loss: -0.0151
                 Mean entropy loss: -12.5165
                       Mean reward: -69.70
               Mean episode length: 300.00
   Episode_Reward/term_bad_contact: 0.0000
          Episode_Reward/term_tilt: 0.0000
    Episode_Reward/term_low_height: 0.0000
      Episode_Reward/leg_action_l2: -0.0458
   Episode_Reward/tracking_lin_vel: 0.0000
Episode_Reward/tracking_ang_vel_yaw_l1: 0.0000
Episode_Reward/tracking_ang_vel_yaw_exp: 0.0000
Episode_Reward/tracking_lin_vel_y_l2: 0.0000
Episode_Reward/tracking_lin_vel_z_l2: 0.0000
            Episode_Reward/survive: 0.0000
    Episode_Reward/foot_contacts_z: 0.0000
            Episode_Reward/torques: -0.2068
 Episode_Reward/tracking_lin_vel_y: 0.0000
          Episode_Reward/lin_vel_z: -0.0024
         Episode_Reward/ang_vel_xy: -0.0049
   Episode_Reward/tracking_ang_vel: 0.0338
               Episode_Reward/work: -0.1263
            Episode_Reward/dof_acc: -0.2808
        Episode_Reward/action_rate: -0.0525
     Episode_Reward/dof_pos_limits: -0.0002
      Episode_Reward/delta_torques: -0.0003
          Episode_Reward/collision: -5.9767
        Episode_Reward/walking_dof: 0.1059
            Episode_Reward/hip_pos: -0.0547
          Episode_Reward/feet_jerk: 0.0000
              Episode_Reward/alive: 0.3000
          Episode_Reward/feet_drag: -0.0110
Episode_Reward/feet_contact_forces: -0.1968
               Episode_Reward/roll: -0.0254
        Episode_Reward/base_height: -0.2600
Episode_Reward/tracking_lin_vel_max: 0.1262
Episode_Reward/flat_orientation_l2: -0.0064
  Episode_Reward/air_time_variance: -0.0006
        Episode_Reward/feet_height: 0.0000
      Episode_Reward/feet_air_time: -0.0001
Episode_Reward/update_last_buffers: 0.0000
   Episode_Reward/wheel_idle_speed: -0.0403
    Episode_Reward/wheel_action_l2: -0.0057
  Episode_Reward/wheel_action_rate: 0.0000
  Episode_Reward/wheel_forward_use: 0.0058
 Episode_Reward/wheel_turn_support: 0.0140
   Metrics/locomotion/error_vel_xy: 0.6591
  Metrics/locomotion/error_vel_yaw: 0.9374
      Episode_Termination/time_out: 1.0000
   Episode_Termination/bad_contact: 0.0000
          Episode_Termination/tilt: 0.0000
    Episode_Termination/low_height: 0.0000
--------------------------------------------------------------------------------
                   Total timesteps: 221184
                    Iteration time: 3.07s
                      Time elapsed: 00:03:43
                               ETA: 00:01:29

################################################################################
                     [1m Learning iteration 1095/1123 [0m                     

                       Computation: 1006 steps/s (collection: 2.978s, learning 0.074s)
             Mean action noise std: 0.11
          Mean value_function loss: 0.8208
               Mean surrogate loss: -0.0093
                 Mean entropy loss: -12.5165
                       Mean reward: -69.72
               Mean episode length: 300.00
   Episode_Reward/term_bad_contact: 0.0000
          Episode_Reward/term_tilt: 0.0000
    Episode_Reward/term_low_height: 0.0000
      Episode_Reward/leg_action_l2: -0.0470
   Episode_Reward/tracking_lin_vel: 0.0000
Episode_Reward/tracking_ang_vel_yaw_l1: 0.0000
Episode_Reward/tracking_ang_vel_yaw_exp: 0.0000
Episode_Reward/tracking_lin_vel_y_l2: 0.0000
Episode_Reward/tracking_lin_vel_z_l2: 0.0000
            Episode_Reward/survive: 0.0000
    Episode_Reward/foot_contacts_z: 0.0000
            Episode_Reward/torques: -0.2125
 Episode_Reward/tracking_lin_vel_y: 0.0000
          Episode_Reward/lin_vel_z: -0.0022
         Episode_Reward/ang_vel_xy: -0.0056
   Episode_Reward/tracking_ang_vel: 0.0182
               Episode_Reward/work: -0.1364
            Episode_Reward/dof_acc: -0.4052
        Episode_Reward/action_rate: -0.0664
     Episode_Reward/dof_pos_limits: -0.0002
      Episode_Reward/delta_torques: -0.0003
          Episode_Reward/collision: -5.9975
        Episode_Reward/walking_dof: 0.1200
            Episode_Reward/hip_pos: -0.0553
          Episode_Reward/feet_jerk: 0.0000
              Episode_Reward/alive: 0.3000
          Episode_Reward/feet_drag: -0.0112
Episode_Reward/feet_contact_forces: -0.1977
               Episode_Reward/roll: -0.0139
        Episode_Reward/base_height: -0.2316
Episode_Reward/tracking_lin_vel_max: 0.0081
Episode_Reward/flat_orientation_l2: -0.0044
  Episode_Reward/air_time_variance: -0.0009
        Episode_Reward/feet_height: 0.0000
      Episode_Reward/feet_air_time: -0.0000
Episode_Reward/update_last_buffers: 0.0000
   Episode_Reward/wheel_idle_speed: 0.0000
    Episode_Reward/wheel_action_l2: -0.0085
  Episode_Reward/wheel_action_rate: 0.0000
  Episode_Reward/wheel_forward_use: 0.0021
 Episode_Reward/wheel_turn_support: 0.0156
   Metrics/locomotion/error_vel_xy: 0.8840
  Metrics/locomotion/error_vel_yaw: 1.1412
      Episode_Termination/time_out: 1.0000
   Episode_Termination/bad_contact: 0.0000
          Episode_Termination/tilt: 0.0000
    Episode_Termination/low_height: 0.0000
--------------------------------------------------------------------------------
                   Total timesteps: 224256
                    Iteration time: 3.05s
                      Time elapsed: 00:03:46
                               ETA: 00:01:26

################################################################################
                     [1m Learning iteration 1096/1123 [0m                     

                       Computation: 1019 steps/s (collection: 2.940s, learning 0.074s)
             Mean action noise std: 0.11
          Mean value_function loss: 0.1401
               Mean surrogate loss: -0.0167
                 Mean entropy loss: -12.5165
                       Mean reward: -69.31
               Mean episode length: 300.00
   Episode_Reward/term_bad_contact: 0.0000
          Episode_Reward/term_tilt: 0.0000
    Episode_Reward/term_low_height: 0.0000
      Episode_Reward/leg_action_l2: -0.0455
   Episode_Reward/tracking_lin_vel: 0.0000
Episode_Reward/tracking_ang_vel_yaw_l1: 0.0000
Episode_Reward/tracking_ang_vel_yaw_exp: 0.0000
Episode_Reward/tracking_lin_vel_y_l2: 0.0000
Episode_Reward/tracking_lin_vel_z_l2: 0.0000
            Episode_Reward/survive: 0.0000
    Episode_Reward/foot_contacts_z: 0.0000
            Episode_Reward/torques: -0.2108
 Episode_Reward/tracking_lin_vel_y: 0.0000
          Episode_Reward/lin_vel_z: -0.0024
         Episode_Reward/ang_vel_xy: -0.0048
   Episode_Reward/tracking_ang_vel: 0.0384
               Episode_Reward/work: -0.1084
            Episode_Reward/dof_acc: -0.2506
        Episode_Reward/action_rate: -0.0617
     Episode_Reward/dof_pos_limits: -0.0002
      Episode_Reward/delta_torques: -0.0003
          Episode_Reward/collision: -5.9805
        Episode_Reward/walking_dof: 0.1204
            Episode_Reward/hip_pos: -0.0550
          Episode_Reward/feet_jerk: 0.0000
              Episode_Reward/alive: 0.3000
          Episode_Reward/feet_drag: -0.0110
Episode_Reward/feet_contact_forces: -0.1966
               Episode_Reward/roll: -0.0179
        Episode_Reward/base_height: -0.2426
Episode_Reward/tracking_lin_vel_max: 0.0410
Episode_Reward/flat_orientation_l2: -0.0048
  Episode_Reward/air_time_variance: -0.0003
        Episode_Reward/feet_height: 0.0000
      Episode_Reward/feet_air_time: -0.0001
Episode_Reward/update_last_buffers: 0.0000
   Episode_Reward/wheel_idle_speed: 0.0000
    Episode_Reward/wheel_action_l2: -0.0075
  Episode_Reward/wheel_action_rate: 0.0000
  Episode_Reward/wheel_forward_use: 0.0092
 Episode_Reward/wheel_turn_support: 0.0125
   Metrics/locomotion/error_vel_xy: 0.7309
  Metrics/locomotion/error_vel_yaw: 0.9194
      Episode_Termination/time_out: 1.0000
   Episode_Termination/bad_contact: 0.0000
          Episode_Termination/tilt: 0.0000
    Episode_Termination/low_height: 0.0000
--------------------------------------------------------------------------------
                   Total timesteps: 227328
                    Iteration time: 3.01s
                      Time elapsed: 00:03:49
                               ETA: 00:01:23

################################################################################
                     [1m Learning iteration 1097/1123 [0m                     

                       Computation: 1027 steps/s (collection: 2.916s, learning 0.074s)
             Mean action noise std: 0.11
          Mean value_function loss: 0.1003
               Mean surrogate loss: -0.0194
                 Mean entropy loss: -12.5165
                       Mean reward: -69.51
               Mean episode length: 300.00
   Episode_Reward/term_bad_contact: 0.0000
          Episode_Reward/term_tilt: 0.0000
    Episode_Reward/term_low_height: 0.0000
      Episode_Reward/leg_action_l2: -0.0479
   Episode_Reward/tracking_lin_vel: 0.0000
Episode_Reward/tracking_ang_vel_yaw_l1: 0.0000
Episode_Reward/tracking_ang_vel_yaw_exp: 0.0000
Episode_Reward/tracking_lin_vel_y_l2: 0.0000
Episode_Reward/tracking_lin_vel_z_l2: 0.0000
            Episode_Reward/survive: 0.0000
    Episode_Reward/foot_contacts_z: 0.0000
            Episode_Reward/torques: -0.2286
 Episode_Reward/tracking_lin_vel_y: 0.0000
          Episode_Reward/lin_vel_z: -0.0029
         Episode_Reward/ang_vel_xy: -0.0055
   Episode_Reward/tracking_ang_vel: 0.0230
               Episode_Reward/work: -0.1348
            Episode_Reward/dof_acc: -0.2259
        Episode_Reward/action_rate: -0.0496
     Episode_Reward/dof_pos_limits: -0.0002
      Episode_Reward/delta_torques: -0.0003
          Episode_Reward/collision: -5.9596
        Episode_Reward/walking_dof: 0.1179
            Episode_Reward/hip_pos: -0.0549
          Episode_Reward/feet_jerk: 0.0000
              Episode_Reward/alive: 0.3000
          Episode_Reward/feet_drag: -0.0113
Episode_Reward/feet_contact_forces: -0.1975
               Episode_Reward/roll: -0.0153
        Episode_Reward/base_height: -0.2482
Episode_Reward/tracking_lin_vel_max: 0.0181
Episode_Reward/flat_orientation_l2: -0.0040
  Episode_Reward/air_time_variance: -0.0008
        Episode_Reward/feet_height: 0.0000
      Episode_Reward/feet_air_time: -0.0001
Episode_Reward/update_last_buffers: 0.0000
   Episode_Reward/wheel_idle_speed: -0.0208
    Episode_Reward/wheel_action_l2: -0.0045
  Episode_Reward/wheel_action_rate: 0.0000
  Episode_Reward/wheel_forward_use: 0.0055
 Episode_Reward/wheel_turn_support: 0.0118
   Metrics/locomotion/error_vel_xy: 0.7137
  Metrics/locomotion/error_vel_yaw: 1.1938
      Episode_Termination/time_out: 1.0000
   Episode_Termination/bad_contact: 0.0000
          Episode_Termination/tilt: 0.0000
    Episode_Termination/low_height: 0.0000
--------------------------------------------------------------------------------
                   Total timesteps: 230400
                    Iteration time: 2.99s
                      Time elapsed: 00:03:52
                               ETA: 00:01:20

################################################################################
                     [1m Learning iteration 1098/1123 [0m                     

                       Computation: 985 steps/s (collection: 3.042s, learning 0.075s)
             Mean action noise std: 0.11
          Mean value_function loss: 0.3400
               Mean surrogate loss: -0.0138
                 Mean entropy loss: -12.5165
                       Mean reward: -69.37
               Mean episode length: 300.00
   Episode_Reward/term_bad_contact: 0.0000
          Episode_Reward/term_tilt: 0.0000
    Episode_Reward/term_low_height: 0.0000
      Episode_Reward/leg_action_l2: -0.0468
   Episode_Reward/tracking_lin_vel: 0.0000
Episode_Reward/tracking_ang_vel_yaw_l1: 0.0000
Episode_Reward/tracking_ang_vel_yaw_exp: 0.0000
Episode_Reward/tracking_lin_vel_y_l2: 0.0000
Episode_Reward/tracking_lin_vel_z_l2: 0.0000
            Episode_Reward/survive: 0.0000
    Episode_Reward/foot_contacts_z: 0.0000
            Episode_Reward/torques: -0.2123
 Episode_Reward/tracking_lin_vel_y: 0.0000
          Episode_Reward/lin_vel_z: -0.0026
         Episode_Reward/ang_vel_xy: -0.0054
   Episode_Reward/tracking_ang_vel: 0.0327
               Episode_Reward/work: -0.1374
            Episode_Reward/dof_acc: -0.3072
        Episode_Reward/action_rate: -0.0629
     Episode_Reward/dof_pos_limits: -0.0003
      Episode_Reward/delta_torques: -0.0003
          Episode_Reward/collision: -6.0382
        Episode_Reward/walking_dof: 0.1120
            Episode_Reward/hip_pos: -0.0553
          Episode_Reward/feet_jerk: 0.0000
              Episode_Reward/alive: 0.3000
          Episode_Reward/feet_drag: -0.0106
Episode_Reward/feet_contact_forces: -0.1965
               Episode_Reward/roll: -0.0261
        Episode_Reward/base_height: -0.2550
Episode_Reward/tracking_lin_vel_max: 0.0704
Episode_Reward/flat_orientation_l2: -0.0059
  Episode_Reward/air_time_variance: -0.0008
        Episode_Reward/feet_height: 0.0000
      Episode_Reward/feet_air_time: -0.0000
Episode_Reward/update_last_buffers: 0.0000
   Episode_Reward/wheel_idle_speed: -0.0700
    Episode_Reward/wheel_action_l2: -0.0074
  Episode_Reward/wheel_action_rate: 0.0000
  Episode_Reward/wheel_forward_use: 0.0059
 Episode_Reward/wheel_turn_support: 0.0140
   Metrics/locomotion/error_vel_xy: 0.6855
  Metrics/locomotion/error_vel_yaw: 0.9833
      Episode_Termination/time_out: 1.0000
   Episode_Termination/bad_contact: 0.0000
          Episode_Termination/tilt: 0.0000
    Episode_Termination/low_height: 0.0000
--------------------------------------------------------------------------------
                   Total timesteps: 233472
                    Iteration time: 3.12s
                      Time elapsed: 00:03:55
                               ETA: 00:01:17

################################################################################
                     [1m Learning iteration 1099/1123 [0m                     

                       Computation: 988 steps/s (collection: 3.034s, learning 0.074s)
             Mean action noise std: 0.11
          Mean value_function loss: 0.3179
               Mean surrogate loss: -0.0142
                 Mean entropy loss: -12.5165
                       Mean reward: -68.95
               Mean episode length: 300.00
   Episode_Reward/term_bad_contact: 0.0000
          Episode_Reward/term_tilt: 0.0000
    Episode_Reward/term_low_height: 0.0000
      Episode_Reward/leg_action_l2: -0.0455
   Episode_Reward/tracking_lin_vel: 0.0000
Episode_Reward/tracking_ang_vel_yaw_l1: 0.0000
Episode_Reward/tracking_ang_vel_yaw_exp: 0.0000
Episode_Reward/tracking_lin_vel_y_l2: 0.0000
Episode_Reward/tracking_lin_vel_z_l2: 0.0000
            Episode_Reward/survive: 0.0000
    Episode_Reward/foot_contacts_z: 0.0000
            Episode_Reward/torques: -0.2188
 Episode_Reward/tracking_lin_vel_y: 0.0000
          Episode_Reward/lin_vel_z: -0.0024
         Episode_Reward/ang_vel_xy: -0.0057
   Episode_Reward/tracking_ang_vel: 0.0386
               Episode_Reward/work: -0.1338
            Episode_Reward/dof_acc: -0.4233
        Episode_Reward/action_rate: -0.0514
     Episode_Reward/dof_pos_limits: -0.0002
      Episode_Reward/delta_torques: -0.0003
          Episode_Reward/collision: -6.0155
        Episode_Reward/walking_dof: 0.0934
            Episode_Reward/hip_pos: -0.0540
          Episode_Reward/feet_jerk: 0.0000
              Episode_Reward/alive: 0.3000
          Episode_Reward/feet_drag: -0.0109
Episode_Reward/feet_contact_forces: -0.1971
               Episode_Reward/roll: -0.0190
        Episode_Reward/base_height: -0.2503
Episode_Reward/tracking_lin_vel_max: 0.1709
Episode_Reward/flat_orientation_l2: -0.0050
  Episode_Reward/air_time_variance: -0.0006
        Episode_Reward/feet_height: 0.0000
      Episode_Reward/feet_air_time: -0.0000
Episode_Reward/update_last_buffers: 0.0000
   Episode_Reward/wheel_idle_speed: -0.2117
    Episode_Reward/wheel_action_l2: -0.0051
  Episode_Reward/wheel_action_rate: 0.0000
  Episode_Reward/wheel_forward_use: 0.0053
 Episode_Reward/wheel_turn_support: 0.0113
   Metrics/locomotion/error_vel_xy: 0.6072
  Metrics/locomotion/error_vel_yaw: 0.8813
      Episode_Termination/time_out: 1.0000
   Episode_Termination/bad_contact: 0.0000
          Episode_Termination/tilt: 0.0000
    Episode_Termination/low_height: 0.0000
--------------------------------------------------------------------------------
                   Total timesteps: 236544
                    Iteration time: 3.11s
                      Time elapsed: 00:03:58
                               ETA: 00:01:14

################################################################################
                     [1m Learning iteration 1100/1123 [0m                     

                       Computation: 1008 steps/s (collection: 2.972s, learning 0.074s)
             Mean action noise std: 0.11
          Mean value_function loss: 0.1349
               Mean surrogate loss: -0.0173
                 Mean entropy loss: -12.5165
                       Mean reward: -68.83
               Mean episode length: 300.00
   Episode_Reward/term_bad_contact: 0.0000
          Episode_Reward/term_tilt: 0.0000
    Episode_Reward/term_low_height: 0.0000
      Episode_Reward/leg_action_l2: -0.0455
   Episode_Reward/tracking_lin_vel: 0.0000
Episode_Reward/tracking_ang_vel_yaw_l1: 0.0000
Episode_Reward/tracking_ang_vel_yaw_exp: 0.0000
Episode_Reward/tracking_lin_vel_y_l2: 0.0000
Episode_Reward/tracking_lin_vel_z_l2: 0.0000
            Episode_Reward/survive: 0.0000
    Episode_Reward/foot_contacts_z: 0.0000
            Episode_Reward/torques: -0.2120
 Episode_Reward/tracking_lin_vel_y: 0.0000
          Episode_Reward/lin_vel_z: -0.0024
         Episode_Reward/ang_vel_xy: -0.0049
   Episode_Reward/tracking_ang_vel: 0.0283
               Episode_Reward/work: -0.1385
            Episode_Reward/dof_acc: -0.5245
        Episode_Reward/action_rate: -0.0595
     Episode_Reward/dof_pos_limits: -0.0003
      Episode_Reward/delta_torques: -0.0003
          Episode_Reward/collision: -6.0907
        Episode_Reward/walking_dof: 0.1183
            Episode_Reward/hip_pos: -0.0549
          Episode_Reward/feet_jerk: 0.0000
              Episode_Reward/alive: 0.3000
          Episode_Reward/feet_drag: -0.0107
Episode_Reward/feet_contact_forces: -0.1973
               Episode_Reward/roll: -0.0222
        Episode_Reward/base_height: -0.2502
Episode_Reward/tracking_lin_vel_max: 0.0842
Episode_Reward/flat_orientation_l2: -0.0059
  Episode_Reward/air_time_variance: -0.0013
        Episode_Reward/feet_height: 0.0000
      Episode_Reward/feet_air_time: -0.0000
Episode_Reward/update_last_buffers: 0.0000
   Episode_Reward/wheel_idle_speed: -0.0001
    Episode_Reward/wheel_action_l2: -0.0066
  Episode_Reward/wheel_action_rate: 0.0000
  Episode_Reward/wheel_forward_use: 0.0026
 Episode_Reward/wheel_turn_support: 0.0128
   Metrics/locomotion/error_vel_xy: 0.8002
  Metrics/locomotion/error_vel_yaw: 1.0005
      Episode_Termination/time_out: 1.0000
   Episode_Termination/bad_contact: 0.0000
          Episode_Termination/tilt: 0.0000
    Episode_Termination/low_height: 0.0000
--------------------------------------------------------------------------------
                   Total timesteps: 239616
                    Iteration time: 3.05s
                      Time elapsed: 00:04:01
                               ETA: 00:01:11

################################################################################
                     [1m Learning iteration 1101/1123 [0m                     

                       Computation: 1010 steps/s (collection: 2.966s, learning 0.075s)
             Mean action noise std: 0.11
          Mean value_function loss: 0.1469
               Mean surrogate loss: -0.0173
                 Mean entropy loss: -12.5165
                       Mean reward: -68.65
               Mean episode length: 300.00
   Episode_Reward/term_bad_contact: 0.0000
          Episode_Reward/term_tilt: 0.0000
    Episode_Reward/term_low_height: 0.0000
      Episode_Reward/leg_action_l2: -0.0445
   Episode_Reward/tracking_lin_vel: 0.0000
Episode_Reward/tracking_ang_vel_yaw_l1: 0.0000
Episode_Reward/tracking_ang_vel_yaw_exp: 0.0000
Episode_Reward/tracking_lin_vel_y_l2: 0.0000
Episode_Reward/tracking_lin_vel_z_l2: 0.0000
            Episode_Reward/survive: 0.0000
    Episode_Reward/foot_contacts_z: 0.0000
            Episode_Reward/torques: -0.2173
 Episode_Reward/tracking_lin_vel_y: 0.0000
          Episode_Reward/lin_vel_z: -0.0023
         Episode_Reward/ang_vel_xy: -0.0046
   Episode_Reward/tracking_ang_vel: 0.0365
               Episode_Reward/work: -0.1410
            Episode_Reward/dof_acc: -0.4247
        Episode_Reward/action_rate: -0.0629
     Episode_Reward/dof_pos_limits: -0.0003
      Episode_Reward/delta_torques: -0.0003
          Episode_Reward/collision: -5.9961
        Episode_Reward/walking_dof: 0.1164
            Episode_Reward/hip_pos: -0.0554
          Episode_Reward/feet_jerk: 0.0000
              Episode_Reward/alive: 0.3000
          Episode_Reward/feet_drag: -0.0105
Episode_Reward/feet_contact_forces: -0.1967
               Episode_Reward/roll: -0.0182
        Episode_Reward/base_height: -0.2452
Episode_Reward/tracking_lin_vel_max: 0.0842
Episode_Reward/flat_orientation_l2: -0.0051
  Episode_Reward/air_time_variance: -0.0022
        Episode_Reward/feet_height: 0.0000
      Episode_Reward/feet_air_time: -0.0000
Episode_Reward/update_last_buffers: 0.0000
   Episode_Reward/wheel_idle_speed: -0.0004
    Episode_Reward/wheel_action_l2: -0.0076
  Episode_Reward/wheel_action_rate: 0.0000
  Episode_Reward/wheel_forward_use: 0.0133
 Episode_Reward/wheel_turn_support: 0.0126
   Metrics/locomotion/error_vel_xy: 0.7209
  Metrics/locomotion/error_vel_yaw: 0.9353
      Episode_Termination/time_out: 1.0000
   Episode_Termination/bad_contact: 0.0000
          Episode_Termination/tilt: 0.0000
    Episode_Termination/low_height: 0.0000
--------------------------------------------------------------------------------
                   Total timesteps: 242688
                    Iteration time: 3.04s
                      Time elapsed: 00:04:04
                               ETA: 00:01:08

################################################################################
                     [1m Learning iteration 1102/1123 [0m                     

                       Computation: 1012 steps/s (collection: 2.959s, learning 0.073s)
             Mean action noise std: 0.11
          Mean value_function loss: 0.0694
               Mean surrogate loss: -0.0169
                 Mean entropy loss: -12.5165
                       Mean reward: -68.95
               Mean episode length: 300.00
   Episode_Reward/term_bad_contact: 0.0000
          Episode_Reward/term_tilt: 0.0000
    Episode_Reward/term_low_height: 0.0000
      Episode_Reward/leg_action_l2: -0.0471
   Episode_Reward/tracking_lin_vel: 0.0000
Episode_Reward/tracking_ang_vel_yaw_l1: 0.0000
Episode_Reward/tracking_ang_vel_yaw_exp: 0.0000
Episode_Reward/tracking_lin_vel_y_l2: 0.0000
Episode_Reward/tracking_lin_vel_z_l2: 0.0000
            Episode_Reward/survive: 0.0000
    Episode_Reward/foot_contacts_z: 0.0000
            Episode_Reward/torques: -0.2243
 Episode_Reward/tracking_lin_vel_y: 0.0000
          Episode_Reward/lin_vel_z: -0.0029
         Episode_Reward/ang_vel_xy: -0.0063
   Episode_Reward/tracking_ang_vel: 0.0342
               Episode_Reward/work: -0.1493
            Episode_Reward/dof_acc: -0.3613
        Episode_Reward/action_rate: -0.0522
     Episode_Reward/dof_pos_limits: -0.0002
      Episode_Reward/delta_torques: -0.0003
          Episode_Reward/collision: -6.0429
        Episode_Reward/walking_dof: 0.1075
            Episode_Reward/hip_pos: -0.0556
          Episode_Reward/feet_jerk: 0.0000
              Episode_Reward/alive: 0.3000
          Episode_Reward/feet_drag: -0.0111
Episode_Reward/feet_contact_forces: -0.1972
               Episode_Reward/roll: -0.0197
        Episode_Reward/base_height: -0.2491
Episode_Reward/tracking_lin_vel_max: 0.1412
Episode_Reward/flat_orientation_l2: -0.0048
  Episode_Reward/air_time_variance: -0.0009
        Episode_Reward/feet_height: 0.0000
      Episode_Reward/feet_air_time: -0.0001
Episode_Reward/update_last_buffers: 0.0000
   Episode_Reward/wheel_idle_speed: -0.2167
    Episode_Reward/wheel_action_l2: -0.0052
  Episode_Reward/wheel_action_rate: 0.0000
  Episode_Reward/wheel_forward_use: 0.0080
 Episode_Reward/wheel_turn_support: 0.0117
   Metrics/locomotion/error_vel_xy: 0.5935
  Metrics/locomotion/error_vel_yaw: 0.9423
      Episode_Termination/time_out: 1.0000
   Episode_Termination/bad_contact: 0.0000
          Episode_Termination/tilt: 0.0000
    Episode_Termination/low_height: 0.0000
--------------------------------------------------------------------------------
                   Total timesteps: 245760
                    Iteration time: 3.03s
                      Time elapsed: 00:04:07
                               ETA: 00:01:05

################################################################################
                     [1m Learning iteration 1103/1123 [0m                     

                       Computation: 1022 steps/s (collection: 2.932s, learning 0.073s)
             Mean action noise std: 0.11
          Mean value_function loss: 0.0692
               Mean surrogate loss: -0.0174
                 Mean entropy loss: -12.5165
                       Mean reward: -69.11
               Mean episode length: 300.00
   Episode_Reward/term_bad_contact: 0.0000
          Episode_Reward/term_tilt: 0.0000
    Episode_Reward/term_low_height: 0.0000
      Episode_Reward/leg_action_l2: -0.0436
   Episode_Reward/tracking_lin_vel: 0.0000
Episode_Reward/tracking_ang_vel_yaw_l1: 0.0000
Episode_Reward/tracking_ang_vel_yaw_exp: 0.0000
Episode_Reward/tracking_lin_vel_y_l2: 0.0000
Episode_Reward/tracking_lin_vel_z_l2: 0.0000
            Episode_Reward/survive: 0.0000
    Episode_Reward/foot_contacts_z: 0.0000
            Episode_Reward/torques: -0.2114
 Episode_Reward/tracking_lin_vel_y: 0.0000
          Episode_Reward/lin_vel_z: -0.0025
         Episode_Reward/ang_vel_xy: -0.0048
   Episode_Reward/tracking_ang_vel: 0.0376
               Episode_Reward/work: -0.1154
            Episode_Reward/dof_acc: -0.2307
        Episode_Reward/action_rate: -0.0657
     Episode_Reward/dof_pos_limits: -0.0002
      Episode_Reward/delta_torques: -0.0003
          Episode_Reward/collision: -6.0634
        Episode_Reward/walking_dof: 0.0888
            Episode_Reward/hip_pos: -0.0548
          Episode_Reward/feet_jerk: 0.0000
              Episode_Reward/alive: 0.3000
          Episode_Reward/feet_drag: -0.0105
Episode_Reward/feet_contact_forces: -0.1970
               Episode_Reward/roll: -0.0189
        Episode_Reward/base_height: -0.2425
Episode_Reward/tracking_lin_vel_max: 0.2337
Episode_Reward/flat_orientation_l2: -0.0054
  Episode_Reward/air_time_variance: -0.0008
        Episode_Reward/feet_height: 0.0000
      Episode_Reward/feet_air_time: -0.0000
Episode_Reward/update_last_buffers: 0.0000
   Episode_Reward/wheel_idle_speed: -0.4137
    Episode_Reward/wheel_action_l2: -0.0084
  Episode_Reward/wheel_action_rate: 0.0000
  Episode_Reward/wheel_forward_use: 0.0015
 Episode_Reward/wheel_turn_support: 0.0123
   Metrics/locomotion/error_vel_xy: 0.4881
  Metrics/locomotion/error_vel_yaw: 0.8934
      Episode_Termination/time_out: 1.0000
   Episode_Termination/bad_contact: 0.0000
          Episode_Termination/tilt: 0.0000
    Episode_Termination/low_height: 0.0000
--------------------------------------------------------------------------------
                   Total timesteps: 248832
                    Iteration time: 3.00s
                      Time elapsed: 00:04:10
                               ETA: 00:01:01

################################################################################
                     [1m Learning iteration 1104/1123 [0m                     

                       Computation: 1034 steps/s (collection: 2.896s, learning 0.074s)
             Mean action noise std: 0.11
          Mean value_function loss: 0.1309
               Mean surrogate loss: -0.0135
                 Mean entropy loss: -12.5165
                       Mean reward: -69.06
               Mean episode length: 300.00
   Episode_Reward/term_bad_contact: 0.0000
          Episode_Reward/term_tilt: 0.0000
    Episode_Reward/term_low_height: 0.0000
      Episode_Reward/leg_action_l2: -0.0449
   Episode_Reward/tracking_lin_vel: 0.0000
Episode_Reward/tracking_ang_vel_yaw_l1: 0.0000
Episode_Reward/tracking_ang_vel_yaw_exp: 0.0000
Episode_Reward/tracking_lin_vel_y_l2: 0.0000
Episode_Reward/tracking_lin_vel_z_l2: 0.0000
            Episode_Reward/survive: 0.0000
    Episode_Reward/foot_contacts_z: 0.0000
            Episode_Reward/torques: -0.2138
 Episode_Reward/tracking_lin_vel_y: 0.0000
          Episode_Reward/lin_vel_z: -0.0027
         Episode_Reward/ang_vel_xy: -0.0051
   Episode_Reward/tracking_ang_vel: 0.0262
               Episode_Reward/work: -0.1381
            Episode_Reward/dof_acc: -0.3464
        Episode_Reward/action_rate: -0.0622
     Episode_Reward/dof_pos_limits: -0.0002
      Episode_Reward/delta_torques: -0.0003
          Episode_Reward/collision: -5.9858
        Episode_Reward/walking_dof: 0.1207
            Episode_Reward/hip_pos: -0.0548
          Episode_Reward/feet_jerk: 0.0000
              Episode_Reward/alive: 0.3000
          Episode_Reward/feet_drag: -0.0104
Episode_Reward/feet_contact_forces: -0.1973
               Episode_Reward/roll: -0.0162
        Episode_Reward/base_height: -0.2346
Episode_Reward/tracking_lin_vel_max: 0.1386
Episode_Reward/flat_orientation_l2: -0.0045
  Episode_Reward/air_time_variance: -0.0060
        Episode_Reward/feet_height: 0.0000
      Episode_Reward/feet_air_time: -0.0001
Episode_Reward/update_last_buffers: 0.0000
   Episode_Reward/wheel_idle_speed: 0.0000
    Episode_Reward/wheel_action_l2: -0.0075
  Episode_Reward/wheel_action_rate: 0.0000
  Episode_Reward/wheel_forward_use: 0.0045
 Episode_Reward/wheel_turn_support: 0.0171
   Metrics/locomotion/error_vel_xy: 0.6202
  Metrics/locomotion/error_vel_yaw: 0.9703
      Episode_Termination/time_out: 1.0000
   Episode_Termination/bad_contact: 0.0000
          Episode_Termination/tilt: 0.0000
    Episode_Termination/low_height: 0.0000
--------------------------------------------------------------------------------
                   Total timesteps: 251904
                    Iteration time: 2.97s
                      Time elapsed: 00:04:13
                               ETA: 00:00:58

################################################################################
                     [1m Learning iteration 1105/1123 [0m                     

                       Computation: 1016 steps/s (collection: 2.948s, learning 0.074s)
             Mean action noise std: 0.11
          Mean value_function loss: 0.1752
               Mean surrogate loss: -0.0112
                 Mean entropy loss: -12.5165
                       Mean reward: -69.26
               Mean episode length: 300.00
   Episode_Reward/term_bad_contact: 0.0000
          Episode_Reward/term_tilt: 0.0000
    Episode_Reward/term_low_height: 0.0000
      Episode_Reward/leg_action_l2: -0.0469
   Episode_Reward/tracking_lin_vel: 0.0000
Episode_Reward/tracking_ang_vel_yaw_l1: 0.0000
Episode_Reward/tracking_ang_vel_yaw_exp: 0.0000
Episode_Reward/tracking_lin_vel_y_l2: 0.0000
Episode_Reward/tracking_lin_vel_z_l2: 0.0000
            Episode_Reward/survive: 0.0000
    Episode_Reward/foot_contacts_z: 0.0000
            Episode_Reward/torques: -0.2185
 Episode_Reward/tracking_lin_vel_y: 0.0000
          Episode_Reward/lin_vel_z: -0.0024
         Episode_Reward/ang_vel_xy: -0.0055
   Episode_Reward/tracking_ang_vel: 0.0326
               Episode_Reward/work: -0.1431
            Episode_Reward/dof_acc: -0.3587
        Episode_Reward/action_rate: -0.0463
     Episode_Reward/dof_pos_limits: -0.0002
      Episode_Reward/delta_torques: -0.0003
          Episode_Reward/collision: -6.0617
        Episode_Reward/walking_dof: 0.1091
            Episode_Reward/hip_pos: -0.0540
          Episode_Reward/feet_jerk: 0.0000
              Episode_Reward/alive: 0.3000
          Episode_Reward/feet_drag: -0.0114
Episode_Reward/feet_contact_forces: -0.1971
               Episode_Reward/roll: -0.0130
        Episode_Reward/base_height: -0.2399
Episode_Reward/tracking_lin_vel_max: 0.1620
Episode_Reward/flat_orientation_l2: -0.0046
  Episode_Reward/air_time_variance: -0.0018
        Episode_Reward/feet_height: 0.0000
      Episode_Reward/feet_air_time: -0.0001
Episode_Reward/update_last_buffers: 0.0000
   Episode_Reward/wheel_idle_speed: -0.0809
    Episode_Reward/wheel_action_l2: -0.0042
  Episode_Reward/wheel_action_rate: 0.0000
  Episode_Reward/wheel_forward_use: 0.0040
 Episode_Reward/wheel_turn_support: 0.0142
   Metrics/locomotion/error_vel_xy: 0.5960
  Metrics/locomotion/error_vel_yaw: 0.9586
      Episode_Termination/time_out: 1.0000
   Episode_Termination/bad_contact: 0.0000
          Episode_Termination/tilt: 0.0000
    Episode_Termination/low_height: 0.0000
--------------------------------------------------------------------------------
                   Total timesteps: 254976
                    Iteration time: 3.02s
                      Time elapsed: 00:04:16
                               ETA: 00:00:55

################################################################################
                     [1m Learning iteration 1106/1123 [0m                     

                       Computation: 992 steps/s (collection: 3.019s, learning 0.077s)
             Mean action noise std: 0.11
          Mean value_function loss: 0.1612
               Mean surrogate loss: -0.0135
                 Mean entropy loss: -12.5165
                       Mean reward: -69.33
               Mean episode length: 300.00
   Episode_Reward/term_bad_contact: 0.0000
          Episode_Reward/term_tilt: 0.0000
    Episode_Reward/term_low_height: 0.0000
      Episode_Reward/leg_action_l2: -0.0438
   Episode_Reward/tracking_lin_vel: 0.0000
Episode_Reward/tracking_ang_vel_yaw_l1: 0.0000
Episode_Reward/tracking_ang_vel_yaw_exp: 0.0000
Episode_Reward/tracking_lin_vel_y_l2: 0.0000
Episode_Reward/tracking_lin_vel_z_l2: 0.0000
            Episode_Reward/survive: 0.0000
    Episode_Reward/foot_contacts_z: 0.0000
            Episode_Reward/torques: -0.2149
 Episode_Reward/tracking_lin_vel_y: 0.0000
          Episode_Reward/lin_vel_z: -0.0027
         Episode_Reward/ang_vel_xy: -0.0049
   Episode_Reward/tracking_ang_vel: 0.0478
               Episode_Reward/work: -0.1077
            Episode_Reward/dof_acc: -0.2199
        Episode_Reward/action_rate: -0.0582
     Episode_Reward/dof_pos_limits: -0.0002
      Episode_Reward/delta_torques: -0.0003
          Episode_Reward/collision: -6.0846
        Episode_Reward/walking_dof: 0.0810
            Episode_Reward/hip_pos: -0.0549
          Episode_Reward/feet_jerk: 0.0000
              Episode_Reward/alive: 0.3000
          Episode_Reward/feet_drag: -0.0109
Episode_Reward/feet_contact_forces: -0.1971
               Episode_Reward/roll: -0.0185
        Episode_Reward/base_height: -0.2552
Episode_Reward/tracking_lin_vel_max: 0.1638
Episode_Reward/flat_orientation_l2: -0.0048
  Episode_Reward/air_time_variance: -0.0002
        Episode_Reward/feet_height: 0.0000
      Episode_Reward/feet_air_time: -0.0000
Episode_Reward/update_last_buffers: 0.0000
   Episode_Reward/wheel_idle_speed: -0.4174
    Episode_Reward/wheel_action_l2: -0.0071
  Episode_Reward/wheel_action_rate: 0.0000
  Episode_Reward/wheel_forward_use: 0.0041
 Episode_Reward/wheel_turn_support: 0.0086
   Metrics/locomotion/error_vel_xy: 0.5511
  Metrics/locomotion/error_vel_yaw: 0.7756
      Episode_Termination/time_out: 1.0000
   Episode_Termination/bad_contact: 0.0000
          Episode_Termination/tilt: 0.0000
    Episode_Termination/low_height: 0.0000
--------------------------------------------------------------------------------
                   Total timesteps: 258048
                    Iteration time: 3.10s
                      Time elapsed: 00:04:19
                               ETA: 00:00:52

################################################################################
                     [1m Learning iteration 1107/1123 [0m                     

                       Computation: 1029 steps/s (collection: 2.911s, learning 0.073s)
             Mean action noise std: 0.11
          Mean value_function loss: 0.0828
               Mean surrogate loss: -0.0163
                 Mean entropy loss: -12.5165
                       Mean reward: -69.75
               Mean episode length: 300.00
   Episode_Reward/term_bad_contact: 0.0000
          Episode_Reward/term_tilt: 0.0000
    Episode_Reward/term_low_height: 0.0000
      Episode_Reward/leg_action_l2: -0.0511
   Episode_Reward/tracking_lin_vel: 0.0000
Episode_Reward/tracking_ang_vel_yaw_l1: 0.0000
Episode_Reward/tracking_ang_vel_yaw_exp: 0.0000
Episode_Reward/tracking_lin_vel_y_l2: 0.0000
Episode_Reward/tracking_lin_vel_z_l2: 0.0000
            Episode_Reward/survive: 0.0000
    Episode_Reward/foot_contacts_z: 0.0000
            Episode_Reward/torques: -0.2274
 Episode_Reward/tracking_lin_vel_y: 0.0000
          Episode_Reward/lin_vel_z: -0.0023
         Episode_Reward/ang_vel_xy: -0.0057
   Episode_Reward/tracking_ang_vel: 0.0454
               Episode_Reward/work: -0.1916
            Episode_Reward/dof_acc: -0.9155
        Episode_Reward/action_rate: -0.0469
     Episode_Reward/dof_pos_limits: -0.0002
      Episode_Reward/delta_torques: -0.0004
          Episode_Reward/collision: -5.9525
        Episode_Reward/walking_dof: 0.0786
            Episode_Reward/hip_pos: -0.0539
          Episode_Reward/feet_jerk: 0.0000
              Episode_Reward/alive: 0.3000
          Episode_Reward/feet_drag: -0.0115
Episode_Reward/feet_contact_forces: -0.1979
               Episode_Reward/roll: -0.0265
        Episode_Reward/base_height: -0.2617
Episode_Reward/tracking_lin_vel_max: 0.1404
Episode_Reward/flat_orientation_l2: -0.0067
  Episode_Reward/air_time_variance: -0.0002
        Episode_Reward/feet_height: 0.0000
      Episode_Reward/feet_air_time: -0.0000
Episode_Reward/update_last_buffers: 0.0000
   Episode_Reward/wheel_idle_speed: -1.3094
    Episode_Reward/wheel_action_l2: -0.0040
  Episode_Reward/wheel_action_rate: 0.0000
  Episode_Reward/wheel_forward_use: 0.0001
 Episode_Reward/wheel_turn_support: 0.0181
   Metrics/locomotion/error_vel_xy: 0.6398
  Metrics/locomotion/error_vel_yaw: 0.7517
      Episode_Termination/time_out: 1.0000
   Episode_Termination/bad_contact: 0.0000
          Episode_Termination/tilt: 0.0000
    Episode_Termination/low_height: 0.0000
--------------------------------------------------------------------------------
                   Total timesteps: 261120
                    Iteration time: 2.98s
                      Time elapsed: 00:04:22
                               ETA: 00:00:49

################################################################################
                     [1m Learning iteration 1108/1123 [0m                     

                       Computation: 1003 steps/s (collection: 2.984s, learning 0.078s)
             Mean action noise std: 0.11
          Mean value_function loss: 0.1730
               Mean surrogate loss: -0.0135
                 Mean entropy loss: -12.5165
                       Mean reward: -69.82
               Mean episode length: 300.00
   Episode_Reward/term_bad_contact: 0.0000
          Episode_Reward/term_tilt: 0.0000
    Episode_Reward/term_low_height: 0.0000
      Episode_Reward/leg_action_l2: -0.0471
   Episode_Reward/tracking_lin_vel: 0.0000
Episode_Reward/tracking_ang_vel_yaw_l1: 0.0000
Episode_Reward/tracking_ang_vel_yaw_exp: 0.0000
Episode_Reward/tracking_lin_vel_y_l2: 0.0000
Episode_Reward/tracking_lin_vel_z_l2: 0.0000
            Episode_Reward/survive: 0.0000
    Episode_Reward/foot_contacts_z: 0.0000
            Episode_Reward/torques: -0.2160
 Episode_Reward/tracking_lin_vel_y: 0.0000
          Episode_Reward/lin_vel_z: -0.0025
         Episode_Reward/ang_vel_xy: -0.0059
   Episode_Reward/tracking_ang_vel: 0.0419
               Episode_Reward/work: -0.1542
            Episode_Reward/dof_acc: -0.4931
        Episode_Reward/action_rate: -0.0566
     Episode_Reward/dof_pos_limits: -0.0003
      Episode_Reward/delta_torques: -0.0003
          Episode_Reward/collision: -6.0529
        Episode_Reward/walking_dof: 0.1005
            Episode_Reward/hip_pos: -0.0547
          Episode_Reward/feet_jerk: 0.0000
              Episode_Reward/alive: 0.3000
          Episode_Reward/feet_drag: -0.0107
Episode_Reward/feet_contact_forces: -0.1976
               Episode_Reward/roll: -0.0234
        Episode_Reward/base_height: -0.2448
Episode_Reward/tracking_lin_vel_max: 0.1548
Episode_Reward/flat_orientation_l2: -0.0063
  Episode_Reward/air_time_variance: -0.0004
        Episode_Reward/feet_height: 0.0000
      Episode_Reward/feet_air_time: -0.0000
Episode_Reward/update_last_buffers: 0.0000
   Episode_Reward/wheel_idle_speed: -0.4173
    Episode_Reward/wheel_action_l2: -0.0062
  Episode_Reward/wheel_action_rate: 0.0000
  Episode_Reward/wheel_forward_use: 0.0042
 Episode_Reward/wheel_turn_support: 0.0133
   Metrics/locomotion/error_vel_xy: 0.6983
  Metrics/locomotion/error_vel_yaw: 0.8124
      Episode_Termination/time_out: 1.0000
   Episode_Termination/bad_contact: 0.0000
          Episode_Termination/tilt: 0.0000
    Episode_Termination/low_height: 0.0000
--------------------------------------------------------------------------------
                   Total timesteps: 264192
                    Iteration time: 3.06s
                      Time elapsed: 00:04:25
                               ETA: 00:00:46

################################################################################
                     [1m Learning iteration 1109/1123 [0m                     

                       Computation: 1018 steps/s (collection: 2.940s, learning 0.076s)
             Mean action noise std: 0.11
          Mean value_function loss: 0.1180
               Mean surrogate loss: -0.0153
                 Mean entropy loss: -12.5165
                       Mean reward: -69.65
               Mean episode length: 300.00
   Episode_Reward/term_bad_contact: 0.0000
          Episode_Reward/term_tilt: 0.0000
    Episode_Reward/term_low_height: 0.0000
      Episode_Reward/leg_action_l2: -0.0473
   Episode_Reward/tracking_lin_vel: 0.0000
Episode_Reward/tracking_ang_vel_yaw_l1: 0.0000
Episode_Reward/tracking_ang_vel_yaw_exp: 0.0000
Episode_Reward/tracking_lin_vel_y_l2: 0.0000
Episode_Reward/tracking_lin_vel_z_l2: 0.0000
            Episode_Reward/survive: 0.0000
    Episode_Reward/foot_contacts_z: 0.0000
            Episode_Reward/torques: -0.2215
 Episode_Reward/tracking_lin_vel_y: 0.0000
          Episode_Reward/lin_vel_z: -0.0029
         Episode_Reward/ang_vel_xy: -0.0053
   Episode_Reward/tracking_ang_vel: 0.0664
               Episode_Reward/work: -0.1285
            Episode_Reward/dof_acc: -0.2583
        Episode_Reward/action_rate: -0.0442
     Episode_Reward/dof_pos_limits: -0.0001
      Episode_Reward/delta_torques: -0.0003
          Episode_Reward/collision: -5.9815
        Episode_Reward/walking_dof: 0.1047
            Episode_Reward/hip_pos: -0.0540
          Episode_Reward/feet_jerk: 0.0000
              Episode_Reward/alive: 0.3000
          Episode_Reward/feet_drag: -0.0114
Episode_Reward/feet_contact_forces: -0.1973
               Episode_Reward/roll: -0.0138
        Episode_Reward/base_height: -0.2497
Episode_Reward/tracking_lin_vel_max: 0.0839
Episode_Reward/flat_orientation_l2: -0.0045
  Episode_Reward/air_time_variance: -0.0081
        Episode_Reward/feet_height: 0.0000
      Episode_Reward/feet_air_time: -0.0000
Episode_Reward/update_last_buffers: 0.0000
   Episode_Reward/wheel_idle_speed: -0.0015
    Episode_Reward/wheel_action_l2: -0.0037
  Episode_Reward/wheel_action_rate: 0.0000
  Episode_Reward/wheel_forward_use: 0.0146
 Episode_Reward/wheel_turn_support: 0.0050
   Metrics/locomotion/error_vel_xy: 0.7847
  Metrics/locomotion/error_vel_yaw: 0.5397
      Episode_Termination/time_out: 1.0000
   Episode_Termination/bad_contact: 0.0000
          Episode_Termination/tilt: 0.0000
    Episode_Termination/low_height: 0.0000
--------------------------------------------------------------------------------
                   Total timesteps: 267264
                    Iteration time: 3.02s
                      Time elapsed: 00:04:28
                               ETA: 00:00:43

################################################################################
                     [1m Learning iteration 1110/1123 [0m                     

                       Computation: 988 steps/s (collection: 3.035s, learning 0.073s)
             Mean action noise std: 0.11
          Mean value_function loss: 0.1577
               Mean surrogate loss: -0.0127
                 Mean entropy loss: -12.5165
                       Mean reward: -69.54
               Mean episode length: 300.00
   Episode_Reward/term_bad_contact: 0.0000
          Episode_Reward/term_tilt: 0.0000
    Episode_Reward/term_low_height: 0.0000
      Episode_Reward/leg_action_l2: -0.0461
   Episode_Reward/tracking_lin_vel: 0.0000
Episode_Reward/tracking_ang_vel_yaw_l1: 0.0000
Episode_Reward/tracking_ang_vel_yaw_exp: 0.0000
Episode_Reward/tracking_lin_vel_y_l2: 0.0000
Episode_Reward/tracking_lin_vel_z_l2: 0.0000
            Episode_Reward/survive: 0.0000
    Episode_Reward/foot_contacts_z: 0.0000
            Episode_Reward/torques: -0.2148
 Episode_Reward/tracking_lin_vel_y: 0.0000
          Episode_Reward/lin_vel_z: -0.0026
         Episode_Reward/ang_vel_xy: -0.0050
   Episode_Reward/tracking_ang_vel: 0.0538
               Episode_Reward/work: -0.1327
            Episode_Reward/dof_acc: -0.2578
        Episode_Reward/action_rate: -0.0556
     Episode_Reward/dof_pos_limits: -0.0003
      Episode_Reward/delta_torques: -0.0003
          Episode_Reward/collision: -5.9808
        Episode_Reward/walking_dof: 0.0909
            Episode_Reward/hip_pos: -0.0545
          Episode_Reward/feet_jerk: 0.0000
              Episode_Reward/alive: 0.3000
          Episode_Reward/feet_drag: -0.0110
Episode_Reward/feet_contact_forces: -0.1969
               Episode_Reward/roll: -0.0184
        Episode_Reward/base_height: -0.2507
Episode_Reward/tracking_lin_vel_max: 0.1377
Episode_Reward/flat_orientation_l2: -0.0052
  Episode_Reward/air_time_variance: -0.0028
        Episode_Reward/feet_height: 0.0000
      Episode_Reward/feet_air_time: -0.0000
Episode_Reward/update_last_buffers: 0.0000
   Episode_Reward/wheel_idle_speed: -0.0971
    Episode_Reward/wheel_action_l2: -0.0058
  Episode_Reward/wheel_action_rate: 0.0000
  Episode_Reward/wheel_forward_use: 0.0098
 Episode_Reward/wheel_turn_support: 0.0095
   Metrics/locomotion/error_vel_xy: 0.7132
  Metrics/locomotion/error_vel_yaw: 0.6947
      Episode_Termination/time_out: 1.0000
   Episode_Termination/bad_contact: 0.0000
          Episode_Termination/tilt: 0.0000
    Episode_Termination/low_height: 0.0000
--------------------------------------------------------------------------------
                   Total timesteps: 270336
                    Iteration time: 3.11s
                      Time elapsed: 00:04:31
                               ETA: 00:00:40

################################################################################
                     [1m Learning iteration 1111/1123 [0m                     

                       Computation: 982 steps/s (collection: 3.051s, learning 0.076s)
             Mean action noise std: 0.11
          Mean value_function loss: 0.2702
               Mean surrogate loss: -0.0189
                 Mean entropy loss: -12.5165
                       Mean reward: -69.52
               Mean episode length: 300.00
   Episode_Reward/term_bad_contact: 0.0000
          Episode_Reward/term_tilt: 0.0000
    Episode_Reward/term_low_height: 0.0000
      Episode_Reward/leg_action_l2: -0.0446
   Episode_Reward/tracking_lin_vel: 0.0000
Episode_Reward/tracking_ang_vel_yaw_l1: 0.0000
Episode_Reward/tracking_ang_vel_yaw_exp: 0.0000
Episode_Reward/tracking_lin_vel_y_l2: 0.0000
Episode_Reward/tracking_lin_vel_z_l2: 0.0000
            Episode_Reward/survive: 0.0000
    Episode_Reward/foot_contacts_z: 0.0000
            Episode_Reward/torques: -0.2101
 Episode_Reward/tracking_lin_vel_y: 0.0000
          Episode_Reward/lin_vel_z: -0.0026
         Episode_Reward/ang_vel_xy: -0.0050
   Episode_Reward/tracking_ang_vel: 0.0359
               Episode_Reward/work: -0.1355
            Episode_Reward/dof_acc: -0.2872
        Episode_Reward/action_rate: -0.0513
     Episode_Reward/dof_pos_limits: -0.0002
      Episode_Reward/delta_torques: -0.0003
          Episode_Reward/collision: -6.0188
        Episode_Reward/walking_dof: 0.1100
            Episode_Reward/hip_pos: -0.0538
          Episode_Reward/feet_jerk: 0.0000
              Episode_Reward/alive: 0.3000
          Episode_Reward/feet_drag: -0.0110
Episode_Reward/feet_contact_forces: -0.1970
               Episode_Reward/roll: -0.0212
        Episode_Reward/base_height: -0.2464
Episode_Reward/tracking_lin_vel_max: 0.1274
Episode_Reward/flat_orientation_l2: -0.0058
  Episode_Reward/air_time_variance: -0.0012
        Episode_Reward/feet_height: 0.0000
      Episode_Reward/feet_air_time: -0.0000
Episode_Reward/update_last_buffers: 0.0000
   Episode_Reward/wheel_idle_speed: -0.0577
    Episode_Reward/wheel_action_l2: -0.0052
  Episode_Reward/wheel_action_rate: 0.0000
  Episode_Reward/wheel_forward_use: 0.0034
 Episode_Reward/wheel_turn_support: 0.0149
   Metrics/locomotion/error_vel_xy: 0.6895
  Metrics/locomotion/error_vel_yaw: 0.9120
      Episode_Termination/time_out: 1.0000
   Episode_Termination/bad_contact: 0.0000
          Episode_Termination/tilt: 0.0000
    Episode_Termination/low_height: 0.0000
--------------------------------------------------------------------------------
                   Total timesteps: 273408
                    Iteration time: 3.13s
                      Time elapsed: 00:04:35
                               ETA: 00:00:37

################################################################################
                     [1m Learning iteration 1112/1123 [0m                     

                       Computation: 980 steps/s (collection: 3.057s, learning 0.078s)
             Mean action noise std: 0.11
          Mean value_function loss: 0.2536
               Mean surrogate loss: -0.0151
                 Mean entropy loss: -12.5165
                       Mean reward: -69.18
               Mean episode length: 300.00
   Episode_Reward/term_bad_contact: 0.0000
          Episode_Reward/term_tilt: 0.0000
    Episode_Reward/term_low_height: 0.0000
      Episode_Reward/leg_action_l2: -0.0469
   Episode_Reward/tracking_lin_vel: 0.0000
Episode_Reward/tracking_ang_vel_yaw_l1: 0.0000
Episode_Reward/tracking_ang_vel_yaw_exp: 0.0000
Episode_Reward/tracking_lin_vel_y_l2: 0.0000
Episode_Reward/tracking_lin_vel_z_l2: 0.0000
            Episode_Reward/survive: 0.0000
    Episode_Reward/foot_contacts_z: 0.0000
            Episode_Reward/torques: -0.2167
 Episode_Reward/tracking_lin_vel_y: 0.0000
          Episode_Reward/lin_vel_z: -0.0027
         Episode_Reward/ang_vel_xy: -0.0054
   Episode_Reward/tracking_ang_vel: 0.0315
               Episode_Reward/work: -0.1337
            Episode_Reward/dof_acc: -0.3599
        Episode_Reward/action_rate: -0.0571
     Episode_Reward/dof_pos_limits: -0.0002
      Episode_Reward/delta_torques: -0.0003
          Episode_Reward/collision: -6.1133
        Episode_Reward/walking_dof: 0.1162
            Episode_Reward/hip_pos: -0.0549
          Episode_Reward/feet_jerk: 0.0000
              Episode_Reward/alive: 0.3000
          Episode_Reward/feet_drag: -0.0106
Episode_Reward/feet_contact_forces: -0.1975
               Episode_Reward/roll: -0.0189
        Episode_Reward/base_height: -0.2419
Episode_Reward/tracking_lin_vel_max: 0.1790
Episode_Reward/flat_orientation_l2: -0.0061
  Episode_Reward/air_time_variance: -0.0010
        Episode_Reward/feet_height: 0.0000
      Episode_Reward/feet_air_time: -0.0001
Episode_Reward/update_last_buffers: 0.0000
   Episode_Reward/wheel_idle_speed: -0.0091
    Episode_Reward/wheel_action_l2: -0.0060
  Episode_Reward/wheel_action_rate: 0.0000
  Episode_Reward/wheel_forward_use: 0.0016
 Episode_Reward/wheel_turn_support: 0.0194
   Metrics/locomotion/error_vel_xy: 0.6870
  Metrics/locomotion/error_vel_yaw: 0.9152
      Episode_Termination/time_out: 1.0000
   Episode_Termination/bad_contact: 0.0000
          Episode_Termination/tilt: 0.0000
    Episode_Termination/low_height: 0.0000
--------------------------------------------------------------------------------
                   Total timesteps: 276480
                    Iteration time: 3.13s
                      Time elapsed: 00:04:38
                               ETA: 00:00:33

################################################################################
                     [1m Learning iteration 1113/1123 [0m                     

                       Computation: 986 steps/s (collection: 3.037s, learning 0.076s)
             Mean action noise std: 0.11
          Mean value_function loss: 0.6247
               Mean surrogate loss: -0.0110
                 Mean entropy loss: -12.5165
                       Mean reward: -69.27
               Mean episode length: 300.00
   Episode_Reward/term_bad_contact: 0.0000
          Episode_Reward/term_tilt: 0.0000
    Episode_Reward/term_low_height: 0.0000
      Episode_Reward/leg_action_l2: -0.0470
   Episode_Reward/tracking_lin_vel: 0.0000
Episode_Reward/tracking_ang_vel_yaw_l1: 0.0000
Episode_Reward/tracking_ang_vel_yaw_exp: 0.0000
Episode_Reward/tracking_lin_vel_y_l2: 0.0000
Episode_Reward/tracking_lin_vel_z_l2: 0.0000
            Episode_Reward/survive: 0.0000
    Episode_Reward/foot_contacts_z: 0.0000
            Episode_Reward/torques: -0.2141
 Episode_Reward/tracking_lin_vel_y: 0.0000
          Episode_Reward/lin_vel_z: -0.0025
         Episode_Reward/ang_vel_xy: -0.0057
   Episode_Reward/tracking_ang_vel: 0.0473
               Episode_Reward/work: -0.1186
            Episode_Reward/dof_acc: -0.3223
        Episode_Reward/action_rate: -0.0567
     Episode_Reward/dof_pos_limits: -0.0002
      Episode_Reward/delta_torques: -0.0003
          Episode_Reward/collision: -6.1197
        Episode_Reward/walking_dof: 0.0975
            Episode_Reward/hip_pos: -0.0545
          Episode_Reward/feet_jerk: 0.0000
              Episode_Reward/alive: 0.3000
          Episode_Reward/feet_drag: -0.0108
Episode_Reward/feet_contact_forces: -0.1974
               Episode_Reward/roll: -0.0247
        Episode_Reward/base_height: -0.2366
Episode_Reward/tracking_lin_vel_max: 0.0817
Episode_Reward/flat_orientation_l2: -0.0062
  Episode_Reward/air_time_variance: -0.0049
        Episode_Reward/feet_height: 0.0000
      Episode_Reward/feet_air_time: -0.0000
Episode_Reward/update_last_buffers: 0.0000
   Episode_Reward/wheel_idle_speed: -0.3230
    Episode_Reward/wheel_action_l2: -0.0062
  Episode_Reward/wheel_action_rate: 0.0000
  Episode_Reward/wheel_forward_use: 0.0048
 Episode_Reward/wheel_turn_support: 0.0171
   Metrics/locomotion/error_vel_xy: 0.7624
  Metrics/locomotion/error_vel_yaw: 0.7359
      Episode_Termination/time_out: 1.0000
   Episode_Termination/bad_contact: 0.0000
          Episode_Termination/tilt: 0.0000
    Episode_Termination/low_height: 0.0000
--------------------------------------------------------------------------------
                   Total timesteps: 279552
                    Iteration time: 3.11s
                      Time elapsed: 00:04:41
                               ETA: 00:00:30

################################################################################
                     [1m Learning iteration 1114/1123 [0m                     

                       Computation: 987 steps/s (collection: 3.035s, learning 0.075s)
             Mean action noise std: 0.11
          Mean value_function loss: 0.1500
               Mean surrogate loss: -0.0169
                 Mean entropy loss: -12.5165
                       Mean reward: -69.40
               Mean episode length: 300.00
   Episode_Reward/term_bad_contact: 0.0000
          Episode_Reward/term_tilt: 0.0000
    Episode_Reward/term_low_height: 0.0000
      Episode_Reward/leg_action_l2: -0.0459
   Episode_Reward/tracking_lin_vel: 0.0000
Episode_Reward/tracking_ang_vel_yaw_l1: 0.0000
Episode_Reward/tracking_ang_vel_yaw_exp: 0.0000
Episode_Reward/tracking_lin_vel_y_l2: 0.0000
Episode_Reward/tracking_lin_vel_z_l2: 0.0000
            Episode_Reward/survive: 0.0000
    Episode_Reward/foot_contacts_z: 0.0000
            Episode_Reward/torques: -0.2045
 Episode_Reward/tracking_lin_vel_y: 0.0000
          Episode_Reward/lin_vel_z: -0.0025
         Episode_Reward/ang_vel_xy: -0.0050
   Episode_Reward/tracking_ang_vel: 0.0465
               Episode_Reward/work: -0.1360
            Episode_Reward/dof_acc: -0.2945
        Episode_Reward/action_rate: -0.0579
     Episode_Reward/dof_pos_limits: -0.0002
      Episode_Reward/delta_torques: -0.0003
          Episode_Reward/collision: -5.9954
        Episode_Reward/walking_dof: 0.1175
            Episode_Reward/hip_pos: -0.0539
          Episode_Reward/feet_jerk: 0.0000
              Episode_Reward/alive: 0.3000
          Episode_Reward/feet_drag: -0.0108
Episode_Reward/feet_contact_forces: -0.1970
               Episode_Reward/roll: -0.0195
        Episode_Reward/base_height: -0.2287
Episode_Reward/tracking_lin_vel_max: 0.0485
Episode_Reward/flat_orientation_l2: -0.0056
  Episode_Reward/air_time_variance: -0.0010
        Episode_Reward/feet_height: 0.0000
      Episode_Reward/feet_air_time: -0.0000
Episode_Reward/update_last_buffers: 0.0000
   Episode_Reward/wheel_idle_speed: -0.0346
    Episode_Reward/wheel_action_l2: -0.0067
  Episode_Reward/wheel_action_rate: 0.0000
  Episode_Reward/wheel_forward_use: 0.0186
 Episode_Reward/wheel_turn_support: 0.0087
   Metrics/locomotion/error_vel_xy: 0.7069
  Metrics/locomotion/error_vel_yaw: 0.7962
      Episode_Termination/time_out: 1.0000
   Episode_Termination/bad_contact: 0.0000
          Episode_Termination/tilt: 0.0000
    Episode_Termination/low_height: 0.0000
--------------------------------------------------------------------------------
                   Total timesteps: 282624
                    Iteration time: 3.11s
                      Time elapsed: 00:04:44
                               ETA: 00:00:27

################################################################################
                     [1m Learning iteration 1115/1123 [0m                     

                       Computation: 1007 steps/s (collection: 2.972s, learning 0.076s)
             Mean action noise std: 0.11
          Mean value_function loss: 0.1710
               Mean surrogate loss: -0.0157
                 Mean entropy loss: -12.5165
                       Mean reward: -69.16
               Mean episode length: 300.00
   Episode_Reward/term_bad_contact: 0.0000
          Episode_Reward/term_tilt: 0.0000
    Episode_Reward/term_low_height: 0.0000
      Episode_Reward/leg_action_l2: -0.0476
   Episode_Reward/tracking_lin_vel: 0.0000
Episode_Reward/tracking_ang_vel_yaw_l1: 0.0000
Episode_Reward/tracking_ang_vel_yaw_exp: 0.0000
Episode_Reward/tracking_lin_vel_y_l2: 0.0000
Episode_Reward/tracking_lin_vel_z_l2: 0.0000
            Episode_Reward/survive: 0.0000
    Episode_Reward/foot_contacts_z: 0.0000
            Episode_Reward/torques: -0.2048
 Episode_Reward/tracking_lin_vel_y: 0.0000
          Episode_Reward/lin_vel_z: -0.0029
         Episode_Reward/ang_vel_xy: -0.0056
   Episode_Reward/tracking_ang_vel: 0.0272
               Episode_Reward/work: -0.1274
            Episode_Reward/dof_acc: -0.3701
        Episode_Reward/action_rate: -0.0530
     Episode_Reward/dof_pos_limits: -0.0003
      Episode_Reward/delta_torques: -0.0003
          Episode_Reward/collision: -6.0933
        Episode_Reward/walking_dof: 0.1172
            Episode_Reward/hip_pos: -0.0540
          Episode_Reward/feet_jerk: 0.0000
              Episode_Reward/alive: 0.3000
          Episode_Reward/feet_drag: -0.0111
Episode_Reward/feet_contact_forces: -0.1968
               Episode_Reward/roll: -0.0222
        Episode_Reward/base_height: -0.2381
Episode_Reward/tracking_lin_vel_max: 0.0847
Episode_Reward/flat_orientation_l2: -0.0060
  Episode_Reward/air_time_variance: -0.0029
        Episode_Reward/feet_height: 0.0000
      Episode_Reward/feet_air_time: -0.0000
Episode_Reward/update_last_buffers: 0.0000
   Episode_Reward/wheel_idle_speed: -0.0003
    Episode_Reward/wheel_action_l2: -0.0055
  Episode_Reward/wheel_action_rate: 0.0000
  Episode_Reward/wheel_forward_use: 0.0015
 Episode_Reward/wheel_turn_support: 0.0103
   Metrics/locomotion/error_vel_xy: 0.7885
  Metrics/locomotion/error_vel_yaw: 1.1272
      Episode_Termination/time_out: 1.0000
   Episode_Termination/bad_contact: 0.0000
          Episode_Termination/tilt: 0.0000
    Episode_Termination/low_height: 0.0000
--------------------------------------------------------------------------------
                   Total timesteps: 285696
                    Iteration time: 3.05s
                      Time elapsed: 00:04:47
                               ETA: 00:00:24

################################################################################
                     [1m Learning iteration 1116/1123 [0m                     

                       Computation: 997 steps/s (collection: 3.003s, learning 0.076s)
             Mean action noise std: 0.11
          Mean value_function loss: 1.1195
               Mean surrogate loss: -0.0122
                 Mean entropy loss: -12.5165
                       Mean reward: -68.62
               Mean episode length: 300.00
   Episode_Reward/term_bad_contact: 0.0000
          Episode_Reward/term_tilt: 0.0000
    Episode_Reward/term_low_height: 0.0000
      Episode_Reward/leg_action_l2: -0.0458
   Episode_Reward/tracking_lin_vel: 0.0000
Episode_Reward/tracking_ang_vel_yaw_l1: 0.0000
Episode_Reward/tracking_ang_vel_yaw_exp: 0.0000
Episode_Reward/tracking_lin_vel_y_l2: 0.0000
Episode_Reward/tracking_lin_vel_z_l2: 0.0000
            Episode_Reward/survive: 0.0000
    Episode_Reward/foot_contacts_z: 0.0000
            Episode_Reward/torques: -0.2168
 Episode_Reward/tracking_lin_vel_y: 0.0000
          Episode_Reward/lin_vel_z: -0.0029
         Episode_Reward/ang_vel_xy: -0.0054
   Episode_Reward/tracking_ang_vel: 0.0403
               Episode_Reward/work: -0.1113
            Episode_Reward/dof_acc: -0.2279
        Episode_Reward/action_rate: -0.0506
     Episode_Reward/dof_pos_limits: -0.0002
      Episode_Reward/delta_torques: -0.0003
          Episode_Reward/collision: -6.0193
        Episode_Reward/walking_dof: 0.0970
            Episode_Reward/hip_pos: -0.0540
          Episode_Reward/feet_jerk: 0.0000
              Episode_Reward/alive: 0.3000
          Episode_Reward/feet_drag: -0.0109
Episode_Reward/feet_contact_forces: -0.1968
               Episode_Reward/roll: -0.0182
        Episode_Reward/base_height: -0.2447
Episode_Reward/tracking_lin_vel_max: 0.1422
Episode_Reward/flat_orientation_l2: -0.0052
  Episode_Reward/air_time_variance: -0.0003
        Episode_Reward/feet_height: 0.0000
      Episode_Reward/feet_air_time: -0.0000
Episode_Reward/update_last_buffers: 0.0000
   Episode_Reward/wheel_idle_speed: -0.3614
    Episode_Reward/wheel_action_l2: -0.0052
  Episode_Reward/wheel_action_rate: 0.0000
  Episode_Reward/wheel_forward_use: 0.0064
 Episode_Reward/wheel_turn_support: 0.0161
   Metrics/locomotion/error_vel_xy: 0.6188
  Metrics/locomotion/error_vel_yaw: 0.8438
      Episode_Termination/time_out: 1.0000
   Episode_Termination/bad_contact: 0.0000
          Episode_Termination/tilt: 0.0000
    Episode_Termination/low_height: 0.0000
--------------------------------------------------------------------------------
                   Total timesteps: 288768
                    Iteration time: 3.08s
                      Time elapsed: 00:04:50
                               ETA: 00:00:21

################################################################################
                     [1m Learning iteration 1117/1123 [0m                     

                       Computation: 992 steps/s (collection: 3.020s, learning 0.076s)
             Mean action noise std: 0.11
          Mean value_function loss: 0.4684
               Mean surrogate loss: -0.0117
                 Mean entropy loss: -12.5165
                       Mean reward: -68.58
               Mean episode length: 300.00
   Episode_Reward/term_bad_contact: 0.0000
          Episode_Reward/term_tilt: 0.0000
    Episode_Reward/term_low_height: 0.0000
      Episode_Reward/leg_action_l2: -0.0445
   Episode_Reward/tracking_lin_vel: 0.0000
Episode_Reward/tracking_ang_vel_yaw_l1: 0.0000
Episode_Reward/tracking_ang_vel_yaw_exp: 0.0000
Episode_Reward/tracking_lin_vel_y_l2: 0.0000
Episode_Reward/tracking_lin_vel_z_l2: 0.0000
            Episode_Reward/survive: 0.0000
    Episode_Reward/foot_contacts_z: 0.0000
            Episode_Reward/torques: -0.2055
 Episode_Reward/tracking_lin_vel_y: 0.0000
          Episode_Reward/lin_vel_z: -0.0027
         Episode_Reward/ang_vel_xy: -0.0045
   Episode_Reward/tracking_ang_vel: 0.0524
               Episode_Reward/work: -0.1144
            Episode_Reward/dof_acc: -0.2444
        Episode_Reward/action_rate: -0.0648
     Episode_Reward/dof_pos_limits: -0.0003
      Episode_Reward/delta_torques: -0.0003
          Episode_Reward/collision: -6.0363
        Episode_Reward/walking_dof: 0.1036
            Episode_Reward/hip_pos: -0.0552
          Episode_Reward/feet_jerk: 0.0000
              Episode_Reward/alive: 0.3000
          Episode_Reward/feet_drag: -0.0107
Episode_Reward/feet_contact_forces: -0.1974
               Episode_Reward/roll: -0.0238
        Episode_Reward/base_height: -0.2519
Episode_Reward/tracking_lin_vel_max: 0.0766
Episode_Reward/flat_orientation_l2: -0.0064
  Episode_Reward/air_time_variance: -0.0003
        Episode_Reward/feet_height: 0.0000
      Episode_Reward/feet_air_time: -0.0000
Episode_Reward/update_last_buffers: 0.0000
   Episode_Reward/wheel_idle_speed: -0.2335
    Episode_Reward/wheel_action_l2: -0.0081
  Episode_Reward/wheel_action_rate: 0.0000
  Episode_Reward/wheel_forward_use: 0.0058
 Episode_Reward/wheel_turn_support: 0.0092
   Metrics/locomotion/error_vel_xy: 0.7085
  Metrics/locomotion/error_vel_yaw: 0.7058
      Episode_Termination/time_out: 1.0000
   Episode_Termination/bad_contact: 0.0000
          Episode_Termination/tilt: 0.0000
    Episode_Termination/low_height: 0.0000
--------------------------------------------------------------------------------
                   Total timesteps: 291840
                    Iteration time: 3.10s
                      Time elapsed: 00:04:53
                               ETA: 00:00:18

################################################################################
                     [1m Learning iteration 1118/1123 [0m                     

                       Computation: 995 steps/s (collection: 3.010s, learning 0.077s)
             Mean action noise std: 0.11
          Mean value_function loss: 0.2069
               Mean surrogate loss: -0.0135
                 Mean entropy loss: -12.5165
                       Mean reward: -68.67
               Mean episode length: 300.00
   Episode_Reward/term_bad_contact: 0.0000
          Episode_Reward/term_tilt: 0.0000
    Episode_Reward/term_low_height: 0.0000
      Episode_Reward/leg_action_l2: -0.0478
   Episode_Reward/tracking_lin_vel: 0.0000
Episode_Reward/tracking_ang_vel_yaw_l1: 0.0000
Episode_Reward/tracking_ang_vel_yaw_exp: 0.0000
Episode_Reward/tracking_lin_vel_y_l2: 0.0000
Episode_Reward/tracking_lin_vel_z_l2: 0.0000
            Episode_Reward/survive: 0.0000
    Episode_Reward/foot_contacts_z: 0.0000
            Episode_Reward/torques: -0.2136
 Episode_Reward/tracking_lin_vel_y: 0.0000
          Episode_Reward/lin_vel_z: -0.0027
         Episode_Reward/ang_vel_xy: -0.0047
   Episode_Reward/tracking_ang_vel: 0.0320
               Episode_Reward/work: -0.1164
            Episode_Reward/dof_acc: -0.3030
        Episode_Reward/action_rate: -0.0619
     Episode_Reward/dof_pos_limits: -0.0002
      Episode_Reward/delta_torques: -0.0003
          Episode_Reward/collision: -6.0542
        Episode_Reward/walking_dof: 0.1082
            Episode_Reward/hip_pos: -0.0550
          Episode_Reward/feet_jerk: 0.0000
              Episode_Reward/alive: 0.3000
          Episode_Reward/feet_drag: -0.0109
Episode_Reward/feet_contact_forces: -0.1977
               Episode_Reward/roll: -0.0230
        Episode_Reward/base_height: -0.2395
Episode_Reward/tracking_lin_vel_max: 0.1469
Episode_Reward/flat_orientation_l2: -0.0062
  Episode_Reward/air_time_variance: -0.0009
        Episode_Reward/feet_height: 0.0000
      Episode_Reward/feet_air_time: -0.0000
Episode_Reward/update_last_buffers: 0.0000
   Episode_Reward/wheel_idle_speed: -0.1715
    Episode_Reward/wheel_action_l2: -0.0073
  Episode_Reward/wheel_action_rate: 0.0000
  Episode_Reward/wheel_forward_use: 0.0042
 Episode_Reward/wheel_turn_support: 0.0138
   Metrics/locomotion/error_vel_xy: 0.5931
  Metrics/locomotion/error_vel_yaw: 0.9837
      Episode_Termination/time_out: 1.0000
   Episode_Termination/bad_contact: 0.0000
          Episode_Termination/tilt: 0.0000
    Episode_Termination/low_height: 0.0000
--------------------------------------------------------------------------------
                   Total timesteps: 294912
                    Iteration time: 3.09s
                      Time elapsed: 00:04:56
                               ETA: 00:00:15

################################################################################
                     [1m Learning iteration 1119/1123 [0m                     

                       Computation: 984 steps/s (collection: 3.046s, learning 0.076s)
             Mean action noise std: 0.11
          Mean value_function loss: 0.1434
               Mean surrogate loss: -0.0158
                 Mean entropy loss: -12.5165
                       Mean reward: -68.74
               Mean episode length: 300.00
   Episode_Reward/term_bad_contact: 0.0000
          Episode_Reward/term_tilt: 0.0000
    Episode_Reward/term_low_height: 0.0000
      Episode_Reward/leg_action_l2: -0.0489
   Episode_Reward/tracking_lin_vel: 0.0000
Episode_Reward/tracking_ang_vel_yaw_l1: 0.0000
Episode_Reward/tracking_ang_vel_yaw_exp: 0.0000
Episode_Reward/tracking_lin_vel_y_l2: 0.0000
Episode_Reward/tracking_lin_vel_z_l2: 0.0000
            Episode_Reward/survive: 0.0000
    Episode_Reward/foot_contacts_z: 0.0000
            Episode_Reward/torques: -0.2095
 Episode_Reward/tracking_lin_vel_y: 0.0000
          Episode_Reward/lin_vel_z: -0.0021
         Episode_Reward/ang_vel_xy: -0.0049
   Episode_Reward/tracking_ang_vel: 0.0472
               Episode_Reward/work: -0.1561
            Episode_Reward/dof_acc: -0.3847
        Episode_Reward/action_rate: -0.0616
     Episode_Reward/dof_pos_limits: -0.0003
      Episode_Reward/delta_torques: -0.0003
          Episode_Reward/collision: -5.9621
        Episode_Reward/walking_dof: 0.0889
            Episode_Reward/hip_pos: -0.0546
          Episode_Reward/feet_jerk: 0.0000
              Episode_Reward/alive: 0.3000
          Episode_Reward/feet_drag: -0.0105
Episode_Reward/feet_contact_forces: -0.1977
               Episode_Reward/roll: -0.0301
        Episode_Reward/base_height: -0.2491
Episode_Reward/tracking_lin_vel_max: 0.2023
Episode_Reward/flat_orientation_l2: -0.0071
  Episode_Reward/air_time_variance: -0.0003
        Episode_Reward/feet_height: 0.0000
      Episode_Reward/feet_air_time: -0.0001
Episode_Reward/update_last_buffers: 0.0000
   Episode_Reward/wheel_idle_speed: -0.1393
    Episode_Reward/wheel_action_l2: -0.0073
  Episode_Reward/wheel_action_rate: 0.0000
  Episode_Reward/wheel_forward_use: 0.0082
 Episode_Reward/wheel_turn_support: 0.0206
   Metrics/locomotion/error_vel_xy: 0.5700
  Metrics/locomotion/error_vel_yaw: 0.7291
      Episode_Termination/time_out: 1.0000
   Episode_Termination/bad_contact: 0.0000
          Episode_Termination/tilt: 0.0000
    Episode_Termination/low_height: 0.0000
--------------------------------------------------------------------------------
                   Total timesteps: 297984
                    Iteration time: 3.12s
                      Time elapsed: 00:04:59
                               ETA: 00:00:12

################################################################################
                     [1m Learning iteration 1120/1123 [0m                     

                       Computation: 992 steps/s (collection: 3.018s, learning 0.076s)
             Mean action noise std: 0.11
          Mean value_function loss: 0.0626
               Mean surrogate loss: -0.0182
                 Mean entropy loss: -12.5165
                       Mean reward: -68.94
               Mean episode length: 300.00
   Episode_Reward/term_bad_contact: 0.0000
          Episode_Reward/term_tilt: 0.0000
    Episode_Reward/term_low_height: 0.0000
      Episode_Reward/leg_action_l2: -0.0519
   Episode_Reward/tracking_lin_vel: 0.0000
Episode_Reward/tracking_ang_vel_yaw_l1: 0.0000
Episode_Reward/tracking_ang_vel_yaw_exp: 0.0000
Episode_Reward/tracking_lin_vel_y_l2: 0.0000
Episode_Reward/tracking_lin_vel_z_l2: 0.0000
            Episode_Reward/survive: 0.0000
    Episode_Reward/foot_contacts_z: 0.0000
            Episode_Reward/torques: -0.2155
 Episode_Reward/tracking_lin_vel_y: 0.0000
          Episode_Reward/lin_vel_z: -0.0022
         Episode_Reward/ang_vel_xy: -0.0056
   Episode_Reward/tracking_ang_vel: 0.0757
               Episode_Reward/work: -0.1126
            Episode_Reward/dof_acc: -0.2312
        Episode_Reward/action_rate: -0.0624
     Episode_Reward/dof_pos_limits: -0.0003
      Episode_Reward/delta_torques: -0.0003
          Episode_Reward/collision: -5.9931
        Episode_Reward/walking_dof: 0.0726
            Episode_Reward/hip_pos: -0.0543
          Episode_Reward/feet_jerk: 0.0000
              Episode_Reward/alive: 0.3000
          Episode_Reward/feet_drag: -0.0110
Episode_Reward/feet_contact_forces: -0.1963
               Episode_Reward/roll: -0.0366
        Episode_Reward/base_height: -0.2553
Episode_Reward/tracking_lin_vel_max: 0.1921
Episode_Reward/flat_orientation_l2: -0.0080
  Episode_Reward/air_time_variance: -0.0010
        Episode_Reward/feet_height: 0.0000
      Episode_Reward/feet_air_time: -0.0000
Episode_Reward/update_last_buffers: 0.0000
   Episode_Reward/wheel_idle_speed: -0.0632
    Episode_Reward/wheel_action_l2: -0.0069
  Episode_Reward/wheel_action_rate: 0.0000
  Episode_Reward/wheel_forward_use: 0.0108
 Episode_Reward/wheel_turn_support: 0.0032
   Metrics/locomotion/error_vel_xy: 0.5602
  Metrics/locomotion/error_vel_yaw: 0.4185
      Episode_Termination/time_out: 1.0000
   Episode_Termination/bad_contact: 0.0000
          Episode_Termination/tilt: 0.0000
    Episode_Termination/low_height: 0.0000
--------------------------------------------------------------------------------
                   Total timesteps: 301056
                    Iteration time: 3.09s
                      Time elapsed: 00:05:02
                               ETA: 00:00:09

################################################################################
                     [1m Learning iteration 1121/1123 [0m                     

                       Computation: 991 steps/s (collection: 3.017s, learning 0.081s)
             Mean action noise std: 0.11
          Mean value_function loss: 0.2463
               Mean surrogate loss: -0.0140
                 Mean entropy loss: -12.5165
                       Mean reward: -68.98
               Mean episode length: 300.00
   Episode_Reward/term_bad_contact: 0.0000
          Episode_Reward/term_tilt: 0.0000
    Episode_Reward/term_low_height: 0.0000
      Episode_Reward/leg_action_l2: -0.0437
   Episode_Reward/tracking_lin_vel: 0.0000
Episode_Reward/tracking_ang_vel_yaw_l1: 0.0000
Episode_Reward/tracking_ang_vel_yaw_exp: 0.0000
Episode_Reward/tracking_lin_vel_y_l2: 0.0000
Episode_Reward/tracking_lin_vel_z_l2: 0.0000
            Episode_Reward/survive: 0.0000
    Episode_Reward/foot_contacts_z: 0.0000
            Episode_Reward/torques: -0.2084
 Episode_Reward/tracking_lin_vel_y: 0.0000
          Episode_Reward/lin_vel_z: -0.0024
         Episode_Reward/ang_vel_xy: -0.0050
   Episode_Reward/tracking_ang_vel: 0.0403
               Episode_Reward/work: -0.1240
            Episode_Reward/dof_acc: -0.3570
        Episode_Reward/action_rate: -0.0646
     Episode_Reward/dof_pos_limits: -0.0002
      Episode_Reward/delta_torques: -0.0003
          Episode_Reward/collision: -6.1336
        Episode_Reward/walking_dof: 0.1108
            Episode_Reward/hip_pos: -0.0546
          Episode_Reward/feet_jerk: 0.0000
              Episode_Reward/alive: 0.3000
          Episode_Reward/feet_drag: -0.0103
Episode_Reward/feet_contact_forces: -0.1975
               Episode_Reward/roll: -0.0205
        Episode_Reward/base_height: -0.2488
Episode_Reward/tracking_lin_vel_max: 0.0436
Episode_Reward/flat_orientation_l2: -0.0051
  Episode_Reward/air_time_variance: -0.0005
        Episode_Reward/feet_height: 0.0000
      Episode_Reward/feet_air_time: -0.0001
Episode_Reward/update_last_buffers: 0.0000
   Episode_Reward/wheel_idle_speed: -0.0012
    Episode_Reward/wheel_action_l2: -0.0080
  Episode_Reward/wheel_action_rate: 0.0000
  Episode_Reward/wheel_forward_use: 0.0076
 Episode_Reward/wheel_turn_support: 0.0148
   Metrics/locomotion/error_vel_xy: 0.6831
  Metrics/locomotion/error_vel_yaw: 0.8205
      Episode_Termination/time_out: 1.0000
   Episode_Termination/bad_contact: 0.0000
          Episode_Termination/tilt: 0.0000
    Episode_Termination/low_height: 0.0000
--------------------------------------------------------------------------------
                   Total timesteps: 304128
                    Iteration time: 3.10s
                      Time elapsed: 00:05:06
                               ETA: 00:00:06

################################################################################
                     [1m Learning iteration 1122/1123 [0m                     

                       Computation: 998 steps/s (collection: 3.002s, learning 0.076s)
             Mean action noise std: 0.11
          Mean value_function loss: 0.2135
               Mean surrogate loss: -0.0164
                 Mean entropy loss: -12.5165
                       Mean reward: -68.78
               Mean episode length: 300.00
   Episode_Reward/term_bad_contact: 0.0000
          Episode_Reward/term_tilt: 0.0000
    Episode_Reward/term_low_height: 0.0000
      Episode_Reward/leg_action_l2: -0.0459
   Episode_Reward/tracking_lin_vel: 0.0000
Episode_Reward/tracking_ang_vel_yaw_l1: 0.0000
Episode_Reward/tracking_ang_vel_yaw_exp: 0.0000
Episode_Reward/tracking_lin_vel_y_l2: 0.0000
Episode_Reward/tracking_lin_vel_z_l2: 0.0000
            Episode_Reward/survive: 0.0000
    Episode_Reward/foot_contacts_z: 0.0000
            Episode_Reward/torques: -0.2057
 Episode_Reward/tracking_lin_vel_y: 0.0000
          Episode_Reward/lin_vel_z: -0.0024
         Episode_Reward/ang_vel_xy: -0.0046
   Episode_Reward/tracking_ang_vel: 0.0380
               Episode_Reward/work: -0.1060
            Episode_Reward/dof_acc: -0.3318
        Episode_Reward/action_rate: -0.0562
     Episode_Reward/dof_pos_limits: -0.0002
      Episode_Reward/delta_torques: -0.0003
          Episode_Reward/collision: -6.1777
        Episode_Reward/walking_dof: 0.1085
            Episode_Reward/hip_pos: -0.0539
          Episode_Reward/feet_jerk: 0.0000
              Episode_Reward/alive: 0.3000
          Episode_Reward/feet_drag: -0.0111
Episode_Reward/feet_contact_forces: -0.1975
               Episode_Reward/roll: -0.0244
        Episode_Reward/base_height: -0.2433
Episode_Reward/tracking_lin_vel_max: 0.1839
Episode_Reward/flat_orientation_l2: -0.0069
  Episode_Reward/air_time_variance: -0.0012
        Episode_Reward/feet_height: 0.0000
      Episode_Reward/feet_air_time: -0.0001
Episode_Reward/update_last_buffers: 0.0000
   Episode_Reward/wheel_idle_speed: -0.0010
    Episode_Reward/wheel_action_l2: -0.0061
  Episode_Reward/wheel_action_rate: 0.0000
  Episode_Reward/wheel_forward_use: 0.0173
 Episode_Reward/wheel_turn_support: 0.0107
   Metrics/locomotion/error_vel_xy: 0.4735
  Metrics/locomotion/error_vel_yaw: 0.8654
      Episode_Termination/time_out: 1.0000
   Episode_Termination/bad_contact: 0.0000
          Episode_Termination/tilt: 0.0000
    Episode_Termination/low_height: 0.0000
--------------------------------------------------------------------------------
                   Total timesteps: 307200
                    Iteration time: 3.08s
                      Time elapsed: 00:05:09
                               ETA: 00:00:03

Training time: 312.88 seconds
Loading user config located at: '/isaac-sim/kit/data/Kit/Isaac-Sim/5.1/user.config.json'
[Info] [carb] Logging to file: /isaac-sim/kit/logs/Kit/Isaac-Sim/5.1/kit_20260817_205754.log
2026-08-17T12:57:54Z [464ms] [Warning] [omni.usd_config.extension] Enable omni.materialx.libs extension to use MaterialX
2026-08-17T12:57:55Z [1,108ms] [Warning] [carb] Acquiring non optional plugin interface which is not listed as dependency: [omni::physx::IPhysxBenchmarks v1.0] (plugin: <default plugin>), by client: omni.physics.physx.plugin. Add it to CARB_PLUGIN_IMPL_DEPS() macro of a client.
2026-08-17T12:57:55Z [1,440ms] [Warning] [omni.isaac.dynamic_control] omni.isaac.dynamic_control is deprecated as of Isaac Sim 4.5. No action is needed from end-users.

|---------------------------------------------------------------------------------------------|
| Driver Version: 580.126.09    | Graphics API: Vulkan
|=============================================================================================|
| GPU | Name                             | Active | LDA | GPU Memory | Vendor-ID | LUID       |
|     |                                  |        |     |            | Device-ID | UUID       |
|     |                                  |        |     |            | Bus-ID    |            |
|---------------------------------------------------------------------------------------------|
| 0   | NVIDIA L40                       | Yes: 0 |     | 46068   MB | 10de      | 0          |
|     |                                  |        |     |            | 26b5      | c3c5dcf0.. |
|     |                                  |        |     |            | 37        |            |
|=============================================================================================|
| OS: 24.04.3 LTS (Noble Numbat) ubuntu, Version: 24.04.3, Kernel: 5.15.0-168-generic
| XServer Vendor: The X.Org Foundation, XServer Version: 12101011 (1.21.1.11)
| Processor: Intel(R) Xeon(R) Platinum 8358 CPU @ 2.60GHz
| Bare Metal Cores: 64 | Bare Metal Logical Cores: 128
| Core Usage Quota: 14
|---------------------------------------------------------------------------------------------|
| Total Memory (MB): 122880 | Free Memory: 120531
| Total Page/Swap (MB): 0 | Free Page/Swap: 0
|---------------------------------------------------------------------------------------------|
2026-08-17T12:57:59Z [5,245ms] [Warning] [gpu.foundation.plugin] ECC is enabled on physical device 0
2026-08-17T12:58:12Z [18,852ms] [Warning] [omni.physx.fabric.plugin] FabricManager::initializePointInstancer mismatched prototypes on point instancer: /Visuals/Command/velocity_current.
2026-08-17T12:58:12Z [18,853ms] [Warning] [omni.physx.fabric.plugin] FabricManager::initializePointInstancer mismatched prototypes on point instancer: /Visuals/Command/velocity_goal.
2026-08-17T12:58:12Z [18,853ms] [Warning] [omni.physx.fabric.plugin] FabricManager::initializePointInstancer mismatched prototypes on point instancer: /Visuals/ee_goal.
2026-08-17T12:58:12Z [18,853ms] [Warning] [omni.physx.fabric.plugin] FabricManager::initializePointInstancer mismatched prototypes on point instancer: /Visuals/ee_goal_center.
2026-08-17T12:58:12Z [18,853ms] [Warning] [omni.physx.fabric.plugin] FabricManager::initializePointInstancer mismatched prototypes on point instancer: /Visuals/ee_current.
