[INFO][AppLauncher]: Using device: cuda:0
[INFO][AppLauncher]: Loading experience file: /workspace/isaaclab/apps/isaaclab.python.headless.kit
[INFO]: Parsing configuration from: quadruped_arm.tasks.manager_based.maniploco.maniploco_env_cfg:ManipLocoEnvCfg
======Missing terms====== 
[]
 =======================
[INFO]: Parsing configuration from: quadruped_arm.tasks.manager_based.maniploco.agents.rsl_rl_ppo_cfg:ManiPLocoPPORunnerCfg
[INFO] Logging experiment in directory: /root/gpufree-data/tandem_hrl_620d798/logs/rsl_rl/maniploco
Exact experiment name requested from command line: 2026-08-17_21-38-19

[36m======================================================================================[0m
[36m[1m[INFO][IsaacLab]: Logging to file: /tmp/isaaclab/logs/isaaclab_2026-08-17_21-38-19.log[0m
[36m======================================================================================[0m

[33m21:38:19 [simulation_context.py] WARNING: The `enable_external_forces_every_iteration` parameter in the PhysxCfg is set to False. If you are experiencing noisy velocities, consider enabling this flag. You may need to slightly increase the number of velocity iterations (setting it to 1 or 2 rather than 0), together with this flag, to improve the accuracy of velocity updates.[0m
[INFO]: Base environment:
	Environment device    : cuda:0
	Environment seed      : 271828
	Physics step-size     : 0.008333333333333333
	Rendering step-size   : 0.03333333333333333
	Environment step-size : 0.03333333333333333
[33m21:38:19 [terrain_importer.py] WARNING: Visual material specified for ground plane but no diffuse color found. Using default color: (0.0, 0.0, 0.0)[0m
[INFO]: Time taken for scene creation : 9.276824 seconds
[INFO]: Scene manager:  <class InteractiveScene>
	Number of environments: 128
	Environment spacing   : 4.0
	Source prim name      : /World/envs/env_0
	Global prim paths     : ['/World/ground']
	Replicate physics     : True
[INFO]: Starting the simulation. This may take a few seconds. Please wait...
[INFO]: Time taken for simulation start : 1.343285 seconds
[33m21:38:31 [velocity_command.py] WARNING: The velocity command has the 'ranges.heading' attribute set to '(-3.141592653589793, 3.141592653589793)' but the heading command is not active. Consider setting the flag for the heading command to True.[0m
[INFO] Command Manager:  <CommandManager> contains 2 active terms.
+---------------------------------------------+
|             Active Command Terms            |
+-------+------------+------------------------+
| Index | Name       |          Type          |
+-------+------------+------------------------+
|   0   | locomotion | UniformVelocityCommand |
|   1   | ee_goal    | EeSphericalGoalCommand |
+-------+------------+------------------------+

[INFO] Event Manager:  <EventManager> contains 1 active terms.
+------------------------------------+
| Active Event Terms in Mode: 'reset' |
+-----------+------------------------+
|   Index   | Name                   |
+-----------+------------------------+
|     0     | reset_root             |
|     1     | reset_joints           |
|     2     | init_priv              |
|     3     | reset_rewards          |
+-----------+------------------------+

[INFO] Recorder Manager:  <RecorderManager> contains 0 active terms.
+---------------------+
| Active Recorder Terms |
+-----------+---------+
|   Index   | Name    |
+-----------+---------+
+-----------+---------+

[INFO] Action Manager:  <ActionManager> contains 3 active terms.
+------------------------------------+
|  Active Action Terms (shape: 16)   |
+--------+-------------+-------------+
| Index  | Name        |   Dimension |
+--------+-------------+-------------+
|   0    | leg_pos     |          12 |
|   1    | wheel_vel   |           4 |
|   2    | arm_ik      |           0 |
+--------+-------------+-------------+

[INFO] Observation Manager: <ObservationManager> contains 1 groups.
+--------------------------------------------------+
| Active Observation Terms in Group: 'policy' (shape: (876,)) |
+----------------+-------------+-------------------+
|     Index      | Name        |       Shape       |
+----------------+-------------+-------------------+
|       0        | obs         |       (876,)      |
+----------------+-------------+-------------------+

[INFO] Termination Manager:  <TerminationManager> contains 4 active terms.
+--------------------------------+
|    Active Termination Terms    |
+-------+-------------+----------+
| Index | Name        | Time Out |
+-------+-------------+----------+
|   0   | time_out    |   True   |
|   1   | bad_contact |  False   |
|   2   | tilt        |  False   |
|   3   | low_height  |  False   |
+-------+-------------+----------+

[INFO] Reward Manager:  <RewardManager> contains 42 active terms.
+---------------------------------------------------------+
|                   Active Reward Terms                   |
+-------+--------------------------+----------------------+
| Index | Name                     |               Weight |
+-------+--------------------------+----------------------+
|   0   | term_bad_contact         |              -3000.0 |
|   1   | term_tilt                |              -3000.0 |
|   2   | term_low_height          |              -3000.0 |
|   3   | leg_action_l2            |               -0.003 |
|   4   | tracking_lin_vel         |                  0.0 |
|   5   | tracking_lin_vel_x_exp   |   0.8999999999999999 |
|   6   | tracking_ang_vel_yaw_l1  |                  0.0 |
|   7   | tracking_ang_vel_yaw_exp |   0.8999999999999999 |
|   8   | tracking_lin_vel_y_l2    |                  0.0 |
|   9   | tracking_lin_vel_z_l2    |                  0.0 |
|   10  | survive                  |                  0.0 |
|   11  | foot_contacts_z          |                  0.0 |
|   12  | torques                  |             -7.5e-06 |
|   13  | tracking_lin_vel_y       |                  0.0 |
|   14  | lin_vel_z                | -0.44999999999999996 |
|   15  | ang_vel_xy               |                -0.06 |
|   16  | tracking_ang_vel         |                0.075 |
|   17  | work                     |              -0.0009 |
|   18  | dof_acc                  |            -2.25e-07 |
|   19  | action_rate              |              -0.0045 |
|   20  | dof_pos_limits           |                 -3.0 |
|   21  | delta_torques            |               -3e-08 |
|   22  | collision                |                 -3.0 |
|   23  | walking_dof              |                 0.15 |
|   24  | hip_pos                  |                -0.06 |
|   25  | feet_jerk                |               -6e-05 |
|   26  | alive                    |                  0.3 |
|   27  | feet_drag                |               -0.024 |
|   28  | feet_contact_forces      |              -0.0003 |
|   29  | roll                     |                 -0.3 |
|   30  | base_height              |                 -1.5 |
|   31  | tracking_lin_vel_max     |                  0.3 |
|   32  | flat_orientation_l2      |                -0.15 |
|   33  | air_time_variance        | -0.44999999999999996 |
|   34  | feet_height              |                  0.0 |
|   35  | feet_air_time            |                0.015 |
|   36  | update_last_buffers      |                  0.0 |
|   37  | wheel_idle_speed         |              -0.0009 |
|   38  | wheel_action_l2          |              -0.0003 |
|   39  | wheel_action_rate        |              -0.0006 |
|   40  | wheel_forward_use        |                 0.18 |
|   41  | wheel_turn_support       |                0.135 |
+-------+--------------------------+----------------------+

[INFO] Curriculum Manager:  <CurriculumManager> contains 0 active terms.
+----------------------+
| Active Curriculum Terms |
+-----------+----------+
|   Index   | Name     |
+-----------+----------+
+-----------+----------+

[INFO]: Completed setting up the environment...
--------------------------------------------------------------------------------
Resolved observation sets: 
	 policy :  ['policy']
	 critic :  ['policy']
--------------------------------------------------------------------------------
Actor MLP: MLP(
  (0): Linear(in_features=876, out_features=256, bias=True)
  (1): ELU(alpha=1.0)
  (2): Linear(in_features=256, out_features=128, bias=True)
  (3): ELU(alpha=1.0)
  (4): Linear(in_features=128, out_features=16, bias=True)
)
Critic MLP: MLP(
  (0): Linear(in_features=876, out_features=256, bias=True)
  (1): ELU(alpha=1.0)
  (2): Linear(in_features=256, out_features=128, bias=True)
  (3): ELU(alpha=1.0)
  (4): Linear(in_features=128, out_features=1, bias=True)
)
[INFO] Transfer freeze active: hidden actor and first 12 action rows are fixed; 4 upper-layer rows remain trainable.
[INFO]: Loading model checkpoint from: /root/gpufree-data/zyb_v0_lower_init_zero_wheel.pt
[INFO] Action exploration std fixed to: 0.050000
[INFO] Wheel action exploration std fixed to: 0.050000
################################################################################
                     [1m Learning iteration 1122/1202 [0m                     

                       Computation: 607 steps/s (collection: 4.908s, learning 0.150s)
             Mean action noise std: 0.05
          Mean value_function loss: 3165.7062
               Mean surrogate loss: -0.0038
                 Mean entropy loss: -25.2287
                       Mean reward: -75.40
               Mean episode length: 14.11
   Episode_Reward/term_bad_contact: 0.0000
          Episode_Reward/term_tilt: -3.4722
    Episode_Reward/term_low_height: 0.0000
      Episode_Reward/leg_action_l2: -0.0036
   Episode_Reward/tracking_lin_vel: 0.0000
Episode_Reward/tracking_lin_vel_x_exp: 0.0092
Episode_Reward/tracking_ang_vel_yaw_l1: 0.0000
Episode_Reward/tracking_ang_vel_yaw_exp: 0.0057
Episode_Reward/tracking_lin_vel_y_l2: 0.0000
Episode_Reward/tracking_lin_vel_z_l2: 0.0000
            Episode_Reward/survive: 0.0000
    Episode_Reward/foot_contacts_z: 0.0000
            Episode_Reward/torques: -0.0147
 Episode_Reward/tracking_lin_vel_y: 0.0000
          Episode_Reward/lin_vel_z: -0.0019
         Episode_Reward/ang_vel_xy: -0.0096
   Episode_Reward/tracking_ang_vel: 0.0009
               Episode_Reward/work: -0.3254
            Episode_Reward/dof_acc: -0.5220
        Episode_Reward/action_rate: -0.0033
     Episode_Reward/dof_pos_limits: -0.0000
      Episode_Reward/delta_torques: -0.0000
          Episode_Reward/collision: -0.1727
        Episode_Reward/walking_dof: 0.0031
            Episode_Reward/hip_pos: -0.0017
          Episode_Reward/feet_jerk: 0.0000
              Episode_Reward/alive: 0.0120
          Episode_Reward/feet_drag: -0.0015
Episode_Reward/feet_contact_forces: -0.0079
               Episode_Reward/roll: -0.0014
        Episode_Reward/base_height: -0.0032
Episode_Reward/tracking_lin_vel_max: 0.0017
Episode_Reward/flat_orientation_l2: -0.0008
  Episode_Reward/air_time_variance: -0.0001
        Episode_Reward/feet_height: 0.0000
      Episode_Reward/feet_air_time: -0.0000
Episode_Reward/update_last_buffers: 0.0000
   Episode_Reward/wheel_idle_speed: -0.7219
    Episode_Reward/wheel_action_l2: -0.0000
  Episode_Reward/wheel_action_rate: 0.0000
  Episode_Reward/wheel_forward_use: 0.0001
 Episode_Reward/wheel_turn_support: 0.0002
   Metrics/locomotion/error_vel_xy: 0.0286
  Metrics/locomotion/error_vel_yaw: 0.0464
      Episode_Termination/time_out: 0.0518
   Episode_Termination/bad_contact: 0.0000
          Episode_Termination/tilt: 0.0439
    Episode_Termination/low_height: 0.0000
--------------------------------------------------------------------------------
                   Total timesteps: 3072
                    Iteration time: 5.06s
                      Time elapsed: 00:00:05
                               ETA: 00:06:44

Could not find git repository in /workspace/isaaclab/_isaac_sim/kit/python/lib/python3.11/site-packages/rsl_rl/__init__.py. Skipping.
Could not find git repository in /root/gpufree-data/tandem_hrl_620d798/scripts/rsl_rl/train.py. Skipping.
################################################################################
                     [1m Learning iteration 1123/1202 [0m                     

                       Computation: 929 steps/s (collection: 3.225s, learning 0.082s)
             Mean action noise std: 0.05
          Mean value_function loss: 41.8884
               Mean surrogate loss: -0.0008
                 Mean entropy loss: -25.2287
                       Mean reward: -66.20
               Mean episode length: 22.64
   Episode_Reward/term_bad_contact: 0.0000
          Episode_Reward/term_tilt: -2.5000
    Episode_Reward/term_low_height: 0.0000
      Episode_Reward/leg_action_l2: -0.0082
   Episode_Reward/tracking_lin_vel: 0.0000
Episode_Reward/tracking_lin_vel_x_exp: 0.0495
Episode_Reward/tracking_ang_vel_yaw_l1: 0.0000
Episode_Reward/tracking_ang_vel_yaw_exp: 0.0227
Episode_Reward/tracking_lin_vel_y_l2: 0.0000
Episode_Reward/tracking_lin_vel_z_l2: 0.0000
            Episode_Reward/survive: 0.0000
    Episode_Reward/foot_contacts_z: 0.0000
            Episode_Reward/torques: -0.0356
 Episode_Reward/tracking_lin_vel_y: 0.0000
          Episode_Reward/lin_vel_z: -0.0038
         Episode_Reward/ang_vel_xy: -0.0162
   Episode_Reward/tracking_ang_vel: 0.0037
               Episode_Reward/work: -0.4939
            Episode_Reward/dof_acc: -0.8730
        Episode_Reward/action_rate: -0.0076
     Episode_Reward/dof_pos_limits: -0.0001
      Episode_Reward/delta_torques: -0.0001
          Episode_Reward/collision: -0.6310
        Episode_Reward/walking_dof: 0.0086
            Episode_Reward/hip_pos: -0.0063
          Episode_Reward/feet_jerk: 0.0000
              Episode_Reward/alive: 0.0356
          Episode_Reward/feet_drag: -0.0033
Episode_Reward/feet_contact_forces: -0.0238
               Episode_Reward/roll: -0.0033
        Episode_Reward/base_height: -0.0182
Episode_Reward/tracking_lin_vel_max: 0.0211
Episode_Reward/flat_orientation_l2: -0.0020
  Episode_Reward/air_time_variance: -0.0004
        Episode_Reward/feet_height: 0.0000
      Episode_Reward/feet_air_time: -0.0000
Episode_Reward/update_last_buffers: 0.0000
   Episode_Reward/wheel_idle_speed: -1.8377
    Episode_Reward/wheel_action_l2: -0.0000
  Episode_Reward/wheel_action_rate: 0.0000
  Episode_Reward/wheel_forward_use: 0.0010
 Episode_Reward/wheel_turn_support: 0.0009
   Metrics/locomotion/error_vel_xy: 0.0554
  Metrics/locomotion/error_vel_yaw: 0.1262
      Episode_Termination/time_out: 0.1602
   Episode_Termination/bad_contact: 0.0000
          Episode_Termination/tilt: 0.1302
    Episode_Termination/low_height: 0.0000
--------------------------------------------------------------------------------
                   Total timesteps: 6144
                    Iteration time: 3.31s
                      Time elapsed: 00:00:08
                               ETA: 00:05:30

################################################################################
                     [1m Learning iteration 1124/1202 [0m                     

                       Computation: 950 steps/s (collection: 3.143s, learning 0.087s)
             Mean action noise std: 0.05
          Mean value_function loss: 0.5344
               Mean surrogate loss: -0.0043
                 Mean entropy loss: -25.2287
                       Mean reward: -59.14
               Mean episode length: 29.22
   Episode_Reward/term_bad_contact: 0.0000
          Episode_Reward/term_tilt: 0.0000
    Episode_Reward/term_low_height: 0.0000
      Episode_Reward/leg_action_l2: -0.0107
   Episode_Reward/tracking_lin_vel: 0.0000
Episode_Reward/tracking_lin_vel_x_exp: 0.0552
Episode_Reward/tracking_ang_vel_yaw_l1: 0.0000
Episode_Reward/tracking_ang_vel_yaw_exp: 0.0529
Episode_Reward/tracking_lin_vel_y_l2: 0.0000
Episode_Reward/tracking_lin_vel_z_l2: 0.0000
            Episode_Reward/survive: 0.0000
    Episode_Reward/foot_contacts_z: 0.0000
            Episode_Reward/torques: -0.0475
 Episode_Reward/tracking_lin_vel_y: 0.0000
          Episode_Reward/lin_vel_z: -0.0024
         Episode_Reward/ang_vel_xy: -0.0141
   Episode_Reward/tracking_ang_vel: 0.0078
               Episode_Reward/work: -0.4296
            Episode_Reward/dof_acc: -0.6588
        Episode_Reward/action_rate: -0.0094
     Episode_Reward/dof_pos_limits: -0.0001
      Episode_Reward/delta_torques: -0.0001
          Episode_Reward/collision: -1.0904
        Episode_Reward/walking_dof: 0.0190
            Episode_Reward/hip_pos: -0.0101
          Episode_Reward/feet_jerk: 0.0000
              Episode_Reward/alive: 0.0580
          Episode_Reward/feet_drag: -0.0037
Episode_Reward/feet_contact_forces: -0.0387
               Episode_Reward/roll: -0.0067
        Episode_Reward/base_height: -0.0343
Episode_Reward/tracking_lin_vel_max: 0.0154
Episode_Reward/flat_orientation_l2: -0.0029
  Episode_Reward/air_time_variance: -0.0007
        Episode_Reward/feet_height: 0.0000
      Episode_Reward/feet_air_time: -0.0000
Episode_Reward/update_last_buffers: 0.0000
   Episode_Reward/wheel_idle_speed: -0.9789
    Episode_Reward/wheel_action_l2: -0.0000
  Episode_Reward/wheel_action_rate: 0.0000
  Episode_Reward/wheel_forward_use: 0.0059
 Episode_Reward/wheel_turn_support: 0.0016
   Metrics/locomotion/error_vel_xy: 0.1084
  Metrics/locomotion/error_vel_yaw: 0.1468
      Episode_Termination/time_out: 0.2572
   Episode_Termination/bad_contact: 0.0000
          Episode_Termination/tilt: 0.1406
    Episode_Termination/low_height: 0.0000
--------------------------------------------------------------------------------
                   Total timesteps: 9216
                    Iteration time: 3.23s
                      Time elapsed: 00:00:11
                               ETA: 00:05:01

################################################################################
                     [1m Learning iteration 1125/1202 [0m                     

                       Computation: 933 steps/s (collection: 3.207s, learning 0.086s)
             Mean action noise std: 0.05
          Mean value_function loss: 0.5465
               Mean surrogate loss: -0.0032
                 Mean entropy loss: -25.2287
                       Mean reward: -56.01
               Mean episode length: 37.45
   Episode_Reward/term_bad_contact: 0.0000
          Episode_Reward/term_tilt: 0.0000
    Episode_Reward/term_low_height: 0.0000
      Episode_Reward/leg_action_l2: -0.0119
   Episode_Reward/tracking_lin_vel: 0.0000
Episode_Reward/tracking_lin_vel_x_exp: 0.0885
Episode_Reward/tracking_ang_vel_yaw_l1: 0.0000
Episode_Reward/tracking_ang_vel_yaw_exp: 0.0533
Episode_Reward/tracking_lin_vel_y_l2: 0.0000
Episode_Reward/tracking_lin_vel_z_l2: 0.0000
            Episode_Reward/survive: 0.0000
    Episode_Reward/foot_contacts_z: 0.0000
            Episode_Reward/torques: -0.0577
 Episode_Reward/tracking_lin_vel_y: 0.0000
          Episode_Reward/lin_vel_z: -0.0047
         Episode_Reward/ang_vel_xy: -0.0080
   Episode_Reward/tracking_ang_vel: 0.0107
               Episode_Reward/work: -0.3508
            Episode_Reward/dof_acc: -0.7096
        Episode_Reward/action_rate: -0.0092
     Episode_Reward/dof_pos_limits: -0.0001
      Episode_Reward/delta_torques: -0.0001
          Episode_Reward/collision: -1.5562
        Episode_Reward/walking_dof: 0.0279
            Episode_Reward/hip_pos: -0.0143
          Episode_Reward/feet_jerk: 0.0000
              Episode_Reward/alive: 0.0830
          Episode_Reward/feet_drag: -0.0047
Episode_Reward/feet_contact_forces: -0.0567
               Episode_Reward/roll: -0.0074
        Episode_Reward/base_height: -0.0606
Episode_Reward/tracking_lin_vel_max: 0.0280
Episode_Reward/flat_orientation_l2: -0.0023
  Episode_Reward/air_time_variance: -0.0003
        Episode_Reward/feet_height: 0.0000
      Episode_Reward/feet_air_time: -0.0000
Episode_Reward/update_last_buffers: 0.0000
   Episode_Reward/wheel_idle_speed: -0.7482
    Episode_Reward/wheel_action_l2: -0.0000
  Episode_Reward/wheel_action_rate: 0.0000
  Episode_Reward/wheel_forward_use: 0.0038
 Episode_Reward/wheel_turn_support: 0.0080
   Metrics/locomotion/error_vel_xy: 0.1319
  Metrics/locomotion/error_vel_yaw: 0.1895
      Episode_Termination/time_out: 0.3356
   Episode_Termination/bad_contact: 0.0000
          Episode_Termination/tilt: 0.1406
    Episode_Termination/low_height: 0.0000
--------------------------------------------------------------------------------
                   Total timesteps: 12288
                    Iteration time: 3.29s
                      Time elapsed: 00:00:14
                               ETA: 00:04:46

################################################################################
                     [1m Learning iteration 1126/1202 [0m                     

                       Computation: 932 steps/s (collection: 3.212s, learning 0.082s)
             Mean action noise std: 0.05
          Mean value_function loss: 0.3387
               Mean surrogate loss: -0.0023
                 Mean entropy loss: -25.2287
                       Mean reward: -54.00
               Mean episode length: 44.18
   Episode_Reward/term_bad_contact: 0.0000
          Episode_Reward/term_tilt: 0.0000
    Episode_Reward/term_low_height: 0.0000
      Episode_Reward/leg_action_l2: -0.0159
   Episode_Reward/tracking_lin_vel: 0.0000
Episode_Reward/tracking_lin_vel_x_exp: 0.0780
Episode_Reward/tracking_ang_vel_yaw_l1: 0.0000
Episode_Reward/tracking_ang_vel_yaw_exp: 0.1070
Episode_Reward/tracking_lin_vel_y_l2: 0.0000
Episode_Reward/tracking_lin_vel_z_l2: 0.0000
            Episode_Reward/survive: 0.0000
    Episode_Reward/foot_contacts_z: 0.0000
            Episode_Reward/torques: -0.0741
 Episode_Reward/tracking_lin_vel_y: 0.0000
          Episode_Reward/lin_vel_z: -0.0044
         Episode_Reward/ang_vel_xy: -0.0102
   Episode_Reward/tracking_ang_vel: 0.0156
               Episode_Reward/work: -0.3955
            Episode_Reward/dof_acc: -0.7450
        Episode_Reward/action_rate: -0.0115
     Episode_Reward/dof_pos_limits: -0.0001
      Episode_Reward/delta_torques: -0.0002
          Episode_Reward/collision: -2.0275
        Episode_Reward/walking_dof: 0.0389
            Episode_Reward/hip_pos: -0.0186
          Episode_Reward/feet_jerk: 0.0000
              Episode_Reward/alive: 0.1057
          Episode_Reward/feet_drag: -0.0050
Episode_Reward/feet_contact_forces: -0.0708
               Episode_Reward/roll: -0.0075
        Episode_Reward/base_height: -0.0693
Episode_Reward/tracking_lin_vel_max: 0.0141
Episode_Reward/flat_orientation_l2: -0.0031
  Episode_Reward/air_time_variance: -0.0019
        Episode_Reward/feet_height: 0.0000
      Episode_Reward/feet_air_time: -0.0001
Episode_Reward/update_last_buffers: 0.0000
   Episode_Reward/wheel_idle_speed: -0.2499
    Episode_Reward/wheel_action_l2: -0.0000
  Episode_Reward/wheel_action_rate: 0.0000
  Episode_Reward/wheel_forward_use: 0.0112
 Episode_Reward/wheel_turn_support: 0.0080
   Metrics/locomotion/error_vel_xy: 0.2012
  Metrics/locomotion/error_vel_yaw: 0.2138
      Episode_Termination/time_out: 0.3997
   Episode_Termination/bad_contact: 0.0000
          Episode_Termination/tilt: 0.1406
    Episode_Termination/low_height: 0.0000
--------------------------------------------------------------------------------
                   Total timesteps: 15360
                    Iteration time: 3.29s
                      Time elapsed: 00:00:18
                               ETA: 00:04:36

################################################################################
                     [1m Learning iteration 1127/1202 [0m                     

                       Computation: 935 steps/s (collection: 3.199s, learning 0.085s)
             Mean action noise std: 0.05
          Mean value_function loss: 0.6052
               Mean surrogate loss: -0.0028
                 Mean entropy loss: -25.2287
                       Mean reward: -52.64
               Mean episode length: 54.41
   Episode_Reward/term_bad_contact: 0.0000
          Episode_Reward/term_tilt: 0.0000
    Episode_Reward/term_low_height: 0.0000
      Episode_Reward/leg_action_l2: -0.0212
   Episode_Reward/tracking_lin_vel: 0.0000
Episode_Reward/tracking_lin_vel_x_exp: 0.1332
Episode_Reward/tracking_ang_vel_yaw_l1: 0.0000
Episode_Reward/tracking_ang_vel_yaw_exp: 0.0512
Episode_Reward/tracking_lin_vel_y_l2: 0.0000
Episode_Reward/tracking_lin_vel_z_l2: 0.0000
            Episode_Reward/survive: 0.0000
    Episode_Reward/foot_contacts_z: 0.0000
            Episode_Reward/torques: -0.0872
 Episode_Reward/tracking_lin_vel_y: 0.0000
          Episode_Reward/lin_vel_z: -0.0037
         Episode_Reward/ang_vel_xy: -0.0072
   Episode_Reward/tracking_ang_vel: 0.0113
               Episode_Reward/work: -0.2939
            Episode_Reward/dof_acc: -0.4904
        Episode_Reward/action_rate: -0.0140
     Episode_Reward/dof_pos_limits: -0.0001
      Episode_Reward/delta_torques: -0.0002
          Episode_Reward/collision: -2.6813
        Episode_Reward/walking_dof: 0.0473
            Episode_Reward/hip_pos: -0.0227
          Episode_Reward/feet_jerk: 0.0000
              Episode_Reward/alive: 0.1300
          Episode_Reward/feet_drag: -0.0052
Episode_Reward/feet_contact_forces: -0.0853
               Episode_Reward/roll: -0.0088
        Episode_Reward/base_height: -0.0848
Episode_Reward/tracking_lin_vel_max: 0.0509
Episode_Reward/flat_orientation_l2: -0.0033
  Episode_Reward/air_time_variance: -0.0005
        Episode_Reward/feet_height: 0.0000
      Episode_Reward/feet_air_time: -0.0000
Episode_Reward/update_last_buffers: 0.0000
   Episode_Reward/wheel_idle_speed: -0.3136
    Episode_Reward/wheel_action_l2: -0.0000
  Episode_Reward/wheel_action_rate: 0.0000
  Episode_Reward/wheel_forward_use: 0.0009
 Episode_Reward/wheel_turn_support: 0.0179
   Metrics/locomotion/error_vel_xy: 0.1972
  Metrics/locomotion/error_vel_yaw: 0.3611
      Episode_Termination/time_out: 0.4476
   Episode_Termination/bad_contact: 0.0000
          Episode_Termination/tilt: 0.1406
    Episode_Termination/low_height: 0.0000
--------------------------------------------------------------------------------
                   Total timesteps: 18432
                    Iteration time: 3.28s
                      Time elapsed: 00:00:21
                               ETA: 00:04:28

################################################################################
                     [1m Learning iteration 1128/1202 [0m                     

                       Computation: 947 steps/s (collection: 3.158s, learning 0.085s)
             Mean action noise std: 0.05
          Mean value_function loss: 2.2584
               Mean surrogate loss: -0.0016
                 Mean entropy loss: -25.2287
                       Mean reward: -53.96
               Mean episode length: 59.78
   Episode_Reward/term_bad_contact: 0.0000
          Episode_Reward/term_tilt: -0.4167
    Episode_Reward/term_low_height: 0.0000
      Episode_Reward/leg_action_l2: -0.0206
   Episode_Reward/tracking_lin_vel: 0.0000
Episode_Reward/tracking_lin_vel_x_exp: 0.2254
Episode_Reward/tracking_ang_vel_yaw_l1: 0.0000
Episode_Reward/tracking_ang_vel_yaw_exp: 0.1393
Episode_Reward/tracking_lin_vel_y_l2: 0.0000
Episode_Reward/tracking_lin_vel_z_l2: 0.0000
            Episode_Reward/survive: 0.0000
    Episode_Reward/foot_contacts_z: 0.0000
            Episode_Reward/torques: -0.0996
 Episode_Reward/tracking_lin_vel_y: 0.0000
          Episode_Reward/lin_vel_z: -0.0028
         Episode_Reward/ang_vel_xy: -0.0107
   Episode_Reward/tracking_ang_vel: 0.0220
               Episode_Reward/work: -0.3129
            Episode_Reward/dof_acc: -0.5186
        Episode_Reward/action_rate: -0.0130
     Episode_Reward/dof_pos_limits: -0.0002
      Episode_Reward/delta_torques: -0.0002
          Episode_Reward/collision: -2.9179
        Episode_Reward/walking_dof: 0.0239
            Episode_Reward/hip_pos: -0.0266
          Episode_Reward/feet_jerk: 0.0000
              Episode_Reward/alive: 0.1490
          Episode_Reward/feet_drag: -0.0058
Episode_Reward/feet_contact_forces: -0.0991
               Episode_Reward/roll: -0.0138
        Episode_Reward/base_height: -0.1158
Episode_Reward/tracking_lin_vel_max: 0.0827
Episode_Reward/flat_orientation_l2: -0.0047
  Episode_Reward/air_time_variance: -0.0026
        Episode_Reward/feet_height: 0.0000
      Episode_Reward/feet_air_time: -0.0000
Episode_Reward/update_last_buffers: 0.0000
   Episode_Reward/wheel_idle_speed: -2.7558
    Episode_Reward/wheel_action_l2: -0.0000
  Episode_Reward/wheel_action_rate: 0.0000
  Episode_Reward/wheel_forward_use: 0.0000
 Episode_Reward/wheel_turn_support: 0.0102
   Metrics/locomotion/error_vel_xy: 0.1688
  Metrics/locomotion/error_vel_yaw: 0.2730
      Episode_Termination/time_out: 0.5088
   Episode_Termination/bad_contact: 0.0000
          Episode_Termination/tilt: 0.1484
    Episode_Termination/low_height: 0.0000
--------------------------------------------------------------------------------
                   Total timesteps: 21504
                    Iteration time: 3.24s
                      Time elapsed: 00:00:24
                               ETA: 00:04:21

################################################################################
                     [1m Learning iteration 1129/1202 [0m                     

                       Computation: 896 steps/s (collection: 3.345s, learning 0.082s)
             Mean action noise std: 0.05
          Mean value_function loss: 1.8693
               Mean surrogate loss: -0.0013
                 Mean entropy loss: -25.2287
                       Mean reward: -53.84
               Mean episode length: 72.23
   Episode_Reward/term_bad_contact: 0.0000
          Episode_Reward/term_tilt: 0.0000
    Episode_Reward/term_low_height: 0.0000
      Episode_Reward/leg_action_l2: -0.0251
   Episode_Reward/tracking_lin_vel: 0.0000
Episode_Reward/tracking_lin_vel_x_exp: 0.1942
Episode_Reward/tracking_ang_vel_yaw_l1: 0.0000
Episode_Reward/tracking_ang_vel_yaw_exp: 0.2108
Episode_Reward/tracking_lin_vel_y_l2: 0.0000
Episode_Reward/tracking_lin_vel_z_l2: 0.0000
            Episode_Reward/survive: 0.0000
    Episode_Reward/foot_contacts_z: 0.0000
            Episode_Reward/torques: -0.1201
 Episode_Reward/tracking_lin_vel_y: 0.0000
          Episode_Reward/lin_vel_z: -0.0054
         Episode_Reward/ang_vel_xy: -0.0122
   Episode_Reward/tracking_ang_vel: 0.0316
               Episode_Reward/work: -0.3752
            Episode_Reward/dof_acc: -0.6050
        Episode_Reward/action_rate: -0.0149
     Episode_Reward/dof_pos_limits: -0.0002
      Episode_Reward/delta_torques: -0.0002
          Episode_Reward/collision: -3.5415
        Episode_Reward/walking_dof: 0.0495
            Episode_Reward/hip_pos: -0.0329
          Episode_Reward/feet_jerk: 0.0000
              Episode_Reward/alive: 0.1790
          Episode_Reward/feet_drag: -0.0067
Episode_Reward/feet_contact_forces: -0.1185
               Episode_Reward/roll: -0.0157
        Episode_Reward/base_height: -0.1429
Episode_Reward/tracking_lin_vel_max: 0.0604
Episode_Reward/flat_orientation_l2: -0.0056
  Episode_Reward/air_time_variance: -0.0014
        Episode_Reward/feet_height: 0.0000
      Episode_Reward/feet_air_time: -0.0000
Episode_Reward/update_last_buffers: 0.0000
   Episode_Reward/wheel_idle_speed: -1.3079
    Episode_Reward/wheel_action_l2: -0.0000
  Episode_Reward/wheel_action_rate: 0.0000
  Episode_Reward/wheel_forward_use: 0.0267
 Episode_Reward/wheel_turn_support: 0.0050
   Metrics/locomotion/error_vel_xy: 0.2612
  Metrics/locomotion/error_vel_yaw: 0.2659
      Episode_Termination/time_out: 0.5641
   Episode_Termination/bad_contact: 0.0000
          Episode_Termination/tilt: 0.1484
    Episode_Termination/low_height: 0.0000
--------------------------------------------------------------------------------
                   Total timesteps: 24576
                    Iteration time: 3.43s
                      Time elapsed: 00:00:28
                               ETA: 00:04:16

################################################################################
                     [1m Learning iteration 1130/1202 [0m                     

                       Computation: 937 steps/s (collection: 3.197s, learning 0.081s)
             Mean action noise std: 0.05
          Mean value_function loss: 1.2038
               Mean surrogate loss: -0.0026
                 Mean entropy loss: -25.2287
                       Mean reward: -54.70
               Mean episode length: 88.50
   Episode_Reward/term_bad_contact: 0.0000
          Episode_Reward/term_tilt: 0.0000
    Episode_Reward/term_low_height: 0.0000
      Episode_Reward/leg_action_l2: -0.0321
   Episode_Reward/tracking_lin_vel: 0.0000
Episode_Reward/tracking_lin_vel_x_exp: 0.1881
Episode_Reward/tracking_ang_vel_yaw_l1: 0.0000
Episode_Reward/tracking_ang_vel_yaw_exp: 0.1301
Episode_Reward/tracking_lin_vel_y_l2: 0.0000
Episode_Reward/tracking_lin_vel_z_l2: 0.0000
            Episode_Reward/survive: 0.0000
    Episode_Reward/foot_contacts_z: 0.0000
            Episode_Reward/torques: -0.1488
 Episode_Reward/tracking_lin_vel_y: 0.0000
          Episode_Reward/lin_vel_z: -0.0048
         Episode_Reward/ang_vel_xy: -0.0131
   Episode_Reward/tracking_ang_vel: 0.0243
               Episode_Reward/work: -0.4145
            Episode_Reward/dof_acc: -0.7515
        Episode_Reward/action_rate: -0.0188
     Episode_Reward/dof_pos_limits: -0.0002
      Episode_Reward/delta_torques: -0.0002
          Episode_Reward/collision: -4.0029
        Episode_Reward/walking_dof: 0.0748
            Episode_Reward/hip_pos: -0.0367
          Episode_Reward/feet_jerk: 0.0000
              Episode_Reward/alive: 0.2027
          Episode_Reward/feet_drag: -0.0072
Episode_Reward/feet_contact_forces: -0.1323
               Episode_Reward/roll: -0.0126
        Episode_Reward/base_height: -0.1610
Episode_Reward/tracking_lin_vel_max: 0.0443
Episode_Reward/flat_orientation_l2: -0.0048
  Episode_Reward/air_time_variance: -0.0017
        Episode_Reward/feet_height: 0.0000
      Episode_Reward/feet_air_time: -0.0001
Episode_Reward/update_last_buffers: 0.0000
   Episode_Reward/wheel_idle_speed: -0.1185
    Episode_Reward/wheel_action_l2: -0.0000
  Episode_Reward/wheel_action_rate: 0.0000
  Episode_Reward/wheel_forward_use: 0.0181
 Episode_Reward/wheel_turn_support: 0.0132
   Metrics/locomotion/error_vel_xy: 0.3653
  Metrics/locomotion/error_vel_yaw: 0.4786
      Episode_Termination/time_out: 0.6230
   Episode_Termination/bad_contact: 0.0000
          Episode_Termination/tilt: 0.1484
    Episode_Termination/low_height: 0.0000
--------------------------------------------------------------------------------
                   Total timesteps: 27648
                    Iteration time: 3.28s
                      Time elapsed: 00:00:31
                               ETA: 00:04:11

################################################################################
                     [1m Learning iteration 1131/1202 [0m                     

                       Computation: 945 steps/s (collection: 3.170s, learning 0.079s)
             Mean action noise std: 0.05
          Mean value_function loss: 0.2857
               Mean surrogate loss: -0.0025
                 Mean entropy loss: -25.2287
                       Mean reward: -53.45
               Mean episode length: 94.84
   Episode_Reward/term_bad_contact: 0.0000
          Episode_Reward/term_tilt: 0.0000
    Episode_Reward/term_low_height: 0.0000
      Episode_Reward/leg_action_l2: -0.0364
   Episode_Reward/tracking_lin_vel: 0.0000
Episode_Reward/tracking_lin_vel_x_exp: 0.2213
Episode_Reward/tracking_ang_vel_yaw_l1: 0.0000
Episode_Reward/tracking_ang_vel_yaw_exp: 0.1136
Episode_Reward/tracking_lin_vel_y_l2: 0.0000
Episode_Reward/tracking_lin_vel_z_l2: 0.0000
            Episode_Reward/survive: 0.0000
    Episode_Reward/foot_contacts_z: 0.0000
            Episode_Reward/torques: -0.1498
 Episode_Reward/tracking_lin_vel_y: 0.0000
          Episode_Reward/lin_vel_z: -0.0024
         Episode_Reward/ang_vel_xy: -0.0115
   Episode_Reward/tracking_ang_vel: 0.0260
               Episode_Reward/work: -0.3054
            Episode_Reward/dof_acc: -0.3769
        Episode_Reward/action_rate: -0.0216
     Episode_Reward/dof_pos_limits: -0.0002
      Episode_Reward/delta_torques: -0.0002
          Episode_Reward/collision: -4.4550
        Episode_Reward/walking_dof: 0.0804
            Episode_Reward/hip_pos: -0.0395
          Episode_Reward/feet_jerk: 0.0000
              Episode_Reward/alive: 0.2238
          Episode_Reward/feet_drag: -0.0070
Episode_Reward/feet_contact_forces: -0.1474
               Episode_Reward/roll: -0.0144
        Episode_Reward/base_height: -0.1353
Episode_Reward/tracking_lin_vel_max: 0.0229
Episode_Reward/flat_orientation_l2: -0.0078
  Episode_Reward/air_time_variance: -0.0006
        Episode_Reward/feet_height: 0.0000
      Episode_Reward/feet_air_time: -0.0000
Episode_Reward/update_last_buffers: 0.0000
   Episode_Reward/wheel_idle_speed: -0.0005
    Episode_Reward/wheel_action_l2: -0.0000
  Episode_Reward/wheel_action_rate: 0.0000
  Episode_Reward/wheel_forward_use: 0.0118
 Episode_Reward/wheel_turn_support: 0.0278
   Metrics/locomotion/error_vel_xy: 0.3624
  Metrics/locomotion/error_vel_yaw: 0.5193
      Episode_Termination/time_out: 0.6908
   Episode_Termination/bad_contact: 0.0000
          Episode_Termination/tilt: 0.1484
    Episode_Termination/low_height: 0.0000
--------------------------------------------------------------------------------
                   Total timesteps: 30720
                    Iteration time: 3.25s
                      Time elapsed: 00:00:34
                               ETA: 00:04:06

################################################################################
                     [1m Learning iteration 1132/1202 [0m                     

                       Computation: 900 steps/s (collection: 3.326s, learning 0.084s)
             Mean action noise std: 0.05
          Mean value_function loss: 0.2621
               Mean surrogate loss: -0.0021
                 Mean entropy loss: -25.2287
                       Mean reward: -51.44
               Mean episode length: 116.42
   Episode_Reward/term_bad_contact: 0.0000
          Episode_Reward/term_tilt: 0.0000
    Episode_Reward/term_low_height: 0.0000
      Episode_Reward/leg_action_l2: -0.0379
   Episode_Reward/tracking_lin_vel: 0.0000
Episode_Reward/tracking_lin_vel_x_exp: 0.2589
Episode_Reward/tracking_ang_vel_yaw_l1: 0.0000
Episode_Reward/tracking_ang_vel_yaw_exp: 0.1300
Episode_Reward/tracking_lin_vel_y_l2: 0.0000
Episode_Reward/tracking_lin_vel_z_l2: 0.0000
            Episode_Reward/survive: 0.0000
    Episode_Reward/foot_contacts_z: 0.0000
            Episode_Reward/torques: -0.1600
 Episode_Reward/tracking_lin_vel_y: 0.0000
          Episode_Reward/lin_vel_z: -0.0016
         Episode_Reward/ang_vel_xy: -0.0133
   Episode_Reward/tracking_ang_vel: 0.0255
               Episode_Reward/work: -0.3486
            Episode_Reward/dof_acc: -0.5352
        Episode_Reward/action_rate: -0.0216
     Episode_Reward/dof_pos_limits: -0.0003
      Episode_Reward/delta_torques: -0.0003
          Episode_Reward/collision: -5.0704
        Episode_Reward/walking_dof: 0.0796
            Episode_Reward/hip_pos: -0.0456
          Episode_Reward/feet_jerk: 0.0000
              Episode_Reward/alive: 0.2491
          Episode_Reward/feet_drag: -0.0081
Episode_Reward/feet_contact_forces: -0.1643
               Episode_Reward/roll: -0.0237
        Episode_Reward/base_height: -0.1800
Episode_Reward/tracking_lin_vel_max: 0.1143
Episode_Reward/flat_orientation_l2: -0.0082
  Episode_Reward/air_time_variance: -0.0012
        Episode_Reward/feet_height: 0.0000
      Episode_Reward/feet_air_time: -0.0000
Episode_Reward/update_last_buffers: 0.0000
   Episode_Reward/wheel_idle_speed: -0.6947
    Episode_Reward/wheel_action_l2: -0.0000
  Episode_Reward/wheel_action_rate: 0.0000
  Episode_Reward/wheel_forward_use: 0.0084
 Episode_Reward/wheel_turn_support: 0.0258
   Metrics/locomotion/error_vel_xy: 0.3722
  Metrics/locomotion/error_vel_yaw: 0.6393
      Episode_Termination/time_out: 0.7318
   Episode_Termination/bad_contact: 0.0000
          Episode_Termination/tilt: 0.1484
    Episode_Termination/low_height: 0.0000
--------------------------------------------------------------------------------
                   Total timesteps: 33792
                    Iteration time: 3.41s
                      Time elapsed: 00:00:38
                               ETA: 00:04:02

################################################################################
                     [1m Learning iteration 1133/1202 [0m                     

                       Computation: 946 steps/s (collection: 3.174s, learning 0.074s)
             Mean action noise std: 0.05
          Mean value_function loss: 0.5742
               Mean surrogate loss: -0.0018
                 Mean entropy loss: -25.2287
                       Mean reward: -52.28
               Mean episode length: 136.78
   Episode_Reward/term_bad_contact: 0.0000
          Episode_Reward/term_tilt: 0.0000
    Episode_Reward/term_low_height: 0.0000
      Episode_Reward/leg_action_l2: -0.0410
   Episode_Reward/tracking_lin_vel: 0.0000
Episode_Reward/tracking_lin_vel_x_exp: 0.3127
Episode_Reward/tracking_ang_vel_yaw_l1: 0.0000
Episode_Reward/tracking_ang_vel_yaw_exp: 0.1791
Episode_Reward/tracking_lin_vel_y_l2: 0.0000
Episode_Reward/tracking_lin_vel_z_l2: 0.0000
            Episode_Reward/survive: 0.0000
    Episode_Reward/foot_contacts_z: 0.0000
            Episode_Reward/torques: -0.1704
 Episode_Reward/tracking_lin_vel_y: 0.0000
          Episode_Reward/lin_vel_z: -0.0047
         Episode_Reward/ang_vel_xy: -0.0090
   Episode_Reward/tracking_ang_vel: 0.0315
               Episode_Reward/work: -0.3309
            Episode_Reward/dof_acc: -0.4554
        Episode_Reward/action_rate: -0.0223
     Episode_Reward/dof_pos_limits: -0.0004
      Episode_Reward/delta_torques: -0.0003
          Episode_Reward/collision: -5.5004
        Episode_Reward/walking_dof: 0.0711
            Episode_Reward/hip_pos: -0.0497
          Episode_Reward/feet_jerk: 0.0000
              Episode_Reward/alive: 0.2733
          Episode_Reward/feet_drag: -0.0087
Episode_Reward/feet_contact_forces: -0.1779
               Episode_Reward/roll: -0.0253
        Episode_Reward/base_height: -0.2015
Episode_Reward/tracking_lin_vel_max: 0.1186
Episode_Reward/flat_orientation_l2: -0.0083
  Episode_Reward/air_time_variance: -0.0024
        Episode_Reward/feet_height: 0.0000
      Episode_Reward/feet_air_time: -0.0000
Episode_Reward/update_last_buffers: 0.0000
   Episode_Reward/wheel_idle_speed: -2.2451
    Episode_Reward/wheel_action_l2: -0.0000
  Episode_Reward/wheel_action_rate: 0.0000
  Episode_Reward/wheel_forward_use: 0.0016
 Episode_Reward/wheel_turn_support: 0.0265
   Metrics/locomotion/error_vel_xy: 0.3570
  Metrics/locomotion/error_vel_yaw: 0.6435
      Episode_Termination/time_out: 0.8008
   Episode_Termination/bad_contact: 0.0000
          Episode_Termination/tilt: 0.1484
    Episode_Termination/low_height: 0.0000
--------------------------------------------------------------------------------
                   Total timesteps: 36864
                    Iteration time: 3.25s
                      Time elapsed: 00:00:41
                               ETA: 00:03:57

################################################################################
                     [1m Learning iteration 1134/1202 [0m                     

                       Computation: 954 steps/s (collection: 3.143s, learning 0.077s)
             Mean action noise std: 0.05
          Mean value_function loss: 0.2865
               Mean surrogate loss: -0.0015
                 Mean entropy loss: -25.2287
                       Mean reward: -54.21
               Mean episode length: 179.31
   Episode_Reward/term_bad_contact: 0.0000
          Episode_Reward/term_tilt: 0.0000
    Episode_Reward/term_low_height: 0.0000
      Episode_Reward/leg_action_l2: -0.0454
   Episode_Reward/tracking_lin_vel: 0.0000
Episode_Reward/tracking_lin_vel_x_exp: 0.2724
Episode_Reward/tracking_ang_vel_yaw_l1: 0.0000
Episode_Reward/tracking_ang_vel_yaw_exp: 0.2364
Episode_Reward/tracking_lin_vel_y_l2: 0.0000
Episode_Reward/tracking_lin_vel_z_l2: 0.0000
            Episode_Reward/survive: 0.0000
    Episode_Reward/foot_contacts_z: 0.0000
            Episode_Reward/torques: -0.1945
 Episode_Reward/tracking_lin_vel_y: 0.0000
          Episode_Reward/lin_vel_z: -0.0048
         Episode_Reward/ang_vel_xy: -0.0095
   Episode_Reward/tracking_ang_vel: 0.0393
               Episode_Reward/work: -0.3275
            Episode_Reward/dof_acc: -0.4997
        Episode_Reward/action_rate: -0.0232
     Episode_Reward/dof_pos_limits: -0.0003
      Episode_Reward/delta_torques: -0.0003
          Episode_Reward/collision: -6.1469
        Episode_Reward/walking_dof: 0.0812
            Episode_Reward/hip_pos: -0.0531
          Episode_Reward/feet_jerk: 0.0000
              Episode_Reward/alive: 0.2952
          Episode_Reward/feet_drag: -0.0089
Episode_Reward/feet_contact_forces: -0.1932
               Episode_Reward/roll: -0.0199
        Episode_Reward/base_height: -0.1993
Episode_Reward/tracking_lin_vel_max: 0.0965
Episode_Reward/flat_orientation_l2: -0.0084
  Episode_Reward/air_time_variance: -0.0023
        Episode_Reward/feet_height: 0.0000
      Episode_Reward/feet_air_time: -0.0000
Episode_Reward/update_last_buffers: 0.0000
   Episode_Reward/wheel_idle_speed: -0.5878
    Episode_Reward/wheel_action_l2: -0.0000
  Episode_Reward/wheel_action_rate: 0.0000
  Episode_Reward/wheel_forward_use: 0.0168
 Episode_Reward/wheel_turn_support: 0.0203
   Metrics/locomotion/error_vel_xy: 0.4884
  Metrics/locomotion/error_vel_yaw: 0.6275
      Episode_Termination/time_out: 0.8503
   Episode_Termination/bad_contact: 0.0000
          Episode_Termination/tilt: 0.1436
    Episode_Termination/low_height: 0.0000
--------------------------------------------------------------------------------
                   Total timesteps: 39936
                    Iteration time: 3.22s
                      Time elapsed: 00:00:44
                               ETA: 00:03:52

################################################################################
                     [1m Learning iteration 1135/1202 [0m                     

                       Computation: 946 steps/s (collection: 3.172s, learning 0.074s)
             Mean action noise std: 0.05
          Mean value_function loss: 2.6641
               Mean surrogate loss: -0.0023
                 Mean entropy loss: -25.2287
                       Mean reward: -62.17
               Mean episode length: 236.84
   Episode_Reward/term_bad_contact: 0.0000
          Episode_Reward/term_tilt: 0.0000
    Episode_Reward/term_low_height: 0.0000
      Episode_Reward/leg_action_l2: -0.0458
   Episode_Reward/tracking_lin_vel: 0.0000
Episode_Reward/tracking_lin_vel_x_exp: 0.3205
Episode_Reward/tracking_ang_vel_yaw_l1: 0.0000
Episode_Reward/tracking_ang_vel_yaw_exp: 0.2070
Episode_Reward/tracking_lin_vel_y_l2: 0.0000
Episode_Reward/tracking_lin_vel_z_l2: 0.0000
            Episode_Reward/survive: 0.0000
    Episode_Reward/foot_contacts_z: 0.0000
            Episode_Reward/torques: -0.1901
 Episode_Reward/tracking_lin_vel_y: 0.0000
          Episode_Reward/lin_vel_z: -0.0020
         Episode_Reward/ang_vel_xy: -0.0039
   Episode_Reward/tracking_ang_vel: 0.0364
               Episode_Reward/work: -0.1483
            Episode_Reward/dof_acc: -0.3710
        Episode_Reward/action_rate: -0.0230
     Episode_Reward/dof_pos_limits: -0.0003
      Episode_Reward/delta_torques: -0.0003
          Episode_Reward/collision: -6.2799
        Episode_Reward/walking_dof: 0.0853
            Episode_Reward/hip_pos: -0.0535
          Episode_Reward/feet_jerk: 0.0000
              Episode_Reward/alive: 0.3000
          Episode_Reward/feet_drag: -0.0080
Episode_Reward/feet_contact_forces: -0.1974
               Episode_Reward/roll: -0.0308
        Episode_Reward/base_height: -0.2303
Episode_Reward/tracking_lin_vel_max: 0.1224
Episode_Reward/flat_orientation_l2: -0.0085
  Episode_Reward/air_time_variance: -0.0003
        Episode_Reward/feet_height: 0.0000
      Episode_Reward/feet_air_time: -0.0000
Episode_Reward/update_last_buffers: 0.0000
   Episode_Reward/wheel_idle_speed: -0.3559
    Episode_Reward/wheel_action_l2: -0.0000
  Episode_Reward/wheel_action_rate: 0.0000
  Episode_Reward/wheel_forward_use: 0.0177
 Episode_Reward/wheel_turn_support: 0.0291
   Metrics/locomotion/error_vel_xy: 0.4520
  Metrics/locomotion/error_vel_yaw: 0.6616
      Episode_Termination/time_out: 0.9505
   Episode_Termination/bad_contact: 0.0000
          Episode_Termination/tilt: 0.0495
    Episode_Termination/low_height: 0.0000
--------------------------------------------------------------------------------
                   Total timesteps: 43008
                    Iteration time: 3.25s
                      Time elapsed: 00:00:47
                               ETA: 00:03:48

################################################################################
                     [1m Learning iteration 1136/1202 [0m                     

                       Computation: 960 steps/s (collection: 3.117s, learning 0.081s)
             Mean action noise std: 0.05
          Mean value_function loss: 0.4244
               Mean surrogate loss: -0.0026
                 Mean entropy loss: -25.2287
                       Mean reward: -65.91
               Mean episode length: 261.14
   Episode_Reward/term_bad_contact: 0.0000
          Episode_Reward/term_tilt: 0.0000
    Episode_Reward/term_low_height: 0.0000
      Episode_Reward/leg_action_l2: -0.0430
   Episode_Reward/tracking_lin_vel: 0.0000
Episode_Reward/tracking_lin_vel_x_exp: 0.3251
Episode_Reward/tracking_ang_vel_yaw_l1: 0.0000
Episode_Reward/tracking_ang_vel_yaw_exp: 0.2287
Episode_Reward/tracking_lin_vel_y_l2: 0.0000
Episode_Reward/tracking_lin_vel_z_l2: 0.0000
            Episode_Reward/survive: 0.0000
    Episode_Reward/foot_contacts_z: 0.0000
            Episode_Reward/torques: -0.1987
 Episode_Reward/tracking_lin_vel_y: 0.0000
          Episode_Reward/lin_vel_z: -0.0021
         Episode_Reward/ang_vel_xy: -0.0039
   Episode_Reward/tracking_ang_vel: 0.0388
               Episode_Reward/work: -0.1184
            Episode_Reward/dof_acc: -0.2887
        Episode_Reward/action_rate: -0.0222
     Episode_Reward/dof_pos_limits: -0.0002
      Episode_Reward/delta_torques: -0.0003
          Episode_Reward/collision: -6.0944
        Episode_Reward/walking_dof: 0.0720
            Episode_Reward/hip_pos: -0.0537
          Episode_Reward/feet_jerk: 0.0000
              Episode_Reward/alive: 0.3000
          Episode_Reward/feet_drag: -0.0078
Episode_Reward/feet_contact_forces: -0.1970
               Episode_Reward/roll: -0.0233
        Episode_Reward/base_height: -0.2452
Episode_Reward/tracking_lin_vel_max: 0.1388
Episode_Reward/flat_orientation_l2: -0.0064
  Episode_Reward/air_time_variance: -0.0006
        Episode_Reward/feet_height: 0.0000
      Episode_Reward/feet_air_time: -0.0000
Episode_Reward/update_last_buffers: 0.0000
   Episode_Reward/wheel_idle_speed: -0.4127
    Episode_Reward/wheel_action_l2: -0.0000
  Episode_Reward/wheel_action_rate: 0.0000
  Episode_Reward/wheel_forward_use: 0.0107
 Episode_Reward/wheel_turn_support: 0.0272
   Metrics/locomotion/error_vel_xy: 0.4237
  Metrics/locomotion/error_vel_yaw: 0.6158
      Episode_Termination/time_out: 0.9922
   Episode_Termination/bad_contact: 0.0000
          Episode_Termination/tilt: 0.0078
    Episode_Termination/low_height: 0.0000
--------------------------------------------------------------------------------
                   Total timesteps: 46080
                    Iteration time: 3.20s
                      Time elapsed: 00:00:50
                               ETA: 00:03:44

################################################################################
                     [1m Learning iteration 1137/1202 [0m                     

                       Computation: 930 steps/s (collection: 3.222s, learning 0.080s)
             Mean action noise std: 0.05
          Mean value_function loss: 2.2283
               Mean surrogate loss: -0.0032
                 Mean entropy loss: -25.2287
                       Mean reward: -65.81
               Mean episode length: 275.04
   Episode_Reward/term_bad_contact: 0.0000
          Episode_Reward/term_tilt: 0.0000
    Episode_Reward/term_low_height: 0.0000
      Episode_Reward/leg_action_l2: -0.0502
   Episode_Reward/tracking_lin_vel: 0.0000
Episode_Reward/tracking_lin_vel_x_exp: 0.3393
Episode_Reward/tracking_ang_vel_yaw_l1: 0.0000
Episode_Reward/tracking_ang_vel_yaw_exp: 0.1675
Episode_Reward/tracking_lin_vel_y_l2: 0.0000
Episode_Reward/tracking_lin_vel_z_l2: 0.0000
            Episode_Reward/survive: 0.0000
    Episode_Reward/foot_contacts_z: 0.0000
            Episode_Reward/torques: -0.1975
 Episode_Reward/tracking_lin_vel_y: 0.0000
          Episode_Reward/lin_vel_z: -0.0018
         Episode_Reward/ang_vel_xy: -0.0033
   Episode_Reward/tracking_ang_vel: 0.0304
               Episode_Reward/work: -0.1359
            Episode_Reward/dof_acc: -0.4881
        Episode_Reward/action_rate: -0.0260
     Episode_Reward/dof_pos_limits: -0.0003
      Episode_Reward/delta_torques: -0.0003
          Episode_Reward/collision: -6.3750
        Episode_Reward/walking_dof: 0.1056
            Episode_Reward/hip_pos: -0.0533
          Episode_Reward/feet_jerk: 0.0000
              Episode_Reward/alive: 0.3000
          Episode_Reward/feet_drag: -0.0082
Episode_Reward/feet_contact_forces: -0.1969
               Episode_Reward/roll: -0.0232
        Episode_Reward/base_height: -0.2189
Episode_Reward/tracking_lin_vel_max: 0.1170
Episode_Reward/flat_orientation_l2: -0.0073
  Episode_Reward/air_time_variance: -0.0006
        Episode_Reward/feet_height: 0.0000
      Episode_Reward/feet_air_time: -0.0001
Episode_Reward/update_last_buffers: 0.0000
   Episode_Reward/wheel_idle_speed: -0.0604
    Episode_Reward/wheel_action_l2: -0.0000
  Episode_Reward/wheel_action_rate: 0.0000
  Episode_Reward/wheel_forward_use: 0.0147
 Episode_Reward/wheel_turn_support: 0.0292
   Metrics/locomotion/error_vel_xy: 0.4546
  Metrics/locomotion/error_vel_yaw: 0.7414
      Episode_Termination/time_out: 0.9922
   Episode_Termination/bad_contact: 0.0000
          Episode_Termination/tilt: 0.0078
    Episode_Termination/low_height: 0.0000
--------------------------------------------------------------------------------
                   Total timesteps: 49152
                    Iteration time: 3.30s
                      Time elapsed: 00:00:54
                               ETA: 00:03:40

################################################################################
                     [1m Learning iteration 1138/1202 [0m                     

                       Computation: 937 steps/s (collection: 3.203s, learning 0.075s)
             Mean action noise std: 0.05
          Mean value_function loss: 0.9503
               Mean surrogate loss: -0.0022
                 Mean entropy loss: -25.2287
                       Mean reward: -67.63
               Mean episode length: 285.11
   Episode_Reward/term_bad_contact: 0.0000
          Episode_Reward/term_tilt: 0.0000
    Episode_Reward/term_low_height: 0.0000
      Episode_Reward/leg_action_l2: -0.0507
   Episode_Reward/tracking_lin_vel: 0.0000
Episode_Reward/tracking_lin_vel_x_exp: 0.4327
Episode_Reward/tracking_ang_vel_yaw_l1: 0.0000
Episode_Reward/tracking_ang_vel_yaw_exp: 0.3393
Episode_Reward/tracking_lin_vel_y_l2: 0.0000
Episode_Reward/tracking_lin_vel_z_l2: 0.0000
            Episode_Reward/survive: 0.0000
    Episode_Reward/foot_contacts_z: 0.0000
            Episode_Reward/torques: -0.2046
 Episode_Reward/tracking_lin_vel_y: 0.0000
          Episode_Reward/lin_vel_z: -0.0018
         Episode_Reward/ang_vel_xy: -0.0034
   Episode_Reward/tracking_ang_vel: 0.0498
               Episode_Reward/work: -0.1549
            Episode_Reward/dof_acc: -0.4487
        Episode_Reward/action_rate: -0.0262
     Episode_Reward/dof_pos_limits: -0.0003
      Episode_Reward/delta_torques: -0.0003
          Episode_Reward/collision: -6.5788
        Episode_Reward/walking_dof: 0.0476
            Episode_Reward/hip_pos: -0.0535
          Episode_Reward/feet_jerk: 0.0000
              Episode_Reward/alive: 0.3000
          Episode_Reward/feet_drag: -0.0077
Episode_Reward/feet_contact_forces: -0.1969
               Episode_Reward/roll: -0.0207
        Episode_Reward/base_height: -0.2170
Episode_Reward/tracking_lin_vel_max: 0.1791
Episode_Reward/flat_orientation_l2: -0.0065
  Episode_Reward/air_time_variance: -0.0025
        Episode_Reward/feet_height: 0.0000
      Episode_Reward/feet_air_time: -0.0000
Episode_Reward/update_last_buffers: 0.0000
   Episode_Reward/wheel_idle_speed: -0.9460
    Episode_Reward/wheel_action_l2: -0.0000
  Episode_Reward/wheel_action_rate: 0.0000
  Episode_Reward/wheel_forward_use: 0.0178
 Episode_Reward/wheel_turn_support: 0.0122
   Metrics/locomotion/error_vel_xy: 0.3269
  Metrics/locomotion/error_vel_yaw: 0.4602
      Episode_Termination/time_out: 0.9922
   Episode_Termination/bad_contact: 0.0000
          Episode_Termination/tilt: 0.0078
    Episode_Termination/low_height: 0.0000
--------------------------------------------------------------------------------
                   Total timesteps: 52224
                    Iteration time: 3.28s
                      Time elapsed: 00:00:57
                               ETA: 00:03:36

################################################################################
                     [1m Learning iteration 1139/1202 [0m                     

                       Computation: 993 steps/s (collection: 3.014s, learning 0.079s)
             Mean action noise std: 0.05
          Mean value_function loss: 0.5953
               Mean surrogate loss: -0.0021
                 Mean entropy loss: -25.2287
                       Mean reward: -68.19
               Mean episode length: 287.86
   Episode_Reward/term_bad_contact: 0.0000
          Episode_Reward/term_tilt: 0.0000
    Episode_Reward/term_low_height: 0.0000
      Episode_Reward/leg_action_l2: -0.0427
   Episode_Reward/tracking_lin_vel: 0.0000
Episode_Reward/tracking_lin_vel_x_exp: 0.1949
Episode_Reward/tracking_ang_vel_yaw_l1: 0.0000
Episode_Reward/tracking_ang_vel_yaw_exp: 0.1708
Episode_Reward/tracking_lin_vel_y_l2: 0.0000
Episode_Reward/tracking_lin_vel_z_l2: 0.0000
            Episode_Reward/survive: 0.0000
    Episode_Reward/foot_contacts_z: 0.0000
            Episode_Reward/torques: -0.1794
 Episode_Reward/tracking_lin_vel_y: 0.0000
          Episode_Reward/lin_vel_z: -0.0018
         Episode_Reward/ang_vel_xy: -0.0045
   Episode_Reward/tracking_ang_vel: 0.0339
               Episode_Reward/work: -0.2552
            Episode_Reward/dof_acc: -0.7085
        Episode_Reward/action_rate: -0.0220
     Episode_Reward/dof_pos_limits: -0.0003
      Episode_Reward/delta_torques: -0.0003
          Episode_Reward/collision: -5.9554
        Episode_Reward/walking_dof: 0.1094
            Episode_Reward/hip_pos: -0.0523
          Episode_Reward/feet_jerk: 0.0000
              Episode_Reward/alive: 0.3000
          Episode_Reward/feet_drag: -0.0089
Episode_Reward/feet_contact_forces: -0.1956
               Episode_Reward/roll: -0.0299
        Episode_Reward/base_height: -0.2318
Episode_Reward/tracking_lin_vel_max: 0.0290
Episode_Reward/flat_orientation_l2: -0.0084
  Episode_Reward/air_time_variance: -0.0007
        Episode_Reward/feet_height: 0.0000
      Episode_Reward/feet_air_time: -0.0001
Episode_Reward/update_last_buffers: 0.0000
   Episode_Reward/wheel_idle_speed: -0.0004
    Episode_Reward/wheel_action_l2: -0.0000
  Episode_Reward/wheel_action_rate: 0.0000
  Episode_Reward/wheel_forward_use: 0.0143
 Episode_Reward/wheel_turn_support: 0.0258
   Metrics/locomotion/error_vel_xy: 0.6452
  Metrics/locomotion/error_vel_yaw: 0.6862
      Episode_Termination/time_out: 0.9922
   Episode_Termination/bad_contact: 0.0000
          Episode_Termination/tilt: 0.0078
    Episode_Termination/low_height: 0.0000
--------------------------------------------------------------------------------
                   Total timesteps: 55296
                    Iteration time: 3.09s
                      Time elapsed: 00:01:00
                               ETA: 00:03:32

################################################################################
                     [1m Learning iteration 1140/1202 [0m                     

                       Computation: 961 steps/s (collection: 3.117s, learning 0.076s)
             Mean action noise std: 0.05
          Mean value_function loss: 0.3421
               Mean surrogate loss: -0.0016
                 Mean entropy loss: -25.2287
                       Mean reward: -69.44
               Mean episode length: 295.72
   Episode_Reward/term_bad_contact: 0.0000
          Episode_Reward/term_tilt: 0.0000
    Episode_Reward/term_low_height: 0.0000
      Episode_Reward/leg_action_l2: -0.0459
   Episode_Reward/tracking_lin_vel: 0.0000
Episode_Reward/tracking_lin_vel_x_exp: 0.3158
Episode_Reward/tracking_ang_vel_yaw_l1: 0.0000
Episode_Reward/tracking_ang_vel_yaw_exp: 0.1971
Episode_Reward/tracking_lin_vel_y_l2: 0.0000
Episode_Reward/tracking_lin_vel_z_l2: 0.0000
            Episode_Reward/survive: 0.0000
    Episode_Reward/foot_contacts_z: 0.0000
            Episode_Reward/torques: -0.1957
 Episode_Reward/tracking_lin_vel_y: 0.0000
          Episode_Reward/lin_vel_z: -0.0024
         Episode_Reward/ang_vel_xy: -0.0043
   Episode_Reward/tracking_ang_vel: 0.0358
               Episode_Reward/work: -0.1727
            Episode_Reward/dof_acc: -0.4498
        Episode_Reward/action_rate: -0.0234
     Episode_Reward/dof_pos_limits: -0.0003
      Episode_Reward/delta_torques: -0.0003
          Episode_Reward/collision: -6.3922
        Episode_Reward/walking_dof: 0.0860
            Episode_Reward/hip_pos: -0.0531
          Episode_Reward/feet_jerk: 0.0000
              Episode_Reward/alive: 0.3000
          Episode_Reward/feet_drag: -0.0090
Episode_Reward/feet_contact_forces: -0.1964
               Episode_Reward/roll: -0.0240
        Episode_Reward/base_height: -0.2239
Episode_Reward/tracking_lin_vel_max: 0.1387
Episode_Reward/flat_orientation_l2: -0.0071
  Episode_Reward/air_time_variance: -0.0024
        Episode_Reward/feet_height: 0.0000
      Episode_Reward/feet_air_time: -0.0000
Episode_Reward/update_last_buffers: 0.0000
   Episode_Reward/wheel_idle_speed: -0.4767
    Episode_Reward/wheel_action_l2: -0.0000
  Episode_Reward/wheel_action_rate: 0.0000
  Episode_Reward/wheel_forward_use: 0.0165
 Episode_Reward/wheel_turn_support: 0.0270
   Metrics/locomotion/error_vel_xy: 0.4267
  Metrics/locomotion/error_vel_yaw: 0.6817
      Episode_Termination/time_out: 0.9961
   Episode_Termination/bad_contact: 0.0000
          Episode_Termination/tilt: 0.0039
    Episode_Termination/low_height: 0.0000
--------------------------------------------------------------------------------
                   Total timesteps: 58368
                    Iteration time: 3.19s
                      Time elapsed: 00:01:03
                               ETA: 00:03:28

################################################################################
                     [1m Learning iteration 1141/1202 [0m                     

                       Computation: 976 steps/s (collection: 3.070s, learning 0.075s)
             Mean action noise std: 0.05
          Mean value_function loss: 0.2089
               Mean surrogate loss: -0.0035
                 Mean entropy loss: -25.2287
                       Mean reward: -69.29
               Mean episode length: 298.72
   Episode_Reward/term_bad_contact: 0.0000
          Episode_Reward/term_tilt: 0.0000
    Episode_Reward/term_low_height: 0.0000
      Episode_Reward/leg_action_l2: -0.0444
   Episode_Reward/tracking_lin_vel: 0.0000
Episode_Reward/tracking_lin_vel_x_exp: 0.1914
Episode_Reward/tracking_ang_vel_yaw_l1: 0.0000
Episode_Reward/tracking_ang_vel_yaw_exp: 0.1872
Episode_Reward/tracking_lin_vel_y_l2: 0.0000
Episode_Reward/tracking_lin_vel_z_l2: 0.0000
            Episode_Reward/survive: 0.0000
    Episode_Reward/foot_contacts_z: 0.0000
            Episode_Reward/torques: -0.1902
 Episode_Reward/tracking_lin_vel_y: 0.0000
          Episode_Reward/lin_vel_z: -0.0022
         Episode_Reward/ang_vel_xy: -0.0039
   Episode_Reward/tracking_ang_vel: 0.0350
               Episode_Reward/work: -0.1143
            Episode_Reward/dof_acc: -0.2975
        Episode_Reward/action_rate: -0.0225
     Episode_Reward/dof_pos_limits: -0.0003
      Episode_Reward/delta_torques: -0.0003
          Episode_Reward/collision: -6.1965
        Episode_Reward/walking_dof: 0.1089
            Episode_Reward/hip_pos: -0.0529
          Episode_Reward/feet_jerk: 0.0000
              Episode_Reward/alive: 0.3000
          Episode_Reward/feet_drag: -0.0079
Episode_Reward/feet_contact_forces: -0.1970
               Episode_Reward/roll: -0.0306
        Episode_Reward/base_height: -0.2297
Episode_Reward/tracking_lin_vel_max: 0.0310
Episode_Reward/flat_orientation_l2: -0.0090
  Episode_Reward/air_time_variance: -0.0008
        Episode_Reward/feet_height: 0.0000
      Episode_Reward/feet_air_time: -0.0001
Episode_Reward/update_last_buffers: 0.0000
   Episode_Reward/wheel_idle_speed: -0.0716
    Episode_Reward/wheel_action_l2: -0.0000
  Episode_Reward/wheel_action_rate: 0.0000
  Episode_Reward/wheel_forward_use: 0.0211
 Episode_Reward/wheel_turn_support: 0.0329
   Metrics/locomotion/error_vel_xy: 0.6018
  Metrics/locomotion/error_vel_yaw: 0.6736
      Episode_Termination/time_out: 1.0000
   Episode_Termination/bad_contact: 0.0000
          Episode_Termination/tilt: 0.0000
    Episode_Termination/low_height: 0.0000
--------------------------------------------------------------------------------
                   Total timesteps: 61440
                    Iteration time: 3.15s
                      Time elapsed: 00:01:06
                               ETA: 00:03:24

################################################################################
                     [1m Learning iteration 1142/1202 [0m                     

                       Computation: 981 steps/s (collection: 3.058s, learning 0.071s)
             Mean action noise std: 0.05
          Mean value_function loss: 0.2382
               Mean surrogate loss: -0.0028
                 Mean entropy loss: -25.2287
                       Mean reward: -68.76
               Mean episode length: 299.94
   Episode_Reward/term_bad_contact: 0.0000
          Episode_Reward/term_tilt: 0.0000
    Episode_Reward/term_low_height: 0.0000
      Episode_Reward/leg_action_l2: -0.0457
   Episode_Reward/tracking_lin_vel: 0.0000
Episode_Reward/tracking_lin_vel_x_exp: 0.3876
Episode_Reward/tracking_ang_vel_yaw_l1: 0.0000
Episode_Reward/tracking_ang_vel_yaw_exp: 0.2797
Episode_Reward/tracking_lin_vel_y_l2: 0.0000
Episode_Reward/tracking_lin_vel_z_l2: 0.0000
            Episode_Reward/survive: 0.0000
    Episode_Reward/foot_contacts_z: 0.0000
            Episode_Reward/torques: -0.1990
 Episode_Reward/tracking_lin_vel_y: 0.0000
          Episode_Reward/lin_vel_z: -0.0020
         Episode_Reward/ang_vel_xy: -0.0040
   Episode_Reward/tracking_ang_vel: 0.0450
               Episode_Reward/work: -0.1274
            Episode_Reward/dof_acc: -0.3440
        Episode_Reward/action_rate: -0.0229
     Episode_Reward/dof_pos_limits: -0.0003
      Episode_Reward/delta_torques: -0.0003
          Episode_Reward/collision: -6.6046
        Episode_Reward/walking_dof: 0.0677
            Episode_Reward/hip_pos: -0.0525
          Episode_Reward/feet_jerk: 0.0000
              Episode_Reward/alive: 0.3000
          Episode_Reward/feet_drag: -0.0083
Episode_Reward/feet_contact_forces: -0.1972
               Episode_Reward/roll: -0.0262
        Episode_Reward/base_height: -0.2199
Episode_Reward/tracking_lin_vel_max: 0.1558
Episode_Reward/flat_orientation_l2: -0.0075
  Episode_Reward/air_time_variance: -0.0021
        Episode_Reward/feet_height: 0.0000
      Episode_Reward/feet_air_time: -0.0000
Episode_Reward/update_last_buffers: 0.0000
   Episode_Reward/wheel_idle_speed: -0.4620
    Episode_Reward/wheel_action_l2: -0.0000
  Episode_Reward/wheel_action_rate: 0.0000
  Episode_Reward/wheel_forward_use: 0.0281
 Episode_Reward/wheel_turn_support: 0.0226
   Metrics/locomotion/error_vel_xy: 0.4017
  Metrics/locomotion/error_vel_yaw: 0.5337
      Episode_Termination/time_out: 1.0000
   Episode_Termination/bad_contact: 0.0000
          Episode_Termination/tilt: 0.0000
    Episode_Termination/low_height: 0.0000
--------------------------------------------------------------------------------
                   Total timesteps: 64512
                    Iteration time: 3.13s
                      Time elapsed: 00:01:10
                               ETA: 00:03:20

################################################################################
                     [1m Learning iteration 1143/1202 [0m                     

                       Computation: 961 steps/s (collection: 3.121s, learning 0.075s)
             Mean action noise std: 0.05
          Mean value_function loss: 0.4124
               Mean surrogate loss: -0.0034
                 Mean entropy loss: -25.2287
                       Mean reward: -69.06
               Mean episode length: 300.00
   Episode_Reward/term_bad_contact: 0.0000
          Episode_Reward/term_tilt: 0.0000
    Episode_Reward/term_low_height: 0.0000
      Episode_Reward/leg_action_l2: -0.0496
   Episode_Reward/tracking_lin_vel: 0.0000
Episode_Reward/tracking_lin_vel_x_exp: 0.2951
Episode_Reward/tracking_ang_vel_yaw_l1: 0.0000
Episode_Reward/tracking_ang_vel_yaw_exp: 0.3225
Episode_Reward/tracking_lin_vel_y_l2: 0.0000
Episode_Reward/tracking_lin_vel_z_l2: 0.0000
            Episode_Reward/survive: 0.0000
    Episode_Reward/foot_contacts_z: 0.0000
            Episode_Reward/torques: -0.2132
 Episode_Reward/tracking_lin_vel_y: 0.0000
          Episode_Reward/lin_vel_z: -0.0022
         Episode_Reward/ang_vel_xy: -0.0039
   Episode_Reward/tracking_ang_vel: 0.0492
               Episode_Reward/work: -0.1323
            Episode_Reward/dof_acc: -0.3706
        Episode_Reward/action_rate: -0.0251
     Episode_Reward/dof_pos_limits: -0.0002
      Episode_Reward/delta_torques: -0.0003
          Episode_Reward/collision: -6.3592
        Episode_Reward/walking_dof: 0.0749
            Episode_Reward/hip_pos: -0.0523
          Episode_Reward/feet_jerk: 0.0000
              Episode_Reward/alive: 0.3000
          Episode_Reward/feet_drag: -0.0080
Episode_Reward/feet_contact_forces: -0.1974
               Episode_Reward/roll: -0.0199
        Episode_Reward/base_height: -0.2173
Episode_Reward/tracking_lin_vel_max: 0.1285
Episode_Reward/flat_orientation_l2: -0.0062
  Episode_Reward/air_time_variance: -0.0003
        Episode_Reward/feet_height: 0.0000
      Episode_Reward/feet_air_time: -0.0000
Episode_Reward/update_last_buffers: 0.0000
   Episode_Reward/wheel_idle_speed: -0.6329
    Episode_Reward/wheel_action_l2: -0.0000
  Episode_Reward/wheel_action_rate: 0.0000
  Episode_Reward/wheel_forward_use: 0.0222
 Episode_Reward/wheel_turn_support: 0.0201
   Metrics/locomotion/error_vel_xy: 0.4835
  Metrics/locomotion/error_vel_yaw: 0.4644
      Episode_Termination/time_out: 1.0000
   Episode_Termination/bad_contact: 0.0000
          Episode_Termination/tilt: 0.0000
    Episode_Termination/low_height: 0.0000
--------------------------------------------------------------------------------
                   Total timesteps: 67584
                    Iteration time: 3.20s
                      Time elapsed: 00:01:13
                               ETA: 00:03:16

################################################################################
                     [1m Learning iteration 1144/1202 [0m                     

                       Computation: 975 steps/s (collection: 3.078s, learning 0.071s)
             Mean action noise std: 0.05
          Mean value_function loss: 0.3284
               Mean surrogate loss: -0.0014
                 Mean entropy loss: -25.2287
                       Mean reward: -68.27
               Mean episode length: 300.00
   Episode_Reward/term_bad_contact: 0.0000
          Episode_Reward/term_tilt: 0.0000
    Episode_Reward/term_low_height: 0.0000
      Episode_Reward/leg_action_l2: -0.0552
   Episode_Reward/tracking_lin_vel: 0.0000
Episode_Reward/tracking_lin_vel_x_exp: 0.2308
Episode_Reward/tracking_ang_vel_yaw_l1: 0.0000
Episode_Reward/tracking_ang_vel_yaw_exp: 0.2641
Episode_Reward/tracking_lin_vel_y_l2: 0.0000
Episode_Reward/tracking_lin_vel_z_l2: 0.0000
            Episode_Reward/survive: 0.0000
    Episode_Reward/foot_contacts_z: 0.0000
            Episode_Reward/torques: -0.2188
 Episode_Reward/tracking_lin_vel_y: 0.0000
          Episode_Reward/lin_vel_z: -0.0027
         Episode_Reward/ang_vel_xy: -0.0044
   Episode_Reward/tracking_ang_vel: 0.0460
               Episode_Reward/work: -0.1309
            Episode_Reward/dof_acc: -0.2825
        Episode_Reward/action_rate: -0.0279
     Episode_Reward/dof_pos_limits: -0.0001
      Episode_Reward/delta_torques: -0.0003
          Episode_Reward/collision: -6.0558
        Episode_Reward/walking_dof: 0.1069
            Episode_Reward/hip_pos: -0.0542
          Episode_Reward/feet_jerk: 0.0000
              Episode_Reward/alive: 0.3000
          Episode_Reward/feet_drag: -0.0083
Episode_Reward/feet_contact_forces: -0.1967
               Episode_Reward/roll: -0.0146
        Episode_Reward/base_height: -0.2286
Episode_Reward/tracking_lin_vel_max: 0.0631
Episode_Reward/flat_orientation_l2: -0.0050
  Episode_Reward/air_time_variance: -0.0002
        Episode_Reward/feet_height: 0.0000
      Episode_Reward/feet_air_time: -0.0001
Episode_Reward/update_last_buffers: 0.0000
   Episode_Reward/wheel_idle_speed: -0.0528
    Episode_Reward/wheel_action_l2: -0.0000
  Episode_Reward/wheel_action_rate: 0.0000
  Episode_Reward/wheel_forward_use: 0.0377
 Episode_Reward/wheel_turn_support: 0.0147
   Metrics/locomotion/error_vel_xy: 0.5728
  Metrics/locomotion/error_vel_yaw: 0.5205
      Episode_Termination/time_out: 1.0000
   Episode_Termination/bad_contact: 0.0000
          Episode_Termination/tilt: 0.0000
    Episode_Termination/low_height: 0.0000
--------------------------------------------------------------------------------
                   Total timesteps: 70656
                    Iteration time: 3.15s
                      Time elapsed: 00:01:16
                               ETA: 00:03:12

################################################################################
                     [1m Learning iteration 1145/1202 [0m                     

                       Computation: 958 steps/s (collection: 3.132s, learning 0.075s)
             Mean action noise std: 0.05
          Mean value_function loss: 0.2317
               Mean surrogate loss: -0.0027
                 Mean entropy loss: -25.2287
                       Mean reward: -68.04
               Mean episode length: 300.00
   Episode_Reward/term_bad_contact: 0.0000
          Episode_Reward/term_tilt: 0.0000
    Episode_Reward/term_low_height: 0.0000
      Episode_Reward/leg_action_l2: -0.0536
   Episode_Reward/tracking_lin_vel: 0.0000
Episode_Reward/tracking_lin_vel_x_exp: 0.3981
Episode_Reward/tracking_ang_vel_yaw_l1: 0.0000
Episode_Reward/tracking_ang_vel_yaw_exp: 0.3332
Episode_Reward/tracking_lin_vel_y_l2: 0.0000
Episode_Reward/tracking_lin_vel_z_l2: 0.0000
            Episode_Reward/survive: 0.0000
    Episode_Reward/foot_contacts_z: 0.0000
            Episode_Reward/torques: -0.1956
 Episode_Reward/tracking_lin_vel_y: 0.0000
          Episode_Reward/lin_vel_z: -0.0021
         Episode_Reward/ang_vel_xy: -0.0039
   Episode_Reward/tracking_ang_vel: 0.0492
               Episode_Reward/work: -0.1537
            Episode_Reward/dof_acc: -0.3917
        Episode_Reward/action_rate: -0.0268
     Episode_Reward/dof_pos_limits: -0.0003
      Episode_Reward/delta_torques: -0.0003
          Episode_Reward/collision: -6.4908
        Episode_Reward/walking_dof: 0.0778
            Episode_Reward/hip_pos: -0.0535
          Episode_Reward/feet_jerk: 0.0000
              Episode_Reward/alive: 0.3000
          Episode_Reward/feet_drag: -0.0080
Episode_Reward/feet_contact_forces: -0.1973
               Episode_Reward/roll: -0.0231
        Episode_Reward/base_height: -0.2106
Episode_Reward/tracking_lin_vel_max: 0.1341
Episode_Reward/flat_orientation_l2: -0.0084
  Episode_Reward/air_time_variance: -0.0091
        Episode_Reward/feet_height: 0.0000
      Episode_Reward/feet_air_time: -0.0000
Episode_Reward/update_last_buffers: 0.0000
   Episode_Reward/wheel_idle_speed: -0.0142
    Episode_Reward/wheel_action_l2: -0.0000
  Episode_Reward/wheel_action_rate: 0.0000
  Episode_Reward/wheel_forward_use: 0.0322
 Episode_Reward/wheel_turn_support: 0.0250
   Metrics/locomotion/error_vel_xy: 0.3873
  Metrics/locomotion/error_vel_yaw: 0.4713
      Episode_Termination/time_out: 1.0000
   Episode_Termination/bad_contact: 0.0000
          Episode_Termination/tilt: 0.0000
    Episode_Termination/low_height: 0.0000
--------------------------------------------------------------------------------
                   Total timesteps: 73728
                    Iteration time: 3.21s
                      Time elapsed: 00:01:19
                               ETA: 00:03:09

################################################################################
                     [1m Learning iteration 1146/1202 [0m                     

                       Computation: 982 steps/s (collection: 3.053s, learning 0.074s)
             Mean action noise std: 0.05
          Mean value_function loss: 0.2876
               Mean surrogate loss: -0.0016
                 Mean entropy loss: -25.2287
                       Mean reward: -68.21
               Mean episode length: 300.00
   Episode_Reward/term_bad_contact: 0.0000
          Episode_Reward/term_tilt: 0.0000
    Episode_Reward/term_low_height: 0.0000
      Episode_Reward/leg_action_l2: -0.0485
   Episode_Reward/tracking_lin_vel: 0.0000
Episode_Reward/tracking_lin_vel_x_exp: 0.3631
Episode_Reward/tracking_ang_vel_yaw_l1: 0.0000
Episode_Reward/tracking_ang_vel_yaw_exp: 0.3743
Episode_Reward/tracking_lin_vel_y_l2: 0.0000
Episode_Reward/tracking_lin_vel_z_l2: 0.0000
            Episode_Reward/survive: 0.0000
    Episode_Reward/foot_contacts_z: 0.0000
            Episode_Reward/torques: -0.2151
 Episode_Reward/tracking_lin_vel_y: 0.0000
          Episode_Reward/lin_vel_z: -0.0021
         Episode_Reward/ang_vel_xy: -0.0045
   Episode_Reward/tracking_ang_vel: 0.0579
               Episode_Reward/work: -0.2026
            Episode_Reward/dof_acc: -0.5466
        Episode_Reward/action_rate: -0.0239
     Episode_Reward/dof_pos_limits: -0.0001
      Episode_Reward/delta_torques: -0.0003
          Episode_Reward/collision: -5.9942
        Episode_Reward/walking_dof: 0.0698
            Episode_Reward/hip_pos: -0.0526
          Episode_Reward/feet_jerk: 0.0000
              Episode_Reward/alive: 0.3000
          Episode_Reward/feet_drag: -0.0082
Episode_Reward/feet_contact_forces: -0.1966
               Episode_Reward/roll: -0.0206
        Episode_Reward/base_height: -0.2449
Episode_Reward/tracking_lin_vel_max: 0.1206
Episode_Reward/flat_orientation_l2: -0.0052
  Episode_Reward/air_time_variance: -0.0004
        Episode_Reward/feet_height: 0.0000
      Episode_Reward/feet_air_time: -0.0000
Episode_Reward/update_last_buffers: 0.0000
   Episode_Reward/wheel_idle_speed: -1.3407
    Episode_Reward/wheel_action_l2: -0.0000
  Episode_Reward/wheel_action_rate: 0.0000
  Episode_Reward/wheel_forward_use: 0.0497
 Episode_Reward/wheel_turn_support: 0.0090
   Metrics/locomotion/error_vel_xy: 0.3729
  Metrics/locomotion/error_vel_yaw: 0.3541
      Episode_Termination/time_out: 1.0000
   Episode_Termination/bad_contact: 0.0000
          Episode_Termination/tilt: 0.0000
    Episode_Termination/low_height: 0.0000
--------------------------------------------------------------------------------
                   Total timesteps: 76800
                    Iteration time: 3.13s
                      Time elapsed: 00:01:22
                               ETA: 00:03:05

################################################################################
                     [1m Learning iteration 1147/1202 [0m                     

                       Computation: 943 steps/s (collection: 3.180s, learning 0.077s)
             Mean action noise std: 0.05
          Mean value_function loss: 0.5216
               Mean surrogate loss: -0.0026
                 Mean entropy loss: -25.2287
                       Mean reward: -68.50
               Mean episode length: 300.00
   Episode_Reward/term_bad_contact: 0.0000
          Episode_Reward/term_tilt: 0.0000
    Episode_Reward/term_low_height: 0.0000
      Episode_Reward/leg_action_l2: -0.0457
   Episode_Reward/tracking_lin_vel: 0.0000
Episode_Reward/tracking_lin_vel_x_exp: 0.3173
Episode_Reward/tracking_ang_vel_yaw_l1: 0.0000
Episode_Reward/tracking_ang_vel_yaw_exp: 0.2553
Episode_Reward/tracking_lin_vel_y_l2: 0.0000
Episode_Reward/tracking_lin_vel_z_l2: 0.0000
            Episode_Reward/survive: 0.0000
    Episode_Reward/foot_contacts_z: 0.0000
            Episode_Reward/torques: -0.1949
 Episode_Reward/tracking_lin_vel_y: 0.0000
          Episode_Reward/lin_vel_z: -0.0022
         Episode_Reward/ang_vel_xy: -0.0039
   Episode_Reward/tracking_ang_vel: 0.0400
               Episode_Reward/work: -0.1458
            Episode_Reward/dof_acc: -0.3422
        Episode_Reward/action_rate: -0.0227
     Episode_Reward/dof_pos_limits: -0.0003
      Episode_Reward/delta_torques: -0.0003
          Episode_Reward/collision: -6.1655
        Episode_Reward/walking_dof: 0.0933
            Episode_Reward/hip_pos: -0.0532
          Episode_Reward/feet_jerk: 0.0000
              Episode_Reward/alive: 0.3000
          Episode_Reward/feet_drag: -0.0079
Episode_Reward/feet_contact_forces: -0.1970
               Episode_Reward/roll: -0.0238
        Episode_Reward/base_height: -0.2336
Episode_Reward/tracking_lin_vel_max: 0.1004
Episode_Reward/flat_orientation_l2: -0.0070
  Episode_Reward/air_time_variance: -0.0009
        Episode_Reward/feet_height: 0.0000
      Episode_Reward/feet_air_time: -0.0000
Episode_Reward/update_last_buffers: 0.0000
   Episode_Reward/wheel_idle_speed: -0.3830
    Episode_Reward/wheel_action_l2: -0.0000
  Episode_Reward/wheel_action_rate: 0.0000
  Episode_Reward/wheel_forward_use: 0.0258
 Episode_Reward/wheel_turn_support: 0.0244
   Metrics/locomotion/error_vel_xy: 0.4396
  Metrics/locomotion/error_vel_yaw: 0.6062
      Episode_Termination/time_out: 1.0000
   Episode_Termination/bad_contact: 0.0000
          Episode_Termination/tilt: 0.0000
    Episode_Termination/low_height: 0.0000
--------------------------------------------------------------------------------
                   Total timesteps: 79872
                    Iteration time: 3.26s
                      Time elapsed: 00:01:26
                               ETA: 00:03:02

################################################################################
                     [1m Learning iteration 1148/1202 [0m                     

                       Computation: 942 steps/s (collection: 3.182s, learning 0.077s)
             Mean action noise std: 0.05
          Mean value_function loss: 0.6156
               Mean surrogate loss: -0.0017
                 Mean entropy loss: -25.2287
                       Mean reward: -67.83
               Mean episode length: 300.00
   Episode_Reward/term_bad_contact: 0.0000
          Episode_Reward/term_tilt: 0.0000
    Episode_Reward/term_low_height: 0.0000
      Episode_Reward/leg_action_l2: -0.0448
   Episode_Reward/tracking_lin_vel: 0.0000
Episode_Reward/tracking_lin_vel_x_exp: 0.2815
Episode_Reward/tracking_ang_vel_yaw_l1: 0.0000
Episode_Reward/tracking_ang_vel_yaw_exp: 0.2887
Episode_Reward/tracking_lin_vel_y_l2: 0.0000
Episode_Reward/tracking_lin_vel_z_l2: 0.0000
            Episode_Reward/survive: 0.0000
    Episode_Reward/foot_contacts_z: 0.0000
            Episode_Reward/torques: -0.1875
 Episode_Reward/tracking_lin_vel_y: 0.0000
          Episode_Reward/lin_vel_z: -0.0021
         Episode_Reward/ang_vel_xy: -0.0038
   Episode_Reward/tracking_ang_vel: 0.0472
               Episode_Reward/work: -0.1473
            Episode_Reward/dof_acc: -0.3361
        Episode_Reward/action_rate: -0.0226
     Episode_Reward/dof_pos_limits: -0.0004
      Episode_Reward/delta_torques: -0.0003
          Episode_Reward/collision: -6.0804
        Episode_Reward/walking_dof: 0.0922
            Episode_Reward/hip_pos: -0.0537
          Episode_Reward/feet_jerk: 0.0000
              Episode_Reward/alive: 0.3000
          Episode_Reward/feet_drag: -0.0073
Episode_Reward/feet_contact_forces: -0.1967
               Episode_Reward/roll: -0.0281
        Episode_Reward/base_height: -0.2273
Episode_Reward/tracking_lin_vel_max: 0.0956
Episode_Reward/flat_orientation_l2: -0.0082
  Episode_Reward/air_time_variance: -0.0005
        Episode_Reward/feet_height: 0.0000
      Episode_Reward/feet_air_time: -0.0000
Episode_Reward/update_last_buffers: 0.0000
   Episode_Reward/wheel_idle_speed: -0.3465
    Episode_Reward/wheel_action_l2: -0.0000
  Episode_Reward/wheel_action_rate: 0.0000
  Episode_Reward/wheel_forward_use: 0.0346
 Episode_Reward/wheel_turn_support: 0.0153
   Metrics/locomotion/error_vel_xy: 0.4873
  Metrics/locomotion/error_vel_yaw: 0.5053
      Episode_Termination/time_out: 1.0000
   Episode_Termination/bad_contact: 0.0000
          Episode_Termination/tilt: 0.0000
    Episode_Termination/low_height: 0.0000
--------------------------------------------------------------------------------
                   Total timesteps: 82944
                    Iteration time: 3.26s
                      Time elapsed: 00:01:29
                               ETA: 00:02:58

################################################################################
                     [1m Learning iteration 1149/1202 [0m                     

                       Computation: 960 steps/s (collection: 3.127s, learning 0.072s)
             Mean action noise std: 0.05
          Mean value_function loss: 0.4616
               Mean surrogate loss: -0.0013
                 Mean entropy loss: -25.2287
                       Mean reward: -67.27
               Mean episode length: 300.00
   Episode_Reward/term_bad_contact: 0.0000
          Episode_Reward/term_tilt: 0.0000
    Episode_Reward/term_low_height: 0.0000
      Episode_Reward/leg_action_l2: -0.0449
   Episode_Reward/tracking_lin_vel: 0.0000
Episode_Reward/tracking_lin_vel_x_exp: 0.4280
Episode_Reward/tracking_ang_vel_yaw_l1: 0.0000
Episode_Reward/tracking_ang_vel_yaw_exp: 0.3417
Episode_Reward/tracking_lin_vel_y_l2: 0.0000
Episode_Reward/tracking_lin_vel_z_l2: 0.0000
            Episode_Reward/survive: 0.0000
    Episode_Reward/foot_contacts_z: 0.0000
            Episode_Reward/torques: -0.2064
 Episode_Reward/tracking_lin_vel_y: 0.0000
          Episode_Reward/lin_vel_z: -0.0020
         Episode_Reward/ang_vel_xy: -0.0038
   Episode_Reward/tracking_ang_vel: 0.0488
               Episode_Reward/work: -0.1512
            Episode_Reward/dof_acc: -0.3698
        Episode_Reward/action_rate: -0.0230
     Episode_Reward/dof_pos_limits: -0.0001
      Episode_Reward/delta_torques: -0.0003
          Episode_Reward/collision: -6.1785
        Episode_Reward/walking_dof: 0.0481
            Episode_Reward/hip_pos: -0.0537
          Episode_Reward/feet_jerk: 0.0000
              Episode_Reward/alive: 0.3000
          Episode_Reward/feet_drag: -0.0077
Episode_Reward/feet_contact_forces: -0.1966
               Episode_Reward/roll: -0.0169
        Episode_Reward/base_height: -0.2427
Episode_Reward/tracking_lin_vel_max: 0.2008
Episode_Reward/flat_orientation_l2: -0.0050
  Episode_Reward/air_time_variance: -0.0002
        Episode_Reward/feet_height: 0.0000
      Episode_Reward/feet_air_time: -0.0000
Episode_Reward/update_last_buffers: 0.0000
   Episode_Reward/wheel_idle_speed: -0.9572
    Episode_Reward/wheel_action_l2: -0.0000
  Episode_Reward/wheel_action_rate: 0.0000
  Episode_Reward/wheel_forward_use: 0.0227
 Episode_Reward/wheel_turn_support: 0.0224
   Metrics/locomotion/error_vel_xy: 0.3246
  Metrics/locomotion/error_vel_yaw: 0.4721
      Episode_Termination/time_out: 1.0000
   Episode_Termination/bad_contact: 0.0000
          Episode_Termination/tilt: 0.0000
    Episode_Termination/low_height: 0.0000
--------------------------------------------------------------------------------
                   Total timesteps: 86016
                    Iteration time: 3.20s
                      Time elapsed: 00:01:32
                               ETA: 00:02:55

################################################################################
                     [1m Learning iteration 1150/1202 [0m                     

                       Computation: 947 steps/s (collection: 3.162s, learning 0.081s)
             Mean action noise std: 0.05
          Mean value_function loss: 0.2728
               Mean surrogate loss: -0.0004
                 Mean entropy loss: -25.2287
                       Mean reward: -66.86
               Mean episode length: 300.00
   Episode_Reward/term_bad_contact: 0.0000
          Episode_Reward/term_tilt: 0.0000
    Episode_Reward/term_low_height: 0.0000
      Episode_Reward/leg_action_l2: -0.0435
   Episode_Reward/tracking_lin_vel: 0.0000
Episode_Reward/tracking_lin_vel_x_exp: 0.2344
Episode_Reward/tracking_ang_vel_yaw_l1: 0.0000
Episode_Reward/tracking_ang_vel_yaw_exp: 0.3310
Episode_Reward/tracking_lin_vel_y_l2: 0.0000
Episode_Reward/tracking_lin_vel_z_l2: 0.0000
            Episode_Reward/survive: 0.0000
    Episode_Reward/foot_contacts_z: 0.0000
            Episode_Reward/torques: -0.1987
 Episode_Reward/tracking_lin_vel_y: 0.0000
          Episode_Reward/lin_vel_z: -0.0021
         Episode_Reward/ang_vel_xy: -0.0036
   Episode_Reward/tracking_ang_vel: 0.0474
               Episode_Reward/work: -0.1348
            Episode_Reward/dof_acc: -0.2965
        Episode_Reward/action_rate: -0.0219
     Episode_Reward/dof_pos_limits: -0.0002
      Episode_Reward/delta_torques: -0.0003
          Episode_Reward/collision: -6.2450
        Episode_Reward/walking_dof: 0.0971
            Episode_Reward/hip_pos: -0.0538
          Episode_Reward/feet_jerk: 0.0000
              Episode_Reward/alive: 0.3000
          Episode_Reward/feet_drag: -0.0076
Episode_Reward/feet_contact_forces: -0.1977
               Episode_Reward/roll: -0.0213
        Episode_Reward/base_height: -0.2268
Episode_Reward/tracking_lin_vel_max: 0.0726
Episode_Reward/flat_orientation_l2: -0.0067
  Episode_Reward/air_time_variance: -0.0005
        Episode_Reward/feet_height: 0.0000
      Episode_Reward/feet_air_time: -0.0000
Episode_Reward/update_last_buffers: 0.0000
   Episode_Reward/wheel_idle_speed: -0.5164
    Episode_Reward/wheel_action_l2: -0.0000
  Episode_Reward/wheel_action_rate: 0.0000
  Episode_Reward/wheel_forward_use: 0.0364
 Episode_Reward/wheel_turn_support: 0.0130
   Metrics/locomotion/error_vel_xy: 0.5460
  Metrics/locomotion/error_vel_yaw: 0.4907
      Episode_Termination/time_out: 1.0000
   Episode_Termination/bad_contact: 0.0000
          Episode_Termination/tilt: 0.0000
    Episode_Termination/low_height: 0.0000
--------------------------------------------------------------------------------
                   Total timesteps: 89088
                    Iteration time: 3.24s
                      Time elapsed: 00:01:35
                               ETA: 00:02:51

################################################################################
                     [1m Learning iteration 1151/1202 [0m                     

                       Computation: 959 steps/s (collection: 3.129s, learning 0.073s)
             Mean action noise std: 0.05
          Mean value_function loss: 0.3644
               Mean surrogate loss: -0.0031
                 Mean entropy loss: -25.2287
                       Mean reward: -66.29
               Mean episode length: 300.00
   Episode_Reward/term_bad_contact: 0.0000
          Episode_Reward/term_tilt: 0.0000
    Episode_Reward/term_low_height: 0.0000
      Episode_Reward/leg_action_l2: -0.0464
   Episode_Reward/tracking_lin_vel: 0.0000
Episode_Reward/tracking_lin_vel_x_exp: 0.3971
Episode_Reward/tracking_ang_vel_yaw_l1: 0.0000
Episode_Reward/tracking_ang_vel_yaw_exp: 0.3777
Episode_Reward/tracking_lin_vel_y_l2: 0.0000
Episode_Reward/tracking_lin_vel_z_l2: 0.0000
            Episode_Reward/survive: 0.0000
    Episode_Reward/foot_contacts_z: 0.0000
            Episode_Reward/torques: -0.2028
 Episode_Reward/tracking_lin_vel_y: 0.0000
          Episode_Reward/lin_vel_z: -0.0020
         Episode_Reward/ang_vel_xy: -0.0038
   Episode_Reward/tracking_ang_vel: 0.0489
               Episode_Reward/work: -0.1134
            Episode_Reward/dof_acc: -0.1892
        Episode_Reward/action_rate: -0.0234
     Episode_Reward/dof_pos_limits: -0.0002
      Episode_Reward/delta_torques: -0.0003
          Episode_Reward/collision: -6.4471
        Episode_Reward/walking_dof: 0.0840
            Episode_Reward/hip_pos: -0.0534
          Episode_Reward/feet_jerk: 0.0000
              Episode_Reward/alive: 0.3000
          Episode_Reward/feet_drag: -0.0077
Episode_Reward/feet_contact_forces: -0.1966
               Episode_Reward/roll: -0.0164
        Episode_Reward/base_height: -0.2167
Episode_Reward/tracking_lin_vel_max: 0.1289
Episode_Reward/flat_orientation_l2: -0.0058
  Episode_Reward/air_time_variance: -0.0003
        Episode_Reward/feet_height: 0.0000
      Episode_Reward/feet_air_time: -0.0000
Episode_Reward/update_last_buffers: 0.0000
   Episode_Reward/wheel_idle_speed: -0.1723
    Episode_Reward/wheel_action_l2: -0.0000
  Episode_Reward/wheel_action_rate: 0.0000
  Episode_Reward/wheel_forward_use: 0.0299
 Episode_Reward/wheel_turn_support: 0.0107
   Metrics/locomotion/error_vel_xy: 0.4153
  Metrics/locomotion/error_vel_yaw: 0.4759
      Episode_Termination/time_out: 1.0000
   Episode_Termination/bad_contact: 0.0000
          Episode_Termination/tilt: 0.0000
    Episode_Termination/low_height: 0.0000
--------------------------------------------------------------------------------
                   Total timesteps: 92160
                    Iteration time: 3.20s
                      Time elapsed: 00:01:38
                               ETA: 00:02:48

################################################################################
                     [1m Learning iteration 1152/1202 [0m                     

                       Computation: 976 steps/s (collection: 3.070s, learning 0.076s)
             Mean action noise std: 0.05
          Mean value_function loss: 0.1776
               Mean surrogate loss: -0.0015
                 Mean entropy loss: -25.2287
                       Mean reward: -66.20
               Mean episode length: 300.00
   Episode_Reward/term_bad_contact: 0.0000
          Episode_Reward/term_tilt: 0.0000
    Episode_Reward/term_low_height: 0.0000
      Episode_Reward/leg_action_l2: -0.0450
   Episode_Reward/tracking_lin_vel: 0.0000
Episode_Reward/tracking_lin_vel_x_exp: 0.2967
Episode_Reward/tracking_ang_vel_yaw_l1: 0.0000
Episode_Reward/tracking_ang_vel_yaw_exp: 0.2984
Episode_Reward/tracking_lin_vel_y_l2: 0.0000
Episode_Reward/tracking_lin_vel_z_l2: 0.0000
            Episode_Reward/survive: 0.0000
    Episode_Reward/foot_contacts_z: 0.0000
            Episode_Reward/torques: -0.1996
 Episode_Reward/tracking_lin_vel_y: 0.0000
          Episode_Reward/lin_vel_z: -0.0021
         Episode_Reward/ang_vel_xy: -0.0048
   Episode_Reward/tracking_ang_vel: 0.0476
               Episode_Reward/work: -0.1777
            Episode_Reward/dof_acc: -0.4088
        Episode_Reward/action_rate: -0.0226
     Episode_Reward/dof_pos_limits: -0.0002
      Episode_Reward/delta_torques: -0.0003
          Episode_Reward/collision: -6.2250
        Episode_Reward/walking_dof: 0.0847
            Episode_Reward/hip_pos: -0.0527
          Episode_Reward/feet_jerk: 0.0000
              Episode_Reward/alive: 0.3000
          Episode_Reward/feet_drag: -0.0082
Episode_Reward/feet_contact_forces: -0.1968
               Episode_Reward/roll: -0.0251
        Episode_Reward/base_height: -0.2255
Episode_Reward/tracking_lin_vel_max: 0.0911
Episode_Reward/flat_orientation_l2: -0.0077
  Episode_Reward/air_time_variance: -0.0004
        Episode_Reward/feet_height: 0.0000
      Episode_Reward/feet_air_time: -0.0001
Episode_Reward/update_last_buffers: 0.0000
   Episode_Reward/wheel_idle_speed: -0.1503
    Episode_Reward/wheel_action_l2: -0.0000
  Episode_Reward/wheel_action_rate: 0.0000
  Episode_Reward/wheel_forward_use: 0.0453
 Episode_Reward/wheel_turn_support: 0.0052
   Metrics/locomotion/error_vel_xy: 0.4725
  Metrics/locomotion/error_vel_yaw: 0.5151
      Episode_Termination/time_out: 1.0000
   Episode_Termination/bad_contact: 0.0000
          Episode_Termination/tilt: 0.0000
    Episode_Termination/low_height: 0.0000
--------------------------------------------------------------------------------
                   Total timesteps: 95232
                    Iteration time: 3.15s
                      Time elapsed: 00:01:42
                               ETA: 00:02:44

################################################################################
                     [1m Learning iteration 1153/1202 [0m                     

                       Computation: 990 steps/s (collection: 3.029s, learning 0.073s)
             Mean action noise std: 0.05
          Mean value_function loss: 0.2253
               Mean surrogate loss: -0.0012
                 Mean entropy loss: -25.2287
                       Mean reward: -66.71
               Mean episode length: 300.00
   Episode_Reward/term_bad_contact: 0.0000
          Episode_Reward/term_tilt: 0.0000
    Episode_Reward/term_low_height: 0.0000
      Episode_Reward/leg_action_l2: -0.0457
   Episode_Reward/tracking_lin_vel: 0.0000
Episode_Reward/tracking_lin_vel_x_exp: 0.4067
Episode_Reward/tracking_ang_vel_yaw_l1: 0.0000
Episode_Reward/tracking_ang_vel_yaw_exp: 0.1186
Episode_Reward/tracking_lin_vel_y_l2: 0.0000
Episode_Reward/tracking_lin_vel_z_l2: 0.0000
            Episode_Reward/survive: 0.0000
    Episode_Reward/foot_contacts_z: 0.0000
            Episode_Reward/torques: -0.1979
 Episode_Reward/tracking_lin_vel_y: 0.0000
          Episode_Reward/lin_vel_z: -0.0020
         Episode_Reward/ang_vel_xy: -0.0036
   Episode_Reward/tracking_ang_vel: 0.0262
               Episode_Reward/work: -0.1242
            Episode_Reward/dof_acc: -0.2275
        Episode_Reward/action_rate: -0.0231
     Episode_Reward/dof_pos_limits: -0.0002
      Episode_Reward/delta_torques: -0.0003
          Episode_Reward/collision: -6.5958
        Episode_Reward/walking_dof: 0.0938
            Episode_Reward/hip_pos: -0.0523
          Episode_Reward/feet_jerk: 0.0000
              Episode_Reward/alive: 0.3000
          Episode_Reward/feet_drag: -0.0085
Episode_Reward/feet_contact_forces: -0.1976
               Episode_Reward/roll: -0.0225
        Episode_Reward/base_height: -0.2225
Episode_Reward/tracking_lin_vel_max: 0.1356
Episode_Reward/flat_orientation_l2: -0.0065
  Episode_Reward/air_time_variance: -0.0013
        Episode_Reward/feet_height: 0.0000
      Episode_Reward/feet_air_time: -0.0000
Episode_Reward/update_last_buffers: 0.0000
   Episode_Reward/wheel_idle_speed: -0.4151
    Episode_Reward/wheel_action_l2: -0.0000
  Episode_Reward/wheel_action_rate: 0.0000
  Episode_Reward/wheel_forward_use: 0.0035
 Episode_Reward/wheel_turn_support: 0.0414
   Metrics/locomotion/error_vel_xy: 0.3908
  Metrics/locomotion/error_vel_yaw: 0.8132
      Episode_Termination/time_out: 1.0000
   Episode_Termination/bad_contact: 0.0000
          Episode_Termination/tilt: 0.0000
    Episode_Termination/low_height: 0.0000
--------------------------------------------------------------------------------
                   Total timesteps: 98304
                    Iteration time: 3.10s
                      Time elapsed: 00:01:45
                               ETA: 00:02:41

################################################################################
                     [1m Learning iteration 1154/1202 [0m                     

                       Computation: 967 steps/s (collection: 3.103s, learning 0.072s)
             Mean action noise std: 0.05
          Mean value_function loss: 0.2396
               Mean surrogate loss: -0.0014
                 Mean entropy loss: -25.2287
                       Mean reward: -66.39
               Mean episode length: 300.00
   Episode_Reward/term_bad_contact: 0.0000
          Episode_Reward/term_tilt: 0.0000
    Episode_Reward/term_low_height: 0.0000
      Episode_Reward/leg_action_l2: -0.0468
   Episode_Reward/tracking_lin_vel: 0.0000
Episode_Reward/tracking_lin_vel_x_exp: 0.2545
Episode_Reward/tracking_ang_vel_yaw_l1: 0.0000
Episode_Reward/tracking_ang_vel_yaw_exp: 0.2819
Episode_Reward/tracking_lin_vel_y_l2: 0.0000
Episode_Reward/tracking_lin_vel_z_l2: 0.0000
            Episode_Reward/survive: 0.0000
    Episode_Reward/foot_contacts_z: 0.0000
            Episode_Reward/torques: -0.2031
 Episode_Reward/tracking_lin_vel_y: 0.0000
          Episode_Reward/lin_vel_z: -0.0020
         Episode_Reward/ang_vel_xy: -0.0036
   Episode_Reward/tracking_ang_vel: 0.0449
               Episode_Reward/work: -0.1164
            Episode_Reward/dof_acc: -0.3106
        Episode_Reward/action_rate: -0.0235
     Episode_Reward/dof_pos_limits: -0.0001
      Episode_Reward/delta_torques: -0.0003
          Episode_Reward/collision: -6.0602
        Episode_Reward/walking_dof: 0.0890
            Episode_Reward/hip_pos: -0.0536
          Episode_Reward/feet_jerk: 0.0000
              Episode_Reward/alive: 0.3000
          Episode_Reward/feet_drag: -0.0079
Episode_Reward/feet_contact_forces: -0.1968
               Episode_Reward/roll: -0.0182
        Episode_Reward/base_height: -0.2220
Episode_Reward/tracking_lin_vel_max: 0.0730
Episode_Reward/flat_orientation_l2: -0.0064
  Episode_Reward/air_time_variance: -0.0005
        Episode_Reward/feet_height: 0.0000
      Episode_Reward/feet_air_time: -0.0000
Episode_Reward/update_last_buffers: 0.0000
   Episode_Reward/wheel_idle_speed: -0.2321
    Episode_Reward/wheel_action_l2: -0.0000
  Episode_Reward/wheel_action_rate: 0.0000
  Episode_Reward/wheel_forward_use: 0.0353
 Episode_Reward/wheel_turn_support: 0.0252
   Metrics/locomotion/error_vel_xy: 0.5193
  Metrics/locomotion/error_vel_yaw: 0.5329
      Episode_Termination/time_out: 1.0000
   Episode_Termination/bad_contact: 0.0000
          Episode_Termination/tilt: 0.0000
    Episode_Termination/low_height: 0.0000
--------------------------------------------------------------------------------
                   Total timesteps: 101376
                    Iteration time: 3.18s
                      Time elapsed: 00:01:48
                               ETA: 00:02:37

################################################################################
                     [1m Learning iteration 1155/1202 [0m                     

                       Computation: 963 steps/s (collection: 3.114s, learning 0.074s)
             Mean action noise std: 0.05
          Mean value_function loss: 0.1820
               Mean surrogate loss: -0.0019
                 Mean entropy loss: -25.2287
                       Mean reward: -65.92
               Mean episode length: 300.00
   Episode_Reward/term_bad_contact: 0.0000
          Episode_Reward/term_tilt: 0.0000
    Episode_Reward/term_low_height: 0.0000
      Episode_Reward/leg_action_l2: -0.0447
   Episode_Reward/tracking_lin_vel: 0.0000
Episode_Reward/tracking_lin_vel_x_exp: 0.3170
Episode_Reward/tracking_ang_vel_yaw_l1: 0.0000
Episode_Reward/tracking_ang_vel_yaw_exp: 0.3360
Episode_Reward/tracking_lin_vel_y_l2: 0.0000
Episode_Reward/tracking_lin_vel_z_l2: 0.0000
            Episode_Reward/survive: 0.0000
    Episode_Reward/foot_contacts_z: 0.0000
            Episode_Reward/torques: -0.1897
 Episode_Reward/tracking_lin_vel_y: 0.0000
          Episode_Reward/lin_vel_z: -0.0020
         Episode_Reward/ang_vel_xy: -0.0039
   Episode_Reward/tracking_ang_vel: 0.0469
               Episode_Reward/work: -0.1158
            Episode_Reward/dof_acc: -0.2988
        Episode_Reward/action_rate: -0.0225
     Episode_Reward/dof_pos_limits: -0.0003
      Episode_Reward/delta_torques: -0.0003
          Episode_Reward/collision: -6.3354
        Episode_Reward/walking_dof: 0.0999
            Episode_Reward/hip_pos: -0.0534
          Episode_Reward/feet_jerk: 0.0000
              Episode_Reward/alive: 0.3000
          Episode_Reward/feet_drag: -0.0076
Episode_Reward/feet_contact_forces: -0.1969
               Episode_Reward/roll: -0.0236
        Episode_Reward/base_height: -0.2123
Episode_Reward/tracking_lin_vel_max: 0.0949
Episode_Reward/flat_orientation_l2: -0.0075
  Episode_Reward/air_time_variance: -0.0006
        Episode_Reward/feet_height: 0.0000
      Episode_Reward/feet_air_time: -0.0000
Episode_Reward/update_last_buffers: 0.0000
   Episode_Reward/wheel_idle_speed: -0.0336
    Episode_Reward/wheel_action_l2: -0.0000
  Episode_Reward/wheel_action_rate: 0.0000
  Episode_Reward/wheel_forward_use: 0.0438
 Episode_Reward/wheel_turn_support: 0.0122
   Metrics/locomotion/error_vel_xy: 0.4386
  Metrics/locomotion/error_vel_yaw: 0.5129
      Episode_Termination/time_out: 1.0000
   Episode_Termination/bad_contact: 0.0000
          Episode_Termination/tilt: 0.0000
    Episode_Termination/low_height: 0.0000
--------------------------------------------------------------------------------
                   Total timesteps: 104448
                    Iteration time: 3.19s
                      Time elapsed: 00:01:51
                               ETA: 00:02:34

################################################################################
                     [1m Learning iteration 1156/1202 [0m                     

                       Computation: 986 steps/s (collection: 3.033s, learning 0.081s)
             Mean action noise std: 0.05
          Mean value_function loss: 0.4425
               Mean surrogate loss: -0.0020
                 Mean entropy loss: -25.2287
                       Mean reward: -65.73
               Mean episode length: 300.00
   Episode_Reward/term_bad_contact: 0.0000
          Episode_Reward/term_tilt: 0.0000
    Episode_Reward/term_low_height: 0.0000
      Episode_Reward/leg_action_l2: -0.0452
   Episode_Reward/tracking_lin_vel: 0.0000
Episode_Reward/tracking_lin_vel_x_exp: 0.4307
Episode_Reward/tracking_ang_vel_yaw_l1: 0.0000
Episode_Reward/tracking_ang_vel_yaw_exp: 0.1934
Episode_Reward/tracking_lin_vel_y_l2: 0.0000
Episode_Reward/tracking_lin_vel_z_l2: 0.0000
            Episode_Reward/survive: 0.0000
    Episode_Reward/foot_contacts_z: 0.0000
            Episode_Reward/torques: -0.2024
 Episode_Reward/tracking_lin_vel_y: 0.0000
          Episode_Reward/lin_vel_z: -0.0027
         Episode_Reward/ang_vel_xy: -0.0041
   Episode_Reward/tracking_ang_vel: 0.0323
               Episode_Reward/work: -0.1439
            Episode_Reward/dof_acc: -0.2106
        Episode_Reward/action_rate: -0.0230
     Episode_Reward/dof_pos_limits: -0.0002
      Episode_Reward/delta_torques: -0.0003
          Episode_Reward/collision: -6.4192
        Episode_Reward/walking_dof: 0.0823
            Episode_Reward/hip_pos: -0.0542
          Episode_Reward/feet_jerk: 0.0000
              Episode_Reward/alive: 0.3000
          Episode_Reward/feet_drag: -0.0076
Episode_Reward/feet_contact_forces: -0.1968
               Episode_Reward/roll: -0.0221
        Episode_Reward/base_height: -0.2333
Episode_Reward/tracking_lin_vel_max: 0.1578
Episode_Reward/flat_orientation_l2: -0.0066
  Episode_Reward/air_time_variance: -0.0012
        Episode_Reward/feet_height: 0.0000
      Episode_Reward/feet_air_time: -0.0000
Episode_Reward/update_last_buffers: 0.0000
   Episode_Reward/wheel_idle_speed: -0.0011
    Episode_Reward/wheel_action_l2: -0.0000
  Episode_Reward/wheel_action_rate: 0.0000
  Episode_Reward/wheel_forward_use: 0.0000
 Episode_Reward/wheel_turn_support: 0.0295
   Metrics/locomotion/error_vel_xy: 0.3349
  Metrics/locomotion/error_vel_yaw: 0.7324
      Episode_Termination/time_out: 1.0000
   Episode_Termination/bad_contact: 0.0000
          Episode_Termination/tilt: 0.0000
    Episode_Termination/low_height: 0.0000
--------------------------------------------------------------------------------
                   Total timesteps: 107520
                    Iteration time: 3.11s
                      Time elapsed: 00:01:54
                               ETA: 00:02:30

################################################################################
                     [1m Learning iteration 1157/1202 [0m                     

                       Computation: 970 steps/s (collection: 3.090s, learning 0.075s)
             Mean action noise std: 0.05
          Mean value_function loss: 0.1810
               Mean surrogate loss: -0.0022
                 Mean entropy loss: -25.2287
                       Mean reward: -66.23
               Mean episode length: 300.00
   Episode_Reward/term_bad_contact: 0.0000
          Episode_Reward/term_tilt: 0.0000
    Episode_Reward/term_low_height: 0.0000
      Episode_Reward/leg_action_l2: -0.0466
   Episode_Reward/tracking_lin_vel: 0.0000
Episode_Reward/tracking_lin_vel_x_exp: 0.3072
Episode_Reward/tracking_ang_vel_yaw_l1: 0.0000
Episode_Reward/tracking_ang_vel_yaw_exp: 0.3123
Episode_Reward/tracking_lin_vel_y_l2: 0.0000
Episode_Reward/tracking_lin_vel_z_l2: 0.0000
            Episode_Reward/survive: 0.0000
    Episode_Reward/foot_contacts_z: 0.0000
            Episode_Reward/torques: -0.2132
 Episode_Reward/tracking_lin_vel_y: 0.0000
          Episode_Reward/lin_vel_z: -0.0025
         Episode_Reward/ang_vel_xy: -0.0048
   Episode_Reward/tracking_ang_vel: 0.0476
               Episode_Reward/work: -0.1430
            Episode_Reward/dof_acc: -0.3730
        Episode_Reward/action_rate: -0.0236
     Episode_Reward/dof_pos_limits: -0.0002
      Episode_Reward/delta_torques: -0.0003
          Episode_Reward/collision: -6.5108
        Episode_Reward/walking_dof: 0.0872
            Episode_Reward/hip_pos: -0.0531
          Episode_Reward/feet_jerk: 0.0000
              Episode_Reward/alive: 0.3000
          Episode_Reward/feet_drag: -0.0080
Episode_Reward/feet_contact_forces: -0.1972
               Episode_Reward/roll: -0.0205
        Episode_Reward/base_height: -0.2337
Episode_Reward/tracking_lin_vel_max: 0.0763
Episode_Reward/flat_orientation_l2: -0.0058
  Episode_Reward/air_time_variance: -0.0008
        Episode_Reward/feet_height: 0.0000
      Episode_Reward/feet_air_time: -0.0000
Episode_Reward/update_last_buffers: 0.0000
   Episode_Reward/wheel_idle_speed: -0.0844
    Episode_Reward/wheel_action_l2: -0.0000
  Episode_Reward/wheel_action_rate: 0.0000
  Episode_Reward/wheel_forward_use: 0.0343
 Episode_Reward/wheel_turn_support: 0.0145
   Metrics/locomotion/error_vel_xy: 0.4668
  Metrics/locomotion/error_vel_yaw: 0.5031
      Episode_Termination/time_out: 1.0000
   Episode_Termination/bad_contact: 0.0000
          Episode_Termination/tilt: 0.0000
    Episode_Termination/low_height: 0.0000
--------------------------------------------------------------------------------
                   Total timesteps: 110592
                    Iteration time: 3.17s
                      Time elapsed: 00:01:57
                               ETA: 00:02:27

################################################################################
                     [1m Learning iteration 1158/1202 [0m                     

                       Computation: 969 steps/s (collection: 3.094s, learning 0.075s)
             Mean action noise std: 0.05
          Mean value_function loss: 0.2506
               Mean surrogate loss: -0.0022
                 Mean entropy loss: -25.2287
                       Mean reward: -65.72
               Mean episode length: 300.00
   Episode_Reward/term_bad_contact: 0.0000
          Episode_Reward/term_tilt: 0.0000
    Episode_Reward/term_low_height: 0.0000
      Episode_Reward/leg_action_l2: -0.0446
   Episode_Reward/tracking_lin_vel: 0.0000
Episode_Reward/tracking_lin_vel_x_exp: 0.4252
Episode_Reward/tracking_ang_vel_yaw_l1: 0.0000
Episode_Reward/tracking_ang_vel_yaw_exp: 0.2459
Episode_Reward/tracking_lin_vel_y_l2: 0.0000
Episode_Reward/tracking_lin_vel_z_l2: 0.0000
            Episode_Reward/survive: 0.0000
    Episode_Reward/foot_contacts_z: 0.0000
            Episode_Reward/torques: -0.1843
 Episode_Reward/tracking_lin_vel_y: 0.0000
          Episode_Reward/lin_vel_z: -0.0021
         Episode_Reward/ang_vel_xy: -0.0033
   Episode_Reward/tracking_ang_vel: 0.0432
               Episode_Reward/work: -0.1069
            Episode_Reward/dof_acc: -0.3027
        Episode_Reward/action_rate: -0.0223
     Episode_Reward/dof_pos_limits: -0.0004
      Episode_Reward/delta_torques: -0.0003
          Episode_Reward/collision: -5.9846
        Episode_Reward/walking_dof: 0.0740
            Episode_Reward/hip_pos: -0.0532
          Episode_Reward/feet_jerk: 0.0000
              Episode_Reward/alive: 0.3000
          Episode_Reward/feet_drag: -0.0079
Episode_Reward/feet_contact_forces: -0.1971
               Episode_Reward/roll: -0.0291
        Episode_Reward/base_height: -0.2198
Episode_Reward/tracking_lin_vel_max: 0.1947
Episode_Reward/flat_orientation_l2: -0.0087
  Episode_Reward/air_time_variance: -0.0008
        Episode_Reward/feet_height: 0.0000
      Episode_Reward/feet_air_time: -0.0000
Episode_Reward/update_last_buffers: 0.0000
   Episode_Reward/wheel_idle_speed: -0.2576
    Episode_Reward/wheel_action_l2: -0.0000
  Episode_Reward/wheel_action_rate: 0.0000
  Episode_Reward/wheel_forward_use: 0.0153
 Episode_Reward/wheel_turn_support: 0.0165
   Metrics/locomotion/error_vel_xy: 0.3476
  Metrics/locomotion/error_vel_yaw: 0.5679
      Episode_Termination/time_out: 1.0000
   Episode_Termination/bad_contact: 0.0000
          Episode_Termination/tilt: 0.0000
    Episode_Termination/low_height: 0.0000
--------------------------------------------------------------------------------
                   Total timesteps: 113664
                    Iteration time: 3.17s
                      Time elapsed: 00:02:01
                               ETA: 00:02:23

################################################################################
                     [1m Learning iteration 1159/1202 [0m                     

                       Computation: 967 steps/s (collection: 3.097s, learning 0.077s)
             Mean action noise std: 0.05
          Mean value_function loss: 0.1716
               Mean surrogate loss: -0.0029
                 Mean entropy loss: -25.2287
                       Mean reward: -65.89
               Mean episode length: 300.00
   Episode_Reward/term_bad_contact: 0.0000
          Episode_Reward/term_tilt: 0.0000
    Episode_Reward/term_low_height: 0.0000
      Episode_Reward/leg_action_l2: -0.0447
   Episode_Reward/tracking_lin_vel: 0.0000
Episode_Reward/tracking_lin_vel_x_exp: 0.3491
Episode_Reward/tracking_ang_vel_yaw_l1: 0.0000
Episode_Reward/tracking_ang_vel_yaw_exp: 0.1684
Episode_Reward/tracking_lin_vel_y_l2: 0.0000
Episode_Reward/tracking_lin_vel_z_l2: 0.0000
            Episode_Reward/survive: 0.0000
    Episode_Reward/foot_contacts_z: 0.0000
            Episode_Reward/torques: -0.1877
 Episode_Reward/tracking_lin_vel_y: 0.0000
          Episode_Reward/lin_vel_z: -0.0022
         Episode_Reward/ang_vel_xy: -0.0038
   Episode_Reward/tracking_ang_vel: 0.0350
               Episode_Reward/work: -0.1210
            Episode_Reward/dof_acc: -0.2547
        Episode_Reward/action_rate: -0.0222
     Episode_Reward/dof_pos_limits: -0.0003
      Episode_Reward/delta_torques: -0.0003
          Episode_Reward/collision: -6.2027
        Episode_Reward/walking_dof: 0.0777
            Episode_Reward/hip_pos: -0.0525
          Episode_Reward/feet_jerk: 0.0000
              Episode_Reward/alive: 0.3000
          Episode_Reward/feet_drag: -0.0077
Episode_Reward/feet_contact_forces: -0.1967
               Episode_Reward/roll: -0.0258
        Episode_Reward/base_height: -0.2092
Episode_Reward/tracking_lin_vel_max: 0.1359
Episode_Reward/flat_orientation_l2: -0.0075
  Episode_Reward/air_time_variance: -0.0006
        Episode_Reward/feet_height: 0.0000
      Episode_Reward/feet_air_time: -0.0000
Episode_Reward/update_last_buffers: 0.0000
   Episode_Reward/wheel_idle_speed: -0.5834
    Episode_Reward/wheel_action_l2: -0.0000
  Episode_Reward/wheel_action_rate: 0.0000
  Episode_Reward/wheel_forward_use: 0.0087
 Episode_Reward/wheel_turn_support: 0.0365
   Metrics/locomotion/error_vel_xy: 0.4013
  Metrics/locomotion/error_vel_yaw: 0.6780
      Episode_Termination/time_out: 1.0000
   Episode_Termination/bad_contact: 0.0000
          Episode_Termination/tilt: 0.0000
    Episode_Termination/low_height: 0.0000
--------------------------------------------------------------------------------
                   Total timesteps: 116736
                    Iteration time: 3.17s
                      Time elapsed: 00:02:04
                               ETA: 00:02:20

################################################################################
                     [1m Learning iteration 1160/1202 [0m                     

                       Computation: 942 steps/s (collection: 3.183s, learning 0.076s)
             Mean action noise std: 0.05
          Mean value_function loss: 65.6781
               Mean surrogate loss: -0.0013
                 Mean entropy loss: -25.2287
                       Mean reward: -65.76
               Mean episode length: 300.00
   Episode_Reward/term_bad_contact: 0.0000
          Episode_Reward/term_tilt: 0.0000
    Episode_Reward/term_low_height: 0.0000
      Episode_Reward/leg_action_l2: -0.0441
   Episode_Reward/tracking_lin_vel: 0.0000
Episode_Reward/tracking_lin_vel_x_exp: 0.2763
Episode_Reward/tracking_ang_vel_yaw_l1: 0.0000
Episode_Reward/tracking_ang_vel_yaw_exp: 0.2236
Episode_Reward/tracking_lin_vel_y_l2: 0.0000
Episode_Reward/tracking_lin_vel_z_l2: 0.0000
            Episode_Reward/survive: 0.0000
    Episode_Reward/foot_contacts_z: 0.0000
            Episode_Reward/torques: -0.1928
 Episode_Reward/tracking_lin_vel_y: 0.0000
          Episode_Reward/lin_vel_z: -0.0021
         Episode_Reward/ang_vel_xy: -0.0037
   Episode_Reward/tracking_ang_vel: 0.0369
               Episode_Reward/work: -0.1251
            Episode_Reward/dof_acc: -0.2685
        Episode_Reward/action_rate: -0.0222
     Episode_Reward/dof_pos_limits: -0.0002
      Episode_Reward/delta_torques: -0.0003
          Episode_Reward/collision: -6.0523
        Episode_Reward/walking_dof: 0.0966
            Episode_Reward/hip_pos: -0.0530
          Episode_Reward/feet_jerk: 0.0000
              Episode_Reward/alive: 0.3000
          Episode_Reward/feet_drag: -0.0077
Episode_Reward/feet_contact_forces: -0.1967
               Episode_Reward/roll: -0.0210
        Episode_Reward/base_height: -0.2184
Episode_Reward/tracking_lin_vel_max: 0.0851
Episode_Reward/flat_orientation_l2: -0.0067
  Episode_Reward/air_time_variance: -0.0005
        Episode_Reward/feet_height: 0.0000
      Episode_Reward/feet_air_time: -0.0000
Episode_Reward/update_last_buffers: 0.0000
   Episode_Reward/wheel_idle_speed: -0.2366
    Episode_Reward/wheel_action_l2: -0.0000
  Episode_Reward/wheel_action_rate: 0.0000
  Episode_Reward/wheel_forward_use: 0.0191
 Episode_Reward/wheel_turn_support: 0.0272
   Metrics/locomotion/error_vel_xy: 0.5063
  Metrics/locomotion/error_vel_yaw: 0.6608
      Episode_Termination/time_out: 1.0000
   Episode_Termination/bad_contact: 0.0000
          Episode_Termination/tilt: 0.0000
    Episode_Termination/low_height: 0.0000
--------------------------------------------------------------------------------
                   Total timesteps: 119808
                    Iteration time: 3.26s
                      Time elapsed: 00:02:07
                               ETA: 00:02:17

################################################################################
                     [1m Learning iteration 1161/1202 [0m                     

                       Computation: 937 steps/s (collection: 3.198s, learning 0.077s)
             Mean action noise std: 0.05
          Mean value_function loss: 0.5074
               Mean surrogate loss: -0.0047
                 Mean entropy loss: -25.2287
                       Mean reward: -66.29
               Mean episode length: 300.00
   Episode_Reward/term_bad_contact: 0.0000
          Episode_Reward/term_tilt: 0.0000
    Episode_Reward/term_low_height: 0.0000
      Episode_Reward/leg_action_l2: -0.0444
   Episode_Reward/tracking_lin_vel: 0.0000
Episode_Reward/tracking_lin_vel_x_exp: 0.3326
Episode_Reward/tracking_ang_vel_yaw_l1: 0.0000
Episode_Reward/tracking_ang_vel_yaw_exp: 0.2027
Episode_Reward/tracking_lin_vel_y_l2: 0.0000
Episode_Reward/tracking_lin_vel_z_l2: 0.0000
            Episode_Reward/survive: 0.0000
    Episode_Reward/foot_contacts_z: 0.0000
            Episode_Reward/torques: -0.1894
 Episode_Reward/tracking_lin_vel_y: 0.0000
          Episode_Reward/lin_vel_z: -0.0017
         Episode_Reward/ang_vel_xy: -0.0037
   Episode_Reward/tracking_ang_vel: 0.0366
               Episode_Reward/work: -0.1193
            Episode_Reward/dof_acc: -0.3795
        Episode_Reward/action_rate: -0.0225
     Episode_Reward/dof_pos_limits: -0.0003
      Episode_Reward/delta_torques: -0.0003
          Episode_Reward/collision: -6.1906
        Episode_Reward/walking_dof: 0.0832
            Episode_Reward/hip_pos: -0.0526
          Episode_Reward/feet_jerk: 0.0000
              Episode_Reward/alive: 0.3000
          Episode_Reward/feet_drag: -0.0082
Episode_Reward/feet_contact_forces: -0.1964
               Episode_Reward/roll: -0.0222
        Episode_Reward/base_height: -0.2107
Episode_Reward/tracking_lin_vel_max: 0.1042
Episode_Reward/flat_orientation_l2: -0.0070
  Episode_Reward/air_time_variance: -0.0010
        Episode_Reward/feet_height: 0.0000
      Episode_Reward/feet_air_time: -0.0000
Episode_Reward/update_last_buffers: 0.0000
   Episode_Reward/wheel_idle_speed: -0.2309
    Episode_Reward/wheel_action_l2: -0.0000
  Episode_Reward/wheel_action_rate: 0.0000
  Episode_Reward/wheel_forward_use: 0.0274
 Episode_Reward/wheel_turn_support: 0.0239
   Metrics/locomotion/error_vel_xy: 0.4493
  Metrics/locomotion/error_vel_yaw: 0.6673
      Episode_Termination/time_out: 1.0000
   Episode_Termination/bad_contact: 0.0000
          Episode_Termination/tilt: 0.0000
    Episode_Termination/low_height: 0.0000
--------------------------------------------------------------------------------
                   Total timesteps: 122880
                    Iteration time: 3.28s
                      Time elapsed: 00:02:10
                               ETA: 00:02:13

################################################################################
                     [1m Learning iteration 1162/1202 [0m                     

                       Computation: 961 steps/s (collection: 3.119s, learning 0.076s)
             Mean action noise std: 0.05
          Mean value_function loss: 7.3962
               Mean surrogate loss: -0.0021
                 Mean entropy loss: -25.2287
                       Mean reward: -69.30
               Mean episode length: 297.42
   Episode_Reward/term_bad_contact: 0.0000
          Episode_Reward/term_tilt: -1.8750
    Episode_Reward/term_low_height: 0.0000
      Episode_Reward/leg_action_l2: -0.0360
   Episode_Reward/tracking_lin_vel: 0.0000
Episode_Reward/tracking_lin_vel_x_exp: 0.3260
Episode_Reward/tracking_ang_vel_yaw_l1: 0.0000
Episode_Reward/tracking_ang_vel_yaw_exp: 0.2033
Episode_Reward/tracking_lin_vel_y_l2: 0.0000
Episode_Reward/tracking_lin_vel_z_l2: 0.0000
            Episode_Reward/survive: 0.0000
    Episode_Reward/foot_contacts_z: 0.0000
            Episode_Reward/torques: -0.1551
 Episode_Reward/tracking_lin_vel_y: 0.0000
          Episode_Reward/lin_vel_z: -0.0024
         Episode_Reward/ang_vel_xy: -0.0046
   Episode_Reward/tracking_ang_vel: 0.0349
               Episode_Reward/work: -0.1774
            Episode_Reward/dof_acc: -1.7925
        Episode_Reward/action_rate: -0.0189
     Episode_Reward/dof_pos_limits: -0.0003
      Episode_Reward/delta_torques: -0.0002
          Episode_Reward/collision: -5.0527
        Episode_Reward/walking_dof: 0.0605
            Episode_Reward/hip_pos: -0.0441
          Episode_Reward/feet_jerk: 0.0000
              Episode_Reward/alive: 0.2516
          Episode_Reward/feet_drag: -0.0071
Episode_Reward/feet_contact_forces: -0.1656
               Episode_Reward/roll: -0.0261
        Episode_Reward/base_height: -0.1807
Episode_Reward/tracking_lin_vel_max: 0.1219
Episode_Reward/flat_orientation_l2: -0.0072
  Episode_Reward/air_time_variance: -0.0004
        Episode_Reward/feet_height: 0.0000
      Episode_Reward/feet_air_time: -0.0000
Episode_Reward/update_last_buffers: 0.0000
   Episode_Reward/wheel_idle_speed: -4.4893
    Episode_Reward/wheel_action_l2: -0.0000
  Episode_Reward/wheel_action_rate: 0.0000
  Episode_Reward/wheel_forward_use: 0.0129
 Episode_Reward/wheel_turn_support: 0.0095
   Metrics/locomotion/error_vel_xy: 0.3171
  Metrics/locomotion/error_vel_yaw: 0.5012
      Episode_Termination/time_out: 0.9935
   Episode_Termination/bad_contact: 0.0000
          Episode_Termination/tilt: 0.0065
    Episode_Termination/low_height: 0.0000
--------------------------------------------------------------------------------
                   Total timesteps: 125952
                    Iteration time: 3.20s
                      Time elapsed: 00:02:13
                               ETA: 00:02:10

################################################################################
                     [1m Learning iteration 1163/1202 [0m                     

                       Computation: 959 steps/s (collection: 3.121s, learning 0.081s)
             Mean action noise std: 0.05
          Mean value_function loss: 0.2016
               Mean surrogate loss: -0.0012
                 Mean entropy loss: -25.2287
                       Mean reward: -69.44
               Mean episode length: 297.42
   Episode_Reward/term_bad_contact: 0.0000
          Episode_Reward/term_tilt: 0.0000
    Episode_Reward/term_low_height: 0.0000
      Episode_Reward/leg_action_l2: -0.0485
   Episode_Reward/tracking_lin_vel: 0.0000
Episode_Reward/tracking_lin_vel_x_exp: 0.3527
Episode_Reward/tracking_ang_vel_yaw_l1: 0.0000
Episode_Reward/tracking_ang_vel_yaw_exp: 0.2321
Episode_Reward/tracking_lin_vel_y_l2: 0.0000
Episode_Reward/tracking_lin_vel_z_l2: 0.0000
            Episode_Reward/survive: 0.0000
    Episode_Reward/foot_contacts_z: 0.0000
            Episode_Reward/torques: -0.2004
 Episode_Reward/tracking_lin_vel_y: 0.0000
          Episode_Reward/lin_vel_z: -0.0020
         Episode_Reward/ang_vel_xy: -0.0040
   Episode_Reward/tracking_ang_vel: 0.0425
               Episode_Reward/work: -0.1431
            Episode_Reward/dof_acc: -0.3115
        Episode_Reward/action_rate: -0.0247
     Episode_Reward/dof_pos_limits: -0.0003
      Episode_Reward/delta_torques: -0.0003
          Episode_Reward/collision: -5.9713
        Episode_Reward/walking_dof: 0.0915
            Episode_Reward/hip_pos: -0.0535
          Episode_Reward/feet_jerk: 0.0000
              Episode_Reward/alive: 0.3000
          Episode_Reward/feet_drag: -0.0079
Episode_Reward/feet_contact_forces: -0.1969
               Episode_Reward/roll: -0.0218
        Episode_Reward/base_height: -0.2202
Episode_Reward/tracking_lin_vel_max: 0.0983
Episode_Reward/flat_orientation_l2: -0.0067
  Episode_Reward/air_time_variance: -0.0002
        Episode_Reward/feet_height: 0.0000
      Episode_Reward/feet_air_time: -0.0000
Episode_Reward/update_last_buffers: 0.0000
   Episode_Reward/wheel_idle_speed: -0.2941
    Episode_Reward/wheel_action_l2: -0.0000
  Episode_Reward/wheel_action_rate: 0.0000
  Episode_Reward/wheel_forward_use: 0.0255
 Episode_Reward/wheel_turn_support: 0.0281
   Metrics/locomotion/error_vel_xy: 0.3829
  Metrics/locomotion/error_vel_yaw: 0.5650
      Episode_Termination/time_out: 0.9922
   Episode_Termination/bad_contact: 0.0000
          Episode_Termination/tilt: 0.0078
    Episode_Termination/low_height: 0.0000
--------------------------------------------------------------------------------
                   Total timesteps: 129024
                    Iteration time: 3.20s
                      Time elapsed: 00:02:17
                               ETA: 00:02:07

################################################################################
                     [1m Learning iteration 1164/1202 [0m                     

                       Computation: 982 steps/s (collection: 3.054s, learning 0.075s)
             Mean action noise std: 0.05
          Mean value_function loss: 0.2190
               Mean surrogate loss: -0.0015
                 Mean entropy loss: -25.2287
                       Mean reward: -69.35
               Mean episode length: 297.42
   Episode_Reward/term_bad_contact: 0.0000
          Episode_Reward/term_tilt: 0.0000
    Episode_Reward/term_low_height: 0.0000
      Episode_Reward/leg_action_l2: -0.0460
   Episode_Reward/tracking_lin_vel: 0.0000
Episode_Reward/tracking_lin_vel_x_exp: 0.3686
Episode_Reward/tracking_ang_vel_yaw_l1: 0.0000
Episode_Reward/tracking_ang_vel_yaw_exp: 0.1117
Episode_Reward/tracking_lin_vel_y_l2: 0.0000
Episode_Reward/tracking_lin_vel_z_l2: 0.0000
            Episode_Reward/survive: 0.0000
    Episode_Reward/foot_contacts_z: 0.0000
            Episode_Reward/torques: -0.1964
 Episode_Reward/tracking_lin_vel_y: 0.0000
          Episode_Reward/lin_vel_z: -0.0024
         Episode_Reward/ang_vel_xy: -0.0037
   Episode_Reward/tracking_ang_vel: 0.0244
               Episode_Reward/work: -0.0954
            Episode_Reward/dof_acc: -0.1866
        Episode_Reward/action_rate: -0.0233
     Episode_Reward/dof_pos_limits: -0.0003
      Episode_Reward/delta_torques: -0.0003
          Episode_Reward/collision: -6.6108
        Episode_Reward/walking_dof: 0.1104
            Episode_Reward/hip_pos: -0.0541
          Episode_Reward/feet_jerk: 0.0000
              Episode_Reward/alive: 0.3000
          Episode_Reward/feet_drag: -0.0078
Episode_Reward/feet_contact_forces: -0.1960
               Episode_Reward/roll: -0.0231
        Episode_Reward/base_height: -0.2110
Episode_Reward/tracking_lin_vel_max: 0.1312
Episode_Reward/flat_orientation_l2: -0.0074
  Episode_Reward/air_time_variance: -0.0011
        Episode_Reward/feet_height: 0.0000
      Episode_Reward/feet_air_time: -0.0000
Episode_Reward/update_last_buffers: 0.0000
   Episode_Reward/wheel_idle_speed: -0.0004
    Episode_Reward/wheel_action_l2: -0.0000
  Episode_Reward/wheel_action_rate: 0.0000
  Episode_Reward/wheel_forward_use: 0.0107
 Episode_Reward/wheel_turn_support: 0.0270
   Metrics/locomotion/error_vel_xy: 0.4946
  Metrics/locomotion/error_vel_yaw: 0.8571
      Episode_Termination/time_out: 0.9922
   Episode_Termination/bad_contact: 0.0000
          Episode_Termination/tilt: 0.0078
    Episode_Termination/low_height: 0.0000
--------------------------------------------------------------------------------
                   Total timesteps: 132096
                    Iteration time: 3.13s
                      Time elapsed: 00:02:20
                               ETA: 00:02:03

################################################################################
                     [1m Learning iteration 1165/1202 [0m                     

                       Computation: 914 steps/s (collection: 3.280s, learning 0.080s)
             Mean action noise std: 0.05
          Mean value_function loss: 0.3127
               Mean surrogate loss: -0.0009
                 Mean entropy loss: -25.2287
                       Mean reward: -69.74
               Mean episode length: 297.42
   Episode_Reward/term_bad_contact: 0.0000
          Episode_Reward/term_tilt: 0.0000
    Episode_Reward/term_low_height: 0.0000
      Episode_Reward/leg_action_l2: -0.0463
   Episode_Reward/tracking_lin_vel: 0.0000
Episode_Reward/tracking_lin_vel_x_exp: 0.3336
Episode_Reward/tracking_ang_vel_yaw_l1: 0.0000
Episode_Reward/tracking_ang_vel_yaw_exp: 0.2168
Episode_Reward/tracking_lin_vel_y_l2: 0.0000
Episode_Reward/tracking_lin_vel_z_l2: 0.0000
            Episode_Reward/survive: 0.0000
    Episode_Reward/foot_contacts_z: 0.0000
            Episode_Reward/torques: -0.1909
 Episode_Reward/tracking_lin_vel_y: 0.0000
          Episode_Reward/lin_vel_z: -0.0021
         Episode_Reward/ang_vel_xy: -0.0038
   Episode_Reward/tracking_ang_vel: 0.0389
               Episode_Reward/work: -0.1275
            Episode_Reward/dof_acc: -0.3424
        Episode_Reward/action_rate: -0.0234
     Episode_Reward/dof_pos_limits: -0.0002
      Episode_Reward/delta_torques: -0.0003
          Episode_Reward/collision: -6.1197
        Episode_Reward/walking_dof: 0.0837
            Episode_Reward/hip_pos: -0.0536
          Episode_Reward/feet_jerk: 0.0000
              Episode_Reward/alive: 0.3000
          Episode_Reward/feet_drag: -0.0075
Episode_Reward/feet_contact_forces: -0.1969
               Episode_Reward/roll: -0.0245
        Episode_Reward/base_height: -0.2169
Episode_Reward/tracking_lin_vel_max: 0.1093
Episode_Reward/flat_orientation_l2: -0.0079
  Episode_Reward/air_time_variance: -0.0003
        Episode_Reward/feet_height: 0.0000
      Episode_Reward/feet_air_time: -0.0000
Episode_Reward/update_last_buffers: 0.0000
   Episode_Reward/wheel_idle_speed: -0.3277
    Episode_Reward/wheel_action_l2: -0.0000
  Episode_Reward/wheel_action_rate: 0.0000
  Episode_Reward/wheel_forward_use: 0.0118
 Episode_Reward/wheel_turn_support: 0.0335
   Metrics/locomotion/error_vel_xy: 0.4249
  Metrics/locomotion/error_vel_yaw: 0.6148
      Episode_Termination/time_out: 0.9922
   Episode_Termination/bad_contact: 0.0000
          Episode_Termination/tilt: 0.0078
    Episode_Termination/low_height: 0.0000
--------------------------------------------------------------------------------
                   Total timesteps: 135168
                    Iteration time: 3.36s
                      Time elapsed: 00:02:23
                               ETA: 00:02:00

################################################################################
                     [1m Learning iteration 1166/1202 [0m                     

                       Computation: 927 steps/s (collection: 3.226s, learning 0.086s)
             Mean action noise std: 0.05
          Mean value_function loss: 0.1705
               Mean surrogate loss: -0.0018
                 Mean entropy loss: -25.2287
                       Mean reward: -69.47
               Mean episode length: 297.42
   Episode_Reward/term_bad_contact: 0.0000
          Episode_Reward/term_tilt: 0.0000
    Episode_Reward/term_low_height: 0.0000
      Episode_Reward/leg_action_l2: -0.0483
   Episode_Reward/tracking_lin_vel: 0.0000
Episode_Reward/tracking_lin_vel_x_exp: 0.2933
Episode_Reward/tracking_ang_vel_yaw_l1: 0.0000
Episode_Reward/tracking_ang_vel_yaw_exp: 0.2495
Episode_Reward/tracking_lin_vel_y_l2: 0.0000
Episode_Reward/tracking_lin_vel_z_l2: 0.0000
            Episode_Reward/survive: 0.0000
    Episode_Reward/foot_contacts_z: 0.0000
            Episode_Reward/torques: -0.2018
 Episode_Reward/tracking_lin_vel_y: 0.0000
          Episode_Reward/lin_vel_z: -0.0021
         Episode_Reward/ang_vel_xy: -0.0035
   Episode_Reward/tracking_ang_vel: 0.0404
               Episode_Reward/work: -0.1291
            Episode_Reward/dof_acc: -0.3184
        Episode_Reward/action_rate: -0.0242
     Episode_Reward/dof_pos_limits: -0.0002
      Episode_Reward/delta_torques: -0.0003
          Episode_Reward/collision: -6.2475
        Episode_Reward/walking_dof: 0.1085
            Episode_Reward/hip_pos: -0.0536
          Episode_Reward/feet_jerk: 0.0000
              Episode_Reward/alive: 0.3000
          Episode_Reward/feet_drag: -0.0081
Episode_Reward/feet_contact_forces: -0.1973
               Episode_Reward/roll: -0.0140
        Episode_Reward/base_height: -0.2176
Episode_Reward/tracking_lin_vel_max: 0.0650
Episode_Reward/flat_orientation_l2: -0.0056
  Episode_Reward/air_time_variance: -0.0005
        Episode_Reward/feet_height: 0.0000
      Episode_Reward/feet_air_time: -0.0001
Episode_Reward/update_last_buffers: 0.0000
   Episode_Reward/wheel_idle_speed: -0.1639
    Episode_Reward/wheel_action_l2: -0.0000
  Episode_Reward/wheel_action_rate: 0.0000
  Episode_Reward/wheel_forward_use: 0.0413
 Episode_Reward/wheel_turn_support: 0.0227
   Metrics/locomotion/error_vel_xy: 0.4553
  Metrics/locomotion/error_vel_yaw: 0.5974
      Episode_Termination/time_out: 0.9922
   Episode_Termination/bad_contact: 0.0000
          Episode_Termination/tilt: 0.0078
    Episode_Termination/low_height: 0.0000
--------------------------------------------------------------------------------
                   Total timesteps: 138240
                    Iteration time: 3.31s
                      Time elapsed: 00:02:26
                               ETA: 00:01:57

################################################################################
                     [1m Learning iteration 1167/1202 [0m                     

                       Computation: 984 steps/s (collection: 3.047s, learning 0.073s)
             Mean action noise std: 0.05
          Mean value_function loss: 0.3380
               Mean surrogate loss: -0.0024
                 Mean entropy loss: -25.2287
                       Mean reward: -69.26
               Mean episode length: 297.42
   Episode_Reward/term_bad_contact: 0.0000
          Episode_Reward/term_tilt: 0.0000
    Episode_Reward/term_low_height: 0.0000
      Episode_Reward/leg_action_l2: -0.0424
   Episode_Reward/tracking_lin_vel: 0.0000
Episode_Reward/tracking_lin_vel_x_exp: 0.3998
Episode_Reward/tracking_ang_vel_yaw_l1: 0.0000
Episode_Reward/tracking_ang_vel_yaw_exp: 0.1863
Episode_Reward/tracking_lin_vel_y_l2: 0.0000
Episode_Reward/tracking_lin_vel_z_l2: 0.0000
            Episode_Reward/survive: 0.0000
    Episode_Reward/foot_contacts_z: 0.0000
            Episode_Reward/torques: -0.1862
 Episode_Reward/tracking_lin_vel_y: 0.0000
          Episode_Reward/lin_vel_z: -0.0019
         Episode_Reward/ang_vel_xy: -0.0035
   Episode_Reward/tracking_ang_vel: 0.0342
               Episode_Reward/work: -0.1127
            Episode_Reward/dof_acc: -0.2946
        Episode_Reward/action_rate: -0.0214
     Episode_Reward/dof_pos_limits: -0.0002
      Episode_Reward/delta_torques: -0.0003
          Episode_Reward/collision: -6.0292
        Episode_Reward/walking_dof: 0.0693
            Episode_Reward/hip_pos: -0.0524
          Episode_Reward/feet_jerk: 0.0000
              Episode_Reward/alive: 0.3000
          Episode_Reward/feet_drag: -0.0080
Episode_Reward/feet_contact_forces: -0.1973
               Episode_Reward/roll: -0.0251
        Episode_Reward/base_height: -0.2170
Episode_Reward/tracking_lin_vel_max: 0.1658
Episode_Reward/flat_orientation_l2: -0.0073
  Episode_Reward/air_time_variance: -0.0003
        Episode_Reward/feet_height: 0.0000
      Episode_Reward/feet_air_time: -0.0000
Episode_Reward/update_last_buffers: 0.0000
   Episode_Reward/wheel_idle_speed: -0.2253
    Episode_Reward/wheel_action_l2: -0.0000
  Episode_Reward/wheel_action_rate: 0.0000
  Episode_Reward/wheel_forward_use: 0.0044
 Episode_Reward/wheel_turn_support: 0.0375
   Metrics/locomotion/error_vel_xy: 0.3677
  Metrics/locomotion/error_vel_yaw: 0.6770
      Episode_Termination/time_out: 0.9922
   Episode_Termination/bad_contact: 0.0000
          Episode_Termination/tilt: 0.0078
    Episode_Termination/low_height: 0.0000
--------------------------------------------------------------------------------
                   Total timesteps: 141312
                    Iteration time: 3.12s
                      Time elapsed: 00:02:30
                               ETA: 00:01:54

################################################################################
                     [1m Learning iteration 1168/1202 [0m                     

                       Computation: 978 steps/s (collection: 3.064s, learning 0.075s)
             Mean action noise std: 0.05
          Mean value_function loss: 0.2926
               Mean surrogate loss: -0.0027
                 Mean entropy loss: -25.2287
                       Mean reward: -69.26
               Mean episode length: 297.42
   Episode_Reward/term_bad_contact: 0.0000
          Episode_Reward/term_tilt: 0.0000
    Episode_Reward/term_low_height: 0.0000
      Episode_Reward/leg_action_l2: -0.0468
   Episode_Reward/tracking_lin_vel: 0.0000
Episode_Reward/tracking_lin_vel_x_exp: 0.3063
Episode_Reward/tracking_ang_vel_yaw_l1: 0.0000
Episode_Reward/tracking_ang_vel_yaw_exp: 0.1826
Episode_Reward/tracking_lin_vel_y_l2: 0.0000
Episode_Reward/tracking_lin_vel_z_l2: 0.0000
            Episode_Reward/survive: 0.0000
    Episode_Reward/foot_contacts_z: 0.0000
            Episode_Reward/torques: -0.2024
 Episode_Reward/tracking_lin_vel_y: 0.0000
          Episode_Reward/lin_vel_z: -0.0023
         Episode_Reward/ang_vel_xy: -0.0040
   Episode_Reward/tracking_ang_vel: 0.0364
               Episode_Reward/work: -0.1312
            Episode_Reward/dof_acc: -0.2331
        Episode_Reward/action_rate: -0.0237
     Episode_Reward/dof_pos_limits: -0.0002
      Episode_Reward/delta_torques: -0.0003
          Episode_Reward/collision: -6.4542
        Episode_Reward/walking_dof: 0.1000
            Episode_Reward/hip_pos: -0.0536
          Episode_Reward/feet_jerk: 0.0000
              Episode_Reward/alive: 0.3000
          Episode_Reward/feet_drag: -0.0074
Episode_Reward/feet_contact_forces: -0.1973
               Episode_Reward/roll: -0.0271
        Episode_Reward/base_height: -0.2260
Episode_Reward/tracking_lin_vel_max: 0.1183
Episode_Reward/flat_orientation_l2: -0.0075
  Episode_Reward/air_time_variance: -0.0003
        Episode_Reward/feet_height: 0.0000
      Episode_Reward/feet_air_time: -0.0000
Episode_Reward/update_last_buffers: 0.0000
   Episode_Reward/wheel_idle_speed: -0.1296
    Episode_Reward/wheel_action_l2: -0.0000
  Episode_Reward/wheel_action_rate: 0.0000
  Episode_Reward/wheel_forward_use: 0.0210
 Episode_Reward/wheel_turn_support: 0.0258
   Metrics/locomotion/error_vel_xy: 0.4654
  Metrics/locomotion/error_vel_yaw: 0.6619
      Episode_Termination/time_out: 0.9922
   Episode_Termination/bad_contact: 0.0000
          Episode_Termination/tilt: 0.0078
    Episode_Termination/low_height: 0.0000
--------------------------------------------------------------------------------
                   Total timesteps: 144384
                    Iteration time: 3.14s
                      Time elapsed: 00:02:33
                               ETA: 00:01:50

################################################################################
                     [1m Learning iteration 1169/1202 [0m                     

                       Computation: 977 steps/s (collection: 3.068s, learning 0.073s)
             Mean action noise std: 0.05
          Mean value_function loss: 0.1905
               Mean surrogate loss: -0.0021
                 Mean entropy loss: -25.2287
                       Mean reward: -69.64
               Mean episode length: 297.42
   Episode_Reward/term_bad_contact: 0.0000
          Episode_Reward/term_tilt: 0.0000
    Episode_Reward/term_low_height: 0.0000
      Episode_Reward/leg_action_l2: -0.0505
   Episode_Reward/tracking_lin_vel: 0.0000
Episode_Reward/tracking_lin_vel_x_exp: 0.5346
Episode_Reward/tracking_ang_vel_yaw_l1: 0.0000
Episode_Reward/tracking_ang_vel_yaw_exp: 0.1439
Episode_Reward/tracking_lin_vel_y_l2: 0.0000
Episode_Reward/tracking_lin_vel_z_l2: 0.0000
            Episode_Reward/survive: 0.0000
    Episode_Reward/foot_contacts_z: 0.0000
            Episode_Reward/torques: -0.2213
 Episode_Reward/tracking_lin_vel_y: 0.0000
          Episode_Reward/lin_vel_z: -0.0028
         Episode_Reward/ang_vel_xy: -0.0036
   Episode_Reward/tracking_ang_vel: 0.0319
               Episode_Reward/work: -0.2160
            Episode_Reward/dof_acc: -0.5113
        Episode_Reward/action_rate: -0.0256
     Episode_Reward/dof_pos_limits: -0.0001
      Episode_Reward/delta_torques: -0.0003
          Episode_Reward/collision: -6.1219
        Episode_Reward/walking_dof: 0.0616
            Episode_Reward/hip_pos: -0.0538
          Episode_Reward/feet_jerk: 0.0000
              Episode_Reward/alive: 0.3000
          Episode_Reward/feet_drag: -0.0081
Episode_Reward/feet_contact_forces: -0.1983
               Episode_Reward/roll: -0.0133
        Episode_Reward/base_height: -0.2362
Episode_Reward/tracking_lin_vel_max: 0.2515
Episode_Reward/flat_orientation_l2: -0.0050
  Episode_Reward/air_time_variance: -0.0002
        Episode_Reward/feet_height: 0.0000
      Episode_Reward/feet_air_time: -0.0000
Episode_Reward/update_last_buffers: 0.0000
   Episode_Reward/wheel_idle_speed: -2.0065
    Episode_Reward/wheel_action_l2: -0.0000
  Episode_Reward/wheel_action_rate: 0.0000
  Episode_Reward/wheel_forward_use: 0.0026
 Episode_Reward/wheel_turn_support: 0.0240
   Metrics/locomotion/error_vel_xy: 0.2320
  Metrics/locomotion/error_vel_yaw: 0.7182
      Episode_Termination/time_out: 0.9922
   Episode_Termination/bad_contact: 0.0000
          Episode_Termination/tilt: 0.0078
    Episode_Termination/low_height: 0.0000
--------------------------------------------------------------------------------
                   Total timesteps: 147456
                    Iteration time: 3.14s
                      Time elapsed: 00:02:36
                               ETA: 00:01:47

################################################################################
                     [1m Learning iteration 1170/1202 [0m                     

                       Computation: 968 steps/s (collection: 3.097s, learning 0.074s)
             Mean action noise std: 0.05
          Mean value_function loss: 2.1297
               Mean surrogate loss: -0.0012
                 Mean entropy loss: -25.2287
                       Mean reward: -70.19
               Mean episode length: 297.42
   Episode_Reward/term_bad_contact: 0.0000
          Episode_Reward/term_tilt: 0.0000
    Episode_Reward/term_low_height: 0.0000
      Episode_Reward/leg_action_l2: -0.0500
   Episode_Reward/tracking_lin_vel: 0.0000
Episode_Reward/tracking_lin_vel_x_exp: 0.2784
Episode_Reward/tracking_ang_vel_yaw_l1: 0.0000
Episode_Reward/tracking_ang_vel_yaw_exp: 0.1813
Episode_Reward/tracking_lin_vel_y_l2: 0.0000
Episode_Reward/tracking_lin_vel_z_l2: 0.0000
            Episode_Reward/survive: 0.0000
    Episode_Reward/foot_contacts_z: 0.0000
            Episode_Reward/torques: -0.2085
 Episode_Reward/tracking_lin_vel_y: 0.0000
          Episode_Reward/lin_vel_z: -0.0024
         Episode_Reward/ang_vel_xy: -0.0038
   Episode_Reward/tracking_ang_vel: 0.0304
               Episode_Reward/work: -0.1291
            Episode_Reward/dof_acc: -0.3435
        Episode_Reward/action_rate: -0.0253
     Episode_Reward/dof_pos_limits: -0.0002
      Episode_Reward/delta_torques: -0.0003
          Episode_Reward/collision: -6.6401
        Episode_Reward/walking_dof: 0.0937
            Episode_Reward/hip_pos: -0.0539
          Episode_Reward/feet_jerk: 0.0000
              Episode_Reward/alive: 0.3000
          Episode_Reward/feet_drag: -0.0079
Episode_Reward/feet_contact_forces: -0.1966
               Episode_Reward/roll: -0.0149
        Episode_Reward/base_height: -0.2269
Episode_Reward/tracking_lin_vel_max: 0.1193
Episode_Reward/flat_orientation_l2: -0.0057
  Episode_Reward/air_time_variance: -0.0003
        Episode_Reward/feet_height: 0.0000
      Episode_Reward/feet_air_time: -0.0000
Episode_Reward/update_last_buffers: 0.0000
   Episode_Reward/wheel_idle_speed: -0.3905
    Episode_Reward/wheel_action_l2: -0.0000
  Episode_Reward/wheel_action_rate: 0.0000
  Episode_Reward/wheel_forward_use: 0.0123
 Episode_Reward/wheel_turn_support: 0.0239
   Metrics/locomotion/error_vel_xy: 0.5036
  Metrics/locomotion/error_vel_yaw: 0.7547
      Episode_Termination/time_out: 0.9922
   Episode_Termination/bad_contact: 0.0000
          Episode_Termination/tilt: 0.0078
    Episode_Termination/low_height: 0.0000
--------------------------------------------------------------------------------
                   Total timesteps: 150528
                    Iteration time: 3.17s
                      Time elapsed: 00:02:39
                               ETA: 00:01:44

################################################################################
                     [1m Learning iteration 1171/1202 [0m                     

                       Computation: 968 steps/s (collection: 3.100s, learning 0.071s)
             Mean action noise std: 0.05
          Mean value_function loss: 0.1947
               Mean surrogate loss: -0.0024
                 Mean entropy loss: -25.2287
                       Mean reward: -70.35
               Mean episode length: 297.42
   Episode_Reward/term_bad_contact: 0.0000
          Episode_Reward/term_tilt: 0.0000
    Episode_Reward/term_low_height: 0.0000
      Episode_Reward/leg_action_l2: -0.0438
   Episode_Reward/tracking_lin_vel: 0.0000
Episode_Reward/tracking_lin_vel_x_exp: 0.1981
Episode_Reward/tracking_ang_vel_yaw_l1: 0.0000
Episode_Reward/tracking_ang_vel_yaw_exp: 0.3283
Episode_Reward/tracking_lin_vel_y_l2: 0.0000
Episode_Reward/tracking_lin_vel_z_l2: 0.0000
            Episode_Reward/survive: 0.0000
    Episode_Reward/foot_contacts_z: 0.0000
            Episode_Reward/torques: -0.1845
 Episode_Reward/tracking_lin_vel_y: 0.0000
          Episode_Reward/lin_vel_z: -0.0020
         Episode_Reward/ang_vel_xy: -0.0034
   Episode_Reward/tracking_ang_vel: 0.0484
               Episode_Reward/work: -0.1653
            Episode_Reward/dof_acc: -0.5812
        Episode_Reward/action_rate: -0.0219
     Episode_Reward/dof_pos_limits: -0.0004
      Episode_Reward/delta_torques: -0.0003
          Episode_Reward/collision: -6.0448
        Episode_Reward/walking_dof: 0.1081
            Episode_Reward/hip_pos: -0.0537
          Episode_Reward/feet_jerk: 0.0000
              Episode_Reward/alive: 0.3000
          Episode_Reward/feet_drag: -0.0071
Episode_Reward/feet_contact_forces: -0.1978
               Episode_Reward/roll: -0.0279
        Episode_Reward/base_height: -0.2114
Episode_Reward/tracking_lin_vel_max: 0.0628
Episode_Reward/flat_orientation_l2: -0.0089
  Episode_Reward/air_time_variance: -0.0004
        Episode_Reward/feet_height: 0.0000
      Episode_Reward/feet_air_time: -0.0000
Episode_Reward/update_last_buffers: 0.0000
   Episode_Reward/wheel_idle_speed: -0.0431
    Episode_Reward/wheel_action_l2: -0.0000
  Episode_Reward/wheel_action_rate: 0.0000
  Episode_Reward/wheel_forward_use: 0.0315
 Episode_Reward/wheel_turn_support: 0.0204
   Metrics/locomotion/error_vel_xy: 0.6142
  Metrics/locomotion/error_vel_yaw: 0.4745
      Episode_Termination/time_out: 0.9922
   Episode_Termination/bad_contact: 0.0000
          Episode_Termination/tilt: 0.0078
    Episode_Termination/low_height: 0.0000
--------------------------------------------------------------------------------
                   Total timesteps: 153600
                    Iteration time: 3.17s
                      Time elapsed: 00:02:42
                               ETA: 00:01:40

################################################################################
                     [1m Learning iteration 1172/1202 [0m                     

                       Computation: 945 steps/s (collection: 3.174s, learning 0.074s)
             Mean action noise std: 0.05
          Mean value_function loss: 0.4167
               Mean surrogate loss: -0.0017
                 Mean entropy loss: -25.2287
                       Mean reward: -70.03
               Mean episode length: 297.42
   Episode_Reward/term_bad_contact: 0.0000
          Episode_Reward/term_tilt: 0.0000
    Episode_Reward/term_low_height: 0.0000
      Episode_Reward/leg_action_l2: -0.0446
   Episode_Reward/tracking_lin_vel: 0.0000
Episode_Reward/tracking_lin_vel_x_exp: 0.3121
Episode_Reward/tracking_ang_vel_yaw_l1: 0.0000
Episode_Reward/tracking_ang_vel_yaw_exp: 0.2588
Episode_Reward/tracking_lin_vel_y_l2: 0.0000
Episode_Reward/tracking_lin_vel_z_l2: 0.0000
            Episode_Reward/survive: 0.0000
    Episode_Reward/foot_contacts_z: 0.0000
            Episode_Reward/torques: -0.1953
 Episode_Reward/tracking_lin_vel_y: 0.0000
          Episode_Reward/lin_vel_z: -0.0020
         Episode_Reward/ang_vel_xy: -0.0038
   Episode_Reward/tracking_ang_vel: 0.0394
               Episode_Reward/work: -0.1269
            Episode_Reward/dof_acc: -0.2725
        Episode_Reward/action_rate: -0.0223
     Episode_Reward/dof_pos_limits: -0.0002
      Episode_Reward/delta_torques: -0.0003
          Episode_Reward/collision: -6.2485
        Episode_Reward/walking_dof: 0.0904
            Episode_Reward/hip_pos: -0.0529
          Episode_Reward/feet_jerk: 0.0000
              Episode_Reward/alive: 0.3000
          Episode_Reward/feet_drag: -0.0076
Episode_Reward/feet_contact_forces: -0.1970
               Episode_Reward/roll: -0.0219
        Episode_Reward/base_height: -0.2262
Episode_Reward/tracking_lin_vel_max: 0.1081
Episode_Reward/flat_orientation_l2: -0.0067
  Episode_Reward/air_time_variance: -0.0026
        Episode_Reward/feet_height: 0.0000
      Episode_Reward/feet_air_time: -0.0000
Episode_Reward/update_last_buffers: 0.0000
   Episode_Reward/wheel_idle_speed: -0.2153
    Episode_Reward/wheel_action_l2: -0.0000
  Episode_Reward/wheel_action_rate: 0.0000
  Episode_Reward/wheel_forward_use: 0.0248
 Episode_Reward/wheel_turn_support: 0.0229
   Metrics/locomotion/error_vel_xy: 0.4706
  Metrics/locomotion/error_vel_yaw: 0.6209
      Episode_Termination/time_out: 0.9922
   Episode_Termination/bad_contact: 0.0000
          Episode_Termination/tilt: 0.0078
    Episode_Termination/low_height: 0.0000
--------------------------------------------------------------------------------
                   Total timesteps: 156672
                    Iteration time: 3.25s
                      Time elapsed: 00:02:45
                               ETA: 00:01:37

################################################################################
                     [1m Learning iteration 1173/1202 [0m                     

                       Computation: 941 steps/s (collection: 3.185s, learning 0.076s)
             Mean action noise std: 0.05
          Mean value_function loss: 1.1402
               Mean surrogate loss: -0.0016
                 Mean entropy loss: -25.2287
                       Mean reward: -66.91
               Mean episode length: 300.00
   Episode_Reward/term_bad_contact: 0.0000
          Episode_Reward/term_tilt: 0.0000
    Episode_Reward/term_low_height: 0.0000
      Episode_Reward/leg_action_l2: -0.0449
   Episode_Reward/tracking_lin_vel: 0.0000
Episode_Reward/tracking_lin_vel_x_exp: 0.3068
Episode_Reward/tracking_ang_vel_yaw_l1: 0.0000
Episode_Reward/tracking_ang_vel_yaw_exp: 0.2260
Episode_Reward/tracking_lin_vel_y_l2: 0.0000
Episode_Reward/tracking_lin_vel_z_l2: 0.0000
            Episode_Reward/survive: 0.0000
    Episode_Reward/foot_contacts_z: 0.0000
            Episode_Reward/torques: -0.1849
 Episode_Reward/tracking_lin_vel_y: 0.0000
          Episode_Reward/lin_vel_z: -0.0021
         Episode_Reward/ang_vel_xy: -0.0038
   Episode_Reward/tracking_ang_vel: 0.0407
               Episode_Reward/work: -0.1305
            Episode_Reward/dof_acc: -0.3128
        Episode_Reward/action_rate: -0.0227
     Episode_Reward/dof_pos_limits: -0.0003
      Episode_Reward/delta_torques: -0.0003
          Episode_Reward/collision: -6.1415
        Episode_Reward/walking_dof: 0.0777
            Episode_Reward/hip_pos: -0.0537
          Episode_Reward/feet_jerk: 0.0000
              Episode_Reward/alive: 0.3000
          Episode_Reward/feet_drag: -0.0075
Episode_Reward/feet_contact_forces: -0.1972
               Episode_Reward/roll: -0.0293
        Episode_Reward/base_height: -0.2265
Episode_Reward/tracking_lin_vel_max: 0.1022
Episode_Reward/flat_orientation_l2: -0.0081
  Episode_Reward/air_time_variance: -0.0009
        Episode_Reward/feet_height: 0.0000
      Episode_Reward/feet_air_time: -0.0000
Episode_Reward/update_last_buffers: 0.0000
   Episode_Reward/wheel_idle_speed: -0.3885
    Episode_Reward/wheel_action_l2: -0.0000
  Episode_Reward/wheel_action_rate: 0.0000
  Episode_Reward/wheel_forward_use: 0.0176
 Episode_Reward/wheel_turn_support: 0.0269
   Metrics/locomotion/error_vel_xy: 0.4484
  Metrics/locomotion/error_vel_yaw: 0.6013
      Episode_Termination/time_out: 0.9922
   Episode_Termination/bad_contact: 0.0000
          Episode_Termination/tilt: 0.0078
    Episode_Termination/low_height: 0.0000
--------------------------------------------------------------------------------
                   Total timesteps: 159744
                    Iteration time: 3.26s
                      Time elapsed: 00:02:49
                               ETA: 00:01:34

################################################################################
                     [1m Learning iteration 1174/1202 [0m                     

                       Computation: 968 steps/s (collection: 3.095s, learning 0.077s)
             Mean action noise std: 0.05
          Mean value_function loss: 0.4349
               Mean surrogate loss: -0.0025
                 Mean entropy loss: -25.2287
                       Mean reward: -67.10
               Mean episode length: 300.00
   Episode_Reward/term_bad_contact: 0.0000
          Episode_Reward/term_tilt: 0.0000
    Episode_Reward/term_low_height: 0.0000
      Episode_Reward/leg_action_l2: -0.0453
   Episode_Reward/tracking_lin_vel: 0.0000
Episode_Reward/tracking_lin_vel_x_exp: 0.3306
Episode_Reward/tracking_ang_vel_yaw_l1: 0.0000
Episode_Reward/tracking_ang_vel_yaw_exp: 0.2977
Episode_Reward/tracking_lin_vel_y_l2: 0.0000
Episode_Reward/tracking_lin_vel_z_l2: 0.0000
            Episode_Reward/survive: 0.0000
    Episode_Reward/foot_contacts_z: 0.0000
            Episode_Reward/torques: -0.1882
 Episode_Reward/tracking_lin_vel_y: 0.0000
          Episode_Reward/lin_vel_z: -0.0020
         Episode_Reward/ang_vel_xy: -0.0045
   Episode_Reward/tracking_ang_vel: 0.0492
               Episode_Reward/work: -0.1371
            Episode_Reward/dof_acc: -0.2780
        Episode_Reward/action_rate: -0.0231
     Episode_Reward/dof_pos_limits: -0.0003
      Episode_Reward/delta_torques: -0.0003
          Episode_Reward/collision: -6.2190
        Episode_Reward/walking_dof: 0.0707
            Episode_Reward/hip_pos: -0.0533
          Episode_Reward/feet_jerk: 0.0000
              Episode_Reward/alive: 0.3000
          Episode_Reward/feet_drag: -0.0075
Episode_Reward/feet_contact_forces: -0.1969
               Episode_Reward/roll: -0.0282
        Episode_Reward/base_height: -0.2315
Episode_Reward/tracking_lin_vel_max: 0.1183
Episode_Reward/flat_orientation_l2: -0.0081
  Episode_Reward/air_time_variance: -0.0005
        Episode_Reward/feet_height: 0.0000
      Episode_Reward/feet_air_time: -0.0000
Episode_Reward/update_last_buffers: 0.0000
   Episode_Reward/wheel_idle_speed: -0.5187
    Episode_Reward/wheel_action_l2: -0.0000
  Episode_Reward/wheel_action_rate: 0.0000
  Episode_Reward/wheel_forward_use: 0.0259
 Episode_Reward/wheel_turn_support: 0.0099
   Metrics/locomotion/error_vel_xy: 0.4339
  Metrics/locomotion/error_vel_yaw: 0.4741
      Episode_Termination/time_out: 0.9948
   Episode_Termination/bad_contact: 0.0000
          Episode_Termination/tilt: 0.0052
    Episode_Termination/low_height: 0.0000
--------------------------------------------------------------------------------
                   Total timesteps: 162816
                    Iteration time: 3.17s
                      Time elapsed: 00:02:52
                               ETA: 00:01:31

################################################################################
                     [1m Learning iteration 1175/1202 [0m                     

                       Computation: 965 steps/s (collection: 3.107s, learning 0.076s)
             Mean action noise std: 0.05
          Mean value_function loss: 0.3503
               Mean surrogate loss: -0.0026
                 Mean entropy loss: -25.2287
                       Mean reward: -66.88
               Mean episode length: 300.00
   Episode_Reward/term_bad_contact: 0.0000
          Episode_Reward/term_tilt: 0.0000
    Episode_Reward/term_low_height: 0.0000
      Episode_Reward/leg_action_l2: -0.0434
   Episode_Reward/tracking_lin_vel: 0.0000
Episode_Reward/tracking_lin_vel_x_exp: 0.3740
Episode_Reward/tracking_ang_vel_yaw_l1: 0.0000
Episode_Reward/tracking_ang_vel_yaw_exp: 0.2346
Episode_Reward/tracking_lin_vel_y_l2: 0.0000
Episode_Reward/tracking_lin_vel_z_l2: 0.0000
            Episode_Reward/survive: 0.0000
    Episode_Reward/foot_contacts_z: 0.0000
            Episode_Reward/torques: -0.1970
 Episode_Reward/tracking_lin_vel_y: 0.0000
          Episode_Reward/lin_vel_z: -0.0020
         Episode_Reward/ang_vel_xy: -0.0039
   Episode_Reward/tracking_ang_vel: 0.0403
               Episode_Reward/work: -0.1179
            Episode_Reward/dof_acc: -0.2683
        Episode_Reward/action_rate: -0.0221
     Episode_Reward/dof_pos_limits: -0.0002
      Episode_Reward/delta_torques: -0.0003
          Episode_Reward/collision: -6.1567
        Episode_Reward/walking_dof: 0.0891
            Episode_Reward/hip_pos: -0.0533
          Episode_Reward/feet_jerk: 0.0000
              Episode_Reward/alive: 0.3000
          Episode_Reward/feet_drag: -0.0079
Episode_Reward/feet_contact_forces: -0.1969
               Episode_Reward/roll: -0.0221
        Episode_Reward/base_height: -0.2175
Episode_Reward/tracking_lin_vel_max: 0.1391
Episode_Reward/flat_orientation_l2: -0.0066
  Episode_Reward/air_time_variance: -0.0006
        Episode_Reward/feet_height: 0.0000
      Episode_Reward/feet_air_time: -0.0000
Episode_Reward/update_last_buffers: 0.0000
   Episode_Reward/wheel_idle_speed: -0.0244
    Episode_Reward/wheel_action_l2: -0.0000
  Episode_Reward/wheel_action_rate: 0.0000
  Episode_Reward/wheel_forward_use: 0.0216
 Episode_Reward/wheel_turn_support: 0.0246
   Metrics/locomotion/error_vel_xy: 0.3738
  Metrics/locomotion/error_vel_yaw: 0.6005
      Episode_Termination/time_out: 1.0000
   Episode_Termination/bad_contact: 0.0000
          Episode_Termination/tilt: 0.0000
    Episode_Termination/low_height: 0.0000
--------------------------------------------------------------------------------
                   Total timesteps: 165888
                    Iteration time: 3.18s
                      Time elapsed: 00:02:55
                               ETA: 00:01:27

################################################################################
                     [1m Learning iteration 1176/1202 [0m                     

                       Computation: 976 steps/s (collection: 3.067s, learning 0.080s)
             Mean action noise std: 0.05
          Mean value_function loss: 0.7981
               Mean surrogate loss: -0.0011
                 Mean entropy loss: -25.2287
                       Mean reward: -67.30
               Mean episode length: 300.00
   Episode_Reward/term_bad_contact: 0.0000
          Episode_Reward/term_tilt: 0.0000
    Episode_Reward/term_low_height: 0.0000
      Episode_Reward/leg_action_l2: -0.0477
   Episode_Reward/tracking_lin_vel: 0.0000
Episode_Reward/tracking_lin_vel_x_exp: 0.4246
Episode_Reward/tracking_ang_vel_yaw_l1: 0.0000
Episode_Reward/tracking_ang_vel_yaw_exp: 0.1322
Episode_Reward/tracking_lin_vel_y_l2: 0.0000
Episode_Reward/tracking_lin_vel_z_l2: 0.0000
            Episode_Reward/survive: 0.0000
    Episode_Reward/foot_contacts_z: 0.0000
            Episode_Reward/torques: -0.1961
 Episode_Reward/tracking_lin_vel_y: 0.0000
          Episode_Reward/lin_vel_z: -0.0023
         Episode_Reward/ang_vel_xy: -0.0038
   Episode_Reward/tracking_ang_vel: 0.0303
               Episode_Reward/work: -0.1311
            Episode_Reward/dof_acc: -0.2364
        Episode_Reward/action_rate: -0.0242
     Episode_Reward/dof_pos_limits: -0.0004
      Episode_Reward/delta_torques: -0.0003
          Episode_Reward/collision: -6.5871
        Episode_Reward/walking_dof: 0.0872
            Episode_Reward/hip_pos: -0.0538
          Episode_Reward/feet_jerk: 0.0000
              Episode_Reward/alive: 0.3000
          Episode_Reward/feet_drag: -0.0078
Episode_Reward/feet_contact_forces: -0.1968
               Episode_Reward/roll: -0.0211
        Episode_Reward/base_height: -0.2026
Episode_Reward/tracking_lin_vel_max: 0.1444
Episode_Reward/flat_orientation_l2: -0.0072
  Episode_Reward/air_time_variance: -0.0007
        Episode_Reward/feet_height: 0.0000
      Episode_Reward/feet_air_time: -0.0000
Episode_Reward/update_last_buffers: 0.0000
   Episode_Reward/wheel_idle_speed: -0.1851
    Episode_Reward/wheel_action_l2: -0.0000
  Episode_Reward/wheel_action_rate: 0.0000
  Episode_Reward/wheel_forward_use: 0.0013
 Episode_Reward/wheel_turn_support: 0.0359
   Metrics/locomotion/error_vel_xy: 0.3359
  Metrics/locomotion/error_vel_yaw: 0.7405
      Episode_Termination/time_out: 1.0000
   Episode_Termination/bad_contact: 0.0000
          Episode_Termination/tilt: 0.0000
    Episode_Termination/low_height: 0.0000
--------------------------------------------------------------------------------
                   Total timesteps: 168960
                    Iteration time: 3.15s
                      Time elapsed: 00:02:58
                               ETA: 00:01:24

################################################################################
                     [1m Learning iteration 1177/1202 [0m                     

                       Computation: 976 steps/s (collection: 3.070s, learning 0.075s)
             Mean action noise std: 0.05
          Mean value_function loss: 0.7910
               Mean surrogate loss: -0.0021
                 Mean entropy loss: -25.2287
                       Mean reward: -66.87
               Mean episode length: 300.00
   Episode_Reward/term_bad_contact: 0.0000
          Episode_Reward/term_tilt: 0.0000
    Episode_Reward/term_low_height: 0.0000
      Episode_Reward/leg_action_l2: -0.0414
   Episode_Reward/tracking_lin_vel: 0.0000
Episode_Reward/tracking_lin_vel_x_exp: 0.2667
Episode_Reward/tracking_ang_vel_yaw_l1: 0.0000
Episode_Reward/tracking_ang_vel_yaw_exp: 0.3238
Episode_Reward/tracking_lin_vel_y_l2: 0.0000
Episode_Reward/tracking_lin_vel_z_l2: 0.0000
            Episode_Reward/survive: 0.0000
    Episode_Reward/foot_contacts_z: 0.0000
            Episode_Reward/torques: -0.1891
 Episode_Reward/tracking_lin_vel_y: 0.0000
          Episode_Reward/lin_vel_z: -0.0025
         Episode_Reward/ang_vel_xy: -0.0040
   Episode_Reward/tracking_ang_vel: 0.0488
               Episode_Reward/work: -0.1287
            Episode_Reward/dof_acc: -0.2894
        Episode_Reward/action_rate: -0.0211
     Episode_Reward/dof_pos_limits: -0.0002
      Episode_Reward/delta_torques: -0.0003
          Episode_Reward/collision: -5.9973
        Episode_Reward/walking_dof: 0.0938
            Episode_Reward/hip_pos: -0.0540
          Episode_Reward/feet_jerk: 0.0000
              Episode_Reward/alive: 0.3000
          Episode_Reward/feet_drag: -0.0074
Episode_Reward/feet_contact_forces: -0.1965
               Episode_Reward/roll: -0.0231
        Episode_Reward/base_height: -0.2249
Episode_Reward/tracking_lin_vel_max: 0.0772
Episode_Reward/flat_orientation_l2: -0.0067
  Episode_Reward/air_time_variance: -0.0001
        Episode_Reward/feet_height: 0.0000
      Episode_Reward/feet_air_time: -0.0000
Episode_Reward/update_last_buffers: 0.0000
   Episode_Reward/wheel_idle_speed: -0.0314
    Episode_Reward/wheel_action_l2: -0.0000
  Episode_Reward/wheel_action_rate: 0.0000
  Episode_Reward/wheel_forward_use: 0.0335
 Episode_Reward/wheel_turn_support: 0.0174
   Metrics/locomotion/error_vel_xy: 0.4802
  Metrics/locomotion/error_vel_yaw: 0.4720
      Episode_Termination/time_out: 1.0000
   Episode_Termination/bad_contact: 0.0000
          Episode_Termination/tilt: 0.0000
    Episode_Termination/low_height: 0.0000
--------------------------------------------------------------------------------
                   Total timesteps: 172032
                    Iteration time: 3.14s
                      Time elapsed: 00:03:01
                               ETA: 00:01:21

################################################################################
                     [1m Learning iteration 1178/1202 [0m                     

                       Computation: 986 steps/s (collection: 3.039s, learning 0.077s)
             Mean action noise std: 0.05
          Mean value_function loss: 0.4505
               Mean surrogate loss: -0.0014
                 Mean entropy loss: -25.2287
                       Mean reward: -66.92
               Mean episode length: 300.00
   Episode_Reward/term_bad_contact: 0.0000
          Episode_Reward/term_tilt: 0.0000
    Episode_Reward/term_low_height: 0.0000
      Episode_Reward/leg_action_l2: -0.0456
   Episode_Reward/tracking_lin_vel: 0.0000
Episode_Reward/tracking_lin_vel_x_exp: 0.4325
Episode_Reward/tracking_ang_vel_yaw_l1: 0.0000
Episode_Reward/tracking_ang_vel_yaw_exp: 0.2375
Episode_Reward/tracking_lin_vel_y_l2: 0.0000
Episode_Reward/tracking_lin_vel_z_l2: 0.0000
            Episode_Reward/survive: 0.0000
    Episode_Reward/foot_contacts_z: 0.0000
            Episode_Reward/torques: -0.1888
 Episode_Reward/tracking_lin_vel_y: 0.0000
          Episode_Reward/lin_vel_z: -0.0018
         Episode_Reward/ang_vel_xy: -0.0041
   Episode_Reward/tracking_ang_vel: 0.0393
               Episode_Reward/work: -0.1380
            Episode_Reward/dof_acc: -0.2989
        Episode_Reward/action_rate: -0.0232
     Episode_Reward/dof_pos_limits: -0.0004
      Episode_Reward/delta_torques: -0.0003
          Episode_Reward/collision: -6.1067
        Episode_Reward/walking_dof: 0.0695
            Episode_Reward/hip_pos: -0.0535
          Episode_Reward/feet_jerk: 0.0000
              Episode_Reward/alive: 0.3000
          Episode_Reward/feet_drag: -0.0079
Episode_Reward/feet_contact_forces: -0.1958
               Episode_Reward/roll: -0.0325
        Episode_Reward/base_height: -0.2344
Episode_Reward/tracking_lin_vel_max: 0.1991
Episode_Reward/flat_orientation_l2: -0.0090
  Episode_Reward/air_time_variance: -0.0006
        Episode_Reward/feet_height: 0.0000
      Episode_Reward/feet_air_time: -0.0000
Episode_Reward/update_last_buffers: 0.0000
   Episode_Reward/wheel_idle_speed: -0.7025
    Episode_Reward/wheel_action_l2: -0.0000
  Episode_Reward/wheel_action_rate: 0.0000
  Episode_Reward/wheel_forward_use: 0.0154
 Episode_Reward/wheel_turn_support: 0.0193
   Metrics/locomotion/error_vel_xy: 0.3293
  Metrics/locomotion/error_vel_yaw: 0.6185
      Episode_Termination/time_out: 1.0000
   Episode_Termination/bad_contact: 0.0000
          Episode_Termination/tilt: 0.0000
    Episode_Termination/low_height: 0.0000
--------------------------------------------------------------------------------
                   Total timesteps: 175104
                    Iteration time: 3.12s
                      Time elapsed: 00:03:04
                               ETA: 00:01:17

################################################################################
                     [1m Learning iteration 1179/1202 [0m                     

                       Computation: 959 steps/s (collection: 3.126s, learning 0.075s)
             Mean action noise std: 0.05
          Mean value_function loss: 0.3082
               Mean surrogate loss: -0.0016
                 Mean entropy loss: -25.2287
                       Mean reward: -66.86
               Mean episode length: 300.00
   Episode_Reward/term_bad_contact: 0.0000
          Episode_Reward/term_tilt: 0.0000
    Episode_Reward/term_low_height: 0.0000
      Episode_Reward/leg_action_l2: -0.0462
   Episode_Reward/tracking_lin_vel: 0.0000
Episode_Reward/tracking_lin_vel_x_exp: 0.3909
Episode_Reward/tracking_ang_vel_yaw_l1: 0.0000
Episode_Reward/tracking_ang_vel_yaw_exp: 0.2212
Episode_Reward/tracking_lin_vel_y_l2: 0.0000
Episode_Reward/tracking_lin_vel_z_l2: 0.0000
            Episode_Reward/survive: 0.0000
    Episode_Reward/foot_contacts_z: 0.0000
            Episode_Reward/torques: -0.1957
 Episode_Reward/tracking_lin_vel_y: 0.0000
          Episode_Reward/lin_vel_z: -0.0022
         Episode_Reward/ang_vel_xy: -0.0035
   Episode_Reward/tracking_ang_vel: 0.0380
               Episode_Reward/work: -0.1350
            Episode_Reward/dof_acc: -0.3004
        Episode_Reward/action_rate: -0.0233
     Episode_Reward/dof_pos_limits: -0.0003
      Episode_Reward/delta_torques: -0.0003
          Episode_Reward/collision: -6.6111
        Episode_Reward/walking_dof: 0.0892
            Episode_Reward/hip_pos: -0.0532
          Episode_Reward/feet_jerk: 0.0000
              Episode_Reward/alive: 0.3000
          Episode_Reward/feet_drag: -0.0076
Episode_Reward/feet_contact_forces: -0.1975
               Episode_Reward/roll: -0.0217
        Episode_Reward/base_height: -0.2140
Episode_Reward/tracking_lin_vel_max: 0.1308
Episode_Reward/flat_orientation_l2: -0.0069
  Episode_Reward/air_time_variance: -0.0022
        Episode_Reward/feet_height: 0.0000
      Episode_Reward/feet_air_time: -0.0000
Episode_Reward/update_last_buffers: 0.0000
   Episode_Reward/wheel_idle_speed: -0.3086
    Episode_Reward/wheel_action_l2: -0.0000
  Episode_Reward/wheel_action_rate: 0.0000
  Episode_Reward/wheel_forward_use: 0.0205
 Episode_Reward/wheel_turn_support: 0.0271
   Metrics/locomotion/error_vel_xy: 0.4024
  Metrics/locomotion/error_vel_yaw: 0.6300
      Episode_Termination/time_out: 1.0000
   Episode_Termination/bad_contact: 0.0000
          Episode_Termination/tilt: 0.0000
    Episode_Termination/low_height: 0.0000
--------------------------------------------------------------------------------
                   Total timesteps: 178176
                    Iteration time: 3.20s
                      Time elapsed: 00:03:08
                               ETA: 00:01:14

################################################################################
                     [1m Learning iteration 1180/1202 [0m                     

                       Computation: 959 steps/s (collection: 3.125s, learning 0.077s)
             Mean action noise std: 0.05
          Mean value_function loss: 0.3573
               Mean surrogate loss: -0.0019
                 Mean entropy loss: -25.2287
                       Mean reward: -67.14
               Mean episode length: 300.00
   Episode_Reward/term_bad_contact: 0.0000
          Episode_Reward/term_tilt: 0.0000
    Episode_Reward/term_low_height: 0.0000
      Episode_Reward/leg_action_l2: -0.0476
   Episode_Reward/tracking_lin_vel: 0.0000
Episode_Reward/tracking_lin_vel_x_exp: 0.4866
Episode_Reward/tracking_ang_vel_yaw_l1: 0.0000
Episode_Reward/tracking_ang_vel_yaw_exp: 0.2725
Episode_Reward/tracking_lin_vel_y_l2: 0.0000
Episode_Reward/tracking_lin_vel_z_l2: 0.0000
            Episode_Reward/survive: 0.0000
    Episode_Reward/foot_contacts_z: 0.0000
            Episode_Reward/torques: -0.1939
 Episode_Reward/tracking_lin_vel_y: 0.0000
          Episode_Reward/lin_vel_z: -0.0020
         Episode_Reward/ang_vel_xy: -0.0039
   Episode_Reward/tracking_ang_vel: 0.0456
               Episode_Reward/work: -0.1403
            Episode_Reward/dof_acc: -0.4300
        Episode_Reward/action_rate: -0.0239
     Episode_Reward/dof_pos_limits: -0.0003
      Episode_Reward/delta_torques: -0.0003
          Episode_Reward/collision: -6.6292
        Episode_Reward/walking_dof: 0.0562
            Episode_Reward/hip_pos: -0.0538
          Episode_Reward/feet_jerk: 0.0000
              Episode_Reward/alive: 0.3000
          Episode_Reward/feet_drag: -0.0079
Episode_Reward/feet_contact_forces: -0.1971
               Episode_Reward/roll: -0.0276
        Episode_Reward/base_height: -0.2126
Episode_Reward/tracking_lin_vel_max: 0.2070
Episode_Reward/flat_orientation_l2: -0.0086
  Episode_Reward/air_time_variance: -0.0004
        Episode_Reward/feet_height: 0.0000
      Episode_Reward/feet_air_time: -0.0000
Episode_Reward/update_last_buffers: 0.0000
   Episode_Reward/wheel_idle_speed: -0.7829
    Episode_Reward/wheel_action_l2: -0.0000
  Episode_Reward/wheel_action_rate: 0.0000
  Episode_Reward/wheel_forward_use: 0.0145
 Episode_Reward/wheel_turn_support: 0.0205
   Metrics/locomotion/error_vel_xy: 0.2976
  Metrics/locomotion/error_vel_yaw: 0.5266
      Episode_Termination/time_out: 1.0000
   Episode_Termination/bad_contact: 0.0000
          Episode_Termination/tilt: 0.0000
    Episode_Termination/low_height: 0.0000
--------------------------------------------------------------------------------
                   Total timesteps: 181248
                    Iteration time: 3.20s
                      Time elapsed: 00:03:11
                               ETA: 00:01:11

################################################################################
                     [1m Learning iteration 1181/1202 [0m                     

                       Computation: 993 steps/s (collection: 3.008s, learning 0.086s)
             Mean action noise std: 0.05
          Mean value_function loss: 0.3198
               Mean surrogate loss: -0.0025
                 Mean entropy loss: -25.2287
                       Mean reward: -67.26
               Mean episode length: 300.00
   Episode_Reward/term_bad_contact: 0.0000
          Episode_Reward/term_tilt: 0.0000
    Episode_Reward/term_low_height: 0.0000
      Episode_Reward/leg_action_l2: -0.0487
   Episode_Reward/tracking_lin_vel: 0.0000
Episode_Reward/tracking_lin_vel_x_exp: 0.3218
Episode_Reward/tracking_ang_vel_yaw_l1: 0.0000
Episode_Reward/tracking_ang_vel_yaw_exp: 0.2085
Episode_Reward/tracking_lin_vel_y_l2: 0.0000
Episode_Reward/tracking_lin_vel_z_l2: 0.0000
            Episode_Reward/survive: 0.0000
    Episode_Reward/foot_contacts_z: 0.0000
            Episode_Reward/torques: -0.2106
 Episode_Reward/tracking_lin_vel_y: 0.0000
          Episode_Reward/lin_vel_z: -0.0022
         Episode_Reward/ang_vel_xy: -0.0038
   Episode_Reward/tracking_ang_vel: 0.0387
               Episode_Reward/work: -0.1044
            Episode_Reward/dof_acc: -0.2152
        Episode_Reward/action_rate: -0.0241
     Episode_Reward/dof_pos_limits: -0.0001
      Episode_Reward/delta_torques: -0.0003
          Episode_Reward/collision: -6.3675
        Episode_Reward/walking_dof: 0.0787
            Episode_Reward/hip_pos: -0.0536
          Episode_Reward/feet_jerk: 0.0000
              Episode_Reward/alive: 0.3000
          Episode_Reward/feet_drag: -0.0081
Episode_Reward/feet_contact_forces: -0.1970
               Episode_Reward/roll: -0.0167
        Episode_Reward/base_height: -0.2287
Episode_Reward/tracking_lin_vel_max: 0.1668
Episode_Reward/flat_orientation_l2: -0.0062
  Episode_Reward/air_time_variance: -0.0005
        Episode_Reward/feet_height: 0.0000
      Episode_Reward/feet_air_time: -0.0000
Episode_Reward/update_last_buffers: 0.0000
   Episode_Reward/wheel_idle_speed: -0.5009
    Episode_Reward/wheel_action_l2: -0.0000
  Episode_Reward/wheel_action_rate: 0.0000
  Episode_Reward/wheel_forward_use: 0.0094
 Episode_Reward/wheel_turn_support: 0.0203
   Metrics/locomotion/error_vel_xy: 0.4035
  Metrics/locomotion/error_vel_yaw: 0.6163
      Episode_Termination/time_out: 1.0000
   Episode_Termination/bad_contact: 0.0000
          Episode_Termination/tilt: 0.0000
    Episode_Termination/low_height: 0.0000
--------------------------------------------------------------------------------
                   Total timesteps: 184320
                    Iteration time: 3.09s
                      Time elapsed: 00:03:14
                               ETA: 00:01:08

################################################################################
                     [1m Learning iteration 1182/1202 [0m                     

                       Computation: 970 steps/s (collection: 3.089s, learning 0.077s)
             Mean action noise std: 0.05
          Mean value_function loss: 0.2749
               Mean surrogate loss: -0.0020
                 Mean entropy loss: -25.2287
                       Mean reward: -66.93
               Mean episode length: 300.00
   Episode_Reward/term_bad_contact: 0.0000
          Episode_Reward/term_tilt: 0.0000
    Episode_Reward/term_low_height: 0.0000
      Episode_Reward/leg_action_l2: -0.0473
   Episode_Reward/tracking_lin_vel: 0.0000
Episode_Reward/tracking_lin_vel_x_exp: 0.3198
Episode_Reward/tracking_ang_vel_yaw_l1: 0.0000
Episode_Reward/tracking_ang_vel_yaw_exp: 0.2631
Episode_Reward/tracking_lin_vel_y_l2: 0.0000
Episode_Reward/tracking_lin_vel_z_l2: 0.0000
            Episode_Reward/survive: 0.0000
    Episode_Reward/foot_contacts_z: 0.0000
            Episode_Reward/torques: -0.1975
 Episode_Reward/tracking_lin_vel_y: 0.0000
          Episode_Reward/lin_vel_z: -0.0022
         Episode_Reward/ang_vel_xy: -0.0036
   Episode_Reward/tracking_ang_vel: 0.0416
               Episode_Reward/work: -0.1469
            Episode_Reward/dof_acc: -0.4894
        Episode_Reward/action_rate: -0.0237
     Episode_Reward/dof_pos_limits: -0.0003
      Episode_Reward/delta_torques: -0.0003
          Episode_Reward/collision: -6.2654
        Episode_Reward/walking_dof: 0.0684
            Episode_Reward/hip_pos: -0.0536
          Episode_Reward/feet_jerk: 0.0000
              Episode_Reward/alive: 0.3000
          Episode_Reward/feet_drag: -0.0082
Episode_Reward/feet_contact_forces: -0.1968
               Episode_Reward/roll: -0.0212
        Episode_Reward/base_height: -0.2150
Episode_Reward/tracking_lin_vel_max: 0.1709
Episode_Reward/flat_orientation_l2: -0.0069
  Episode_Reward/air_time_variance: -0.0009
        Episode_Reward/feet_height: 0.0000
      Episode_Reward/feet_air_time: -0.0000
Episode_Reward/update_last_buffers: 0.0000
   Episode_Reward/wheel_idle_speed: -0.3394
    Episode_Reward/wheel_action_l2: -0.0000
  Episode_Reward/wheel_action_rate: 0.0000
  Episode_Reward/wheel_forward_use: 0.0076
 Episode_Reward/wheel_turn_support: 0.0189
   Metrics/locomotion/error_vel_xy: 0.4442
  Metrics/locomotion/error_vel_yaw: 0.5985
      Episode_Termination/time_out: 1.0000
   Episode_Termination/bad_contact: 0.0000
          Episode_Termination/tilt: 0.0000
    Episode_Termination/low_height: 0.0000
--------------------------------------------------------------------------------
                   Total timesteps: 187392
                    Iteration time: 3.17s
                      Time elapsed: 00:03:17
                               ETA: 00:01:04

################################################################################
                     [1m Learning iteration 1183/1202 [0m                     

                       Computation: 986 steps/s (collection: 3.040s, learning 0.075s)
             Mean action noise std: 0.05
          Mean value_function loss: 0.3757
               Mean surrogate loss: -0.0019
                 Mean entropy loss: -25.2287
                       Mean reward: -66.98
               Mean episode length: 300.00
   Episode_Reward/term_bad_contact: 0.0000
          Episode_Reward/term_tilt: 0.0000
    Episode_Reward/term_low_height: 0.0000
      Episode_Reward/leg_action_l2: -0.0492
   Episode_Reward/tracking_lin_vel: 0.0000
Episode_Reward/tracking_lin_vel_x_exp: 0.3390
Episode_Reward/tracking_ang_vel_yaw_l1: 0.0000
Episode_Reward/tracking_ang_vel_yaw_exp: 0.2172
Episode_Reward/tracking_lin_vel_y_l2: 0.0000
Episode_Reward/tracking_lin_vel_z_l2: 0.0000
            Episode_Reward/survive: 0.0000
    Episode_Reward/foot_contacts_z: 0.0000
            Episode_Reward/torques: -0.2051
 Episode_Reward/tracking_lin_vel_y: 0.0000
          Episode_Reward/lin_vel_z: -0.0019
         Episode_Reward/ang_vel_xy: -0.0036
   Episode_Reward/tracking_ang_vel: 0.0433
               Episode_Reward/work: -0.1414
            Episode_Reward/dof_acc: -0.4286
        Episode_Reward/action_rate: -0.0248
     Episode_Reward/dof_pos_limits: -0.0002
      Episode_Reward/delta_torques: -0.0003
          Episode_Reward/collision: -6.6020
        Episode_Reward/walking_dof: 0.0798
            Episode_Reward/hip_pos: -0.0537
          Episode_Reward/feet_jerk: 0.0000
              Episode_Reward/alive: 0.3000
          Episode_Reward/feet_drag: -0.0078
Episode_Reward/feet_contact_forces: -0.1971
               Episode_Reward/roll: -0.0294
        Episode_Reward/base_height: -0.2245
Episode_Reward/tracking_lin_vel_max: 0.1100
Episode_Reward/flat_orientation_l2: -0.0088
  Episode_Reward/air_time_variance: -0.0003
        Episode_Reward/feet_height: 0.0000
      Episode_Reward/feet_air_time: -0.0001
Episode_Reward/update_last_buffers: 0.0000
   Episode_Reward/wheel_idle_speed: -0.0262
    Episode_Reward/wheel_action_l2: -0.0000
  Episode_Reward/wheel_action_rate: 0.0000
  Episode_Reward/wheel_forward_use: 0.0281
 Episode_Reward/wheel_turn_support: 0.0177
   Metrics/locomotion/error_vel_xy: 0.4449
  Metrics/locomotion/error_vel_yaw: 0.5769
      Episode_Termination/time_out: 1.0000
   Episode_Termination/bad_contact: 0.0000
          Episode_Termination/tilt: 0.0000
    Episode_Termination/low_height: 0.0000
--------------------------------------------------------------------------------
                   Total timesteps: 190464
                    Iteration time: 3.11s
                      Time elapsed: 00:03:20
                               ETA: 00:01:01

################################################################################
                     [1m Learning iteration 1184/1202 [0m                     

                       Computation: 964 steps/s (collection: 3.112s, learning 0.074s)
             Mean action noise std: 0.05
          Mean value_function loss: 0.1500
               Mean surrogate loss: -0.0013
                 Mean entropy loss: -25.2287
                       Mean reward: -66.81
               Mean episode length: 300.00
   Episode_Reward/term_bad_contact: 0.0000
          Episode_Reward/term_tilt: 0.0000
    Episode_Reward/term_low_height: 0.0000
      Episode_Reward/leg_action_l2: -0.0454
   Episode_Reward/tracking_lin_vel: 0.0000
Episode_Reward/tracking_lin_vel_x_exp: 0.3652
Episode_Reward/tracking_ang_vel_yaw_l1: 0.0000
Episode_Reward/tracking_ang_vel_yaw_exp: 0.2651
Episode_Reward/tracking_lin_vel_y_l2: 0.0000
Episode_Reward/tracking_lin_vel_z_l2: 0.0000
            Episode_Reward/survive: 0.0000
    Episode_Reward/foot_contacts_z: 0.0000
            Episode_Reward/torques: -0.2015
 Episode_Reward/tracking_lin_vel_y: 0.0000
          Episode_Reward/lin_vel_z: -0.0022
         Episode_Reward/ang_vel_xy: -0.0038
   Episode_Reward/tracking_ang_vel: 0.0419
               Episode_Reward/work: -0.1336
            Episode_Reward/dof_acc: -0.3466
        Episode_Reward/action_rate: -0.0229
     Episode_Reward/dof_pos_limits: -0.0002
      Episode_Reward/delta_torques: -0.0003
          Episode_Reward/collision: -6.4925
        Episode_Reward/walking_dof: 0.0802
            Episode_Reward/hip_pos: -0.0536
          Episode_Reward/feet_jerk: 0.0000
              Episode_Reward/alive: 0.3000
          Episode_Reward/feet_drag: -0.0083
Episode_Reward/feet_contact_forces: -0.1972
               Episode_Reward/roll: -0.0197
        Episode_Reward/base_height: -0.2229
Episode_Reward/tracking_lin_vel_max: 0.1656
Episode_Reward/flat_orientation_l2: -0.0063
  Episode_Reward/air_time_variance: -0.0004
        Episode_Reward/feet_height: 0.0000
      Episode_Reward/feet_air_time: -0.0000
Episode_Reward/update_last_buffers: 0.0000
   Episode_Reward/wheel_idle_speed: -0.0950
    Episode_Reward/wheel_action_l2: -0.0000
  Episode_Reward/wheel_action_rate: 0.0000
  Episode_Reward/wheel_forward_use: 0.0273
 Episode_Reward/wheel_turn_support: 0.0246
   Metrics/locomotion/error_vel_xy: 0.3729
  Metrics/locomotion/error_vel_yaw: 0.5760
      Episode_Termination/time_out: 1.0000
   Episode_Termination/bad_contact: 0.0000
          Episode_Termination/tilt: 0.0000
    Episode_Termination/low_height: 0.0000
--------------------------------------------------------------------------------
                   Total timesteps: 193536
                    Iteration time: 3.19s
                      Time elapsed: 00:03:23
                               ETA: 00:00:58

################################################################################
                     [1m Learning iteration 1185/1202 [0m                     

                       Computation: 953 steps/s (collection: 3.146s, learning 0.077s)
             Mean action noise std: 0.05
          Mean value_function loss: 1.1411
               Mean surrogate loss: -0.0032
                 Mean entropy loss: -25.2287
                       Mean reward: -67.17
               Mean episode length: 300.00
   Episode_Reward/term_bad_contact: 0.0000
          Episode_Reward/term_tilt: 0.0000
    Episode_Reward/term_low_height: 0.0000
      Episode_Reward/leg_action_l2: -0.0450
   Episode_Reward/tracking_lin_vel: 0.0000
Episode_Reward/tracking_lin_vel_x_exp: 0.3283
Episode_Reward/tracking_ang_vel_yaw_l1: 0.0000
Episode_Reward/tracking_ang_vel_yaw_exp: 0.2316
Episode_Reward/tracking_lin_vel_y_l2: 0.0000
Episode_Reward/tracking_lin_vel_z_l2: 0.0000
            Episode_Reward/survive: 0.0000
    Episode_Reward/foot_contacts_z: 0.0000
            Episode_Reward/torques: -0.1910
 Episode_Reward/tracking_lin_vel_y: 0.0000
          Episode_Reward/lin_vel_z: -0.0021
         Episode_Reward/ang_vel_xy: -0.0038
   Episode_Reward/tracking_ang_vel: 0.0407
               Episode_Reward/work: -0.1347
            Episode_Reward/dof_acc: -0.2832
        Episode_Reward/action_rate: -0.0225
     Episode_Reward/dof_pos_limits: -0.0002
      Episode_Reward/delta_torques: -0.0003
          Episode_Reward/collision: -6.2586
        Episode_Reward/walking_dof: 0.0844
            Episode_Reward/hip_pos: -0.0522
          Episode_Reward/feet_jerk: 0.0000
              Episode_Reward/alive: 0.3000
          Episode_Reward/feet_drag: -0.0076
Episode_Reward/feet_contact_forces: -0.1968
               Episode_Reward/roll: -0.0253
        Episode_Reward/base_height: -0.2239
Episode_Reward/tracking_lin_vel_max: 0.1208
Episode_Reward/flat_orientation_l2: -0.0069
  Episode_Reward/air_time_variance: -0.0006
        Episode_Reward/feet_height: 0.0000
      Episode_Reward/feet_air_time: -0.0000
Episode_Reward/update_last_buffers: 0.0000
   Episode_Reward/wheel_idle_speed: -0.4052
    Episode_Reward/wheel_action_l2: -0.0000
  Episode_Reward/wheel_action_rate: 0.0000
  Episode_Reward/wheel_forward_use: 0.0254
 Episode_Reward/wheel_turn_support: 0.0243
   Metrics/locomotion/error_vel_xy: 0.4345
  Metrics/locomotion/error_vel_yaw: 0.5947
      Episode_Termination/time_out: 1.0000
   Episode_Termination/bad_contact: 0.0000
          Episode_Termination/tilt: 0.0000
    Episode_Termination/low_height: 0.0000
--------------------------------------------------------------------------------
                   Total timesteps: 196608
                    Iteration time: 3.22s
                      Time elapsed: 00:03:27
                               ETA: 00:00:55

################################################################################
                     [1m Learning iteration 1186/1202 [0m                     

                       Computation: 960 steps/s (collection: 3.126s, learning 0.072s)
             Mean action noise std: 0.05
          Mean value_function loss: 0.5390
               Mean surrogate loss: -0.0004
                 Mean entropy loss: -25.2287
                       Mean reward: -66.96
               Mean episode length: 300.00
   Episode_Reward/term_bad_contact: 0.0000
          Episode_Reward/term_tilt: 0.0000
    Episode_Reward/term_low_height: 0.0000
      Episode_Reward/leg_action_l2: -0.0428
   Episode_Reward/tracking_lin_vel: 0.0000
Episode_Reward/tracking_lin_vel_x_exp: 0.3126
Episode_Reward/tracking_ang_vel_yaw_l1: 0.0000
Episode_Reward/tracking_ang_vel_yaw_exp: 0.3000
Episode_Reward/tracking_lin_vel_y_l2: 0.0000
Episode_Reward/tracking_lin_vel_z_l2: 0.0000
            Episode_Reward/survive: 0.0000
    Episode_Reward/foot_contacts_z: 0.0000
            Episode_Reward/torques: -0.1914
 Episode_Reward/tracking_lin_vel_y: 0.0000
          Episode_Reward/lin_vel_z: -0.0019
         Episode_Reward/ang_vel_xy: -0.0033
   Episode_Reward/tracking_ang_vel: 0.0465
               Episode_Reward/work: -0.1157
            Episode_Reward/dof_acc: -0.2471
        Episode_Reward/action_rate: -0.0219
     Episode_Reward/dof_pos_limits: -0.0002
      Episode_Reward/delta_torques: -0.0003
          Episode_Reward/collision: -6.1851
        Episode_Reward/walking_dof: 0.0943
            Episode_Reward/hip_pos: -0.0536
          Episode_Reward/feet_jerk: 0.0000
              Episode_Reward/alive: 0.3000
          Episode_Reward/feet_drag: -0.0078
Episode_Reward/feet_contact_forces: -0.1969
               Episode_Reward/roll: -0.0215
        Episode_Reward/base_height: -0.2417
Episode_Reward/tracking_lin_vel_max: 0.1375
Episode_Reward/flat_orientation_l2: -0.0060
  Episode_Reward/air_time_variance: -0.0014
        Episode_Reward/feet_height: 0.0000
      Episode_Reward/feet_air_time: -0.0000
Episode_Reward/update_last_buffers: 0.0000
   Episode_Reward/wheel_idle_speed: -0.1815
    Episode_Reward/wheel_action_l2: -0.0000
  Episode_Reward/wheel_action_rate: 0.0000
  Episode_Reward/wheel_forward_use: 0.0374
 Episode_Reward/wheel_turn_support: 0.0144
   Metrics/locomotion/error_vel_xy: 0.4327
  Metrics/locomotion/error_vel_yaw: 0.5248
      Episode_Termination/time_out: 1.0000
   Episode_Termination/bad_contact: 0.0000
          Episode_Termination/tilt: 0.0000
    Episode_Termination/low_height: 0.0000
--------------------------------------------------------------------------------
                   Total timesteps: 199680
                    Iteration time: 3.20s
                      Time elapsed: 00:03:30
                               ETA: 00:00:51

################################################################################
                     [1m Learning iteration 1187/1202 [0m                     

                       Computation: 972 steps/s (collection: 3.086s, learning 0.074s)
             Mean action noise std: 0.05
          Mean value_function loss: 1.3115
               Mean surrogate loss: -0.0014
                 Mean entropy loss: -25.2287
                       Mean reward: -66.61
               Mean episode length: 300.00
   Episode_Reward/term_bad_contact: 0.0000
          Episode_Reward/term_tilt: 0.0000
    Episode_Reward/term_low_height: 0.0000
      Episode_Reward/leg_action_l2: -0.0462
   Episode_Reward/tracking_lin_vel: 0.0000
Episode_Reward/tracking_lin_vel_x_exp: 0.3622
Episode_Reward/tracking_ang_vel_yaw_l1: 0.0000
Episode_Reward/tracking_ang_vel_yaw_exp: 0.2893
Episode_Reward/tracking_lin_vel_y_l2: 0.0000
Episode_Reward/tracking_lin_vel_z_l2: 0.0000
            Episode_Reward/survive: 0.0000
    Episode_Reward/foot_contacts_z: 0.0000
            Episode_Reward/torques: -0.1991
 Episode_Reward/tracking_lin_vel_y: 0.0000
          Episode_Reward/lin_vel_z: -0.0022
         Episode_Reward/ang_vel_xy: -0.0039
   Episode_Reward/tracking_ang_vel: 0.0439
               Episode_Reward/work: -0.1256
            Episode_Reward/dof_acc: -0.3584
        Episode_Reward/action_rate: -0.0236
     Episode_Reward/dof_pos_limits: -0.0003
      Episode_Reward/delta_torques: -0.0003
          Episode_Reward/collision: -6.0692
        Episode_Reward/walking_dof: 0.0760
            Episode_Reward/hip_pos: -0.0536
          Episode_Reward/feet_jerk: 0.0000
              Episode_Reward/alive: 0.3000
          Episode_Reward/feet_drag: -0.0081
Episode_Reward/feet_contact_forces: -0.1968
               Episode_Reward/roll: -0.0274
        Episode_Reward/base_height: -0.2450
Episode_Reward/tracking_lin_vel_max: 0.1184
Episode_Reward/flat_orientation_l2: -0.0076
  Episode_Reward/air_time_variance: -0.0015
        Episode_Reward/feet_height: 0.0000
      Episode_Reward/feet_air_time: -0.0000
Episode_Reward/update_last_buffers: 0.0000
   Episode_Reward/wheel_idle_speed: -0.7268
    Episode_Reward/wheel_action_l2: -0.0000
  Episode_Reward/wheel_action_rate: 0.0000
  Episode_Reward/wheel_forward_use: 0.0257
 Episode_Reward/wheel_turn_support: 0.0202
   Metrics/locomotion/error_vel_xy: 0.4247
  Metrics/locomotion/error_vel_yaw: 0.5472
      Episode_Termination/time_out: 1.0000
   Episode_Termination/bad_contact: 0.0000
          Episode_Termination/tilt: 0.0000
    Episode_Termination/low_height: 0.0000
--------------------------------------------------------------------------------
                   Total timesteps: 202752
                    Iteration time: 3.16s
                      Time elapsed: 00:03:33
                               ETA: 00:00:48

################################################################################
                     [1m Learning iteration 1188/1202 [0m                     

                       Computation: 974 steps/s (collection: 3.076s, learning 0.077s)
             Mean action noise std: 0.05
          Mean value_function loss: 0.5361
               Mean surrogate loss: -0.0016
                 Mean entropy loss: -25.2287
                       Mean reward: -66.84
               Mean episode length: 300.00
   Episode_Reward/term_bad_contact: 0.0000
          Episode_Reward/term_tilt: 0.0000
    Episode_Reward/term_low_height: 0.0000
      Episode_Reward/leg_action_l2: -0.0494
   Episode_Reward/tracking_lin_vel: 0.0000
Episode_Reward/tracking_lin_vel_x_exp: 0.3159
Episode_Reward/tracking_ang_vel_yaw_l1: 0.0000
Episode_Reward/tracking_ang_vel_yaw_exp: 0.1816
Episode_Reward/tracking_lin_vel_y_l2: 0.0000
Episode_Reward/tracking_lin_vel_z_l2: 0.0000
            Episode_Reward/survive: 0.0000
    Episode_Reward/foot_contacts_z: 0.0000
            Episode_Reward/torques: -0.2029
 Episode_Reward/tracking_lin_vel_y: 0.0000
          Episode_Reward/lin_vel_z: -0.0021
         Episode_Reward/ang_vel_xy: -0.0039
   Episode_Reward/tracking_ang_vel: 0.0349
               Episode_Reward/work: -0.1688
            Episode_Reward/dof_acc: -0.4992
        Episode_Reward/action_rate: -0.0252
     Episode_Reward/dof_pos_limits: -0.0002
      Episode_Reward/delta_torques: -0.0003
          Episode_Reward/collision: -6.2838
        Episode_Reward/walking_dof: 0.0718
            Episode_Reward/hip_pos: -0.0540
          Episode_Reward/feet_jerk: 0.0000
              Episode_Reward/alive: 0.3000
          Episode_Reward/feet_drag: -0.0077
Episode_Reward/feet_contact_forces: -0.1968
               Episode_Reward/roll: -0.0187
        Episode_Reward/base_height: -0.2200
Episode_Reward/tracking_lin_vel_max: 0.1335
Episode_Reward/flat_orientation_l2: -0.0062
  Episode_Reward/air_time_variance: -0.0027
        Episode_Reward/feet_height: 0.0000
      Episode_Reward/feet_air_time: -0.0000
Episode_Reward/update_last_buffers: 0.0000
   Episode_Reward/wheel_idle_speed: -1.1804
    Episode_Reward/wheel_action_l2: -0.0000
  Episode_Reward/wheel_action_rate: 0.0000
  Episode_Reward/wheel_forward_use: 0.0120
 Episode_Reward/wheel_turn_support: 0.0315
   Metrics/locomotion/error_vel_xy: 0.4583
  Metrics/locomotion/error_vel_yaw: 0.6956
      Episode_Termination/time_out: 1.0000
   Episode_Termination/bad_contact: 0.0000
          Episode_Termination/tilt: 0.0000
    Episode_Termination/low_height: 0.0000
--------------------------------------------------------------------------------
                   Total timesteps: 205824
                    Iteration time: 3.15s
                      Time elapsed: 00:03:36
                               ETA: 00:00:45

################################################################################
                     [1m Learning iteration 1189/1202 [0m                     

                       Computation: 985 steps/s (collection: 3.044s, learning 0.073s)
             Mean action noise std: 0.05
          Mean value_function loss: 0.1437
               Mean surrogate loss: -0.0014
                 Mean entropy loss: -25.2287
                       Mean reward: -66.93
               Mean episode length: 300.00
   Episode_Reward/term_bad_contact: 0.0000
          Episode_Reward/term_tilt: 0.0000
    Episode_Reward/term_low_height: 0.0000
      Episode_Reward/leg_action_l2: -0.0416
   Episode_Reward/tracking_lin_vel: 0.0000
Episode_Reward/tracking_lin_vel_x_exp: 0.3241
Episode_Reward/tracking_ang_vel_yaw_l1: 0.0000
Episode_Reward/tracking_ang_vel_yaw_exp: 0.2070
Episode_Reward/tracking_lin_vel_y_l2: 0.0000
Episode_Reward/tracking_lin_vel_z_l2: 0.0000
            Episode_Reward/survive: 0.0000
    Episode_Reward/foot_contacts_z: 0.0000
            Episode_Reward/torques: -0.1722
 Episode_Reward/tracking_lin_vel_y: 0.0000
          Episode_Reward/lin_vel_z: -0.0018
         Episode_Reward/ang_vel_xy: -0.0039
   Episode_Reward/tracking_ang_vel: 0.0333
               Episode_Reward/work: -0.1852
            Episode_Reward/dof_acc: -0.6256
        Episode_Reward/action_rate: -0.0211
     Episode_Reward/dof_pos_limits: -0.0004
      Episode_Reward/delta_torques: -0.0002
          Episode_Reward/collision: -5.9500
        Episode_Reward/walking_dof: 0.0704
            Episode_Reward/hip_pos: -0.0516
          Episode_Reward/feet_jerk: 0.0000
              Episode_Reward/alive: 0.3000
          Episode_Reward/feet_drag: -0.0081
Episode_Reward/feet_contact_forces: -0.1975
               Episode_Reward/roll: -0.0379
        Episode_Reward/base_height: -0.2385
Episode_Reward/tracking_lin_vel_max: 0.1196
Episode_Reward/flat_orientation_l2: -0.0097
  Episode_Reward/air_time_variance: -0.0003
        Episode_Reward/feet_height: 0.0000
      Episode_Reward/feet_air_time: -0.0000
Episode_Reward/update_last_buffers: 0.0000
   Episode_Reward/wheel_idle_speed: -1.5436
    Episode_Reward/wheel_action_l2: -0.0000
  Episode_Reward/wheel_action_rate: 0.0000
  Episode_Reward/wheel_forward_use: 0.0000
 Episode_Reward/wheel_turn_support: 0.0315
   Metrics/locomotion/error_vel_xy: 0.4751
  Metrics/locomotion/error_vel_yaw: 0.6927
      Episode_Termination/time_out: 1.0000
   Episode_Termination/bad_contact: 0.0000
          Episode_Termination/tilt: 0.0000
    Episode_Termination/low_height: 0.0000
--------------------------------------------------------------------------------
                   Total timesteps: 208896
                    Iteration time: 3.12s
                      Time elapsed: 00:03:39
                               ETA: 00:00:42

################################################################################
                     [1m Learning iteration 1190/1202 [0m                     

                       Computation: 983 steps/s (collection: 3.050s, learning 0.072s)
             Mean action noise std: 0.05
          Mean value_function loss: 0.3162
               Mean surrogate loss: -0.0035
                 Mean entropy loss: -25.2287
                       Mean reward: -67.02
               Mean episode length: 300.00
   Episode_Reward/term_bad_contact: 0.0000
          Episode_Reward/term_tilt: 0.0000
    Episode_Reward/term_low_height: 0.0000
      Episode_Reward/leg_action_l2: -0.0444
   Episode_Reward/tracking_lin_vel: 0.0000
Episode_Reward/tracking_lin_vel_x_exp: 0.3525
Episode_Reward/tracking_ang_vel_yaw_l1: 0.0000
Episode_Reward/tracking_ang_vel_yaw_exp: 0.2604
Episode_Reward/tracking_lin_vel_y_l2: 0.0000
Episode_Reward/tracking_lin_vel_z_l2: 0.0000
            Episode_Reward/survive: 0.0000
    Episode_Reward/foot_contacts_z: 0.0000
            Episode_Reward/torques: -0.1853
 Episode_Reward/tracking_lin_vel_y: 0.0000
          Episode_Reward/lin_vel_z: -0.0022
         Episode_Reward/ang_vel_xy: -0.0036
   Episode_Reward/tracking_ang_vel: 0.0445
               Episode_Reward/work: -0.1257
            Episode_Reward/dof_acc: -0.2914
        Episode_Reward/action_rate: -0.0225
     Episode_Reward/dof_pos_limits: -0.0003
      Episode_Reward/delta_torques: -0.0003
          Episode_Reward/collision: -6.0952
        Episode_Reward/walking_dof: 0.0722
            Episode_Reward/hip_pos: -0.0536
          Episode_Reward/feet_jerk: 0.0000
              Episode_Reward/alive: 0.3000
          Episode_Reward/feet_drag: -0.0075
Episode_Reward/feet_contact_forces: -0.1976
               Episode_Reward/roll: -0.0293
        Episode_Reward/base_height: -0.2262
Episode_Reward/tracking_lin_vel_max: 0.1197
Episode_Reward/flat_orientation_l2: -0.0081
  Episode_Reward/air_time_variance: -0.0010
        Episode_Reward/feet_height: 0.0000
      Episode_Reward/feet_air_time: -0.0000
Episode_Reward/update_last_buffers: 0.0000
   Episode_Reward/wheel_idle_speed: -0.3631
    Episode_Reward/wheel_action_l2: -0.0000
  Episode_Reward/wheel_action_rate: 0.0000
  Episode_Reward/wheel_forward_use: 0.0264
 Episode_Reward/wheel_turn_support: 0.0158
   Metrics/locomotion/error_vel_xy: 0.3812
  Metrics/locomotion/error_vel_yaw: 0.5488
      Episode_Termination/time_out: 1.0000
   Episode_Termination/bad_contact: 0.0000
          Episode_Termination/tilt: 0.0000
    Episode_Termination/low_height: 0.0000
--------------------------------------------------------------------------------
                   Total timesteps: 211968
                    Iteration time: 3.12s
                      Time elapsed: 00:03:42
                               ETA: 00:00:38

################################################################################
                     [1m Learning iteration 1191/1202 [0m                     

                       Computation: 1003 steps/s (collection: 2.990s, learning 0.072s)
             Mean action noise std: 0.05
          Mean value_function loss: 0.2525
               Mean surrogate loss: -0.0040
                 Mean entropy loss: -25.2287
                       Mean reward: -66.83
               Mean episode length: 300.00
   Episode_Reward/term_bad_contact: 0.0000
          Episode_Reward/term_tilt: 0.0000
    Episode_Reward/term_low_height: 0.0000
      Episode_Reward/leg_action_l2: -0.0448
   Episode_Reward/tracking_lin_vel: 0.0000
Episode_Reward/tracking_lin_vel_x_exp: 0.3775
Episode_Reward/tracking_ang_vel_yaw_l1: 0.0000
Episode_Reward/tracking_ang_vel_yaw_exp: 0.3060
Episode_Reward/tracking_lin_vel_y_l2: 0.0000
Episode_Reward/tracking_lin_vel_z_l2: 0.0000
            Episode_Reward/survive: 0.0000
    Episode_Reward/foot_contacts_z: 0.0000
            Episode_Reward/torques: -0.1883
 Episode_Reward/tracking_lin_vel_y: 0.0000
          Episode_Reward/lin_vel_z: -0.0021
         Episode_Reward/ang_vel_xy: -0.0035
   Episode_Reward/tracking_ang_vel: 0.0494
               Episode_Reward/work: -0.1122
            Episode_Reward/dof_acc: -0.2573
        Episode_Reward/action_rate: -0.0225
     Episode_Reward/dof_pos_limits: -0.0003
      Episode_Reward/delta_torques: -0.0003
          Episode_Reward/collision: -6.1000
        Episode_Reward/walking_dof: 0.0780
            Episode_Reward/hip_pos: -0.0528
          Episode_Reward/feet_jerk: 0.0000
              Episode_Reward/alive: 0.3000
          Episode_Reward/feet_drag: -0.0078
Episode_Reward/feet_contact_forces: -0.1973
               Episode_Reward/roll: -0.0325
        Episode_Reward/base_height: -0.2244
Episode_Reward/tracking_lin_vel_max: 0.1233
Episode_Reward/flat_orientation_l2: -0.0092
  Episode_Reward/air_time_variance: -0.0005
        Episode_Reward/feet_height: 0.0000
      Episode_Reward/feet_air_time: -0.0000
Episode_Reward/update_last_buffers: 0.0000
   Episode_Reward/wheel_idle_speed: -0.3987
    Episode_Reward/wheel_action_l2: -0.0000
  Episode_Reward/wheel_action_rate: 0.0000
  Episode_Reward/wheel_forward_use: 0.0262
 Episode_Reward/wheel_turn_support: 0.0088
   Metrics/locomotion/error_vel_xy: 0.4397
  Metrics/locomotion/error_vel_yaw: 0.4786
      Episode_Termination/time_out: 1.0000
   Episode_Termination/bad_contact: 0.0000
          Episode_Termination/tilt: 0.0000
    Episode_Termination/low_height: 0.0000
--------------------------------------------------------------------------------
                   Total timesteps: 215040
                    Iteration time: 3.06s
                      Time elapsed: 00:03:45
                               ETA: 00:00:35

################################################################################
                     [1m Learning iteration 1192/1202 [0m                     

                       Computation: 1016 steps/s (collection: 2.950s, learning 0.071s)
             Mean action noise std: 0.05
          Mean value_function loss: 0.3566
               Mean surrogate loss: -0.0020
                 Mean entropy loss: -25.2287
                       Mean reward: -67.02
               Mean episode length: 300.00
   Episode_Reward/term_bad_contact: 0.0000
          Episode_Reward/term_tilt: 0.0000
    Episode_Reward/term_low_height: 0.0000
      Episode_Reward/leg_action_l2: -0.0452
   Episode_Reward/tracking_lin_vel: 0.0000
Episode_Reward/tracking_lin_vel_x_exp: 0.4310
Episode_Reward/tracking_ang_vel_yaw_l1: 0.0000
Episode_Reward/tracking_ang_vel_yaw_exp: 0.3287
Episode_Reward/tracking_lin_vel_y_l2: 0.0000
Episode_Reward/tracking_lin_vel_z_l2: 0.0000
            Episode_Reward/survive: 0.0000
    Episode_Reward/foot_contacts_z: 0.0000
            Episode_Reward/torques: -0.1910
 Episode_Reward/tracking_lin_vel_y: 0.0000
          Episode_Reward/lin_vel_z: -0.0020
         Episode_Reward/ang_vel_xy: -0.0037
   Episode_Reward/tracking_ang_vel: 0.0486
               Episode_Reward/work: -0.1209
            Episode_Reward/dof_acc: -0.2956
        Episode_Reward/action_rate: -0.0228
     Episode_Reward/dof_pos_limits: -0.0003
      Episode_Reward/delta_torques: -0.0003
          Episode_Reward/collision: -6.2238
        Episode_Reward/walking_dof: 0.0508
            Episode_Reward/hip_pos: -0.0523
          Episode_Reward/feet_jerk: 0.0000
              Episode_Reward/alive: 0.3000
          Episode_Reward/feet_drag: -0.0081
Episode_Reward/feet_contact_forces: -0.1971
               Episode_Reward/roll: -0.0220
        Episode_Reward/base_height: -0.2112
Episode_Reward/tracking_lin_vel_max: 0.1825
Episode_Reward/flat_orientation_l2: -0.0074
  Episode_Reward/air_time_variance: -0.0010
        Episode_Reward/feet_height: 0.0000
      Episode_Reward/feet_air_time: -0.0000
Episode_Reward/update_last_buffers: 0.0000
   Episode_Reward/wheel_idle_speed: -0.7110
    Episode_Reward/wheel_action_l2: -0.0000
  Episode_Reward/wheel_action_rate: 0.0000
  Episode_Reward/wheel_forward_use: 0.0271
 Episode_Reward/wheel_turn_support: 0.0241
   Metrics/locomotion/error_vel_xy: 0.3293
  Metrics/locomotion/error_vel_yaw: 0.4782
      Episode_Termination/time_out: 1.0000
   Episode_Termination/bad_contact: 0.0000
          Episode_Termination/tilt: 0.0000
    Episode_Termination/low_height: 0.0000
--------------------------------------------------------------------------------
                   Total timesteps: 218112
                    Iteration time: 3.02s
                      Time elapsed: 00:03:48
                               ETA: 00:00:32

################################################################################
                     [1m Learning iteration 1193/1202 [0m                     

                       Computation: 1010 steps/s (collection: 2.971s, learning 0.070s)
             Mean action noise std: 0.05
          Mean value_function loss: 0.2515
               Mean surrogate loss: -0.0014
                 Mean entropy loss: -25.2287
                       Mean reward: -67.09
               Mean episode length: 300.00
   Episode_Reward/term_bad_contact: 0.0000
          Episode_Reward/term_tilt: 0.0000
    Episode_Reward/term_low_height: 0.0000
      Episode_Reward/leg_action_l2: -0.0485
   Episode_Reward/tracking_lin_vel: 0.0000
Episode_Reward/tracking_lin_vel_x_exp: 0.3357
Episode_Reward/tracking_ang_vel_yaw_l1: 0.0000
Episode_Reward/tracking_ang_vel_yaw_exp: 0.2253
Episode_Reward/tracking_lin_vel_y_l2: 0.0000
Episode_Reward/tracking_lin_vel_z_l2: 0.0000
            Episode_Reward/survive: 0.0000
    Episode_Reward/foot_contacts_z: 0.0000
            Episode_Reward/torques: -0.1998
 Episode_Reward/tracking_lin_vel_y: 0.0000
          Episode_Reward/lin_vel_z: -0.0020
         Episode_Reward/ang_vel_xy: -0.0032
   Episode_Reward/tracking_ang_vel: 0.0393
               Episode_Reward/work: -0.0872
            Episode_Reward/dof_acc: -0.2036
        Episode_Reward/action_rate: -0.0245
     Episode_Reward/dof_pos_limits: -0.0003
      Episode_Reward/delta_torques: -0.0003
          Episode_Reward/collision: -6.7879
        Episode_Reward/walking_dof: 0.0717
            Episode_Reward/hip_pos: -0.0537
          Episode_Reward/feet_jerk: 0.0000
              Episode_Reward/alive: 0.3000
          Episode_Reward/feet_drag: -0.0083
Episode_Reward/feet_contact_forces: -0.1969
               Episode_Reward/roll: -0.0163
        Episode_Reward/base_height: -0.2245
Episode_Reward/tracking_lin_vel_max: 0.1745
Episode_Reward/flat_orientation_l2: -0.0059
  Episode_Reward/air_time_variance: -0.0004
        Episode_Reward/feet_height: 0.0000
      Episode_Reward/feet_air_time: -0.0000
Episode_Reward/update_last_buffers: 0.0000
   Episode_Reward/wheel_idle_speed: -0.1198
    Episode_Reward/wheel_action_l2: -0.0000
  Episode_Reward/wheel_action_rate: 0.0000
  Episode_Reward/wheel_forward_use: 0.0170
 Episode_Reward/wheel_turn_support: 0.0220
   Metrics/locomotion/error_vel_xy: 0.3847
  Metrics/locomotion/error_vel_yaw: 0.6366
      Episode_Termination/time_out: 1.0000
   Episode_Termination/bad_contact: 0.0000
          Episode_Termination/tilt: 0.0000
    Episode_Termination/low_height: 0.0000
--------------------------------------------------------------------------------
                   Total timesteps: 221184
                    Iteration time: 3.04s
                      Time elapsed: 00:03:51
                               ETA: 00:00:28

################################################################################
                     [1m Learning iteration 1194/1202 [0m                     

                       Computation: 1017 steps/s (collection: 2.948s, learning 0.070s)
             Mean action noise std: 0.05
          Mean value_function loss: 0.1440
               Mean surrogate loss: -0.0018
                 Mean entropy loss: -25.2287
                       Mean reward: -67.21
               Mean episode length: 300.00
   Episode_Reward/term_bad_contact: 0.0000
          Episode_Reward/term_tilt: 0.0000
    Episode_Reward/term_low_height: 0.0000
      Episode_Reward/leg_action_l2: -0.0470
   Episode_Reward/tracking_lin_vel: 0.0000
Episode_Reward/tracking_lin_vel_x_exp: 0.2945
Episode_Reward/tracking_ang_vel_yaw_l1: 0.0000
Episode_Reward/tracking_ang_vel_yaw_exp: 0.2993
Episode_Reward/tracking_lin_vel_y_l2: 0.0000
Episode_Reward/tracking_lin_vel_z_l2: 0.0000
            Episode_Reward/survive: 0.0000
    Episode_Reward/foot_contacts_z: 0.0000
            Episode_Reward/torques: -0.1909
 Episode_Reward/tracking_lin_vel_y: 0.0000
          Episode_Reward/lin_vel_z: -0.0026
         Episode_Reward/ang_vel_xy: -0.0037
   Episode_Reward/tracking_ang_vel: 0.0434
               Episode_Reward/work: -0.1250
            Episode_Reward/dof_acc: -0.1932
        Episode_Reward/action_rate: -0.0233
     Episode_Reward/dof_pos_limits: -0.0002
      Episode_Reward/delta_torques: -0.0003
          Episode_Reward/collision: -6.2936
        Episode_Reward/walking_dof: 0.1031
            Episode_Reward/hip_pos: -0.0539
          Episode_Reward/feet_jerk: 0.0000
              Episode_Reward/alive: 0.3000
          Episode_Reward/feet_drag: -0.0074
Episode_Reward/feet_contact_forces: -0.1973
               Episode_Reward/roll: -0.0192
        Episode_Reward/base_height: -0.2057
Episode_Reward/tracking_lin_vel_max: 0.0423
Episode_Reward/flat_orientation_l2: -0.0066
  Episode_Reward/air_time_variance: -0.0002
        Episode_Reward/feet_height: 0.0000
      Episode_Reward/feet_air_time: -0.0000
Episode_Reward/update_last_buffers: 0.0000
   Episode_Reward/wheel_idle_speed: -0.2453
    Episode_Reward/wheel_action_l2: -0.0000
  Episode_Reward/wheel_action_rate: 0.0000
  Episode_Reward/wheel_forward_use: 0.0445
 Episode_Reward/wheel_turn_support: 0.0243
   Metrics/locomotion/error_vel_xy: 0.4304
  Metrics/locomotion/error_vel_yaw: 0.5404
      Episode_Termination/time_out: 1.0000
   Episode_Termination/bad_contact: 0.0000
          Episode_Termination/tilt: 0.0000
    Episode_Termination/low_height: 0.0000
--------------------------------------------------------------------------------
                   Total timesteps: 224256
                    Iteration time: 3.02s
                      Time elapsed: 00:03:55
                               ETA: 00:00:25

################################################################################
                     [1m Learning iteration 1195/1202 [0m                     

                       Computation: 1015 steps/s (collection: 2.956s, learning 0.069s)
             Mean action noise std: 0.05
          Mean value_function loss: 0.9780
               Mean surrogate loss: -0.0017
                 Mean entropy loss: -25.2287
                       Mean reward: -67.07
               Mean episode length: 300.00
   Episode_Reward/term_bad_contact: 0.0000
          Episode_Reward/term_tilt: 0.0000
    Episode_Reward/term_low_height: 0.0000
      Episode_Reward/leg_action_l2: -0.0443
   Episode_Reward/tracking_lin_vel: 0.0000
Episode_Reward/tracking_lin_vel_x_exp: 0.3923
Episode_Reward/tracking_ang_vel_yaw_l1: 0.0000
Episode_Reward/tracking_ang_vel_yaw_exp: 0.2430
Episode_Reward/tracking_lin_vel_y_l2: 0.0000
Episode_Reward/tracking_lin_vel_z_l2: 0.0000
            Episode_Reward/survive: 0.0000
    Episode_Reward/foot_contacts_z: 0.0000
            Episode_Reward/torques: -0.1986
 Episode_Reward/tracking_lin_vel_y: 0.0000
          Episode_Reward/lin_vel_z: -0.0021
         Episode_Reward/ang_vel_xy: -0.0036
   Episode_Reward/tracking_ang_vel: 0.0389
               Episode_Reward/work: -0.1244
            Episode_Reward/dof_acc: -0.2914
        Episode_Reward/action_rate: -0.0220
     Episode_Reward/dof_pos_limits: -0.0003
      Episode_Reward/delta_torques: -0.0003
          Episode_Reward/collision: -6.5042
        Episode_Reward/walking_dof: 0.0717
            Episode_Reward/hip_pos: -0.0525
          Episode_Reward/feet_jerk: 0.0000
              Episode_Reward/alive: 0.3000
          Episode_Reward/feet_drag: -0.0077
Episode_Reward/feet_contact_forces: -0.1973
               Episode_Reward/roll: -0.0243
        Episode_Reward/base_height: -0.2199
Episode_Reward/tracking_lin_vel_max: 0.1788
Episode_Reward/flat_orientation_l2: -0.0074
  Episode_Reward/air_time_variance: -0.0003
        Episode_Reward/feet_height: 0.0000
      Episode_Reward/feet_air_time: -0.0000
Episode_Reward/update_last_buffers: 0.0000
   Episode_Reward/wheel_idle_speed: -0.3768
    Episode_Reward/wheel_action_l2: -0.0000
  Episode_Reward/wheel_action_rate: 0.0000
  Episode_Reward/wheel_forward_use: 0.0178
 Episode_Reward/wheel_turn_support: 0.0241
   Metrics/locomotion/error_vel_xy: 0.3477
  Metrics/locomotion/error_vel_yaw: 0.6302
      Episode_Termination/time_out: 1.0000
   Episode_Termination/bad_contact: 0.0000
          Episode_Termination/tilt: 0.0000
    Episode_Termination/low_height: 0.0000
--------------------------------------------------------------------------------
                   Total timesteps: 227328
                    Iteration time: 3.02s
                      Time elapsed: 00:03:58
                               ETA: 00:00:22

################################################################################
                     [1m Learning iteration 1196/1202 [0m                     

                       Computation: 1042 steps/s (collection: 2.878s, learning 0.069s)
             Mean action noise std: 0.05
          Mean value_function loss: 0.4635
               Mean surrogate loss: -0.0021
                 Mean entropy loss: -25.2287
                       Mean reward: -66.81
               Mean episode length: 300.00
   Episode_Reward/term_bad_contact: 0.0000
          Episode_Reward/term_tilt: 0.0000
    Episode_Reward/term_low_height: 0.0000
      Episode_Reward/leg_action_l2: -0.0431
   Episode_Reward/tracking_lin_vel: 0.0000
Episode_Reward/tracking_lin_vel_x_exp: 0.4913
Episode_Reward/tracking_ang_vel_yaw_l1: 0.0000
Episode_Reward/tracking_ang_vel_yaw_exp: 0.2081
Episode_Reward/tracking_lin_vel_y_l2: 0.0000
Episode_Reward/tracking_lin_vel_z_l2: 0.0000
            Episode_Reward/survive: 0.0000
    Episode_Reward/foot_contacts_z: 0.0000
            Episode_Reward/torques: -0.1859
 Episode_Reward/tracking_lin_vel_y: 0.0000
          Episode_Reward/lin_vel_z: -0.0020
         Episode_Reward/ang_vel_xy: -0.0038
   Episode_Reward/tracking_ang_vel: 0.0395
               Episode_Reward/work: -0.1161
            Episode_Reward/dof_acc: -0.2363
        Episode_Reward/action_rate: -0.0211
     Episode_Reward/dof_pos_limits: -0.0003
      Episode_Reward/delta_torques: -0.0003
          Episode_Reward/collision: -6.1017
        Episode_Reward/walking_dof: 0.0515
            Episode_Reward/hip_pos: -0.0535
          Episode_Reward/feet_jerk: 0.0000
              Episode_Reward/alive: 0.3000
          Episode_Reward/feet_drag: -0.0076
Episode_Reward/feet_contact_forces: -0.1970
               Episode_Reward/roll: -0.0289
        Episode_Reward/base_height: -0.2299
Episode_Reward/tracking_lin_vel_max: 0.1799
Episode_Reward/flat_orientation_l2: -0.0081
  Episode_Reward/air_time_variance: -0.0001
        Episode_Reward/feet_height: 0.0000
      Episode_Reward/feet_air_time: -0.0000
Episode_Reward/update_last_buffers: 0.0000
   Episode_Reward/wheel_idle_speed: -0.5582
    Episode_Reward/wheel_action_l2: -0.0000
  Episode_Reward/wheel_action_rate: 0.0000
  Episode_Reward/wheel_forward_use: 0.0147
 Episode_Reward/wheel_turn_support: 0.0220
   Metrics/locomotion/error_vel_xy: 0.3251
  Metrics/locomotion/error_vel_yaw: 0.6168
      Episode_Termination/time_out: 1.0000
   Episode_Termination/bad_contact: 0.0000
          Episode_Termination/tilt: 0.0000
    Episode_Termination/low_height: 0.0000
--------------------------------------------------------------------------------
                   Total timesteps: 230400
                    Iteration time: 2.95s
                      Time elapsed: 00:04:00
                               ETA: 00:00:19

################################################################################
                     [1m Learning iteration 1197/1202 [0m                     

                       Computation: 1012 steps/s (collection: 2.966s, learning 0.068s)
             Mean action noise std: 0.05
          Mean value_function loss: 0.7211
               Mean surrogate loss: -0.0033
                 Mean entropy loss: -25.2287
                       Mean reward: -66.88
               Mean episode length: 300.00
   Episode_Reward/term_bad_contact: 0.0000
          Episode_Reward/term_tilt: 0.0000
    Episode_Reward/term_low_height: 0.0000
      Episode_Reward/leg_action_l2: -0.0437
   Episode_Reward/tracking_lin_vel: 0.0000
Episode_Reward/tracking_lin_vel_x_exp: 0.3256
Episode_Reward/tracking_ang_vel_yaw_l1: 0.0000
Episode_Reward/tracking_ang_vel_yaw_exp: 0.2601
Episode_Reward/tracking_lin_vel_y_l2: 0.0000
Episode_Reward/tracking_lin_vel_z_l2: 0.0000
            Episode_Reward/survive: 0.0000
    Episode_Reward/foot_contacts_z: 0.0000
            Episode_Reward/torques: -0.1845
 Episode_Reward/tracking_lin_vel_y: 0.0000
          Episode_Reward/lin_vel_z: -0.0023
         Episode_Reward/ang_vel_xy: -0.0037
   Episode_Reward/tracking_ang_vel: 0.0430
               Episode_Reward/work: -0.1358
            Episode_Reward/dof_acc: -0.3438
        Episode_Reward/action_rate: -0.0218
     Episode_Reward/dof_pos_limits: -0.0003
      Episode_Reward/delta_torques: -0.0002
          Episode_Reward/collision: -6.0657
        Episode_Reward/walking_dof: 0.0820
            Episode_Reward/hip_pos: -0.0537
          Episode_Reward/feet_jerk: 0.0000
              Episode_Reward/alive: 0.3000
          Episode_Reward/feet_drag: -0.0079
Episode_Reward/feet_contact_forces: -0.1973
               Episode_Reward/roll: -0.0261
        Episode_Reward/base_height: -0.2296
Episode_Reward/tracking_lin_vel_max: 0.1050
Episode_Reward/flat_orientation_l2: -0.0076
  Episode_Reward/air_time_variance: -0.0010
        Episode_Reward/feet_height: 0.0000
      Episode_Reward/feet_air_time: -0.0000
Episode_Reward/update_last_buffers: 0.0000
   Episode_Reward/wheel_idle_speed: -0.4250
    Episode_Reward/wheel_action_l2: -0.0000
  Episode_Reward/wheel_action_rate: 0.0000
  Episode_Reward/wheel_forward_use: 0.0281
 Episode_Reward/wheel_turn_support: 0.0207
   Metrics/locomotion/error_vel_xy: 0.4327
  Metrics/locomotion/error_vel_yaw: 0.5661
      Episode_Termination/time_out: 1.0000
   Episode_Termination/bad_contact: 0.0000
          Episode_Termination/tilt: 0.0000
    Episode_Termination/low_height: 0.0000
--------------------------------------------------------------------------------
                   Total timesteps: 233472
                    Iteration time: 3.03s
                      Time elapsed: 00:04:04
                               ETA: 00:00:16

################################################################################
                     [1m Learning iteration 1198/1202 [0m                     

                       Computation: 1004 steps/s (collection: 2.989s, learning 0.068s)
             Mean action noise std: 0.05
          Mean value_function loss: 10.2746
               Mean surrogate loss: -0.0009
                 Mean entropy loss: -25.2287
                       Mean reward: -67.42
               Mean episode length: 297.72
   Episode_Reward/term_bad_contact: 0.0000
          Episode_Reward/term_tilt: -0.2083
    Episode_Reward/term_low_height: 0.0000
      Episode_Reward/leg_action_l2: -0.0436
   Episode_Reward/tracking_lin_vel: 0.0000
Episode_Reward/tracking_lin_vel_x_exp: 0.2590
Episode_Reward/tracking_ang_vel_yaw_l1: 0.0000
Episode_Reward/tracking_ang_vel_yaw_exp: 0.3092
Episode_Reward/tracking_lin_vel_y_l2: 0.0000
Episode_Reward/tracking_lin_vel_z_l2: 0.0000
            Episode_Reward/survive: 0.0000
    Episode_Reward/foot_contacts_z: 0.0000
            Episode_Reward/torques: -0.1912
 Episode_Reward/tracking_lin_vel_y: 0.0000
          Episode_Reward/lin_vel_z: -0.0021
         Episode_Reward/ang_vel_xy: -0.0037
   Episode_Reward/tracking_ang_vel: 0.0436
               Episode_Reward/work: -0.1530
            Episode_Reward/dof_acc: -0.4141
        Episode_Reward/action_rate: -0.0222
     Episode_Reward/dof_pos_limits: -0.0003
      Episode_Reward/delta_torques: -0.0003
          Episode_Reward/collision: -6.0169
        Episode_Reward/walking_dof: 0.0976
            Episode_Reward/hip_pos: -0.0521
          Episode_Reward/feet_jerk: 0.0000
              Episode_Reward/alive: 0.2952
          Episode_Reward/feet_drag: -0.0076
Episode_Reward/feet_contact_forces: -0.1937
               Episode_Reward/roll: -0.0230
        Episode_Reward/base_height: -0.2217
Episode_Reward/tracking_lin_vel_max: 0.0794
Episode_Reward/flat_orientation_l2: -0.0067
  Episode_Reward/air_time_variance: -0.0006
        Episode_Reward/feet_height: 0.0000
      Episode_Reward/feet_air_time: -0.0000
Episode_Reward/update_last_buffers: 0.0000
   Episode_Reward/wheel_idle_speed: -0.4178
    Episode_Reward/wheel_action_l2: -0.0000
  Episode_Reward/wheel_action_rate: 0.0000
  Episode_Reward/wheel_forward_use: 0.0359
 Episode_Reward/wheel_turn_support: 0.0198
   Metrics/locomotion/error_vel_xy: 0.5014
  Metrics/locomotion/error_vel_yaw: 0.5333
      Episode_Termination/time_out: 0.9948
   Episode_Termination/bad_contact: 0.0000
          Episode_Termination/tilt: 0.0052
    Episode_Termination/low_height: 0.0000
--------------------------------------------------------------------------------
                   Total timesteps: 236544
                    Iteration time: 3.06s
                      Time elapsed: 00:04:07
                               ETA: 00:00:12

################################################################################
                     [1m Learning iteration 1199/1202 [0m                     

                       Computation: 1023 steps/s (collection: 2.931s, learning 0.070s)
             Mean action noise std: 0.05
          Mean value_function loss: 0.8988
               Mean surrogate loss: -0.0011
                 Mean entropy loss: -25.2287
                       Mean reward: -67.55
               Mean episode length: 297.72
   Episode_Reward/term_bad_contact: 0.0000
          Episode_Reward/term_tilt: 0.0000
    Episode_Reward/term_low_height: 0.0000
      Episode_Reward/leg_action_l2: -0.0484
   Episode_Reward/tracking_lin_vel: 0.0000
Episode_Reward/tracking_lin_vel_x_exp: 0.2407
Episode_Reward/tracking_ang_vel_yaw_l1: 0.0000
Episode_Reward/tracking_ang_vel_yaw_exp: 0.3483
Episode_Reward/tracking_lin_vel_y_l2: 0.0000
Episode_Reward/tracking_lin_vel_z_l2: 0.0000
            Episode_Reward/survive: 0.0000
    Episode_Reward/foot_contacts_z: 0.0000
            Episode_Reward/torques: -0.1972
 Episode_Reward/tracking_lin_vel_y: 0.0000
          Episode_Reward/lin_vel_z: -0.0020
         Episode_Reward/ang_vel_xy: -0.0040
   Episode_Reward/tracking_ang_vel: 0.0450
               Episode_Reward/work: -0.1569
            Episode_Reward/dof_acc: -0.4768
        Episode_Reward/action_rate: -0.0246
     Episode_Reward/dof_pos_limits: -0.0002
      Episode_Reward/delta_torques: -0.0003
          Episode_Reward/collision: -6.3067
        Episode_Reward/walking_dof: 0.0910
            Episode_Reward/hip_pos: -0.0529
          Episode_Reward/feet_jerk: 0.0000
              Episode_Reward/alive: 0.3000
          Episode_Reward/feet_drag: -0.0079
Episode_Reward/feet_contact_forces: -0.1966
               Episode_Reward/roll: -0.0214
        Episode_Reward/base_height: -0.2185
Episode_Reward/tracking_lin_vel_max: 0.0901
Episode_Reward/flat_orientation_l2: -0.0068
  Episode_Reward/air_time_variance: -0.0008
        Episode_Reward/feet_height: 0.0000
      Episode_Reward/feet_air_time: -0.0000
Episode_Reward/update_last_buffers: 0.0000
   Episode_Reward/wheel_idle_speed: -0.5781
    Episode_Reward/wheel_action_l2: -0.0000
  Episode_Reward/wheel_action_rate: 0.0000
  Episode_Reward/wheel_forward_use: 0.0284
 Episode_Reward/wheel_turn_support: 0.0143
   Metrics/locomotion/error_vel_xy: 0.5429
  Metrics/locomotion/error_vel_yaw: 0.5369
      Episode_Termination/time_out: 0.9922
   Episode_Termination/bad_contact: 0.0000
          Episode_Termination/tilt: 0.0078
    Episode_Termination/low_height: 0.0000
--------------------------------------------------------------------------------
                   Total timesteps: 239616
                    Iteration time: 3.00s
                      Time elapsed: 00:04:10
                               ETA: 00:00:09

################################################################################
                     [1m Learning iteration 1200/1202 [0m                     

                       Computation: 1006 steps/s (collection: 2.981s, learning 0.071s)
             Mean action noise std: 0.05
          Mean value_function loss: 0.3521
               Mean surrogate loss: -0.0025
                 Mean entropy loss: -25.2287
                       Mean reward: -68.07
               Mean episode length: 297.72
   Episode_Reward/term_bad_contact: 0.0000
          Episode_Reward/term_tilt: 0.0000
    Episode_Reward/term_low_height: 0.0000
      Episode_Reward/leg_action_l2: -0.0463
   Episode_Reward/tracking_lin_vel: 0.0000
Episode_Reward/tracking_lin_vel_x_exp: 0.3716
Episode_Reward/tracking_ang_vel_yaw_l1: 0.0000
Episode_Reward/tracking_ang_vel_yaw_exp: 0.2965
Episode_Reward/tracking_lin_vel_y_l2: 0.0000
Episode_Reward/tracking_lin_vel_z_l2: 0.0000
            Episode_Reward/survive: 0.0000
    Episode_Reward/foot_contacts_z: 0.0000
            Episode_Reward/torques: -0.2092
 Episode_Reward/tracking_lin_vel_y: 0.0000
          Episode_Reward/lin_vel_z: -0.0024
         Episode_Reward/ang_vel_xy: -0.0039
   Episode_Reward/tracking_ang_vel: 0.0494
               Episode_Reward/work: -0.1666
            Episode_Reward/dof_acc: -0.4660
        Episode_Reward/action_rate: -0.0236
     Episode_Reward/dof_pos_limits: -0.0002
      Episode_Reward/delta_torques: -0.0003
          Episode_Reward/collision: -6.3023
        Episode_Reward/walking_dof: 0.0588
            Episode_Reward/hip_pos: -0.0540
          Episode_Reward/feet_jerk: 0.0000
              Episode_Reward/alive: 0.3000
          Episode_Reward/feet_drag: -0.0077
Episode_Reward/feet_contact_forces: -0.1961
               Episode_Reward/roll: -0.0126
        Episode_Reward/base_height: -0.2263
Episode_Reward/tracking_lin_vel_max: 0.1509
Episode_Reward/flat_orientation_l2: -0.0049
  Episode_Reward/air_time_variance: -0.0007
        Episode_Reward/feet_height: 0.0000
      Episode_Reward/feet_air_time: -0.0000
Episode_Reward/update_last_buffers: 0.0000
   Episode_Reward/wheel_idle_speed: -0.9948
    Episode_Reward/wheel_action_l2: -0.0000
  Episode_Reward/wheel_action_rate: 0.0000
  Episode_Reward/wheel_forward_use: 0.0216
 Episode_Reward/wheel_turn_support: 0.0178
   Metrics/locomotion/error_vel_xy: 0.3806
  Metrics/locomotion/error_vel_yaw: 0.4775
      Episode_Termination/time_out: 0.9922
   Episode_Termination/bad_contact: 0.0000
          Episode_Termination/tilt: 0.0078
    Episode_Termination/low_height: 0.0000
--------------------------------------------------------------------------------
                   Total timesteps: 242688
                    Iteration time: 3.05s
                      Time elapsed: 00:04:13
                               ETA: 00:00:06

################################################################################
                     [1m Learning iteration 1201/1202 [0m                     

                       Computation: 1029 steps/s (collection: 2.914s, learning 0.069s)
             Mean action noise std: 0.05
          Mean value_function loss: 0.1863
               Mean surrogate loss: -0.0012
                 Mean entropy loss: -25.2287
                       Mean reward: -67.91
               Mean episode length: 297.72
   Episode_Reward/term_bad_contact: 0.0000
          Episode_Reward/term_tilt: 0.0000
    Episode_Reward/term_low_height: 0.0000
      Episode_Reward/leg_action_l2: -0.0481
   Episode_Reward/tracking_lin_vel: 0.0000
Episode_Reward/tracking_lin_vel_x_exp: 0.4192
Episode_Reward/tracking_ang_vel_yaw_l1: 0.0000
Episode_Reward/tracking_ang_vel_yaw_exp: 0.2100
Episode_Reward/tracking_lin_vel_y_l2: 0.0000
Episode_Reward/tracking_lin_vel_z_l2: 0.0000
            Episode_Reward/survive: 0.0000
    Episode_Reward/foot_contacts_z: 0.0000
            Episode_Reward/torques: -0.1913
 Episode_Reward/tracking_lin_vel_y: 0.0000
          Episode_Reward/lin_vel_z: -0.0022
         Episode_Reward/ang_vel_xy: -0.0041
   Episode_Reward/tracking_ang_vel: 0.0363
               Episode_Reward/work: -0.1390
            Episode_Reward/dof_acc: -0.3501
        Episode_Reward/action_rate: -0.0246
     Episode_Reward/dof_pos_limits: -0.0003
      Episode_Reward/delta_torques: -0.0003
          Episode_Reward/collision: -6.2479
        Episode_Reward/walking_dof: 0.0866
            Episode_Reward/hip_pos: -0.0541
          Episode_Reward/feet_jerk: 0.0000
              Episode_Reward/alive: 0.3000
          Episode_Reward/feet_drag: -0.0073
Episode_Reward/feet_contact_forces: -0.1968
               Episode_Reward/roll: -0.0279
        Episode_Reward/base_height: -0.2286
Episode_Reward/tracking_lin_vel_max: 0.1575
Episode_Reward/flat_orientation_l2: -0.0079
  Episode_Reward/air_time_variance: -0.0003
        Episode_Reward/feet_height: 0.0000
      Episode_Reward/feet_air_time: -0.0000
Episode_Reward/update_last_buffers: 0.0000
   Episode_Reward/wheel_idle_speed: -0.5036
    Episode_Reward/wheel_action_l2: -0.0000
  Episode_Reward/wheel_action_rate: 0.0000
  Episode_Reward/wheel_forward_use: 0.0206
 Episode_Reward/wheel_turn_support: 0.0188
   Metrics/locomotion/error_vel_xy: 0.3632
  Metrics/locomotion/error_vel_yaw: 0.6785
      Episode_Termination/time_out: 0.9922
   Episode_Termination/bad_contact: 0.0000
          Episode_Termination/tilt: 0.0078
    Episode_Termination/low_height: 0.0000
--------------------------------------------------------------------------------
                   Total timesteps: 245760
                    Iteration time: 2.98s
                      Time elapsed: 00:04:16
                               ETA: 00:00:03

Training time: 259.42 seconds
Loading user config located at: '/isaac-sim/kit/data/Kit/Isaac-Sim/5.1/user.config.json'
[Info] [carb] Logging to file: /isaac-sim/kit/logs/Kit/Isaac-Sim/5.1/kit_20260817_213809.log
2026-08-17T13:38:10Z [464ms] [Warning] [omni.usd_config.extension] Enable omni.materialx.libs extension to use MaterialX
2026-08-17T13:38:11Z [1,062ms] [Warning] [carb] Acquiring non optional plugin interface which is not listed as dependency: [omni::physx::IPhysxBenchmarks v1.0] (plugin: <default plugin>), by client: omni.physics.physx.plugin. Add it to CARB_PLUGIN_IMPL_DEPS() macro of a client.
2026-08-17T13:38:11Z [1,375ms] [Warning] [omni.isaac.dynamic_control] omni.isaac.dynamic_control is deprecated as of Isaac Sim 4.5. No action is needed from end-users.

|---------------------------------------------------------------------------------------------|
| Driver Version: 580.126.09    | Graphics API: Vulkan
|=============================================================================================|
| GPU | Name                             | Active | LDA | GPU Memory | Vendor-ID | LUID       |
|     |                                  |        |     |            | Device-ID | UUID       |
|     |                                  |        |     |            | Bus-ID    |            |
|---------------------------------------------------------------------------------------------|
| 0   | NVIDIA L40                       | Yes: 0 |     | 46068   MB | 10de      | 0          |
|     |                                  |        |     |            | 26b5      | c3c5dcf0.. |
|     |                                  |        |     |            | 37        |            |
|=============================================================================================|
| OS: 24.04.3 LTS (Noble Numbat) ubuntu, Version: 24.04.3, Kernel: 5.15.0-168-generic
| XServer Vendor: The X.Org Foundation, XServer Version: 12101011 (1.21.1.11)
| Processor: Intel(R) Xeon(R) Platinum 8358 CPU @ 2.60GHz
| Bare Metal Cores: 64 | Bare Metal Logical Cores: 128
| Core Usage Quota: 14
|---------------------------------------------------------------------------------------------|
| Total Memory (MB): 122880 | Free Memory: 120411
| Total Page/Swap (MB): 0 | Free Page/Swap: 0
|---------------------------------------------------------------------------------------------|
2026-08-17T13:38:15Z [5,428ms] [Warning] [gpu.foundation.plugin] ECC is enabled on physical device 0
2026-08-17T13:38:31Z [21,536ms] [Warning] [omni.physx.fabric.plugin] FabricManager::initializePointInstancer mismatched prototypes on point instancer: /Visuals/Command/velocity_current.
2026-08-17T13:38:31Z [21,536ms] [Warning] [omni.physx.fabric.plugin] FabricManager::initializePointInstancer mismatched prototypes on point instancer: /Visuals/ee_goal_center.
2026-08-17T13:38:31Z [21,536ms] [Warning] [omni.physx.fabric.plugin] FabricManager::initializePointInstancer mismatched prototypes on point instancer: /Visuals/ee_goal.
2026-08-17T13:38:31Z [21,536ms] [Warning] [omni.physx.fabric.plugin] FabricManager::initializePointInstancer mismatched prototypes on point instancer: /Visuals/ee_current.
2026-08-17T13:38:31Z [21,536ms] [Warning] [omni.physx.fabric.plugin] FabricManager::initializePointInstancer mismatched prototypes on point instancer: /Visuals/Command/velocity_goal.
